genome1,genome2,dist,similarity
GCF_022690045.1.fna,GCF_022690045.1.fna,0.0,1.0
GCF_017315625.1.fna,GCF_022690045.1.fna,0.018992484,0.9810075
GCF_900458635.1.fna,GCF_022690045.1.fna,0.008155823,0.9918442
GCF_022689565.1.fna,GCF_022690045.1.fna,0.019951403,0.9800486
GCF_029926905.1.fna,GCF_022690045.1.fna,0.021991313,0.9780087
GCF_040947025.1.fna,GCF_022690045.1.fna,0.020279706,0.9797203
GCF_022690065.1.fna,GCF_022690045.1.fna,0.02156949,0.9784305
GCF_022689765.1.fna,GCF_022690045.1.fna,0.02115482,0.9788452
GCF_022690265.1.fna,GCF_022690045.1.fna,0.021430492,0.9785695
GCF_022689615.1.fna,GCF_022690045.1.fna,0.020412326,0.9795877
GCF_031728745.1.fna,GCF_022690045.1.fna,0.020412326,0.9795877
GCF_022690275.1.fna,GCF_022690045.1.fna,0.022348404,0.9776516
GCF_047653515.1.fna,GCF_022690045.1.fna,0.02115482,0.9788452
GCF_031728275.1.fna,GCF_022690045.1.fna,0.0075594783,0.9924405
GCF_022690115.1.fna,GCF_022690045.1.fna,0.023753703,0.9762463
GCF_031728735.1.fna,GCF_022690045.1.fna,0.021086395,0.9789136
GCF_036419895.1.fna,GCF_022690045.1.fna,0.004548967,0.99545103
GCF_000269685.1.fna,GCF_022690045.1.fna,0.02227658,0.9777234
GCF_031728515.1.fna,GCF_022690045.1.fna,0.023829877,0.9761701
GCF_037700155.1.fna,GCF_022690045.1.fna,0.020345926,0.9796541
GCF_022690225.1.fna,GCF_022690045.1.fna,0.011486471,0.9885135
GCF_022689945.1.fna,GCF_022690045.1.fna,0.02285707,0.97714293
GCF_015274585.1.fna,GCF_022690045.1.fna,0.021086395,0.9789136
GCF_031728415.1.fna,GCF_022690045.1.fna,0.0072319508,0.99276805
GCF_031729015.1.fna,GCF_022690045.1.fna,0.005183816,0.9948162
GCF_037700315.1.fna,GCF_022690045.1.fna,0.00737679,0.9926232
GCF_031728795.1.fna,GCF_022690045.1.fna,0.008927941,0.99107206
GCF_031728555.1.fna,GCF_022690045.1.fna,0.021639287,0.9783607
GCF_029926865.1.fna,GCF_022690045.1.fna,0.021991313,0.9780087
GCF_040947225.1.fna,GCF_022690045.1.fna,0.0065935254,0.9934065
GCF_031728695.1.fna,GCF_022690045.1.fna,0.007669866,0.99233013
GCF_022689665.1.fna,GCF_022690045.1.fna,0.008771062,0.99122894
GCF_029926915.1.fna,GCF_022690045.1.fna,0.020950079,0.9790499
GCF_031728315.1.fna,GCF_022690045.1.fna,0.020345926,0.9796541
GCF_031727255.1.fna,GCF_022690045.1.fna,0.023301423,0.9766986
GCF_022690205.1.fna,GCF_022690045.1.fna,0.005741477,0.9942585
GCF_031727455.1.fna,GCF_022690045.1.fna,0.022930622,0.9770694
GCF_022690025.1.fna,GCF_022690045.1.fna,0.009165645,0.99083436
GCF_031727075.1.fna,GCF_022690045.1.fna,0.020412326,0.9795877
GCF_022690145.1.fna,GCF_022690045.1.fna,0.02156949,0.9784305
GCF_002901845.1.fna,GCF_022690045.1.fna,0.008117974,0.991882
GCF_022689825.1.fna,GCF_022690045.1.fna,0.02115482,0.9788452
GCF_031728675.1.fna,GCF_022690045.1.fna,0.006874621,0.9931254
GCF_047653525.1.fna,GCF_022690045.1.fna,0.02115482,0.9788452
GCF_022690085.1.fna,GCF_022690045.1.fna,0.022930622,0.9770694
GCF_037700135.1.fna,GCF_022690045.1.fna,0.021920502,0.9780795
GCF_025143205.1.fna,GCF_022690045.1.fna,0.021086395,0.9789136
GCF_031728895.1.fna,GCF_022690045.1.fna,0.008155823,0.9918442
GCF_040947605.1.fna,GCF_022690045.1.fna,0.020679712,0.9793203
GCF_031727355.1.fna,GCF_022690045.1.fna,0.019886196,0.9801138
GCF_015274675.1.fna,GCF_022690045.1.fna,0.021991313,0.9780087
GCF_036420075.1.fna,GCF_022690045.1.fna,0.022710681,0.9772893
GCF_013267575.1.fna,GCF_022690045.1.fna,0.007304251,0.99269575
GCF_031727055.1.fna,GCF_022690045.1.fna,0.012167871,0.9878321
GCF_037700375.1.fna,GCF_022690045.1.fna,0.008615434,0.99138457
GCF_022690005.1.fna,GCF_022690045.1.fna,2.3841858e-05,0.99997616
GCF_031631055.1.fna,GCF_022690045.1.fna,0.012967706,0.9870323
GCF_031728495.1.fna,GCF_022690045.1.fna,0.0072319508,0.99276805
GCF_964211265.1.fna,GCF_022690045.1.fna,0.009086072,0.9909139
GCF_031727535.1.fna,GCF_022690045.1.fna,0.008384287,0.9916157
GCF_025143445.1.fna,GCF_022690045.1.fna,0.007855296,0.9921447
GCF_022689855.1.fna,GCF_022690045.1.fna,0.009245515,0.9907545
GCF_022689725.1.fna,GCF_022690045.1.fna,0.008771062,0.99122894
GCF_031727275.1.fna,GCF_022690045.1.fna,0.0075961947,0.9924038
GCF_031728235.1.fna,GCF_022690045.1.fna,0.023004293,0.9769957
GCF_040947205.1.fna,GCF_022690045.1.fna,0.020213723,0.9797863
GCF_031727235.1.fna,GCF_022690045.1.fna,0.00920558,0.9907944
GCF_022690165.1.fna,GCF_022690045.1.fna,0.021639287,0.9783607
GCF_031728075.1.fna,GCF_022690045.1.fna,0.021292329,0.9787077
GCF_022689965.1.fna,GCF_022690045.1.fna,0.019691885,0.9803081
GCF_022689575.1.fna,GCF_022690045.1.fna,0.008810163,0.99118984
GCF_037694985.1.fna,GCF_022690045.1.fna,0.021991313,0.9780087
GCF_022690185.1.fna,GCF_022690045.1.fna,0.00448668,0.9955133
GCF_031728335.1.fna,GCF_022690045.1.fna,0.021779478,0.9782205
GCF_031728095.1.fna,GCF_022690045.1.fna,0.007088244,0.99291176
GCF_022690385.1.fna,GCF_022690045.1.fna,0.021639287,0.9783607
GCF_022690425.1.fna,GCF_022690045.1.fna,0.021223426,0.9787766
GCF_022690375.1.fna,GCF_022690045.1.fna,0.008810163,0.99118984
GCF_022689675.1.fna,GCF_022690045.1.fna,0.020345926,0.9796541
GCF_022690245.1.fna,GCF_022690045.1.fna,0.02115482,0.9788452
GCF_037700295.1.fna,GCF_022690045.1.fna,0.020545602,0.9794544
GCF_015274535.1.fna,GCF_022690045.1.fna,0.021086395,0.9789136
GCF_022689845.1.fna,GCF_022690045.1.fna,0.021639287,0.9783607
GCF_022689745.1.fna,GCF_022690045.1.fna,0.020412326,0.9795877
GCF_022689925.1.fna,GCF_022690045.1.fna,0.023753703,0.9762463
GCF_015274655.1.fna,GCF_022690045.1.fna,0.021086395,0.9789136
GCF_022690325.1.fna,GCF_022690045.1.fna,0.007929981,0.99207
GCF_022689785.1.fna,GCF_022690045.1.fna,0.005575657,0.99442434
GCF_031728155.1.fna,GCF_022690045.1.fna,0.020747006,0.979253
GCF_037700455.1.fna,GCF_022690045.1.fna,0.008732021,0.991268
GCF_022689905.1.fna,GCF_022690045.1.fna,0.020412326,0.9795877
GCF_022690105.1.fna,GCF_022690045.1.fna,0.021018088,0.9789819
GCF_022689975.1.fna,GCF_022690045.1.fna,0.02115482,0.9788452
GCF_022689705.1.fna,GCF_022690045.1.fna,0.009325743,0.99067426
GCF_031728835.1.fna,GCF_022690045.1.fna,0.021086395,0.9789136
GCF_031728115.1.fna,GCF_022690045.1.fna,0.021018088,0.9789819
GCF_022689775.1.fna,GCF_022690045.1.fna,0.0046427846,0.9953572
GCF_031728455.1.fna,GCF_022690045.1.fna,0.0072319508,0.99276805
GCF_025143615.1.fna,GCF_022690045.1.fna,0.005476892,0.9945231
GCF_052950835.1.fna,GCF_022690045.1.fna,0.0134035945,0.9865964
GCF_040947125.1.fna,GCF_022690045.1.fna,0.009285569,0.99071443
GCF_017315645.1.fna,GCF_022690045.1.fna,0.020213723,0.9797863
GCF_040947645.1.fna,GCF_022690045.1.fna,0.020679712,0.9793203
GCF_022690345.1.fna,GCF_022690045.1.fna,0.020679712,0.9793203
GCF_022689645.1.fna,GCF_022690045.1.fna,0.008615434,0.99138457
GCF_022690295.1.fna,GCF_022690045.1.fna,0.023226798,0.9767732
GCF_031728715.1.fna,GCF_022690045.1.fna,0.0044246316,0.99557537
GCF_031728295.1.fna,GCF_022690045.1.fna,0.020545602,0.9794544
GCF_040947065.1.fna,GCF_022690045.1.fna,0.012306809,0.9876932
GCF_037695175.1.fna,GCF_022690045.1.fna,0.009527624,0.9904724
GCF_031728475.1.fna,GCF_022690045.1.fna,0.02088219,0.9791178
GCF_022690045.1.fna,GCF_017315625.1.fna,0.018992484,0.9810075
GCF_017315625.1.fna,GCF_017315625.1.fna,0.0,1.0
GCF_900458635.1.fna,GCF_017315625.1.fna,0.019499123,0.9805009
GCF_022689565.1.fna,GCF_017315625.1.fna,0.010187805,0.9898122
GCF_029926905.1.fna,GCF_017315625.1.fna,0.011620998,0.988379
GCF_040947025.1.fna,GCF_017315625.1.fna,0.010697424,0.9893026
GCF_022690065.1.fna,GCF_017315625.1.fna,0.009446621,0.9905534
GCF_022689765.1.fna,GCF_017315625.1.fna,0.009446621,0.9905534
GCF_022690265.1.fna,GCF_017315625.1.fna,0.009165645,0.99083436
GCF_022689615.1.fna,GCF_017315625.1.fna,0.00920558,0.9907944
GCF_031728745.1.fna,GCF_017315625.1.fna,0.008422613,0.9915774
GCF_022690275.1.fna,GCF_017315625.1.fna,0.009896278,0.9901037
GCF_047653515.1.fna,GCF_017315625.1.fna,0.009813786,0.9901862
GCF_031728275.1.fna,GCF_017315625.1.fna,0.020345926,0.9796541
GCF_022690115.1.fna,GCF_017315625.1.fna,0.014975905,0.9850241
GCF_031728735.1.fna,GCF_017315625.1.fna,0.009979129,0.9900209
GCF_036419895.1.fna,GCF_017315625.1.fna,0.019563198,0.9804368
GCF_000269685.1.fna,GCF_017315625.1.fna,0.010526121,0.9894739
GCF_031728515.1.fna,GCF_017315625.1.fna,0.013208687,0.9867913
GCF_037700155.1.fna,GCF_017315625.1.fna,0.009690642,0.99030936
GCF_022690225.1.fna,GCF_017315625.1.fna,0.020612597,0.9793874
GCF_022689945.1.fna,GCF_017315625.1.fna,0.011531293,0.9884687
GCF_015274585.1.fna,GCF_017315625.1.fna,0.010654509,0.9893455
GCF_031728415.1.fna,GCF_017315625.1.fna,0.020747006,0.979253
GCF_031729015.1.fna,GCF_017315625.1.fna,0.019563198,0.9804368
GCF_037700315.1.fna,GCF_017315625.1.fna,0.02088219,0.9791178
GCF_031728795.1.fna,GCF_017315625.1.fna,0.01937139,0.9806286
GCF_031728555.1.fna,GCF_017315625.1.fna,0.009406269,0.99059373
GCF_029926865.1.fna,GCF_017315625.1.fna,0.011620998,0.988379
GCF_040947225.1.fna,GCF_017315625.1.fna,0.018929899,0.9810701
GCF_031728695.1.fna,GCF_017315625.1.fna,0.019886196,0.9801138
GCF_022689665.1.fna,GCF_017315625.1.fna,0.019886196,0.9801138
GCF_029926915.1.fna,GCF_017315625.1.fna,0.010870218,0.9891298
GCF_031728315.1.fna,GCF_017315625.1.fna,0.008927941,0.99107206
GCF_031727255.1.fna,GCF_017315625.1.fna,0.011938274,0.9880617
GCF_022690205.1.fna,GCF_017315625.1.fna,0.020412326,0.9795877
GCF_031727455.1.fna,GCF_017315625.1.fna,0.02622658,0.9737734
GCF_022690025.1.fna,GCF_017315625.1.fna,0.020345926,0.9796541
GCF_031727075.1.fna,GCF_017315625.1.fna,0.009245515,0.9907545
GCF_022690145.1.fna,GCF_017315625.1.fna,0.009406269,0.99059373
GCF_002901845.1.fna,GCF_017315625.1.fna,0.019435227,0.9805648
GCF_022689825.1.fna,GCF_017315625.1.fna,0.009446621,0.9905534
GCF_031728675.1.fna,GCF_017315625.1.fna,0.019627512,0.9803725
GCF_047653525.1.fna,GCF_017315625.1.fna,0.008849382,0.9911506
GCF_022690085.1.fna,GCF_017315625.1.fna,0.025976717,0.9740233
GCF_037700135.1.fna,GCF_017315625.1.fna,0.009896278,0.9901037
GCF_025143205.1.fna,GCF_017315625.1.fna,0.009245515,0.9907545
GCF_031728895.1.fna,GCF_017315625.1.fna,0.019499123,0.9805009
GCF_040947605.1.fna,GCF_017315625.1.fna,0.008771062,0.99122894
GCF_031727355.1.fna,GCF_017315625.1.fna,0.010271788,0.9897282
GCF_015274675.1.fna,GCF_017315625.1.fna,0.010313988,0.989686
GCF_036420075.1.fna,GCF_017315625.1.fna,0.011486471,0.9885135
GCF_013267575.1.fna,GCF_017315625.1.fna,0.019691885,0.9803081
GCF_031727055.1.fna,GCF_017315625.1.fna,0.021920502,0.9780795
GCF_037700375.1.fna,GCF_017315625.1.fna,0.020545602,0.9794544
GCF_022690005.1.fna,GCF_017315625.1.fna,0.018992484,0.9810075
GCF_031631055.1.fna,GCF_017315625.1.fna,0.019563198,0.9804368
GCF_031728495.1.fna,GCF_017315625.1.fna,0.019055188,0.9809448
GCF_964211265.1.fna,GCF_017315625.1.fna,0.019691885,0.9803081
GCF_031727535.1.fna,GCF_017315625.1.fna,0.020747006,0.979253
GCF_025143445.1.fna,GCF_017315625.1.fna,0.019691885,0.9803081
GCF_022689855.1.fna,GCF_017315625.1.fna,0.020082176,0.9799178
GCF_022689725.1.fna,GCF_017315625.1.fna,0.019886196,0.9801138
GCF_031727275.1.fna,GCF_017315625.1.fna,0.0201478,0.9798522
GCF_031728235.1.fna,GCF_017315625.1.fna,0.011847079,0.9881529
GCF_040947205.1.fna,GCF_017315625.1.fna,0.009165645,0.99083436
GCF_031727235.1.fna,GCF_017315625.1.fna,0.02001667,0.9799833
GCF_022690165.1.fna,GCF_017315625.1.fna,0.009446621,0.9905534
GCF_031728075.1.fna,GCF_017315625.1.fna,0.011000693,0.9889993
GCF_022689965.1.fna,GCF_017315625.1.fna,0.010062277,0.9899377
GCF_022689575.1.fna,GCF_017315625.1.fna,0.019951403,0.9800486
GCF_037694985.1.fna,GCF_017315625.1.fna,0.009937644,0.99006236
GCF_022690185.1.fna,GCF_017315625.1.fna,0.019691885,0.9803081
GCF_031728335.1.fna,GCF_017315625.1.fna,0.010187805,0.9898122
GCF_031728095.1.fna,GCF_017315625.1.fna,0.020747006,0.979253
GCF_022690385.1.fna,GCF_017315625.1.fna,0.010313988,0.989686
GCF_022690425.1.fna,GCF_017315625.1.fna,0.010957122,0.9890429
GCF_022690375.1.fna,GCF_017315625.1.fna,0.020279706,0.9797203
GCF_022689675.1.fna,GCF_017315625.1.fna,0.009325743,0.99067426
GCF_022690245.1.fna,GCF_017315625.1.fna,0.009046435,0.99095356
GCF_037700295.1.fna,GCF_017315625.1.fna,0.009608984,0.990391
GCF_015274535.1.fna,GCF_017315625.1.fna,0.010654509,0.9893455
GCF_022689845.1.fna,GCF_017315625.1.fna,0.009731591,0.9902684
GCF_022689745.1.fna,GCF_017315625.1.fna,0.009245515,0.9907545
GCF_022689925.1.fna,GCF_017315625.1.fna,0.027337492,0.9726625
GCF_015274655.1.fna,GCF_017315625.1.fna,0.010654509,0.9893455
GCF_022690325.1.fna,GCF_017315625.1.fna,0.018131316,0.9818687
GCF_022689785.1.fna,GCF_017315625.1.fna,0.019055188,0.9809448
GCF_031728155.1.fna,GCF_017315625.1.fna,0.009527624,0.9904724
GCF_037700455.1.fna,GCF_017315625.1.fna,0.020545602,0.9794544
GCF_022689905.1.fna,GCF_017315625.1.fna,0.009046435,0.99095356
GCF_022690105.1.fna,GCF_017315625.1.fna,0.009813786,0.9901862
GCF_022689975.1.fna,GCF_017315625.1.fna,0.0094870925,0.9905129
GCF_022689705.1.fna,GCF_017315625.1.fna,0.021086395,0.9789136
GCF_031728835.1.fna,GCF_017315625.1.fna,0.008732021,0.991268
GCF_031728115.1.fna,GCF_017315625.1.fna,0.01010412,0.9898959
GCF_022689775.1.fna,GCF_017315625.1.fna,0.0201478,0.9798522
GCF_031728455.1.fna,GCF_017315625.1.fna,0.019499123,0.9805009
GCF_025143615.1.fna,GCF_017315625.1.fna,0.020279706,0.9797203
GCF_052950835.1.fna,GCF_017315625.1.fna,0.019181192,0.9808188
GCF_040947125.1.fna,GCF_017315625.1.fna,0.020814478,0.9791855
GCF_017315645.1.fna,GCF_017315625.1.fna,0.008810163,0.99118984
GCF_040947645.1.fna,GCF_017315625.1.fna,0.008810163,0.99118984
GCF_022690345.1.fna,GCF_017315625.1.fna,0.009527624,0.9904724
GCF_022689645.1.fna,GCF_017315625.1.fna,0.020814478,0.9791855
GCF_022690295.1.fna,GCF_017315625.1.fna,0.011938274,0.9880617
GCF_031728715.1.fna,GCF_017315625.1.fna,0.018867493,0.9811325
GCF_031728295.1.fna,GCF_017315625.1.fna,0.008693099,0.9913069
GCF_040947065.1.fna,GCF_017315625.1.fna,0.019244492,0.9807555
GCF_037695175.1.fna,GCF_017315625.1.fna,0.02088219,0.9791178
GCF_031728475.1.fna,GCF_017315625.1.fna,0.010062277,0.9899377
GCF_022690045.1.fna,GCF_900458635.1.fna,0.008155823,0.9918442
GCF_017315625.1.fna,GCF_900458635.1.fna,0.019499123,0.9805009
GCF_900458635.1.fna,GCF_900458635.1.fna,0.0,1.0
GCF_022689565.1.fna,GCF_900458635.1.fna,0.020679712,0.9793203
GCF_029926905.1.fna,GCF_900458635.1.fna,0.02156949,0.9784305
GCF_040947025.1.fna,GCF_900458635.1.fna,0.02115482,0.9788452
GCF_022690065.1.fna,GCF_900458635.1.fna,0.020679712,0.9793203
GCF_022689765.1.fna,GCF_900458635.1.fna,0.021991313,0.9780087
GCF_022690265.1.fna,GCF_900458635.1.fna,0.021086395,0.9789136
GCF_022689615.1.fna,GCF_900458635.1.fna,0.02115482,0.9788452
GCF_031728745.1.fna,GCF_900458635.1.fna,0.019951403,0.9800486
GCF_022690275.1.fna,GCF_900458635.1.fna,0.021991313,0.9780087
GCF_047653515.1.fna,GCF_900458635.1.fna,0.020814478,0.9791855
GCF_031728275.1.fna,GCF_900458635.1.fna,0.008193672,0.9918063
GCF_022690115.1.fna,GCF_900458635.1.fna,0.023301423,0.9766986
GCF_031728735.1.fna,GCF_900458635.1.fna,0.02115482,0.9788452
GCF_036419895.1.fna,GCF_900458635.1.fna,0.007892609,0.9921074
GCF_000269685.1.fna,GCF_900458635.1.fna,0.022710681,0.9772893
GCF_031728515.1.fna,GCF_900458635.1.fna,0.023301423,0.9766986
GCF_037700155.1.fna,GCF_900458635.1.fna,0.021292329,0.9787077
GCF_022690225.1.fna,GCF_900458635.1.fna,0.010483503,0.9895165
GCF_022689945.1.fna,GCF_900458635.1.fna,0.022637784,0.9773622
GCF_015274585.1.fna,GCF_900458635.1.fna,0.020612597,0.9793874
GCF_031728415.1.fna,GCF_900458635.1.fna,0.008771062,0.99122894
GCF_031729015.1.fna,GCF_900458635.1.fna,0.0077438354,0.99225616
GCF_037700315.1.fna,GCF_900458635.1.fna,0.007929981,0.99207
GCF_031728795.1.fna,GCF_900458635.1.fna,0.009046435,0.99095356
GCF_031728555.1.fna,GCF_900458635.1.fna,0.020679712,0.9793203
GCF_029926865.1.fna,GCF_900458635.1.fna,0.02156949,0.9784305
GCF_040947225.1.fna,GCF_900458635.1.fna,0.008345962,0.99165404
GCF_031728695.1.fna,GCF_900458635.1.fna,0.0068392754,0.9931607
GCF_022689665.1.fna,GCF_900458635.1.fna,0.0063854456,0.99361455
GCF_029926915.1.fna,GCF_900458635.1.fna,0.020814478,0.9791855
GCF_031728315.1.fna,GCF_900458635.1.fna,0.020747006,0.979253
GCF_031727255.1.fna,GCF_900458635.1.fna,0.022637784,0.9773622
GCF_022690205.1.fna,GCF_900458635.1.fna,0.008693099,0.9913069
GCF_031727455.1.fna,GCF_900458635.1.fna,0.023152411,0.9768476
GCF_022690025.1.fna,GCF_900458635.1.fna,0.0066984296,0.9933016
GCF_031727075.1.fna,GCF_900458635.1.fna,0.021086395,0.9789136
GCF_022690145.1.fna,GCF_900458635.1.fna,0.020747006,0.979253
GCF_002901845.1.fna,GCF_900458635.1.fna,0.00014352798,0.9998565
GCF_022689825.1.fna,GCF_900458635.1.fna,0.021991313,0.9780087
GCF_031728675.1.fna,GCF_900458635.1.fna,0.0064199567,0.99358004
GCF_047653525.1.fna,GCF_900458635.1.fna,0.021430492,0.9785695
GCF_022690085.1.fna,GCF_900458635.1.fna,0.022710681,0.9772893
GCF_037700135.1.fna,GCF_900458635.1.fna,0.022348404,0.9776516
GCF_025143205.1.fna,GCF_900458635.1.fna,0.02088219,0.9791178
GCF_031728895.1.fna,GCF_900458635.1.fna,0.007929981,0.99207
GCF_040947605.1.fna,GCF_900458635.1.fna,0.021018088,0.9789819
GCF_031727355.1.fna,GCF_900458635.1.fna,0.020612597,0.9793874
GCF_015274675.1.fna,GCF_900458635.1.fna,0.02184987,0.9781501
GCF_036420075.1.fna,GCF_900458635.1.fna,0.022492707,0.9775073
GCF_013267575.1.fna,GCF_900458635.1.fna,0.006350994,0.993649
GCF_031727055.1.fna,GCF_900458635.1.fna,0.008810163,0.99118984
GCF_037700375.1.fna,GCF_900458635.1.fna,0.005087137,0.99491286
GCF_022690005.1.fna,GCF_900458635.1.fna,0.008193672,0.9918063
GCF_031631055.1.fna,GCF_900458635.1.fna,0.010740519,0.9892595
GCF_031728495.1.fna,GCF_900458635.1.fna,0.0067335367,0.99326646
GCF_964211265.1.fna,GCF_900458635.1.fna,0.006350994,0.993649
GCF_031727535.1.fna,GCF_900458635.1.fna,0.0061455965,0.9938544
GCF_025143445.1.fna,GCF_900458635.1.fna,0.007268071,0.9927319
GCF_022689855.1.fna,GCF_900458635.1.fna,0.007818103,0.9921819
GCF_022689725.1.fna,GCF_900458635.1.fna,0.0063854456,0.99361455
GCF_031727275.1.fna,GCF_900458635.1.fna,0.008193672,0.9918063
GCF_031728235.1.fna,GCF_900458635.1.fna,0.023078203,0.9769218
GCF_040947205.1.fna,GCF_900458635.1.fna,0.020679712,0.9793203
GCF_031727235.1.fna,GCF_900458635.1.fna,0.0077809095,0.9922191
GCF_022690165.1.fna,GCF_900458635.1.fna,0.020747006,0.979253
GCF_031728075.1.fna,GCF_900458635.1.fna,0.02156949,0.9784305
GCF_022689965.1.fna,GCF_900458635.1.fna,0.020679712,0.9793203
GCF_022689575.1.fna,GCF_900458635.1.fna,0.0063854456,0.99361455
GCF_037694985.1.fna,GCF_900458635.1.fna,0.022062302,0.9779377
GCF_022690185.1.fna,GCF_900458635.1.fna,0.007967472,0.9920325
GCF_031728335.1.fna,GCF_900458635.1.fna,0.021086395,0.9789136
GCF_031728095.1.fna,GCF_900458635.1.fna,0.007892609,0.9921074
GCF_022690385.1.fna,GCF_900458635.1.fna,0.02227658,0.9777234
GCF_022690425.1.fna,GCF_900458635.1.fna,0.021499872,0.9785001
GCF_022690375.1.fna,GCF_900458635.1.fna,0.0064892173,0.9935108
GCF_022689675.1.fna,GCF_900458635.1.fna,0.021086395,0.9789136
GCF_022690245.1.fna,GCF_900458635.1.fna,0.021361291,0.9786387
GCF_037700295.1.fna,GCF_900458635.1.fna,0.021223426,0.9787766
GCF_015274535.1.fna,GCF_900458635.1.fna,0.020612597,0.9793874
GCF_022689845.1.fna,GCF_900458635.1.fna,0.021430492,0.9785695
GCF_022689745.1.fna,GCF_900458635.1.fna,0.021086395,0.9789136
GCF_022689925.1.fna,GCF_900458635.1.fna,0.023829877,0.9761701
GCF_015274655.1.fna,GCF_900458635.1.fna,0.020612597,0.9793874
GCF_022690325.1.fna,GCF_900458635.1.fna,0.008307815,0.9916922
GCF_022689785.1.fna,GCF_900458635.1.fna,0.006663382,0.9933366
GCF_031728155.1.fna,GCF_900458635.1.fna,0.02156949,0.9784305
GCF_037700455.1.fna,GCF_900458635.1.fna,0.0051193237,0.9948807
GCF_022689905.1.fna,GCF_900458635.1.fna,0.020814478,0.9791855
GCF_022690105.1.fna,GCF_900458635.1.fna,0.020950079,0.9790499
GCF_022689975.1.fna,GCF_900458635.1.fna,0.021920502,0.9780795
GCF_022689705.1.fna,GCF_900458635.1.fna,0.0077438354,0.99225616
GCF_031728835.1.fna,GCF_900458635.1.fna,0.020747006,0.979253
GCF_031728115.1.fna,GCF_900458635.1.fna,0.020814478,0.9791855
GCF_022689775.1.fna,GCF_900458635.1.fna,0.008422613,0.9915774
GCF_031728455.1.fna,GCF_900458635.1.fna,0.0075961947,0.9924038
GCF_025143615.1.fna,GCF_900458635.1.fna,0.008117974,0.991882
GCF_052950835.1.fna,GCF_900458635.1.fna,0.011666119,0.9883339
GCF_040947125.1.fna,GCF_900458635.1.fna,0.0055426955,0.9944573
GCF_017315645.1.fna,GCF_900458635.1.fna,0.020612597,0.9793874
GCF_040947645.1.fna,GCF_900458635.1.fna,0.021018088,0.9789819
GCF_022690345.1.fna,GCF_900458635.1.fna,0.021499872,0.9785001
GCF_022689645.1.fna,GCF_900458635.1.fna,0.007522762,0.99247724
GCF_022690295.1.fna,GCF_900458635.1.fna,0.022565126,0.9774349
GCF_031728715.1.fna,GCF_900458635.1.fna,0.0069811344,0.99301887
GCF_031728295.1.fna,GCF_900458635.1.fna,0.02088219,0.9791178
GCF_040947065.1.fna,GCF_900458635.1.fna,0.010826886,0.9891731
GCF_037695175.1.fna,GCF_900458635.1.fna,0.006213784,0.9937862
GCF_031728475.1.fna,GCF_900458635.1.fna,0.021430492,0.9785695
GCF_022690045.1.fna,GCF_022689565.1.fna,0.019951403,0.9800486
GCF_017315625.1.fna,GCF_022689565.1.fna,0.010187805,0.9898122
GCF_900458635.1.fna,GCF_022689565.1.fna,0.020679712,0.9793203
GCF_022689565.1.fna,GCF_022689565.1.fna,0.0,1.0
GCF_029926905.1.fna,GCF_022689565.1.fna,0.009772658,0.99022734
GCF_040947025.1.fna,GCF_022689565.1.fna,0.009285569,0.99071443
GCF_022690065.1.fna,GCF_022689565.1.fna,0.007340491,0.9926595
GCF_022689765.1.fna,GCF_022689565.1.fna,0.00823164,0.99176836
GCF_022690265.1.fna,GCF_022689565.1.fna,0.007088244,0.99291176
GCF_022689615.1.fna,GCF_022689565.1.fna,0.007967472,0.9920325
GCF_031728745.1.fna,GCF_022689565.1.fna,0.009006858,0.99099314
GCF_022690275.1.fna,GCF_022689565.1.fna,0.008499503,0.9915005
GCF_047653515.1.fna,GCF_022689565.1.fna,0.009365916,0.9906341
GCF_031728275.1.fna,GCF_022689565.1.fna,0.020612597,0.9793874
GCF_022690115.1.fna,GCF_022689565.1.fna,0.012967706,0.9870323
GCF_031728735.1.fna,GCF_022689565.1.fna,0.010187805,0.9898122
GCF_036419895.1.fna,GCF_022689565.1.fna,0.020679712,0.9793203
GCF_000269685.1.fna,GCF_022689565.1.fna,0.010145903,0.9898541
GCF_031728515.1.fna,GCF_022689565.1.fna,0.010313988,0.989686
GCF_037700155.1.fna,GCF_022689565.1.fna,0.007632971,0.992367
GCF_022690225.1.fna,GCF_022689565.1.fna,0.02088219,0.9791178
GCF_022689945.1.fna,GCF_022689565.1.fna,0.009690642,0.99030936
GCF_015274585.1.fna,GCF_022689565.1.fna,0.009854972,0.990145
GCF_031728415.1.fna,GCF_022689565.1.fna,0.02213347,0.97786653
GCF_031729015.1.fna,GCF_022689565.1.fna,0.021086395,0.9789136
GCF_037700315.1.fna,GCF_022689565.1.fna,0.021779478,0.9782205
GCF_031728795.1.fna,GCF_022689565.1.fna,0.019499123,0.9805009
GCF_031728555.1.fna,GCF_022689565.1.fna,0.00737679,0.9926232
GCF_029926865.1.fna,GCF_022689565.1.fna,0.009772658,0.99022734
GCF_040947225.1.fna,GCF_022689565.1.fna,0.019691885,0.9803081
GCF_031728695.1.fna,GCF_022689565.1.fna,0.020747006,0.979253
GCF_022689665.1.fna,GCF_022689565.1.fna,0.022062302,0.9779377
GCF_029926915.1.fna,GCF_022689565.1.fna,0.008927941,0.99107206
GCF_031728315.1.fna,GCF_022689565.1.fna,0.007892609,0.9921074
GCF_031727255.1.fna,GCF_022689565.1.fna,0.01010412,0.9898959
GCF_022690205.1.fna,GCF_022689565.1.fna,0.021709323,0.9782907
GCF_031727455.1.fna,GCF_022689565.1.fna,0.026733518,0.9732665
GCF_022690025.1.fna,GCF_022689565.1.fna,0.022062302,0.9779377
GCF_031727075.1.fna,GCF_022689565.1.fna,0.008042574,0.9919574
GCF_022690145.1.fna,GCF_022689565.1.fna,0.00737679,0.9926232
GCF_002901845.1.fna,GCF_022689565.1.fna,0.020679712,0.9793203
GCF_022689825.1.fna,GCF_022689565.1.fna,0.00823164,0.99176836
GCF_031728675.1.fna,GCF_022689565.1.fna,0.02088219,0.9791178
GCF_047653525.1.fna,GCF_022689565.1.fna,0.009406269,0.99059373
GCF_022690085.1.fna,GCF_022689565.1.fna,0.026990712,0.9730093
GCF_037700135.1.fna,GCF_022689565.1.fna,0.009731591,0.9902684
GCF_025143205.1.fna,GCF_022689565.1.fna,0.007967472,0.9920325
GCF_031728895.1.fna,GCF_022689565.1.fna,0.020213723,0.9797863
GCF_040947605.1.fna,GCF_022689565.1.fna,0.009568274,0.9904317
GCF_031727355.1.fna,GCF_022689565.1.fna,7.158518e-05,0.9999284
GCF_015274675.1.fna,GCF_022689565.1.fna,0.009325743,0.99067426
GCF_036420075.1.fna,GCF_022689565.1.fna,0.009608984,0.990391
GCF_013267575.1.fna,GCF_022689565.1.fna,0.02088219,0.9791178
GCF_031727055.1.fna,GCF_022689565.1.fna,0.023004293,0.9769957
GCF_037700375.1.fna,GCF_022689565.1.fna,0.02156949,0.9784305
GCF_022690005.1.fna,GCF_022689565.1.fna,0.019951403,0.9800486
GCF_031631055.1.fna,GCF_022689565.1.fna,0.021018088,0.9789819
GCF_031728495.1.fna,GCF_022689565.1.fna,0.020279706,0.9797203
GCF_964211265.1.fna,GCF_022689565.1.fna,0.021223426,0.9787766
GCF_031727535.1.fna,GCF_022689565.1.fna,0.022565126,0.9774349
GCF_025143445.1.fna,GCF_022689565.1.fna,0.02088219,0.9791178
GCF_022689855.1.fna,GCF_022689565.1.fna,0.02115482,0.9788452
GCF_022689725.1.fna,GCF_022689565.1.fna,0.022062302,0.9779377
GCF_031727275.1.fna,GCF_022689565.1.fna,0.02156949,0.9784305
GCF_031728235.1.fna,GCF_022689565.1.fna,0.010062277,0.9899377
GCF_040947205.1.fna,GCF_022689565.1.fna,0.00737679,0.9926232
GCF_031727235.1.fna,GCF_022689565.1.fna,0.02115482,0.9788452
GCF_022690165.1.fna,GCF_022689565.1.fna,0.00737679,0.9926232
GCF_031728075.1.fna,GCF_022689565.1.fna,0.009245515,0.9907545
GCF_022689965.1.fna,GCF_022689565.1.fna,0.0033435225,0.9966565
GCF_022689575.1.fna,GCF_022689565.1.fna,0.022062302,0.9779377
GCF_037694985.1.fna,GCF_022689565.1.fna,0.009772658,0.99022734
GCF_022690185.1.fna,GCF_022689565.1.fna,0.020747006,0.979253
GCF_031728335.1.fna,GCF_022689565.1.fna,0.011264324,0.9887357
GCF_031728095.1.fna,GCF_022689565.1.fna,0.020814478,0.9791855
GCF_022690385.1.fna,GCF_022689565.1.fna,0.008927941,0.99107206
GCF_022690425.1.fna,GCF_022689565.1.fna,0.009285569,0.99071443
GCF_022690375.1.fna,GCF_022689565.1.fna,0.02156949,0.9784305
GCF_022689675.1.fna,GCF_022689565.1.fna,0.008117974,0.991882
GCF_022690245.1.fna,GCF_022689565.1.fna,0.008269668,0.99173033
GCF_037700295.1.fna,GCF_022689565.1.fna,0.007522762,0.99247724
GCF_015274535.1.fna,GCF_022689565.1.fna,0.009854972,0.990145
GCF_022689845.1.fna,GCF_022689565.1.fna,0.009406269,0.99059373
GCF_022689745.1.fna,GCF_022689565.1.fna,0.008042574,0.9919574
GCF_022689925.1.fna,GCF_022689565.1.fna,0.027866304,0.9721337
GCF_015274655.1.fna,GCF_022689565.1.fna,0.009854972,0.990145
GCF_022690325.1.fna,GCF_022689565.1.fna,0.019756496,0.9802435
GCF_022689785.1.fna,GCF_022689565.1.fna,0.019627512,0.9803725
GCF_031728155.1.fna,GCF_022689565.1.fna,0.008384287,0.9916157
GCF_037700455.1.fna,GCF_022689565.1.fna,0.021499872,0.9785001
GCF_022689905.1.fna,GCF_022689565.1.fna,0.007929981,0.99207
GCF_022690105.1.fna,GCF_022689565.1.fna,0.010740519,0.9892595
GCF_022689975.1.fna,GCF_022689565.1.fna,0.008193672,0.9918063
GCF_022689705.1.fna,GCF_022689565.1.fna,0.021920502,0.9780795
GCF_031728835.1.fna,GCF_022689565.1.fna,0.007340491,0.9926595
GCF_031728115.1.fna,GCF_022689565.1.fna,0.011088192,0.9889118
GCF_022689775.1.fna,GCF_022689565.1.fna,0.021292329,0.9787077
GCF_031728455.1.fna,GCF_022689565.1.fna,0.02088219,0.9791178
GCF_025143615.1.fna,GCF_022689565.1.fna,0.021086395,0.9789136
GCF_052950835.1.fna,GCF_022689565.1.fna,0.021430492,0.9785695
GCF_040947125.1.fna,GCF_022689565.1.fna,0.022204995,0.977795
GCF_017315645.1.fna,GCF_022689565.1.fna,0.008117974,0.991882
GCF_040947645.1.fna,GCF_022689565.1.fna,0.009527624,0.9904724
GCF_022690345.1.fna,GCF_022689565.1.fna,0.008384287,0.9916157
GCF_022689645.1.fna,GCF_022689565.1.fna,0.022062302,0.9779377
GCF_022690295.1.fna,GCF_022689565.1.fna,0.010062277,0.9899377
GCF_031728715.1.fna,GCF_022689565.1.fna,0.019691885,0.9803081
GCF_031728295.1.fna,GCF_022689565.1.fna,0.007706821,0.9922932
GCF_040947065.1.fna,GCF_022689565.1.fna,0.021086395,0.9789136
GCF_037695175.1.fna,GCF_022689565.1.fna,0.02227658,0.9777234
GCF_031728475.1.fna,GCF_022689565.1.fna,0.008927941,0.99107206
GCF_022690045.1.fna,GCF_029926905.1.fna,0.021991313,0.9780087
GCF_017315625.1.fna,GCF_029926905.1.fna,0.011620998,0.988379
GCF_900458635.1.fna,GCF_029926905.1.fna,0.02156949,0.9784305
GCF_022689565.1.fna,GCF_029926905.1.fna,0.009772658,0.99022734
GCF_029926905.1.fna,GCF_029926905.1.fna,0.0,1.0
GCF_040947025.1.fna,GCF_029926905.1.fna,0.010697424,0.9893026
GCF_022690065.1.fna,GCF_029926905.1.fna,0.009365916,0.9906341
GCF_022689765.1.fna,GCF_029926905.1.fna,0.009731591,0.9902684
GCF_022690265.1.fna,GCF_029926905.1.fna,0.0089674,0.9910326
GCF_022689615.1.fna,GCF_029926905.1.fna,0.009165645,0.99083436
GCF_031728745.1.fna,GCF_029926905.1.fna,0.011044383,0.9889556
GCF_022690275.1.fna,GCF_029926905.1.fna,0.009896278,0.9901037
GCF_047653515.1.fna,GCF_029926905.1.fna,0.008732021,0.991268
GCF_031728275.1.fna,GCF_029926905.1.fna,0.023301423,0.9766986
GCF_022690115.1.fna,GCF_029926905.1.fna,0.014871001,0.985129
GCF_031728735.1.fna,GCF_029926905.1.fna,0.011620998,0.988379
GCF_036419895.1.fna,GCF_029926905.1.fna,0.022492707,0.9775073
GCF_000269685.1.fna,GCF_029926905.1.fna,0.009527624,0.9904724
GCF_031728515.1.fna,GCF_029926905.1.fna,0.012260377,0.9877396
GCF_037700155.1.fna,GCF_029926905.1.fna,0.009608984,0.990391
GCF_022690225.1.fna,GCF_029926905.1.fna,0.023078203,0.9769218
GCF_022689945.1.fna,GCF_029926905.1.fna,0.01091361,0.9890864
GCF_015274585.1.fna,GCF_029926905.1.fna,0.011044383,0.9889556
GCF_031728415.1.fna,GCF_029926905.1.fna,0.023677707,0.9763223
GCF_031729015.1.fna,GCF_029926905.1.fna,0.022930622,0.9770694
GCF_037700315.1.fna,GCF_029926905.1.fna,0.0244475,0.9755525
GCF_031728795.1.fna,GCF_029926905.1.fna,0.022637784,0.9773622
GCF_031728555.1.fna,GCF_029926905.1.fna,0.009365916,0.9906341
GCF_029926865.1.fna,GCF_029926905.1.fna,0.0,1.0
GCF_040947225.1.fna,GCF_029926905.1.fna,0.021018088,0.9789819
GCF_031728695.1.fna,GCF_029926905.1.fna,0.023829877,0.9761701
GCF_022689665.1.fna,GCF_029926905.1.fna,0.023301423,0.9766986
GCF_029926915.1.fna,GCF_029926905.1.fna,0.00078064203,0.99921936
GCF_031728315.1.fna,GCF_029926905.1.fna,0.009649754,0.99035025
GCF_031727255.1.fna,GCF_029926905.1.fna,0.011441886,0.9885581
GCF_022690205.1.fna,GCF_029926905.1.fna,0.021639287,0.9783607
GCF_031727455.1.fna,GCF_029926905.1.fna,0.0296126,0.9703874
GCF_022690025.1.fna,GCF_029926905.1.fna,0.023152411,0.9768476
GCF_031727075.1.fna,GCF_029926905.1.fna,0.009245515,0.9907545
GCF_022690145.1.fna,GCF_029926905.1.fna,0.009285569,0.99071443
GCF_002901845.1.fna,GCF_029926905.1.fna,0.021499872,0.9785001
GCF_022689825.1.fna,GCF_029926905.1.fna,0.009731591,0.9902684
GCF_031728675.1.fna,GCF_029926905.1.fna,0.023376226,0.9766238
GCF_047653525.1.fna,GCF_029926905.1.fna,0.010611594,0.9893884
GCF_022690085.1.fna,GCF_029926905.1.fna,0.028587997,0.971412
GCF_037700135.1.fna,GCF_029926905.1.fna,0.010441005,0.989559
GCF_025143205.1.fna,GCF_029926905.1.fna,0.009608984,0.990391
GCF_031728895.1.fna,GCF_029926905.1.fna,0.023376226,0.9766238
GCF_040947605.1.fna,GCF_029926905.1.fna,0.011264324,0.9887357
GCF_031727355.1.fna,GCF_029926905.1.fna,0.009854972,0.990145
GCF_015274675.1.fna,GCF_029926905.1.fna,0.00920558,0.9907944
GCF_036420075.1.fna,GCF_029926905.1.fna,0.010870218,0.9891298
GCF_013267575.1.fna,GCF_029926905.1.fna,0.023226798,0.9767732
GCF_031727055.1.fna,GCF_029926905.1.fna,0.025321782,0.9746782
GCF_037700375.1.fna,GCF_029926905.1.fna,0.022492707,0.9775073
GCF_022690005.1.fna,GCF_029926905.1.fna,0.021991313,0.9780087
GCF_031631055.1.fna,GCF_029926905.1.fna,0.021709323,0.9782907
GCF_031728495.1.fna,GCF_029926905.1.fna,0.021223426,0.9787766
GCF_964211265.1.fna,GCF_029926905.1.fna,0.022637784,0.9773622
GCF_031727535.1.fna,GCF_029926905.1.fna,0.023677707,0.9763223
GCF_025143445.1.fna,GCF_029926905.1.fna,0.023078203,0.9769218
GCF_022689855.1.fna,GCF_029926905.1.fna,0.02352649,0.9764735
GCF_022689725.1.fna,GCF_029926905.1.fna,0.023301423,0.9766986
GCF_031727275.1.fna,GCF_029926905.1.fna,0.022420406,0.9775796
GCF_031728235.1.fna,GCF_029926905.1.fna,0.011441886,0.9885581
GCF_040947205.1.fna,GCF_029926905.1.fna,0.009608984,0.990391
GCF_031727235.1.fna,GCF_029926905.1.fna,0.023451328,0.9765487
GCF_022690165.1.fna,GCF_029926905.1.fna,0.009365916,0.9906341
GCF_031728075.1.fna,GCF_029926905.1.fna,0.008810163,0.99118984
GCF_022689965.1.fna,GCF_029926905.1.fna,0.010187805,0.9898122
GCF_022689575.1.fna,GCF_029926905.1.fna,0.023301423,0.9766986
GCF_037694985.1.fna,GCF_029926905.1.fna,0.01091361,0.9890864
GCF_022690185.1.fna,GCF_029926905.1.fna,0.02285707,0.97714293
GCF_031728335.1.fna,GCF_029926905.1.fna,0.01171118,0.9882888
GCF_031728095.1.fna,GCF_029926905.1.fna,0.023829877,0.9761701
GCF_022690385.1.fna,GCF_029926905.1.fna,0.010313988,0.989686
GCF_022690425.1.fna,GCF_029926905.1.fna,0.008732021,0.991268
GCF_022690375.1.fna,GCF_029926905.1.fna,0.022492707,0.9775073
GCF_022689675.1.fna,GCF_029926905.1.fna,0.009325743,0.99067426
GCF_022690245.1.fna,GCF_029926905.1.fna,0.010568798,0.9894312
GCF_037700295.1.fna,GCF_029926905.1.fna,0.009527624,0.9904724
GCF_015274535.1.fna,GCF_029926905.1.fna,0.011044383,0.9889556
GCF_022689845.1.fna,GCF_029926905.1.fna,0.010356188,0.9896438
GCF_022689745.1.fna,GCF_029926905.1.fna,0.009245515,0.9907545
GCF_022689925.1.fna,GCF_029926905.1.fna,0.030188084,0.9698119
GCF_015274655.1.fna,GCF_029926905.1.fna,0.011044383,0.9889556
GCF_022690325.1.fna,GCF_029926905.1.fna,0.021920502,0.9780795
GCF_022689785.1.fna,GCF_029926905.1.fna,0.022204995,0.977795
GCF_031728155.1.fna,GCF_029926905.1.fna,0.010740519,0.9892595
GCF_037700455.1.fna,GCF_029926905.1.fna,0.022348404,0.9776516
GCF_022689905.1.fna,GCF_029926905.1.fna,0.009690642,0.99030936
GCF_022690105.1.fna,GCF_029926905.1.fna,0.011486471,0.9885135
GCF_022689975.1.fna,GCF_029926905.1.fna,0.009690642,0.99030936
GCF_022689705.1.fna,GCF_029926905.1.fna,0.023753703,0.9762463
GCF_031728835.1.fna,GCF_029926905.1.fna,0.008771062,0.99122894
GCF_031728115.1.fna,GCF_029926905.1.fna,0.011620998,0.988379
GCF_022689775.1.fna,GCF_029926905.1.fna,0.023376226,0.9766238
GCF_031728455.1.fna,GCF_029926905.1.fna,0.021920502,0.9780795
GCF_025143615.1.fna,GCF_029926905.1.fna,0.023152411,0.9768476
GCF_052950835.1.fna,GCF_029926905.1.fna,0.022204995,0.977795
GCF_040947125.1.fna,GCF_029926905.1.fna,0.022710681,0.9772893
GCF_017315645.1.fna,GCF_029926905.1.fna,0.009086072,0.9909139
GCF_040947645.1.fna,GCF_029926905.1.fna,0.011220098,0.9887799
GCF_022690345.1.fna,GCF_029926905.1.fna,0.010654509,0.9893455
GCF_022689645.1.fna,GCF_029926905.1.fna,0.023602009,0.976398
GCF_022690295.1.fna,GCF_029926905.1.fna,0.011397421,0.9886026
GCF_031728715.1.fna,GCF_029926905.1.fna,0.021709323,0.9782907
GCF_031728295.1.fna,GCF_029926905.1.fna,0.009772658,0.99022734
GCF_040947065.1.fna,GCF_029926905.1.fna,0.022783816,0.9772162
GCF_037695175.1.fna,GCF_029926905.1.fna,0.022930622,0.9770694
GCF_031728475.1.fna,GCF_029926905.1.fna,0.01130861,0.9886914
GCF_022690045.1.fna,GCF_040947025.1.fna,0.020279706,0.9797203
GCF_017315625.1.fna,GCF_040947025.1.fna,0.010697424,0.9893026
GCF_900458635.1.fna,GCF_040947025.1.fna,0.02115482,0.9788452
GCF_022689565.1.fna,GCF_040947025.1.fna,0.009285569,0.99071443
GCF_029926905.1.fna,GCF_040947025.1.fna,0.010697424,0.9893026
GCF_040947025.1.fna,GCF_040947025.1.fna,0.0,1.0
GCF_022690065.1.fna,GCF_040947025.1.fna,0.008849382,0.9911506
GCF_022689765.1.fna,GCF_040947025.1.fna,0.008771062,0.99122894
GCF_022690265.1.fna,GCF_040947025.1.fna,0.008810163,0.99118984
GCF_022689615.1.fna,GCF_040947025.1.fna,0.008615434,0.99138457
GCF_031728745.1.fna,GCF_040947025.1.fna,0.009772658,0.99022734
GCF_022690275.1.fna,GCF_040947025.1.fna,0.00920558,0.9907944
GCF_047653515.1.fna,GCF_040947025.1.fna,0.0070524216,0.9929476
GCF_031728275.1.fna,GCF_040947025.1.fna,0.02156949,0.9784305
GCF_022690115.1.fna,GCF_040947025.1.fna,0.015888214,0.9841118
GCF_031728735.1.fna,GCF_040947025.1.fna,0.009649754,0.99035025
GCF_036419895.1.fna,GCF_040947025.1.fna,0.021709323,0.9782907
GCF_000269685.1.fna,GCF_040947025.1.fna,0.0065587163,0.9934413
GCF_031728515.1.fna,GCF_040947025.1.fna,0.01175642,0.9882436
GCF_037700155.1.fna,GCF_040947025.1.fna,0.008927941,0.99107206
GCF_022690225.1.fna,GCF_040947025.1.fna,0.02227658,0.9777234
GCF_022689945.1.fna,GCF_040947025.1.fna,0.01010412,0.9898959
GCF_015274585.1.fna,GCF_040947025.1.fna,0.010229826,0.9897702
GCF_031728415.1.fna,GCF_040947025.1.fna,0.022492707,0.9775073
GCF_031729015.1.fna,GCF_040947025.1.fna,0.021779478,0.9782205
GCF_037700315.1.fna,GCF_040947025.1.fna,0.022637784,0.9773622
GCF_031728795.1.fna,GCF_040947025.1.fna,0.020082176,0.9799178
GCF_031728555.1.fna,GCF_040947025.1.fna,0.008888602,0.9911114
GCF_029926865.1.fna,GCF_040947025.1.fna,0.010697424,0.9893026
GCF_040947225.1.fna,GCF_040947025.1.fna,0.019627512,0.9803725
GCF_031728695.1.fna,GCF_040947025.1.fna,0.022348404,0.9776516
GCF_022689665.1.fna,GCF_040947025.1.fna,0.022565126,0.9774349
GCF_029926915.1.fna,GCF_040947025.1.fna,0.009896278,0.9901037
GCF_031728315.1.fna,GCF_040947025.1.fna,0.008460999,0.991539
GCF_031727255.1.fna,GCF_040947025.1.fna,0.010870218,0.9891298
GCF_022690205.1.fna,GCF_040947025.1.fna,0.022783816,0.9772162
GCF_031727455.1.fna,GCF_040947025.1.fna,0.02768892,0.9723111
GCF_022690025.1.fna,GCF_040947025.1.fna,0.022710681,0.9772893
GCF_031727075.1.fna,GCF_040947025.1.fna,0.008615434,0.99138457
GCF_022690145.1.fna,GCF_040947025.1.fna,0.008732021,0.991268
GCF_002901845.1.fna,GCF_040947025.1.fna,0.02115482,0.9788452
GCF_022689825.1.fna,GCF_040947025.1.fna,0.008771062,0.99122894
GCF_031728675.1.fna,GCF_040947025.1.fna,0.021991313,0.9780087
GCF_047653525.1.fna,GCF_040947025.1.fna,0.009896278,0.9901037
GCF_022690085.1.fna,GCF_040947025.1.fna,0.02707702,0.972923
GCF_037700135.1.fna,GCF_040947025.1.fna,0.009772658,0.99022734
GCF_025143205.1.fna,GCF_040947025.1.fna,0.009731591,0.9902684
GCF_031728895.1.fna,GCF_040947025.1.fna,0.0201478,0.9798522
GCF_040947605.1.fna,GCF_040947025.1.fna,0.010826886,0.9891731
GCF_031727355.1.fna,GCF_040947025.1.fna,0.009325743,0.99067426
GCF_015274675.1.fna,GCF_040947025.1.fna,0.0064892173,0.9935108
GCF_036420075.1.fna,GCF_040947025.1.fna,0.010062277,0.9899377
GCF_013267575.1.fna,GCF_040947025.1.fna,0.021709323,0.9782907
GCF_031727055.1.fna,GCF_040947025.1.fna,0.024214208,0.9757858
GCF_037700375.1.fna,GCF_040947025.1.fna,0.022204995,0.977795
GCF_022690005.1.fna,GCF_040947025.1.fna,0.020213723,0.9797863
GCF_031631055.1.fna,GCF_040947025.1.fna,0.019821286,0.9801787
GCF_031728495.1.fna,GCF_040947025.1.fna,0.020679712,0.9793203
GCF_964211265.1.fna,GCF_040947025.1.fna,0.022348404,0.9776516
GCF_031727535.1.fna,GCF_040947025.1.fna,0.023301423,0.9766986
GCF_025143445.1.fna,GCF_040947025.1.fna,0.02184987,0.9781501
GCF_022689855.1.fna,GCF_040947025.1.fna,0.021639287,0.9783607
GCF_022689725.1.fna,GCF_040947025.1.fna,0.022565126,0.9774349
GCF_031727275.1.fna,GCF_040947025.1.fna,0.021361291,0.9786387
GCF_031728235.1.fna,GCF_040947025.1.fna,0.010187805,0.9898122
GCF_040947205.1.fna,GCF_040947025.1.fna,0.008499503,0.9915005
GCF_031727235.1.fna,GCF_040947025.1.fna,0.02156949,0.9784305
GCF_022690165.1.fna,GCF_040947025.1.fna,0.008927941,0.99107206
GCF_031728075.1.fna,GCF_040947025.1.fna,0.00920558,0.9907944
GCF_022689965.1.fna,GCF_040947025.1.fna,0.009125829,0.9908742
GCF_022689575.1.fna,GCF_040947025.1.fna,0.022565126,0.9774349
GCF_037694985.1.fna,GCF_040947025.1.fna,0.010441005,0.989559
GCF_022690185.1.fna,GCF_040947025.1.fna,0.021779478,0.9782205
GCF_031728335.1.fna,GCF_040947025.1.fna,0.010020673,0.9899793
GCF_031728095.1.fna,GCF_040947025.1.fna,0.022637784,0.9773622
GCF_022690385.1.fna,GCF_040947025.1.fna,0.009813786,0.9901862
GCF_022690425.1.fna,GCF_040947025.1.fna,0.009165645,0.99083436
GCF_022690375.1.fna,GCF_040947025.1.fna,0.021292329,0.9787077
GCF_022689675.1.fna,GCF_040947025.1.fna,0.008771062,0.99122894
GCF_022690245.1.fna,GCF_040947025.1.fna,0.008615434,0.99138457
GCF_037700295.1.fna,GCF_040947025.1.fna,0.008888602,0.9911114
GCF_015274535.1.fna,GCF_040947025.1.fna,0.010229826,0.9897702
GCF_022689845.1.fna,GCF_040947025.1.fna,0.008771062,0.99122894
GCF_022689745.1.fna,GCF_040947025.1.fna,0.008615434,0.99138457
GCF_022689925.1.fna,GCF_040947025.1.fna,0.027600586,0.9723994
GCF_015274655.1.fna,GCF_040947025.1.fna,0.010229826,0.9897702
GCF_022690325.1.fna,GCF_040947025.1.fna,0.0201478,0.9798522
GCF_022689785.1.fna,GCF_040947025.1.fna,0.020612597,0.9793874
GCF_031728155.1.fna,GCF_040947025.1.fna,0.0027144551,0.99728554
GCF_037700455.1.fna,GCF_040947025.1.fna,0.022204995,0.977795
GCF_022689905.1.fna,GCF_040947025.1.fna,0.008499503,0.9915005
GCF_022690105.1.fna,GCF_040947025.1.fna,0.009896278,0.9901037
GCF_022689975.1.fna,GCF_040947025.1.fna,0.008732021,0.991268
GCF_022689705.1.fna,GCF_040947025.1.fna,0.023152411,0.9768476
GCF_031728835.1.fna,GCF_040947025.1.fna,0.008576691,0.9914233
GCF_031728115.1.fna,GCF_040947025.1.fna,0.010020673,0.9899793
GCF_022689775.1.fna,GCF_040947025.1.fna,0.022420406,0.9775796
GCF_031728455.1.fna,GCF_040947025.1.fna,0.020279706,0.9797203
GCF_025143615.1.fna,GCF_040947025.1.fna,0.021499872,0.9785001
GCF_052950835.1.fna,GCF_040947025.1.fna,0.021991313,0.9780087
GCF_040947125.1.fna,GCF_040947025.1.fna,0.022783816,0.9772162
GCF_017315645.1.fna,GCF_040947025.1.fna,0.007929981,0.99207
GCF_040947645.1.fna,GCF_040947025.1.fna,0.010826886,0.9891731
GCF_022690345.1.fna,GCF_040947025.1.fna,0.002742529,0.9972575
GCF_022689645.1.fna,GCF_040947025.1.fna,0.022710681,0.9772893
GCF_022690295.1.fna,GCF_040947025.1.fna,0.010870218,0.9891298
GCF_031728715.1.fna,GCF_040947025.1.fna,0.020950079,0.9790499
GCF_031728295.1.fna,GCF_040947025.1.fna,0.007929981,0.99207
GCF_040947065.1.fna,GCF_040947025.1.fna,0.021018088,0.9789819
GCF_037695175.1.fna,GCF_040947025.1.fna,0.023301423,0.9766986
GCF_031728475.1.fna,GCF_040947025.1.fna,0.008927941,0.99107206
GCF_022690045.1.fna,GCF_022690065.1.fna,0.02156949,0.9784305
GCF_017315625.1.fna,GCF_022690065.1.fna,0.009446621,0.9905534
GCF_900458635.1.fna,GCF_022690065.1.fna,0.020679712,0.9793203
GCF_022689565.1.fna,GCF_022690065.1.fna,0.007340491,0.9926595
GCF_029926905.1.fna,GCF_022690065.1.fna,0.009365916,0.9906341
GCF_040947025.1.fna,GCF_022690065.1.fna,0.008849382,0.9911506
GCF_022690065.1.fna,GCF_022690065.1.fna,0.0,1.0
GCF_022689765.1.fna,GCF_022690065.1.fna,0.007892609,0.9921074
GCF_022690265.1.fna,GCF_022690065.1.fna,0.00058192015,0.9994181
GCF_022689615.1.fna,GCF_022690065.1.fna,0.007268071,0.9927319
GCF_031728745.1.fna,GCF_022690065.1.fna,0.008732021,0.991268
GCF_022690275.1.fna,GCF_022690065.1.fna,0.007929981,0.99207
GCF_047653515.1.fna,GCF_022690065.1.fna,0.008771062,0.99122894
GCF_031728275.1.fna,GCF_022690065.1.fna,0.022637784,0.9773622
GCF_022690115.1.fna,GCF_022690065.1.fna,0.0133059025,0.9866941
GCF_031728735.1.fna,GCF_022690065.1.fna,0.008849382,0.9911506
GCF_036419895.1.fna,GCF_022690065.1.fna,0.022204995,0.977795
GCF_000269685.1.fna,GCF_022690065.1.fna,0.009608984,0.990391
GCF_031728515.1.fna,GCF_022690065.1.fna,0.009649754,0.99035025
GCF_037700155.1.fna,GCF_022690065.1.fna,0.00737679,0.9926232
GCF_022690225.1.fna,GCF_022690065.1.fna,0.02184987,0.9781501
GCF_022689945.1.fna,GCF_022690065.1.fna,0.008693099,0.9913069
GCF_015274585.1.fna,GCF_022690065.1.fna,0.009006858,0.99099314
GCF_031728415.1.fna,GCF_022690065.1.fna,0.023004293,0.9769957
GCF_031729015.1.fna,GCF_022690065.1.fna,0.022565126,0.9774349
GCF_037700315.1.fna,GCF_022690065.1.fna,0.024059713,0.9759403
GCF_031728795.1.fna,GCF_022690065.1.fna,0.02115482,0.9788452
GCF_031728555.1.fna,GCF_022690065.1.fna,4.7683716e-05,0.9999523
GCF_029926865.1.fna,GCF_022690065.1.fna,0.009365916,0.9906341
GCF_040947225.1.fna,GCF_022690065.1.fna,0.020213723,0.9797863
GCF_031728695.1.fna,GCF_022690065.1.fna,0.022348404,0.9776516
GCF_022689665.1.fna,GCF_022690065.1.fna,0.02213347,0.97786653
GCF_029926915.1.fna,GCF_022690065.1.fna,0.008499503,0.9915005
GCF_031728315.1.fna,GCF_022690065.1.fna,0.007268071,0.9927319
GCF_031727255.1.fna,GCF_022690065.1.fna,0.008499503,0.9915005
GCF_022690205.1.fna,GCF_022690065.1.fna,0.023226798,0.9767732
GCF_031727455.1.fna,GCF_022690065.1.fna,0.02768892,0.9723111
GCF_022690025.1.fna,GCF_022690065.1.fna,0.022348404,0.9776516
GCF_031727075.1.fna,GCF_022690065.1.fna,0.007268071,0.9927319
GCF_022690145.1.fna,GCF_022690065.1.fna,7.158518e-05,0.9999284
GCF_002901845.1.fna,GCF_022690065.1.fna,0.020679712,0.9793203
GCF_022689825.1.fna,GCF_022690065.1.fna,0.007892609,0.9921074
GCF_031728675.1.fna,GCF_022690065.1.fna,0.02227658,0.9777234
GCF_047653525.1.fna,GCF_022690065.1.fna,0.009446621,0.9905534
GCF_022690085.1.fna,GCF_022690065.1.fna,0.026733518,0.9732665
GCF_037700135.1.fna,GCF_022690065.1.fna,0.008193672,0.9918063
GCF_025143205.1.fna,GCF_022690065.1.fna,0.002742529,0.9972575
GCF_031728895.1.fna,GCF_022690065.1.fna,0.021709323,0.9782907
GCF_040947605.1.fna,GCF_022690065.1.fna,0.009046435,0.99095356
GCF_031727355.1.fna,GCF_022690065.1.fna,0.007340491,0.9926595
GCF_015274675.1.fna,GCF_022690065.1.fna,0.008693099,0.9913069
GCF_036420075.1.fna,GCF_022690065.1.fna,0.008654237,0.99134576
GCF_013267575.1.fna,GCF_022690065.1.fna,0.02213347,0.97786653
GCF_031727055.1.fna,GCF_022690065.1.fna,0.023226798,0.9767732
GCF_037700375.1.fna,GCF_022690065.1.fna,0.021709323,0.9782907
GCF_022690005.1.fna,GCF_022690065.1.fna,0.021639287,0.9783607
GCF_031631055.1.fna,GCF_022690065.1.fna,0.020412326,0.9795877
GCF_031728495.1.fna,GCF_022690065.1.fna,0.020950079,0.9790499
GCF_964211265.1.fna,GCF_022690065.1.fna,0.022204995,0.977795
GCF_031727535.1.fna,GCF_022690065.1.fna,0.022348404,0.9776516
GCF_025143445.1.fna,GCF_022690065.1.fna,0.022348404,0.9776516
GCF_022689855.1.fna,GCF_022690065.1.fna,0.02156949,0.9784305
GCF_022689725.1.fna,GCF_022690065.1.fna,0.02213347,0.97786653
GCF_031727275.1.fna,GCF_022690065.1.fna,0.022062302,0.9779377
GCF_031728235.1.fna,GCF_022690065.1.fna,0.009813786,0.9901862
GCF_040947205.1.fna,GCF_022690065.1.fna,0.007632971,0.992367
GCF_031727235.1.fna,GCF_022690065.1.fna,0.021499872,0.9785001
GCF_022690165.1.fna,GCF_022690065.1.fna,4.7683716e-05,0.9999523
GCF_031728075.1.fna,GCF_022690065.1.fna,0.008117974,0.991882
GCF_022689965.1.fna,GCF_022690065.1.fna,0.00737679,0.9926232
GCF_022689575.1.fna,GCF_022690065.1.fna,0.02213347,0.97786653
GCF_037694985.1.fna,GCF_022690065.1.fna,0.009325743,0.99067426
GCF_022690185.1.fna,GCF_022690065.1.fna,0.02227658,0.9777234
GCF_031728335.1.fna,GCF_022690065.1.fna,0.009406269,0.99059373
GCF_031728095.1.fna,GCF_022690065.1.fna,0.022420406,0.9775796
GCF_022690385.1.fna,GCF_022690065.1.fna,0.008422613,0.9915774
GCF_022690425.1.fna,GCF_022690065.1.fna,0.008042574,0.9919574
GCF_022690375.1.fna,GCF_022690065.1.fna,0.021499872,0.9785001
GCF_022689675.1.fna,GCF_022690065.1.fna,0.007340491,0.9926595
GCF_022690245.1.fna,GCF_022690065.1.fna,0.007669866,0.99233013
GCF_037700295.1.fna,GCF_022690065.1.fna,0.007304251,0.99269575
GCF_015274535.1.fna,GCF_022690065.1.fna,0.009006858,0.99099314
GCF_022689845.1.fna,GCF_022690065.1.fna,0.007632971,0.992367
GCF_022689745.1.fna,GCF_022690065.1.fna,0.007268071,0.9927319
GCF_022689925.1.fna,GCF_022690065.1.fna,0.028315127,0.9716849
GCF_015274655.1.fna,GCF_022690065.1.fna,0.009006858,0.99099314
GCF_022690325.1.fna,GCF_022690065.1.fna,0.02156949,0.9784305
GCF_022689785.1.fna,GCF_022690065.1.fna,0.02184987,0.9781501
GCF_031728155.1.fna,GCF_022690065.1.fna,0.008042574,0.9919574
GCF_037700455.1.fna,GCF_022690065.1.fna,0.021639287,0.9783607
GCF_022689905.1.fna,GCF_022690065.1.fna,0.007304251,0.99269575
GCF_022690105.1.fna,GCF_022690065.1.fna,0.009046435,0.99095356
GCF_022689975.1.fna,GCF_022690065.1.fna,0.007892609,0.9921074
GCF_022689705.1.fna,GCF_022690065.1.fna,0.022783816,0.9772162
GCF_031728835.1.fna,GCF_022690065.1.fna,0.0018923879,0.9981076
GCF_031728115.1.fna,GCF_022690065.1.fna,0.010229826,0.9897702
GCF_022689775.1.fna,GCF_022690065.1.fna,0.02285707,0.97714293
GCF_031728455.1.fna,GCF_022690065.1.fna,0.021361291,0.9786387
GCF_025143615.1.fna,GCF_022690065.1.fna,0.022710681,0.9772893
GCF_052950835.1.fna,GCF_022690065.1.fna,0.021292329,0.9787077
GCF_040947125.1.fna,GCF_022690065.1.fna,0.022062302,0.9779377
GCF_017315645.1.fna,GCF_022690065.1.fna,0.0074861646,0.99251384
GCF_040947645.1.fna,GCF_022690065.1.fna,0.009006858,0.99099314
GCF_022690345.1.fna,GCF_022690065.1.fna,0.008004963,0.99199504
GCF_022689645.1.fna,GCF_022690065.1.fna,0.02213347,0.97786653
GCF_022690295.1.fna,GCF_022690065.1.fna,0.008460999,0.991539
GCF_031728715.1.fna,GCF_022690065.1.fna,0.021499872,0.9785001
GCF_031728295.1.fna,GCF_022690065.1.fna,0.007268071,0.9927319
GCF_040947065.1.fna,GCF_022690065.1.fna,0.021223426,0.9787766
GCF_037695175.1.fna,GCF_022690065.1.fna,0.022420406,0.9775796
GCF_031728475.1.fna,GCF_022690065.1.fna,0.00823164,0.99176836
GCF_022690045.1.fna,GCF_022689765.1.fna,0.02115482,0.9788452
GCF_017315625.1.fna,GCF_022689765.1.fna,0.009446621,0.9905534
GCF_900458635.1.fna,GCF_022689765.1.fna,0.021991313,0.9780087
GCF_022689565.1.fna,GCF_022689765.1.fna,0.00823164,0.99176836
GCF_029926905.1.fna,GCF_022689765.1.fna,0.009731591,0.9902684
GCF_040947025.1.fna,GCF_022689765.1.fna,0.008771062,0.99122894
GCF_022690065.1.fna,GCF_022689765.1.fna,0.007892609,0.9921074
GCF_022689765.1.fna,GCF_022689765.1.fna,0.0,1.0
GCF_022690265.1.fna,GCF_022689765.1.fna,0.0075961947,0.9924038
GCF_022689615.1.fna,GCF_022689765.1.fna,0.0071240664,0.99287593
GCF_031728745.1.fna,GCF_022689765.1.fna,0.010020673,0.9899793
GCF_022690275.1.fna,GCF_022689765.1.fna,0.008849382,0.9911506
GCF_047653515.1.fna,GCF_022689765.1.fna,0.0074861646,0.99251384
GCF_031728275.1.fna,GCF_022689765.1.fna,0.022348404,0.9776516
GCF_022690115.1.fna,GCF_022689765.1.fna,0.014404893,0.9855951
GCF_031728735.1.fna,GCF_022689765.1.fna,0.0094870925,0.9905129
GCF_036419895.1.fna,GCF_022689765.1.fna,0.02184987,0.9781501
GCF_000269685.1.fna,GCF_022689765.1.fna,0.008042574,0.9919574
GCF_031728515.1.fna,GCF_022689765.1.fna,0.010483503,0.9895165
GCF_037700155.1.fna,GCF_022689765.1.fna,0.0075594783,0.9924405
GCF_022690225.1.fna,GCF_022689765.1.fna,0.022637784,0.9773622
GCF_022689945.1.fna,GCF_022689765.1.fna,0.009086072,0.9909139
GCF_015274585.1.fna,GCF_022689765.1.fna,0.009649754,0.99035025
GCF_031728415.1.fna,GCF_022689765.1.fna,0.023451328,0.9765487
GCF_031729015.1.fna,GCF_022689765.1.fna,0.022204995,0.977795
GCF_037700315.1.fna,GCF_022689765.1.fna,0.024059713,0.9759403
GCF_031728795.1.fna,GCF_022689765.1.fna,0.020213723,0.9797863
GCF_031728555.1.fna,GCF_022689765.1.fna,0.007855296,0.9921447
GCF_029926865.1.fna,GCF_022689765.1.fna,0.009731591,0.9902684
GCF_040947225.1.fna,GCF_022689765.1.fna,0.02088219,0.9791178
GCF_031728695.1.fna,GCF_022689765.1.fna,0.022348404,0.9776516
GCF_022689665.1.fna,GCF_022689765.1.fna,0.02285707,0.97714293
GCF_029926915.1.fna,GCF_022689765.1.fna,0.009006858,0.99099314
GCF_031728315.1.fna,GCF_022689765.1.fna,0.00587517,0.9941248
GCF_031727255.1.fna,GCF_022689765.1.fna,0.009813786,0.9901862
GCF_022690205.1.fna,GCF_022689765.1.fna,0.022783816,0.9772162
GCF_031727455.1.fna,GCF_022689765.1.fna,0.027866304,0.9721337
GCF_022690025.1.fna,GCF_022689765.1.fna,0.02213347,0.97786653
GCF_031727075.1.fna,GCF_022689765.1.fna,0.0071959496,0.99280405
GCF_022690145.1.fna,GCF_022689765.1.fna,0.0077809095,0.9922191
GCF_002901845.1.fna,GCF_022689765.1.fna,0.021920502,0.9780795
GCF_022689825.1.fna,GCF_022689765.1.fna,2.3841858e-05,0.99997616
GCF_031728675.1.fna,GCF_022689765.1.fna,0.02213347,0.97786653
GCF_047653525.1.fna,GCF_022689765.1.fna,0.009446621,0.9905534
GCF_022690085.1.fna,GCF_022689765.1.fna,0.027600586,0.9723994
GCF_037700135.1.fna,GCF_022689765.1.fna,0.0064892173,0.9935108
GCF_025143205.1.fna,GCF_022689765.1.fna,0.008460999,0.991539
GCF_031728895.1.fna,GCF_022689765.1.fna,0.021991313,0.9780087
GCF_040947605.1.fna,GCF_022689765.1.fna,0.009365916,0.9906341
GCF_031727355.1.fna,GCF_022689765.1.fna,0.008307815,0.9916922
GCF_015274675.1.fna,GCF_022689765.1.fna,0.007818103,0.9921819
GCF_036420075.1.fna,GCF_022689765.1.fna,0.0089674,0.9910326
GCF_013267575.1.fna,GCF_022689765.1.fna,0.022204995,0.977795
GCF_031727055.1.fna,GCF_022689765.1.fna,0.024683118,0.9753169
GCF_037700375.1.fna,GCF_022689765.1.fna,0.023376226,0.9766238
GCF_022690005.1.fna,GCF_022689765.1.fna,0.021223426,0.9787766
GCF_031631055.1.fna,GCF_022689765.1.fna,0.021779478,0.9782205
GCF_031728495.1.fna,GCF_022689765.1.fna,0.021223426,0.9787766
GCF_964211265.1.fna,GCF_022689765.1.fna,0.023152411,0.9768476
GCF_031727535.1.fna,GCF_022689765.1.fna,0.023451328,0.9765487
GCF_025143445.1.fna,GCF_022689765.1.fna,0.021991313,0.9780087
GCF_022689855.1.fna,GCF_022689765.1.fna,0.022565126,0.9774349
GCF_022689725.1.fna,GCF_022689765.1.fna,0.02285707,0.97714293
GCF_031727275.1.fna,GCF_022689765.1.fna,0.02227658,0.9777234
GCF_031728235.1.fna,GCF_022689765.1.fna,0.009608984,0.990391
GCF_040947205.1.fna,GCF_022689765.1.fna,0.007855296,0.9921447
GCF_031727235.1.fna,GCF_022689765.1.fna,0.022492707,0.9775073
GCF_022690165.1.fna,GCF_022689765.1.fna,0.007892609,0.9921074
GCF_031728075.1.fna,GCF_022689765.1.fna,0.00920558,0.9907944
GCF_022689965.1.fna,GCF_022689765.1.fna,0.008499503,0.9915005
GCF_022689575.1.fna,GCF_022689765.1.fna,0.02285707,0.97714293
GCF_037694985.1.fna,GCF_022689765.1.fna,0.0071599483,0.99284005
GCF_022690185.1.fna,GCF_022689765.1.fna,0.02227658,0.9777234
GCF_031728335.1.fna,GCF_022689765.1.fna,0.010271788,0.9897282
GCF_031728095.1.fna,GCF_022689765.1.fna,0.022710681,0.9772893
GCF_022690385.1.fna,GCF_022689765.1.fna,0.0053786635,0.99462134
GCF_022690425.1.fna,GCF_022689765.1.fna,0.009165645,0.99083436
GCF_022690375.1.fna,GCF_022689765.1.fna,0.022930622,0.9770694
GCF_022689675.1.fna,GCF_022689765.1.fna,0.007268071,0.9927319
GCF_022690245.1.fna,GCF_022689765.1.fna,0.0077809095,0.9922191
GCF_037700295.1.fna,GCF_022689765.1.fna,0.0077438354,0.99225616
GCF_015274535.1.fna,GCF_022689765.1.fna,0.009649754,0.99035025
GCF_022689845.1.fna,GCF_022689765.1.fna,0.0061115623,0.99388844
GCF_022689745.1.fna,GCF_022689765.1.fna,0.0071959496,0.99280405
GCF_022689925.1.fna,GCF_022689765.1.fna,0.028405726,0.9715943
GCF_015274655.1.fna,GCF_022689765.1.fna,0.009649754,0.99035025
GCF_022690325.1.fna,GCF_022689765.1.fna,0.021639287,0.9783607
GCF_022689785.1.fna,GCF_022689765.1.fna,0.021430492,0.9785695
GCF_031728155.1.fna,GCF_022689765.1.fna,0.007706821,0.9922932
GCF_037700455.1.fna,GCF_022689765.1.fna,0.023376226,0.9766238
GCF_022689905.1.fna,GCF_022689765.1.fna,0.0058416724,0.9941583
GCF_022690105.1.fna,GCF_022689765.1.fna,0.009979129,0.9900209
GCF_022689975.1.fna,GCF_022689765.1.fna,4.7683716e-05,0.9999523
GCF_022689705.1.fna,GCF_022689765.1.fna,0.024136782,0.9758632
GCF_031728835.1.fna,GCF_022689765.1.fna,0.0074861646,0.99251384
GCF_031728115.1.fna,GCF_022689765.1.fna,0.009608984,0.990391
GCF_022689775.1.fna,GCF_022689765.1.fna,0.022204995,0.977795
GCF_031728455.1.fna,GCF_022689765.1.fna,0.02184987,0.9781501
GCF_025143615.1.fna,GCF_022689765.1.fna,0.022204995,0.977795
GCF_052950835.1.fna,GCF_022689765.1.fna,0.02184987,0.9781501
GCF_040947125.1.fna,GCF_022689765.1.fna,0.02285707,0.97714293
GCF_017315645.1.fna,GCF_022689765.1.fna,0.0075961947,0.9924038
GCF_040947645.1.fna,GCF_022689765.1.fna,0.009406269,0.99059373
GCF_022690345.1.fna,GCF_022689765.1.fna,0.0077438354,0.99225616
GCF_022689645.1.fna,GCF_022689765.1.fna,0.023152411,0.9768476
GCF_022690295.1.fna,GCF_022689765.1.fna,0.009731591,0.9902684
GCF_031728715.1.fna,GCF_022689765.1.fna,0.021430492,0.9785695
GCF_031728295.1.fna,GCF_022689765.1.fna,0.0067687035,0.9932313
GCF_040947065.1.fna,GCF_022689765.1.fna,0.02156949,0.9784305
GCF_037695175.1.fna,GCF_022689765.1.fna,0.023152411,0.9768476
GCF_031728475.1.fna,GCF_022689765.1.fna,0.008732021,0.991268
GCF_022690045.1.fna,GCF_022690265.1.fna,0.021430492,0.9785695
GCF_017315625.1.fna,GCF_022690265.1.fna,0.009165645,0.99083436
GCF_900458635.1.fna,GCF_022690265.1.fna,0.021086395,0.9789136
GCF_022689565.1.fna,GCF_022690265.1.fna,0.007088244,0.99291176
GCF_029926905.1.fna,GCF_022690265.1.fna,0.0089674,0.9910326
GCF_040947025.1.fna,GCF_022690265.1.fna,0.008810163,0.99118984
GCF_022690065.1.fna,GCF_022690265.1.fna,0.00058192015,0.9994181
GCF_022689765.1.fna,GCF_022690265.1.fna,0.0075961947,0.9924038
GCF_022690265.1.fna,GCF_022690265.1.fna,0.0,1.0
GCF_022689615.1.fna,GCF_022690265.1.fna,0.0068392754,0.9931607
GCF_031728745.1.fna,GCF_022690265.1.fna,0.008771062,0.99122894
GCF_022690275.1.fna,GCF_022690265.1.fna,0.007706821,0.9922932
GCF_047653515.1.fna,GCF_022690265.1.fna,0.008654237,0.99134576
GCF_031728275.1.fna,GCF_022690265.1.fna,0.021920502,0.9780795
GCF_022690115.1.fna,GCF_022690265.1.fna,0.013257325,0.9867427
GCF_031728735.1.fna,GCF_022690265.1.fna,0.008888602,0.9911114
GCF_036419895.1.fna,GCF_022690265.1.fna,0.021991313,0.9780087
GCF_000269685.1.fna,GCF_022690265.1.fna,0.009406269,0.99059373
GCF_031728515.1.fna,GCF_022690265.1.fna,0.0094870925,0.9905129
GCF_037700155.1.fna,GCF_022690265.1.fna,0.007088244,0.99291176
GCF_022690225.1.fna,GCF_022690265.1.fna,0.021639287,0.9783607
GCF_022689945.1.fna,GCF_022690265.1.fna,0.008615434,0.99138457
GCF_015274585.1.fna,GCF_022690265.1.fna,0.008771062,0.99122894
GCF_031728415.1.fna,GCF_022690265.1.fna,0.022930622,0.9770694
GCF_031729015.1.fna,GCF_022690265.1.fna,0.022348404,0.9776516
GCF_037700315.1.fna,GCF_022690265.1.fna,0.023753703,0.9762463
GCF_031728795.1.fna,GCF_022690265.1.fna,0.020950079,0.9790499
GCF_031728555.1.fna,GCF_022690265.1.fna,0.0005326271,0.9994674
GCF_029926865.1.fna,GCF_022690265.1.fna,0.0089674,0.9910326
GCF_040947225.1.fna,GCF_022690265.1.fna,0.020213723,0.9797863
GCF_031728695.1.fna,GCF_022690265.1.fna,0.022062302,0.9779377
GCF_022689665.1.fna,GCF_022690265.1.fna,0.021920502,0.9780795
GCF_029926915.1.fna,GCF_022690265.1.fna,0.008117974,0.991882
GCF_031728315.1.fna,GCF_022690265.1.fna,0.00737679,0.9926232
GCF_031727255.1.fna,GCF_022690265.1.fna,0.008615434,0.99138457
GCF_022690205.1.fna,GCF_022690265.1.fna,0.022930622,0.9770694
GCF_031727455.1.fna,GCF_022690265.1.fna,0.027424872,0.9725751
GCF_022690025.1.fna,GCF_022690265.1.fna,0.022062302,0.9779377
GCF_031727075.1.fna,GCF_022690265.1.fna,0.0068392754,0.9931607
GCF_022690145.1.fna,GCF_022690265.1.fna,0.0005080104,0.999492
GCF_002901845.1.fna,GCF_022690265.1.fna,0.021018088,0.9789819
GCF_022689825.1.fna,GCF_022690265.1.fna,0.0075961947,0.9924038
GCF_031728675.1.fna,GCF_022690265.1.fna,0.021920502,0.9780795
GCF_047653525.1.fna,GCF_022690265.1.fna,0.009325743,0.99067426
GCF_022690085.1.fna,GCF_022690265.1.fna,0.026478827,0.9735212
GCF_037700135.1.fna,GCF_022690265.1.fna,0.007892609,0.9921074
GCF_025143205.1.fna,GCF_022690265.1.fna,0.0024635792,0.9975364
GCF_031728895.1.fna,GCF_022690265.1.fna,0.021991313,0.9780087
GCF_040947605.1.fna,GCF_022690265.1.fna,0.008576691,0.9914233
GCF_031727355.1.fna,GCF_022690265.1.fna,0.0070524216,0.9929476
GCF_015274675.1.fna,GCF_022690265.1.fna,0.008849382,0.9911506
GCF_036420075.1.fna,GCF_022690265.1.fna,0.008615434,0.99138457
GCF_013267575.1.fna,GCF_022690265.1.fna,0.02184987,0.9781501
GCF_031727055.1.fna,GCF_022690265.1.fna,0.023451328,0.9765487
GCF_037700375.1.fna,GCF_022690265.1.fna,0.021920502,0.9780795
GCF_022690005.1.fna,GCF_022690265.1.fna,0.021430492,0.9785695
GCF_031631055.1.fna,GCF_022690265.1.fna,0.020679712,0.9793203
GCF_031728495.1.fna,GCF_022690265.1.fna,0.020545602,0.9794544
GCF_964211265.1.fna,GCF_022690265.1.fna,0.022204995,0.977795
GCF_031727535.1.fna,GCF_022690265.1.fna,0.02213347,0.97786653
GCF_025143445.1.fna,GCF_022690265.1.fna,0.02213347,0.97786653
GCF_022689855.1.fna,GCF_022690265.1.fna,0.021361291,0.9786387
GCF_022689725.1.fna,GCF_022690265.1.fna,0.021920502,0.9780795
GCF_031727275.1.fna,GCF_022690265.1.fna,0.021991313,0.9780087
GCF_031728235.1.fna,GCF_022690265.1.fna,0.009772658,0.99022734
GCF_040947205.1.fna,GCF_022690265.1.fna,0.007340491,0.9926595
GCF_031727235.1.fna,GCF_022690265.1.fna,0.021292329,0.9787077
GCF_022690165.1.fna,GCF_022690265.1.fna,0.00058192015,0.9994181
GCF_031728075.1.fna,GCF_022690265.1.fna,0.007632971,0.992367
GCF_022689965.1.fna,GCF_022690265.1.fna,0.0072319508,0.99276805
GCF_022689575.1.fna,GCF_022690265.1.fna,0.021920502,0.9780795
GCF_037694985.1.fna,GCF_022690265.1.fna,0.009325743,0.99067426
GCF_022690185.1.fna,GCF_022690265.1.fna,0.021920502,0.9780795
GCF_031728335.1.fna,GCF_022690265.1.fna,0.009325743,0.99067426
GCF_031728095.1.fna,GCF_022690265.1.fna,0.022420406,0.9775796
GCF_022690385.1.fna,GCF_022690265.1.fna,0.008155823,0.9918442
GCF_022690425.1.fna,GCF_022690265.1.fna,0.007632971,0.992367
GCF_022690375.1.fna,GCF_022690265.1.fna,0.021779478,0.9782205
GCF_022689675.1.fna,GCF_022690265.1.fna,0.006910026,0.99309
GCF_022690245.1.fna,GCF_022690265.1.fna,0.0075594783,0.9924405
GCF_037700295.1.fna,GCF_022690265.1.fna,0.007088244,0.99291176
GCF_015274535.1.fna,GCF_022690265.1.fna,0.008771062,0.99122894
GCF_022689845.1.fna,GCF_022690265.1.fna,0.007669866,0.99233013
GCF_022689745.1.fna,GCF_022690265.1.fna,0.0068392754,0.9931607
GCF_022689925.1.fna,GCF_022690265.1.fna,0.028315127,0.9716849
GCF_015274655.1.fna,GCF_022690265.1.fna,0.008771062,0.99122894
GCF_022690325.1.fna,GCF_022690265.1.fna,0.021430492,0.9785695
GCF_022689785.1.fna,GCF_022690265.1.fna,0.02156949,0.9784305
GCF_031728155.1.fna,GCF_022690265.1.fna,0.0077438354,0.99225616
GCF_037700455.1.fna,GCF_022690265.1.fna,0.02184987,0.9781501
GCF_022689905.1.fna,GCF_022690265.1.fna,0.0074861646,0.99251384
GCF_022690105.1.fna,GCF_022690265.1.fna,0.008810163,0.99118984
GCF_022689975.1.fna,GCF_022690265.1.fna,0.007632971,0.992367
GCF_022689705.1.fna,GCF_022690265.1.fna,0.022492707,0.9775073
GCF_031728835.1.fna,GCF_022690265.1.fna,0.0017062426,0.99829376
GCF_031728115.1.fna,GCF_022690265.1.fna,0.009731591,0.9902684
GCF_022689775.1.fna,GCF_022690265.1.fna,0.022565126,0.9774349
GCF_031728455.1.fna,GCF_022690265.1.fna,0.02115482,0.9788452
GCF_025143615.1.fna,GCF_022690265.1.fna,0.022420406,0.9775796
GCF_052950835.1.fna,GCF_022690265.1.fna,0.021086395,0.9789136
GCF_040947125.1.fna,GCF_022690265.1.fna,0.022062302,0.9779377
GCF_017315645.1.fna,GCF_022690265.1.fna,0.0074496865,0.9925503
GCF_040947645.1.fna,GCF_022690265.1.fna,0.008615434,0.99138457
GCF_022690345.1.fna,GCF_022690265.1.fna,0.0077809095,0.9922191
GCF_022689645.1.fna,GCF_022690265.1.fna,0.02184987,0.9781501
GCF_022690295.1.fna,GCF_022690265.1.fna,0.008576691,0.9914233
GCF_031728715.1.fna,GCF_022690265.1.fna,0.021292329,0.9787077
GCF_031728295.1.fna,GCF_022690265.1.fna,0.007304251,0.99269575
GCF_040947065.1.fna,GCF_022690265.1.fna,0.021361291,0.9786387
GCF_037695175.1.fna,GCF_022690265.1.fna,0.022420406,0.9775796
GCF_031728475.1.fna,GCF_022690265.1.fna,0.007967472,0.9920325
GCF_022690045.1.fna,GCF_022689615.1.fna,0.020412326,0.9795877
GCF_017315625.1.fna,GCF_022689615.1.fna,0.00920558,0.9907944
GCF_900458635.1.fna,GCF_022689615.1.fna,0.02115482,0.9788452
GCF_022689565.1.fna,GCF_022689615.1.fna,0.007967472,0.9920325
GCF_029926905.1.fna,GCF_022689615.1.fna,0.009165645,0.99083436
GCF_040947025.1.fna,GCF_022689615.1.fna,0.008615434,0.99138457
GCF_022690065.1.fna,GCF_022689615.1.fna,0.007268071,0.9927319
GCF_022689765.1.fna,GCF_022689615.1.fna,0.0071240664,0.99287593
GCF_022690265.1.fna,GCF_022689615.1.fna,0.0068392754,0.9931607
GCF_022689615.1.fna,GCF_022689615.1.fna,0.0,1.0
GCF_031728745.1.fna,GCF_022689615.1.fna,0.007855296,0.9921447
GCF_022690275.1.fna,GCF_022689615.1.fna,0.008117974,0.991882
GCF_047653515.1.fna,GCF_022689615.1.fna,0.008615434,0.99138457
GCF_031728275.1.fna,GCF_022689615.1.fna,0.02088219,0.9791178
GCF_022690115.1.fna,GCF_022689615.1.fna,0.0143536925,0.9856463
GCF_031728735.1.fna,GCF_022689615.1.fna,0.010187805,0.9898122
GCF_036419895.1.fna,GCF_022689615.1.fna,0.021018088,0.9789819
GCF_000269685.1.fna,GCF_022689615.1.fna,0.009406269,0.99059373
GCF_031728515.1.fna,GCF_022689615.1.fna,0.010020673,0.9899793
GCF_037700155.1.fna,GCF_022689615.1.fna,0.005808234,0.99419177
GCF_022690225.1.fna,GCF_022689615.1.fna,0.02156949,0.9784305
GCF_022689945.1.fna,GCF_022689615.1.fna,0.009527624,0.9904724
GCF_015274585.1.fna,GCF_022689615.1.fna,0.008771062,0.99122894
GCF_031728415.1.fna,GCF_022689615.1.fna,0.022204995,0.977795
GCF_031729015.1.fna,GCF_022689615.1.fna,0.021709323,0.9782907
GCF_037700315.1.fna,GCF_022689615.1.fna,0.022930622,0.9770694
GCF_031728795.1.fna,GCF_022689615.1.fna,0.020082176,0.9799178
GCF_031728555.1.fna,GCF_022689615.1.fna,0.0072319508,0.99276805
GCF_029926865.1.fna,GCF_022689615.1.fna,0.009165645,0.99083436
GCF_040947225.1.fna,GCF_022689615.1.fna,0.019821286,0.9801787
GCF_031728695.1.fna,GCF_022689615.1.fna,0.021779478,0.9782205
GCF_022689665.1.fna,GCF_022689615.1.fna,0.02227658,0.9777234
GCF_029926915.1.fna,GCF_022689615.1.fna,0.008307815,0.9916922
GCF_031728315.1.fna,GCF_022689615.1.fna,0.00737679,0.9926232
GCF_031727255.1.fna,GCF_022689615.1.fna,0.0094870925,0.9905129
GCF_022690205.1.fna,GCF_022689615.1.fna,0.022062302,0.9779377
GCF_031727455.1.fna,GCF_022689615.1.fna,0.02725041,0.9727496
GCF_022690025.1.fna,GCF_022689615.1.fna,0.02227658,0.9777234
GCF_031727075.1.fna,GCF_022689615.1.fna,7.158518e-05,0.9999284
GCF_022690145.1.fna,GCF_022689615.1.fna,0.0071599483,0.99284005
GCF_002901845.1.fna,GCF_022689615.1.fna,0.02115482,0.9788452
GCF_022689825.1.fna,GCF_022689615.1.fna,0.0071240664,0.99287593
GCF_031728675.1.fna,GCF_022689615.1.fna,0.021499872,0.9785001
GCF_047653525.1.fna,GCF_022689615.1.fna,0.008810163,0.99118984
GCF_022690085.1.fna,GCF_022689615.1.fna,0.025893986,0.974106
GCF_037700135.1.fna,GCF_022689615.1.fna,0.007632971,0.992367
GCF_025143205.1.fna,GCF_022689615.1.fna,0.0077438354,0.99225616
GCF_031728895.1.fna,GCF_022689615.1.fna,0.020679712,0.9793203
GCF_040947605.1.fna,GCF_022689615.1.fna,0.008732021,0.991268
GCF_031727355.1.fna,GCF_022689615.1.fna,0.008042574,0.9919574
GCF_015274675.1.fna,GCF_022689615.1.fna,0.009165645,0.99083436
GCF_036420075.1.fna,GCF_022689615.1.fna,0.0094870925,0.9905129
GCF_013267575.1.fna,GCF_022689615.1.fna,0.02156949,0.9784305
GCF_031727055.1.fna,GCF_022689615.1.fna,0.024136782,0.9758632
GCF_037700375.1.fna,GCF_022689615.1.fna,0.02184987,0.9781501
GCF_022690005.1.fna,GCF_022689615.1.fna,0.020478904,0.9795211
GCF_031631055.1.fna,GCF_022689615.1.fna,0.020412326,0.9795877
GCF_031728495.1.fna,GCF_022689615.1.fna,0.019886196,0.9801138
GCF_964211265.1.fna,GCF_022689615.1.fna,0.02156949,0.9784305
GCF_031727535.1.fna,GCF_022689615.1.fna,0.022420406,0.9775796
GCF_025143445.1.fna,GCF_022689615.1.fna,0.021018088,0.9789819
GCF_022689855.1.fna,GCF_022689615.1.fna,0.021779478,0.9782205
GCF_022689725.1.fna,GCF_022689615.1.fna,0.02227658,0.9777234
GCF_031727275.1.fna,GCF_022689615.1.fna,0.02115482,0.9788452
GCF_031728235.1.fna,GCF_022689615.1.fna,0.01010412,0.9898959
GCF_040947205.1.fna,GCF_022689615.1.fna,0.0075594783,0.9924405
GCF_031727235.1.fna,GCF_022689615.1.fna,0.021709323,0.9782907
GCF_022690165.1.fna,GCF_022689615.1.fna,0.007268071,0.9927319
GCF_031728075.1.fna,GCF_022689615.1.fna,0.0077438354,0.99225616
GCF_022689965.1.fna,GCF_022689615.1.fna,0.008307815,0.9916922
GCF_022689575.1.fna,GCF_022689615.1.fna,0.02227658,0.9777234
GCF_037694985.1.fna,GCF_022689615.1.fna,0.008771062,0.99122894
GCF_022690185.1.fna,GCF_022689615.1.fna,0.020950079,0.9790499
GCF_031728335.1.fna,GCF_022689615.1.fna,0.009608984,0.990391
GCF_031728095.1.fna,GCF_022689615.1.fna,0.02227658,0.9777234
GCF_022690385.1.fna,GCF_022689615.1.fna,0.00823164,0.99176836
GCF_022690425.1.fna,GCF_022689615.1.fna,0.0077809095,0.9922191
GCF_022690375.1.fna,GCF_022689615.1.fna,0.02156949,0.9784305
GCF_022689675.1.fna,GCF_022689615.1.fna,9.5546246e-05,0.99990445
GCF_022690245.1.fna,GCF_022689615.1.fna,0.007706821,0.9922932
GCF_037700295.1.fna,GCF_022689615.1.fna,0.0059424043,0.9940576
GCF_015274535.1.fna,GCF_022689615.1.fna,0.008771062,0.99122894
GCF_022689845.1.fna,GCF_022689615.1.fna,0.0074132085,0.9925868
GCF_022689745.1.fna,GCF_022689615.1.fna,4.7683716e-05,0.9999523
GCF_022689925.1.fna,GCF_022689615.1.fna,0.027777493,0.9722225
GCF_015274655.1.fna,GCF_022689615.1.fna,0.008771062,0.99122894
GCF_022690325.1.fna,GCF_022689615.1.fna,0.020478904,0.9795211
GCF_022689785.1.fna,GCF_022689615.1.fna,0.020345926,0.9796541
GCF_031728155.1.fna,GCF_022689615.1.fna,0.007892609,0.9921074
GCF_037700455.1.fna,GCF_022689615.1.fna,0.021779478,0.9782205
GCF_022689905.1.fna,GCF_022689615.1.fna,0.0074861646,0.99251384
GCF_022690105.1.fna,GCF_022689615.1.fna,0.009285569,0.99071443
GCF_022689975.1.fna,GCF_022689615.1.fna,0.0071599483,0.99284005
GCF_022689705.1.fna,GCF_022689615.1.fna,0.022637784,0.9773622
GCF_031728835.1.fna,GCF_022689615.1.fna,0.0065935254,0.9934065
GCF_031728115.1.fna,GCF_022689615.1.fna,0.009245515,0.9907545
GCF_022689775.1.fna,GCF_022689615.1.fna,0.021018088,0.9789819
GCF_031728455.1.fna,GCF_022689615.1.fna,0.020478904,0.9795211
GCF_025143615.1.fna,GCF_022689615.1.fna,0.021361291,0.9786387
GCF_052950835.1.fna,GCF_022689615.1.fna,0.020412326,0.9795877
GCF_040947125.1.fna,GCF_022689615.1.fna,0.02227658,0.9777234
GCF_017315645.1.fna,GCF_022689615.1.fna,0.0071599483,0.99284005
GCF_040947645.1.fna,GCF_022689615.1.fna,0.008771062,0.99122894
GCF_022690345.1.fna,GCF_022689615.1.fna,0.007929981,0.99207
GCF_022689645.1.fna,GCF_022689615.1.fna,0.021991313,0.9780087
GCF_022690295.1.fna,GCF_022689615.1.fna,0.009406269,0.99059373
GCF_031728715.1.fna,GCF_022689615.1.fna,0.020612597,0.9793874
GCF_031728295.1.fna,GCF_022689615.1.fna,0.0071599483,0.99284005
GCF_040947065.1.fna,GCF_022689615.1.fna,0.020612597,0.9793874
GCF_037695175.1.fna,GCF_022689615.1.fna,0.022492707,0.9775073
GCF_031728475.1.fna,GCF_022689615.1.fna,0.008384287,0.9916157
GCF_022690045.1.fna,GCF_031728745.1.fna,0.020412326,0.9795877
GCF_017315625.1.fna,GCF_031728745.1.fna,0.008422613,0.9915774
GCF_900458635.1.fna,GCF_031728745.1.fna,0.019951403,0.9800486
GCF_022689565.1.fna,GCF_031728745.1.fna,0.009006858,0.99099314
GCF_029926905.1.fna,GCF_031728745.1.fna,0.011044383,0.9889556
GCF_040947025.1.fna,GCF_031728745.1.fna,0.009772658,0.99022734
GCF_022690065.1.fna,GCF_031728745.1.fna,0.008732021,0.991268
GCF_022689765.1.fna,GCF_031728745.1.fna,0.010020673,0.9899793
GCF_022690265.1.fna,GCF_031728745.1.fna,0.008771062,0.99122894
GCF_022689615.1.fna,GCF_031728745.1.fna,0.007855296,0.9921447
GCF_031728745.1.fna,GCF_031728745.1.fna,0.0,1.0
GCF_022690275.1.fna,GCF_031728745.1.fna,0.008422613,0.9915774
GCF_047653515.1.fna,GCF_031728745.1.fna,0.01010412,0.9898959
GCF_031728275.1.fna,GCF_031728745.1.fna,0.020412326,0.9795877
GCF_022690115.1.fna,GCF_031728745.1.fna,0.014714479,0.9852855
GCF_031728735.1.fna,GCF_031728745.1.fna,0.010441005,0.989559
GCF_036419895.1.fna,GCF_031728745.1.fna,0.02088219,0.9791178
GCF_000269685.1.fna,GCF_031728745.1.fna,0.010441005,0.989559
GCF_031728515.1.fna,GCF_031728745.1.fna,0.011938274,0.9880617
GCF_037700155.1.fna,GCF_031728745.1.fna,0.0077809095,0.9922191
GCF_022690225.1.fna,GCF_031728745.1.fna,0.020950079,0.9790499
GCF_022689945.1.fna,GCF_031728745.1.fna,0.010783613,0.9892164
GCF_015274585.1.fna,GCF_031728745.1.fna,0.009649754,0.99035025
GCF_031728415.1.fna,GCF_031728745.1.fna,0.02213347,0.97786653
GCF_031729015.1.fna,GCF_031728745.1.fna,0.021223426,0.9787766
GCF_037700315.1.fna,GCF_031728745.1.fna,0.022565126,0.9774349
GCF_031728795.1.fna,GCF_031728745.1.fna,0.020082176,0.9799178
GCF_031728555.1.fna,GCF_031728745.1.fna,0.008771062,0.99122894
GCF_029926865.1.fna,GCF_031728745.1.fna,0.011044383,0.9889556
GCF_040947225.1.fna,GCF_031728745.1.fna,0.019691885,0.9803081
GCF_031728695.1.fna,GCF_031728745.1.fna,0.02088219,0.9791178
GCF_022689665.1.fna,GCF_031728745.1.fna,0.021499872,0.9785001
GCF_029926915.1.fna,GCF_031728745.1.fna,0.010229826,0.9897702
GCF_031728315.1.fna,GCF_031728745.1.fna,0.009285569,0.99071443
GCF_031727255.1.fna,GCF_031728745.1.fna,0.010611594,0.9893884
GCF_022690205.1.fna,GCF_031728745.1.fna,0.021779478,0.9782205
GCF_031727455.1.fna,GCF_031728745.1.fna,0.026990712,0.9730093
GCF_022690025.1.fna,GCF_031728745.1.fna,0.021991313,0.9780087
GCF_031727075.1.fna,GCF_031728745.1.fna,0.007855296,0.9921447
GCF_022690145.1.fna,GCF_031728745.1.fna,0.008693099,0.9913069
GCF_002901845.1.fna,GCF_031728745.1.fna,0.019886196,0.9801138
GCF_022689825.1.fna,GCF_031728745.1.fna,0.010020673,0.9899793
GCF_031728675.1.fna,GCF_031728745.1.fna,0.02088219,0.9791178
GCF_047653525.1.fna,GCF_031728745.1.fna,0.008927941,0.99107206
GCF_022690085.1.fna,GCF_031728745.1.fna,0.026563525,0.9734365
GCF_037700135.1.fna,GCF_031728745.1.fna,0.009406269,0.99059373
GCF_025143205.1.fna,GCF_031728745.1.fna,0.009245515,0.9907545
GCF_031728895.1.fna,GCF_031728745.1.fna,0.019821286,0.9801787
GCF_040947605.1.fna,GCF_031728745.1.fna,0.010062277,0.9899377
GCF_031727355.1.fna,GCF_031728745.1.fna,0.009086072,0.9909139
GCF_015274675.1.fna,GCF_031728745.1.fna,0.010526121,0.9894739
GCF_036420075.1.fna,GCF_031728745.1.fna,0.010783613,0.9892164
GCF_013267575.1.fna,GCF_031728745.1.fna,0.020545602,0.9794544
GCF_031727055.1.fna,GCF_031728745.1.fna,0.022492707,0.9775073
GCF_037700375.1.fna,GCF_031728745.1.fna,0.020545602,0.9794544
GCF_022690005.1.fna,GCF_031728745.1.fna,0.020345926,0.9796541
GCF_031631055.1.fna,GCF_031728745.1.fna,0.018992484,0.9810075
GCF_031728495.1.fna,GCF_031728745.1.fna,0.019756496,0.9802435
GCF_964211265.1.fna,GCF_031728745.1.fna,0.020950079,0.9790499
GCF_031727535.1.fna,GCF_031728745.1.fna,0.021709323,0.9782907
GCF_025143445.1.fna,GCF_031728745.1.fna,0.019951403,0.9800486
GCF_022689855.1.fna,GCF_031728745.1.fna,0.020814478,0.9791855
GCF_022689725.1.fna,GCF_031728745.1.fna,0.021499872,0.9785001
GCF_031727275.1.fna,GCF_031728745.1.fna,0.021292329,0.9787077
GCF_031728235.1.fna,GCF_031728745.1.fna,0.010826886,0.9891731
GCF_040947205.1.fna,GCF_031728745.1.fna,0.007967472,0.9920325
GCF_031727235.1.fna,GCF_031728745.1.fna,0.020747006,0.979253
GCF_022690165.1.fna,GCF_031728745.1.fna,0.008810163,0.99118984
GCF_031728075.1.fna,GCF_031728745.1.fna,0.010187805,0.9898122
GCF_022689965.1.fna,GCF_031728745.1.fna,0.009046435,0.99095356
GCF_022689575.1.fna,GCF_031728745.1.fna,0.021499872,0.9785001
GCF_037694985.1.fna,GCF_031728745.1.fna,0.010870218,0.9891298
GCF_022690185.1.fna,GCF_031728745.1.fna,0.020747006,0.979253
GCF_031728335.1.fna,GCF_031728745.1.fna,0.0074132085,0.9925868
GCF_031728095.1.fna,GCF_031728745.1.fna,0.021361291,0.9786387
GCF_022690385.1.fna,GCF_031728745.1.fna,0.010483503,0.9895165
GCF_022690425.1.fna,GCF_031728745.1.fna,0.010229826,0.9897702
GCF_022690375.1.fna,GCF_031728745.1.fna,0.021018088,0.9789819
GCF_022689675.1.fna,GCF_031728745.1.fna,0.008004963,0.99199504
GCF_022690245.1.fna,GCF_031728745.1.fna,0.008345962,0.99165404
GCF_037700295.1.fna,GCF_031728745.1.fna,0.0077809095,0.9922191
GCF_015274535.1.fna,GCF_031728745.1.fna,0.009649754,0.99035025
GCF_022689845.1.fna,GCF_031728745.1.fna,0.008771062,0.99122894
GCF_022689745.1.fna,GCF_031728745.1.fna,0.007855296,0.9921447
GCF_022689925.1.fna,GCF_031728745.1.fna,0.027866304,0.9721337
GCF_015274655.1.fna,GCF_031728745.1.fna,0.009649754,0.99035025
GCF_022690325.1.fna,GCF_031728745.1.fna,0.020279706,0.9797203
GCF_022689785.1.fna,GCF_031728745.1.fna,0.0201478,0.9798522
GCF_031728155.1.fna,GCF_031728745.1.fna,0.009937644,0.99006236
GCF_037700455.1.fna,GCF_031728745.1.fna,0.020545602,0.9794544
GCF_022689905.1.fna,GCF_031728745.1.fna,0.009285569,0.99071443
GCF_022690105.1.fna,GCF_031728745.1.fna,0.007304251,0.99269575
GCF_022689975.1.fna,GCF_031728745.1.fna,0.009979129,0.9900209
GCF_022689705.1.fna,GCF_031728745.1.fna,0.022420406,0.9775796
GCF_031728835.1.fna,GCF_031728745.1.fna,0.008499503,0.9915005
GCF_031728115.1.fna,GCF_031728745.1.fna,0.007522762,0.99247724
GCF_022689775.1.fna,GCF_031728745.1.fna,0.020747006,0.979253
GCF_031728455.1.fna,GCF_031728745.1.fna,0.020345926,0.9796541
GCF_025143615.1.fna,GCF_031728745.1.fna,0.021086395,0.9789136
GCF_052950835.1.fna,GCF_031728745.1.fna,0.020412326,0.9795877
GCF_040947125.1.fna,GCF_031728745.1.fna,0.021018088,0.9789819
GCF_017315645.1.fna,GCF_031728745.1.fna,0.008460999,0.991539
GCF_040947645.1.fna,GCF_031728745.1.fna,0.010020673,0.9899793
GCF_022690345.1.fna,GCF_031728745.1.fna,0.009979129,0.9900209
GCF_022689645.1.fna,GCF_031728745.1.fna,0.021292329,0.9787077
GCF_022690295.1.fna,GCF_031728745.1.fna,0.010611594,0.9893884
GCF_031728715.1.fna,GCF_031728745.1.fna,0.020082176,0.9799178
GCF_031728295.1.fna,GCF_031728745.1.fna,0.008460999,0.991539
GCF_040947065.1.fna,GCF_031728745.1.fna,0.019563198,0.9804368
GCF_037695175.1.fna,GCF_031728745.1.fna,0.021639287,0.9783607
GCF_031728475.1.fna,GCF_031728745.1.fna,0.010229826,0.9897702
GCF_022690045.1.fna,GCF_022690275.1.fna,0.022348404,0.9776516
GCF_017315625.1.fna,GCF_022690275.1.fna,0.009896278,0.9901037
GCF_900458635.1.fna,GCF_022690275.1.fna,0.021991313,0.9780087
GCF_022689565.1.fna,GCF_022690275.1.fna,0.008499503,0.9915005
GCF_029926905.1.fna,GCF_022690275.1.fna,0.009896278,0.9901037
GCF_040947025.1.fna,GCF_022690275.1.fna,0.00920558,0.9907944
GCF_022690065.1.fna,GCF_022690275.1.fna,0.007929981,0.99207
GCF_022689765.1.fna,GCF_022690275.1.fna,0.008849382,0.9911506
GCF_022690265.1.fna,GCF_022690275.1.fna,0.007706821,0.9922932
GCF_022689615.1.fna,GCF_022690275.1.fna,0.008117974,0.991882
GCF_031728745.1.fna,GCF_022690275.1.fna,0.008422613,0.9915774
GCF_022690275.1.fna,GCF_022690275.1.fna,0.0,1.0
GCF_047653515.1.fna,GCF_022690275.1.fna,0.008422613,0.9915774
GCF_031728275.1.fna,GCF_022690275.1.fna,0.023376226,0.9766238
GCF_022690115.1.fna,GCF_022690275.1.fna,0.014302671,0.9856973
GCF_031728735.1.fna,GCF_022690275.1.fna,0.009937644,0.99006236
GCF_036419895.1.fna,GCF_022690275.1.fna,0.023451328,0.9765487
GCF_000269685.1.fna,GCF_022690275.1.fna,0.009245515,0.9907545
GCF_031728515.1.fna,GCF_022690275.1.fna,0.010568798,0.9894312
GCF_037700155.1.fna,GCF_022690275.1.fna,0.008193672,0.9918063
GCF_022690225.1.fna,GCF_022690275.1.fna,0.02227658,0.9777234
GCF_022689945.1.fna,GCF_022690275.1.fna,0.010271788,0.9897282
GCF_015274585.1.fna,GCF_022690275.1.fna,0.008384287,0.9916157
GCF_031728415.1.fna,GCF_022690275.1.fna,0.02352649,0.9764735
GCF_031729015.1.fna,GCF_022690275.1.fna,0.023753703,0.9762463
GCF_037700315.1.fna,GCF_022690275.1.fna,0.024525821,0.9754742
GCF_031728795.1.fna,GCF_022690275.1.fna,0.021086395,0.9789136
GCF_031728555.1.fna,GCF_022690275.1.fna,0.007892609,0.9921074
GCF_029926865.1.fna,GCF_022690275.1.fna,0.009896278,0.9901037
GCF_040947225.1.fna,GCF_022690275.1.fna,0.020679712,0.9793203
GCF_031728695.1.fna,GCF_022690275.1.fna,0.023152411,0.9768476
GCF_022689665.1.fna,GCF_022690275.1.fna,0.022420406,0.9775796
GCF_029926915.1.fna,GCF_022690275.1.fna,0.009125829,0.9908742
GCF_031728315.1.fna,GCF_022690275.1.fna,0.008576691,0.9914233
GCF_031727255.1.fna,GCF_022690275.1.fna,0.010526121,0.9894739
GCF_022690205.1.fna,GCF_022690275.1.fna,0.024683118,0.9753169
GCF_031727455.1.fna,GCF_022690275.1.fna,0.028496683,0.9715033
GCF_022690025.1.fna,GCF_022690275.1.fna,0.023152411,0.9768476
GCF_031727075.1.fna,GCF_022690275.1.fna,0.008193672,0.9918063
GCF_022690145.1.fna,GCF_022690275.1.fna,0.007892609,0.9921074
GCF_002901845.1.fna,GCF_022690275.1.fna,0.021991313,0.9780087
GCF_022689825.1.fna,GCF_022690275.1.fna,0.008849382,0.9911506
GCF_031728675.1.fna,GCF_022690275.1.fna,0.022710681,0.9772893
GCF_047653525.1.fna,GCF_022690275.1.fna,0.009365916,0.9906341
GCF_022690085.1.fna,GCF_022690275.1.fna,0.02681899,0.973181
GCF_037700135.1.fna,GCF_022690275.1.fna,0.009325743,0.99067426
GCF_025143205.1.fna,GCF_022690275.1.fna,0.008499503,0.9915005
GCF_031728895.1.fna,GCF_022690275.1.fna,0.022565126,0.9774349
GCF_040947605.1.fna,GCF_022690275.1.fna,0.010187805,0.9898122
GCF_031727355.1.fna,GCF_022690275.1.fna,0.008576691,0.9914233
GCF_015274675.1.fna,GCF_022690275.1.fna,0.008576691,0.9914233
GCF_036420075.1.fna,GCF_022690275.1.fna,0.010271788,0.9897282
GCF_013267575.1.fna,GCF_022690275.1.fna,0.022783816,0.9772162
GCF_031727055.1.fna,GCF_022690275.1.fna,0.025000513,0.9749995
GCF_037700375.1.fna,GCF_022690275.1.fna,0.022930622,0.9770694
GCF_022690005.1.fna,GCF_022690275.1.fna,0.022420406,0.9775796
GCF_031631055.1.fna,GCF_022690275.1.fna,0.020814478,0.9791855
GCF_031728495.1.fna,GCF_022690275.1.fna,0.020950079,0.9790499
GCF_964211265.1.fna,GCF_022690275.1.fna,0.022565126,0.9774349
GCF_031727535.1.fna,GCF_022690275.1.fna,0.023602009,0.976398
GCF_025143445.1.fna,GCF_022690275.1.fna,0.02352649,0.9764735
GCF_022689855.1.fna,GCF_022690275.1.fna,0.022637784,0.9773622
GCF_022689725.1.fna,GCF_022690275.1.fna,0.022420406,0.9775796
GCF_031727275.1.fna,GCF_022690275.1.fna,0.021991313,0.9780087
GCF_031728235.1.fna,GCF_022690275.1.fna,0.009125829,0.9908742
GCF_040947205.1.fna,GCF_022690275.1.fna,0.007967472,0.9920325
GCF_031727235.1.fna,GCF_022690275.1.fna,0.022565126,0.9774349
GCF_022690165.1.fna,GCF_022690275.1.fna,0.007929981,0.99207
GCF_031728075.1.fna,GCF_022690275.1.fna,0.009125829,0.9908742
GCF_022689965.1.fna,GCF_022690275.1.fna,0.008888602,0.9911114
GCF_022689575.1.fna,GCF_022690275.1.fna,0.022420406,0.9775796
GCF_037694985.1.fna,GCF_022690275.1.fna,0.010229826,0.9897702
GCF_022690185.1.fna,GCF_022690275.1.fna,0.023451328,0.9765487
GCF_031728335.1.fna,GCF_022690275.1.fna,0.008422613,0.9915774
GCF_031728095.1.fna,GCF_022690275.1.fna,0.023152411,0.9768476
GCF_022690385.1.fna,GCF_022690275.1.fna,0.009937644,0.99006236
GCF_022690425.1.fna,GCF_022690275.1.fna,0.009086072,0.9909139
GCF_022690375.1.fna,GCF_022690275.1.fna,0.023078203,0.9769218
GCF_022689675.1.fna,GCF_022690275.1.fna,0.008269668,0.99173033
GCF_022690245.1.fna,GCF_022690275.1.fna,0.007268071,0.9927319
GCF_037700295.1.fna,GCF_022690275.1.fna,0.008080244,0.99191976
GCF_015274535.1.fna,GCF_022690275.1.fna,0.008384287,0.9916157
GCF_022689845.1.fna,GCF_022690275.1.fna,0.009125829,0.9908742
GCF_022689745.1.fna,GCF_022690275.1.fna,0.008193672,0.9918063
GCF_022689925.1.fna,GCF_022690275.1.fna,0.027600586,0.9723994
GCF_015274655.1.fna,GCF_022690275.1.fna,0.008384287,0.9916157
GCF_022690325.1.fna,GCF_022690275.1.fna,0.02156949,0.9784305
GCF_022689785.1.fna,GCF_022690275.1.fna,0.022204995,0.977795
GCF_031728155.1.fna,GCF_022690275.1.fna,0.007669866,0.99233013
GCF_037700455.1.fna,GCF_022690275.1.fna,0.022783816,0.9772162
GCF_022689905.1.fna,GCF_022690275.1.fna,0.008693099,0.9913069
GCF_022690105.1.fna,GCF_022690275.1.fna,0.008080244,0.99191976
GCF_022689975.1.fna,GCF_022690275.1.fna,0.008888602,0.9911114
GCF_022689705.1.fna,GCF_022690275.1.fna,0.023376226,0.9766238
GCF_031728835.1.fna,GCF_022690275.1.fna,0.007818103,0.9921819
GCF_031728115.1.fna,GCF_022690275.1.fna,0.008384287,0.9916157
GCF_022689775.1.fna,GCF_022690275.1.fna,0.024059713,0.9759403
GCF_031728455.1.fna,GCF_022690275.1.fna,0.021223426,0.9787766
GCF_025143615.1.fna,GCF_022690275.1.fna,0.023677707,0.9763223
GCF_052950835.1.fna,GCF_022690275.1.fna,0.02184987,0.9781501
GCF_040947125.1.fna,GCF_022690275.1.fna,0.023152411,0.9768476
GCF_017315645.1.fna,GCF_022690275.1.fna,0.008117974,0.991882
GCF_040947645.1.fna,GCF_022690275.1.fna,0.010229826,0.9897702
GCF_022690345.1.fna,GCF_022690275.1.fna,0.007706821,0.9922932
GCF_022689645.1.fna,GCF_022690275.1.fna,0.023226798,0.9767732
GCF_022690295.1.fna,GCF_022690275.1.fna,0.010526121,0.9894739
GCF_031728715.1.fna,GCF_022690275.1.fna,0.022565126,0.9774349
GCF_031728295.1.fna,GCF_022690275.1.fna,0.008269668,0.99173033
GCF_040947065.1.fna,GCF_022690275.1.fna,0.021779478,0.9782205
GCF_037695175.1.fna,GCF_022690275.1.fna,0.023376226,0.9766238
GCF_031728475.1.fna,GCF_022690275.1.fna,0.008771062,0.99122894
GCF_022690045.1.fna,GCF_047653515.1.fna,0.02115482,0.9788452
GCF_017315625.1.fna,GCF_047653515.1.fna,0.009813786,0.9901862
GCF_900458635.1.fna,GCF_047653515.1.fna,0.020814478,0.9791855
GCF_022689565.1.fna,GCF_047653515.1.fna,0.009365916,0.9906341
GCF_029926905.1.fna,GCF_047653515.1.fna,0.008732021,0.991268
GCF_040947025.1.fna,GCF_047653515.1.fna,0.0070524216,0.9929476
GCF_022690065.1.fna,GCF_047653515.1.fna,0.008771062,0.99122894
GCF_022689765.1.fna,GCF_047653515.1.fna,0.0074861646,0.99251384
GCF_022690265.1.fna,GCF_047653515.1.fna,0.008654237,0.99134576
GCF_022689615.1.fna,GCF_047653515.1.fna,0.008615434,0.99138457
GCF_031728745.1.fna,GCF_047653515.1.fna,0.01010412,0.9898959
GCF_022690275.1.fna,GCF_047653515.1.fna,0.008422613,0.9915774
GCF_047653515.1.fna,GCF_047653515.1.fna,0.0,1.0
GCF_031728275.1.fna,GCF_047653515.1.fna,0.022204995,0.977795
GCF_022690115.1.fna,GCF_047653515.1.fna,0.015028477,0.9849715
GCF_031728735.1.fna,GCF_047653515.1.fna,0.008269668,0.99173033
GCF_036419895.1.fna,GCF_047653515.1.fna,0.02156949,0.9784305
GCF_000269685.1.fna,GCF_047653515.1.fna,0.0037859678,0.99621403
GCF_031728515.1.fna,GCF_047653515.1.fna,0.01171118,0.9882888
GCF_037700155.1.fna,GCF_047653515.1.fna,0.008307815,0.9916922
GCF_022690225.1.fna,GCF_047653515.1.fna,0.022204995,0.977795
GCF_022689945.1.fna,GCF_047653515.1.fna,0.009406269,0.99059373
GCF_015274585.1.fna,GCF_047653515.1.fna,0.0089674,0.9910326
GCF_031728415.1.fna,GCF_047653515.1.fna,0.022710681,0.9772893
GCF_031729015.1.fna,GCF_047653515.1.fna,0.021639287,0.9783607
GCF_037700315.1.fna,GCF_047653515.1.fna,0.022420406,0.9775796
GCF_031728795.1.fna,GCF_047653515.1.fna,0.020345926,0.9796541
GCF_031728555.1.fna,GCF_047653515.1.fna,0.008732021,0.991268
GCF_029926865.1.fna,GCF_047653515.1.fna,0.008732021,0.991268
GCF_040947225.1.fna,GCF_047653515.1.fna,0.020279706,0.9797203
GCF_031728695.1.fna,GCF_047653515.1.fna,0.021499872,0.9785001
GCF_022689665.1.fna,GCF_047653515.1.fna,0.02213347,0.97786653
GCF_029926915.1.fna,GCF_047653515.1.fna,0.007855296,0.9921447
GCF_031728315.1.fna,GCF_047653515.1.fna,0.008004963,0.99199504
GCF_031727255.1.fna,GCF_047653515.1.fna,0.010398626,0.9896014
GCF_022690205.1.fna,GCF_047653515.1.fna,0.02285707,0.97714293
GCF_031727455.1.fna,GCF_047653515.1.fna,0.028224707,0.9717753
GCF_022690025.1.fna,GCF_047653515.1.fna,0.021920502,0.9780795
GCF_031727075.1.fna,GCF_047653515.1.fna,0.008576691,0.9914233
GCF_022690145.1.fna,GCF_047653515.1.fna,0.008849382,0.9911506
GCF_002901845.1.fna,GCF_047653515.1.fna,0.020747006,0.979253
GCF_022689825.1.fna,GCF_047653515.1.fna,0.0074861646,0.99251384
GCF_031728675.1.fna,GCF_047653515.1.fna,0.02156949,0.9784305
GCF_047653525.1.fna,GCF_047653515.1.fna,0.008499503,0.9915005
GCF_022690085.1.fna,GCF_047653515.1.fna,0.02768892,0.9723111
GCF_037700135.1.fna,GCF_047653515.1.fna,0.008927941,0.99107206
GCF_025143205.1.fna,GCF_047653515.1.fna,0.009365916,0.9906341
GCF_031728895.1.fna,GCF_047653515.1.fna,0.021499872,0.9785001
GCF_040947605.1.fna,GCF_047653515.1.fna,0.010483503,0.9895165
GCF_031727355.1.fna,GCF_047653515.1.fna,0.009365916,0.9906341
GCF_015274675.1.fna,GCF_047653515.1.fna,0.0037859678,0.99621403
GCF_036420075.1.fna,GCF_047653515.1.fna,0.009365916,0.9906341
GCF_013267575.1.fna,GCF_047653515.1.fna,0.021430492,0.9785695
GCF_031727055.1.fna,GCF_047653515.1.fna,0.024291694,0.9757083
GCF_037700375.1.fna,GCF_047653515.1.fna,0.022348404,0.9776516
GCF_022690005.1.fna,GCF_047653515.1.fna,0.021223426,0.9787766
GCF_031631055.1.fna,GCF_047653515.1.fna,0.02001667,0.9799833
GCF_031728495.1.fna,GCF_047653515.1.fna,0.020747006,0.979253
GCF_964211265.1.fna,GCF_047653515.1.fna,0.02213347,0.97786653
GCF_031727535.1.fna,GCF_047653515.1.fna,0.022710681,0.9772893
GCF_025143445.1.fna,GCF_047653515.1.fna,0.02184987,0.9781501
GCF_022689855.1.fna,GCF_047653515.1.fna,0.021709323,0.9782907
GCF_022689725.1.fna,GCF_047653515.1.fna,0.02213347,0.97786653
GCF_031727275.1.fna,GCF_047653515.1.fna,0.021018088,0.9789819
GCF_031728235.1.fna,GCF_047653515.1.fna,0.010398626,0.9896014
GCF_040947205.1.fna,GCF_047653515.1.fna,0.008810163,0.99118984
GCF_031727235.1.fna,GCF_047653515.1.fna,0.021639287,0.9783607
GCF_022690165.1.fna,GCF_047653515.1.fna,0.008771062,0.99122894
GCF_031728075.1.fna,GCF_047653515.1.fna,0.009365916,0.9906341
GCF_022689965.1.fna,GCF_047653515.1.fna,0.0094870925,0.9905129
GCF_022689575.1.fna,GCF_047653515.1.fna,0.02213347,0.97786653
GCF_037694985.1.fna,GCF_047653515.1.fna,0.009731591,0.9902684
GCF_022690185.1.fna,GCF_047653515.1.fna,0.02184987,0.9781501
GCF_031728335.1.fna,GCF_047653515.1.fna,0.009937644,0.99006236
GCF_031728095.1.fna,GCF_047653515.1.fna,0.021709323,0.9782907
GCF_022690385.1.fna,GCF_047653515.1.fna,0.009006858,0.99099314
GCF_022690425.1.fna,GCF_047653515.1.fna,0.009285569,0.99071443
GCF_022690375.1.fna,GCF_047653515.1.fna,0.022062302,0.9779377
GCF_022689675.1.fna,GCF_047653515.1.fna,0.008654237,0.99134576
GCF_022690245.1.fna,GCF_047653515.1.fna,0.007632971,0.992367
GCF_037700295.1.fna,GCF_047653515.1.fna,0.008193672,0.9918063
GCF_015274535.1.fna,GCF_047653515.1.fna,0.0089674,0.9910326
GCF_022689845.1.fna,GCF_047653515.1.fna,0.008615434,0.99138457
GCF_022689745.1.fna,GCF_047653515.1.fna,0.008576691,0.9914233
GCF_022689925.1.fna,GCF_047653515.1.fna,0.027600586,0.9723994
GCF_015274655.1.fna,GCF_047653515.1.fna,0.0089674,0.9910326
GCF_022690325.1.fna,GCF_047653515.1.fna,0.020345926,0.9796541
GCF_022689785.1.fna,GCF_047653515.1.fna,0.020950079,0.9790499
GCF_031728155.1.fna,GCF_047653515.1.fna,0.0067687035,0.9932313
GCF_037700455.1.fna,GCF_047653515.1.fna,0.02227658,0.9777234
GCF_022689905.1.fna,GCF_047653515.1.fna,0.008117974,0.991882
GCF_022690105.1.fna,GCF_047653515.1.fna,0.0094870925,0.9905129
GCF_022689975.1.fna,GCF_047653515.1.fna,0.007522762,0.99247724
GCF_022689705.1.fna,GCF_047653515.1.fna,0.023152411,0.9768476
GCF_031728835.1.fna,GCF_047653515.1.fna,0.008460999,0.991539
GCF_031728115.1.fna,GCF_047653515.1.fna,0.010020673,0.9899793
GCF_022689775.1.fna,GCF_047653515.1.fna,0.022420406,0.9775796
GCF_031728455.1.fna,GCF_047653515.1.fna,0.020679712,0.9793203
GCF_025143615.1.fna,GCF_047653515.1.fna,0.021499872,0.9785001
GCF_052950835.1.fna,GCF_047653515.1.fna,0.02115482,0.9788452
GCF_040947125.1.fna,GCF_047653515.1.fna,0.022204995,0.977795
GCF_017315645.1.fna,GCF_047653515.1.fna,0.007967472,0.9920325
GCF_040947645.1.fna,GCF_047653515.1.fna,0.010526121,0.9894739
GCF_022690345.1.fna,GCF_047653515.1.fna,0.0067335367,0.99326646
GCF_022689645.1.fna,GCF_047653515.1.fna,0.022783816,0.9772162
GCF_022690295.1.fna,GCF_047653515.1.fna,0.010356188,0.9896438
GCF_031728715.1.fna,GCF_047653515.1.fna,0.021018088,0.9789819
GCF_031728295.1.fna,GCF_047653515.1.fna,0.007522762,0.99247724
GCF_040947065.1.fna,GCF_047653515.1.fna,0.020612597,0.9793874
GCF_037695175.1.fna,GCF_047653515.1.fna,0.022204995,0.977795
GCF_031728475.1.fna,GCF_047653515.1.fna,0.009245515,0.9907545
GCF_022690045.1.fna,GCF_031728275.1.fna,0.0075594783,0.9924405
GCF_017315625.1.fna,GCF_031728275.1.fna,0.020345926,0.9796541
GCF_900458635.1.fna,GCF_031728275.1.fna,0.008193672,0.9918063
GCF_022689565.1.fna,GCF_031728275.1.fna,0.020612597,0.9793874
GCF_029926905.1.fna,GCF_031728275.1.fna,0.023301423,0.9766986
GCF_040947025.1.fna,GCF_031728275.1.fna,0.02156949,0.9784305
GCF_022690065.1.fna,GCF_031728275.1.fna,0.022637784,0.9773622
GCF_022689765.1.fna,GCF_031728275.1.fna,0.022348404,0.9776516
GCF_022690265.1.fna,GCF_031728275.1.fna,0.021920502,0.9780795
GCF_022689615.1.fna,GCF_031728275.1.fna,0.02088219,0.9791178
GCF_031728745.1.fna,GCF_031728275.1.fna,0.020412326,0.9795877
GCF_022690275.1.fna,GCF_031728275.1.fna,0.023376226,0.9766238
GCF_047653515.1.fna,GCF_031728275.1.fna,0.022204995,0.977795
GCF_031728275.1.fna,GCF_031728275.1.fna,0.0,1.0
GCF_022690115.1.fna,GCF_031728275.1.fna,0.024920821,0.9750792
GCF_031728735.1.fna,GCF_031728275.1.fna,0.021991313,0.9780087
GCF_036419895.1.fna,GCF_031728275.1.fna,0.0075961947,0.9924038
GCF_000269685.1.fna,GCF_031728275.1.fna,0.022930622,0.9770694
GCF_031728515.1.fna,GCF_031728275.1.fna,0.024059713,0.9759403
GCF_037700155.1.fna,GCF_031728275.1.fna,0.021223426,0.9787766
GCF_022690225.1.fna,GCF_031728275.1.fna,0.011088192,0.9889118
GCF_022689945.1.fna,GCF_031728275.1.fna,0.023829877,0.9761701
GCF_015274585.1.fna,GCF_031728275.1.fna,0.02156949,0.9784305
GCF_031728415.1.fna,GCF_031728275.1.fna,0.009406269,0.99059373
GCF_031729015.1.fna,GCF_031728275.1.fna,0.008693099,0.9913069
GCF_037700315.1.fna,GCF_031728275.1.fna,0.009325743,0.99067426
GCF_031728795.1.fna,GCF_031728275.1.fna,0.009365916,0.9906341
GCF_031728555.1.fna,GCF_031728275.1.fna,0.022637784,0.9773622
GCF_029926865.1.fna,GCF_031728275.1.fna,0.023301423,0.9766986
GCF_040947225.1.fna,GCF_031728275.1.fna,0.008422613,0.9915774
GCF_031728695.1.fna,GCF_031728275.1.fna,0.0077809095,0.9922191
GCF_022689665.1.fna,GCF_031728275.1.fna,0.0089674,0.9910326
GCF_029926915.1.fna,GCF_031728275.1.fna,0.02227658,0.9777234
GCF_031728315.1.fna,GCF_031728275.1.fna,0.021086395,0.9789136
GCF_031727255.1.fna,GCF_031728275.1.fna,0.023753703,0.9762463
GCF_022690205.1.fna,GCF_031728275.1.fna,0.009006858,0.99099314
GCF_031727455.1.fna,GCF_031728275.1.fna,0.023753703,0.9762463
GCF_022690025.1.fna,GCF_031728275.1.fna,0.009245515,0.9907545
GCF_031727075.1.fna,GCF_031728275.1.fna,0.020814478,0.9791855
GCF_022690145.1.fna,GCF_031728275.1.fna,0.022492707,0.9775073
GCF_002901845.1.fna,GCF_031728275.1.fna,0.008193672,0.9918063
GCF_022689825.1.fna,GCF_031728275.1.fna,0.022348404,0.9776516
GCF_031728675.1.fna,GCF_031728275.1.fna,0.0071240664,0.99287593
GCF_047653525.1.fna,GCF_031728275.1.fna,0.022492707,0.9775073
GCF_022690085.1.fna,GCF_031728275.1.fna,0.023301423,0.9766986
GCF_037700135.1.fna,GCF_031728275.1.fna,0.022565126,0.9774349
GCF_025143205.1.fna,GCF_031728275.1.fna,0.021920502,0.9780795
GCF_031728895.1.fna,GCF_031728275.1.fna,0.008345962,0.99165404
GCF_040947605.1.fna,GCF_031728275.1.fna,0.020747006,0.979253
GCF_031727355.1.fna,GCF_031728275.1.fna,0.020612597,0.9793874
GCF_015274675.1.fna,GCF_031728275.1.fna,0.023301423,0.9766986
GCF_036420075.1.fna,GCF_031728275.1.fna,0.023753703,0.9762463
GCF_013267575.1.fna,GCF_031728275.1.fna,0.007304251,0.99269575
GCF_031727055.1.fna,GCF_031728275.1.fna,0.011000693,0.9889993
GCF_037700375.1.fna,GCF_031728275.1.fna,0.009006858,0.99099314
GCF_022690005.1.fna,GCF_031728275.1.fna,0.0075961947,0.9924038
GCF_031631055.1.fna,GCF_031728275.1.fna,0.012729287,0.9872707
GCF_031728495.1.fna,GCF_031728275.1.fna,0.008693099,0.9913069
GCF_964211265.1.fna,GCF_031728275.1.fna,0.009406269,0.99059373
GCF_031727535.1.fna,GCF_031728275.1.fna,0.008576691,0.9914233
GCF_025143445.1.fna,GCF_031728275.1.fna,0.007929981,0.99207
GCF_022689855.1.fna,GCF_031728275.1.fna,0.009446621,0.9905534
GCF_022689725.1.fna,GCF_031728275.1.fna,0.0089674,0.9910326
GCF_031727275.1.fna,GCF_031728275.1.fna,0.008927941,0.99107206
GCF_031728235.1.fna,GCF_031728275.1.fna,0.024369478,0.9756305
GCF_040947205.1.fna,GCF_031728275.1.fna,0.021292329,0.9787077
GCF_031727235.1.fna,GCF_031728275.1.fna,0.009406269,0.99059373
GCF_022690165.1.fna,GCF_031728275.1.fna,0.022637784,0.9773622
GCF_031728075.1.fna,GCF_031728275.1.fna,0.02227658,0.9777234
GCF_022689965.1.fna,GCF_031728275.1.fna,0.020950079,0.9790499
GCF_022689575.1.fna,GCF_031728275.1.fna,0.009006858,0.99099314
GCF_037694985.1.fna,GCF_031728275.1.fna,0.023226798,0.9767732
GCF_022690185.1.fna,GCF_031728275.1.fna,0.007632971,0.992367
GCF_031728335.1.fna,GCF_031728275.1.fna,0.023152411,0.9768476
GCF_031728095.1.fna,GCF_031728275.1.fna,0.00823164,0.99176836
GCF_022690385.1.fna,GCF_031728275.1.fna,0.022420406,0.9775796
GCF_022690425.1.fna,GCF_031728275.1.fna,0.022204995,0.977795
GCF_022690375.1.fna,GCF_031728275.1.fna,0.009527624,0.9904724
GCF_022689675.1.fna,GCF_031728275.1.fna,0.020747006,0.979253
GCF_022690245.1.fna,GCF_031728275.1.fna,0.02227658,0.9777234
GCF_037700295.1.fna,GCF_031728275.1.fna,0.021292329,0.9787077
GCF_015274535.1.fna,GCF_031728275.1.fna,0.02156949,0.9784305
GCF_022689845.1.fna,GCF_031728275.1.fna,0.02227658,0.9777234
GCF_022689745.1.fna,GCF_031728275.1.fna,0.020814478,0.9791855
GCF_022689925.1.fna,GCF_031728275.1.fna,0.024841309,0.9751587
GCF_015274655.1.fna,GCF_031728275.1.fna,0.02156949,0.9784305
GCF_022690325.1.fna,GCF_031728275.1.fna,0.009006858,0.99099314
GCF_022689785.1.fna,GCF_031728275.1.fna,0.006663382,0.9933366
GCF_031728155.1.fna,GCF_031728275.1.fna,0.021018088,0.9789819
GCF_037700455.1.fna,GCF_031728275.1.fna,0.009125829,0.9908742
GCF_022689905.1.fna,GCF_031728275.1.fna,0.02115482,0.9788452
GCF_022690105.1.fna,GCF_031728275.1.fna,0.022492707,0.9775073
GCF_022689975.1.fna,GCF_031728275.1.fna,0.02227658,0.9777234
GCF_022689705.1.fna,GCF_031728275.1.fna,0.009406269,0.99059373
GCF_031728835.1.fna,GCF_031728275.1.fna,0.022420406,0.9775796
GCF_031728115.1.fna,GCF_031728275.1.fna,0.021018088,0.9789819
GCF_022689775.1.fna,GCF_031728275.1.fna,0.008004963,0.99199504
GCF_031728455.1.fna,GCF_031728275.1.fna,0.008269668,0.99173033
GCF_025143615.1.fna,GCF_031728275.1.fna,0.008538067,0.99146193
GCF_052950835.1.fna,GCF_031728275.1.fna,0.012353301,0.9876467
GCF_040947125.1.fna,GCF_031728275.1.fna,0.009046435,0.99095356
GCF_017315645.1.fna,GCF_031728275.1.fna,0.02184987,0.9781501
GCF_040947645.1.fna,GCF_031728275.1.fna,0.020747006,0.979253
GCF_022690345.1.fna,GCF_031728275.1.fna,0.02088219,0.9791178
GCF_022689645.1.fna,GCF_031728275.1.fna,0.008771062,0.99122894
GCF_022690295.1.fna,GCF_031728275.1.fna,0.023677707,0.9763223
GCF_031728715.1.fna,GCF_031728275.1.fna,0.007818103,0.9921819
GCF_031728295.1.fna,GCF_031728275.1.fna,0.021991313,0.9780087
GCF_040947065.1.fna,GCF_031728275.1.fna,0.011176109,0.9888239
GCF_037695175.1.fna,GCF_031728275.1.fna,0.009446621,0.9905534
GCF_031728475.1.fna,GCF_031728275.1.fna,0.022492707,0.9775073
GCF_022690045.1.fna,GCF_022690115.1.fna,0.023753703,0.9762463
GCF_017315625.1.fna,GCF_022690115.1.fna,0.014975905,0.9850241
GCF_900458635.1.fna,GCF_022690115.1.fna,0.023301423,0.9766986
GCF_022689565.1.fna,GCF_022690115.1.fna,0.012967706,0.9870323
GCF_029926905.1.fna,GCF_022690115.1.fna,0.014871001,0.985129
GCF_040947025.1.fna,GCF_022690115.1.fna,0.015888214,0.9841118
GCF_022690065.1.fna,GCF_022690115.1.fna,0.0133059025,0.9866941
GCF_022689765.1.fna,GCF_022690115.1.fna,0.014404893,0.9855951
GCF_022690265.1.fna,GCF_022690115.1.fna,0.013257325,0.9867427
GCF_022689615.1.fna,GCF_022690115.1.fna,0.0143536925,0.9856463
GCF_031728745.1.fna,GCF_022690115.1.fna,0.014714479,0.9852855
GCF_022690275.1.fna,GCF_022690115.1.fna,0.014302671,0.9856973
GCF_047653515.1.fna,GCF_022690115.1.fna,0.015028477,0.9849715
GCF_031728275.1.fna,GCF_022690115.1.fna,0.024920821,0.9750792
GCF_022690115.1.fna,GCF_022690115.1.fna,0.0,1.0
GCF_031728735.1.fna,GCF_022690115.1.fna,0.015507996,0.984492
GCF_036419895.1.fna,GCF_022690115.1.fna,0.024683118,0.9753169
GCF_000269685.1.fna,GCF_022690115.1.fna,0.01572448,0.9842755
GCF_031728515.1.fna,GCF_022690115.1.fna,0.015561879,0.9844381
GCF_037700155.1.fna,GCF_022690115.1.fna,0.014610827,0.9853892
GCF_022690225.1.fna,GCF_022690115.1.fna,0.023602009,0.976398
GCF_022689945.1.fna,GCF_022690115.1.fna,0.014818728,0.9851813
GCF_015274585.1.fna,GCF_022690115.1.fna,0.0144562125,0.9855438
GCF_031728415.1.fna,GCF_022690115.1.fna,0.025484025,0.974516
GCF_031729015.1.fna,GCF_022690115.1.fna,0.024920821,0.9750792
GCF_037700315.1.fna,GCF_022690115.1.fna,0.026059687,0.9739403
GCF_031728795.1.fna,GCF_022690115.1.fna,0.0244475,0.9755525
GCF_031728555.1.fna,GCF_022690115.1.fna,0.0133059025,0.9866941
GCF_029926865.1.fna,GCF_022690115.1.fna,0.014871001,0.985129
GCF_040947225.1.fna,GCF_022690115.1.fna,0.023004293,0.9769957
GCF_031728695.1.fna,GCF_022690115.1.fna,0.025241077,0.9747589
GCF_022689665.1.fna,GCF_022690115.1.fna,0.024683118,0.9753169
GCF_029926915.1.fna,GCF_022690115.1.fna,0.014150202,0.9858498
GCF_031728315.1.fna,GCF_022690115.1.fna,0.0139988065,0.9860012
GCF_031727255.1.fna,GCF_022690115.1.fna,0.015187204,0.9848128
GCF_022690205.1.fna,GCF_022690115.1.fna,0.026310384,0.9736896
GCF_031727455.1.fna,GCF_022690115.1.fna,0.02904892,0.9709511
GCF_022690025.1.fna,GCF_022690115.1.fna,0.0244475,0.9755525
GCF_031727075.1.fna,GCF_022690115.1.fna,0.014404893,0.9855951
GCF_022690145.1.fna,GCF_022690115.1.fna,0.013354719,0.9866453
GCF_002901845.1.fna,GCF_022690115.1.fna,0.023226798,0.9767732
GCF_022689825.1.fna,GCF_022690115.1.fna,0.014404893,0.9855951
GCF_031728675.1.fna,GCF_022690115.1.fna,0.0244475,0.9755525
GCF_047653525.1.fna,GCF_022690115.1.fna,0.015616,0.984384
GCF_022690085.1.fna,GCF_022690115.1.fna,0.028405726,0.9715943
GCF_037700135.1.fna,GCF_022690115.1.fna,0.014714479,0.9852855
GCF_025143205.1.fna,GCF_022690115.1.fna,0.013948619,0.9860514
GCF_031728895.1.fna,GCF_022690115.1.fna,0.02516067,0.9748393
GCF_040947605.1.fna,GCF_022690115.1.fna,0.015028477,0.9849715
GCF_031727355.1.fna,GCF_022690115.1.fna,0.0130156875,0.9869843
GCF_015274675.1.fna,GCF_022690115.1.fna,0.014714479,0.9852855
GCF_036420075.1.fna,GCF_022690115.1.fna,0.014818728,0.9851813
GCF_013267575.1.fna,GCF_022690115.1.fna,0.0244475,0.9755525
GCF_031727055.1.fna,GCF_022690115.1.fna,0.026143014,0.973857
GCF_037700375.1.fna,GCF_022690115.1.fna,0.024920821,0.9750792
GCF_022690005.1.fna,GCF_022690115.1.fna,0.023753703,0.9762463
GCF_031631055.1.fna,GCF_022690115.1.fna,0.023226798,0.9767732
GCF_031728495.1.fna,GCF_022690115.1.fna,0.02352649,0.9764735
GCF_964211265.1.fna,GCF_022690115.1.fna,0.023753703,0.9762463
GCF_031727535.1.fna,GCF_022690115.1.fna,0.025080502,0.9749195
GCF_025143445.1.fna,GCF_022690115.1.fna,0.025241077,0.9747589
GCF_022689855.1.fna,GCF_022690115.1.fna,0.024841309,0.9751587
GCF_022689725.1.fna,GCF_022690115.1.fna,0.024683118,0.9753169
GCF_031727275.1.fna,GCF_022690115.1.fna,0.024841309,0.9751587
GCF_031728235.1.fna,GCF_022690115.1.fna,0.015347004,0.984653
GCF_040947205.1.fna,GCF_022690115.1.fna,0.014200926,0.9857991
GCF_031727235.1.fna,GCF_022690115.1.fna,0.024762094,0.9752379
GCF_022690165.1.fna,GCF_022690115.1.fna,0.013354719,0.9866453
GCF_031728075.1.fna,GCF_022690115.1.fna,0.014662623,0.9853374
GCF_022689965.1.fna,GCF_022690115.1.fna,0.01360023,0.98639977
GCF_022689575.1.fna,GCF_022690115.1.fna,0.024683118,0.9753169
GCF_037694985.1.fna,GCF_022690115.1.fna,0.015507996,0.984492
GCF_022690185.1.fna,GCF_022690115.1.fna,0.025000513,0.9749995
GCF_031728335.1.fna,GCF_022690115.1.fna,0.015347004,0.984653
GCF_031728095.1.fna,GCF_022690115.1.fna,0.025000513,0.9749995
GCF_022690385.1.fna,GCF_022690115.1.fna,0.015134215,0.9848658
GCF_022690425.1.fna,GCF_022690115.1.fna,0.014610827,0.9853892
GCF_022690375.1.fna,GCF_022690115.1.fna,0.024525821,0.9754742
GCF_022689675.1.fna,GCF_022690115.1.fna,0.0144562125,0.9855438
GCF_022690245.1.fna,GCF_022690115.1.fna,0.0139988065,0.9860012
GCF_037700295.1.fna,GCF_022690115.1.fna,0.0144562125,0.9855438
GCF_015274535.1.fna,GCF_022690115.1.fna,0.0144562125,0.9855438
GCF_022689845.1.fna,GCF_022690115.1.fna,0.0144562125,0.9855438
GCF_022689745.1.fna,GCF_022690115.1.fna,0.014404893,0.9855951
GCF_022689925.1.fna,GCF_022690115.1.fna,0.029994905,0.9700051
GCF_015274655.1.fna,GCF_022690115.1.fna,0.0144562125,0.9855438
GCF_022690325.1.fna,GCF_022690115.1.fna,0.023982882,0.9760171
GCF_022689785.1.fna,GCF_022690115.1.fna,0.02460432,0.9753957
GCF_031728155.1.fna,GCF_022690115.1.fna,0.014975905,0.9850241
GCF_037700455.1.fna,GCF_022690115.1.fna,0.024841309,0.9751587
GCF_022689905.1.fna,GCF_022690115.1.fna,0.0139988065,0.9860012
GCF_022690105.1.fna,GCF_022690115.1.fna,0.015081286,0.9849187
GCF_022689975.1.fna,GCF_022690115.1.fna,0.0143536925,0.9856463
GCF_022689705.1.fna,GCF_022690115.1.fna,0.025402784,0.9745972
GCF_031728835.1.fna,GCF_022690115.1.fna,0.012967706,0.9870323
GCF_031728115.1.fna,GCF_022690115.1.fna,0.0154005885,0.9845994
GCF_022689775.1.fna,GCF_022690115.1.fna,0.025893986,0.974106
GCF_031728455.1.fna,GCF_022690115.1.fna,0.024059713,0.9759403
GCF_025143615.1.fna,GCF_022690115.1.fna,0.025647223,0.9743528
GCF_052950835.1.fna,GCF_022690115.1.fna,0.024059713,0.9759403
GCF_040947125.1.fna,GCF_022690115.1.fna,0.024841309,0.9751587
GCF_017315645.1.fna,GCF_022690115.1.fna,0.014714479,0.9852855
GCF_040947645.1.fna,GCF_022690115.1.fna,0.015028477,0.9849715
GCF_022690345.1.fna,GCF_022690115.1.fna,0.015028477,0.9849715
GCF_022689645.1.fna,GCF_022690115.1.fna,0.025241077,0.9747589
GCF_022690295.1.fna,GCF_022690115.1.fna,0.015134215,0.9848658
GCF_031728715.1.fna,GCF_022690115.1.fna,0.023982882,0.9760171
GCF_031728295.1.fna,GCF_022690115.1.fna,0.014049172,0.9859508
GCF_040947065.1.fna,GCF_022690115.1.fna,0.023753703,0.9762463
GCF_037695175.1.fna,GCF_022690115.1.fna,0.024369478,0.9756305
GCF_031728475.1.fna,GCF_022690115.1.fna,0.014818728,0.9851813
GCF_022690045.1.fna,GCF_031728735.1.fna,0.021086395,0.9789136
GCF_017315625.1.fna,GCF_031728735.1.fna,0.009979129,0.9900209
GCF_900458635.1.fna,GCF_031728735.1.fna,0.02115482,0.9788452
GCF_022689565.1.fna,GCF_031728735.1.fna,0.010187805,0.9898122
GCF_029926905.1.fna,GCF_031728735.1.fna,0.011620998,0.988379
GCF_040947025.1.fna,GCF_031728735.1.fna,0.009649754,0.99035025
GCF_022690065.1.fna,GCF_031728735.1.fna,0.008849382,0.9911506
GCF_022689765.1.fna,GCF_031728735.1.fna,0.0094870925,0.9905129
GCF_022690265.1.fna,GCF_031728735.1.fna,0.008888602,0.9911114
GCF_022689615.1.fna,GCF_031728735.1.fna,0.010187805,0.9898122
GCF_031728745.1.fna,GCF_031728735.1.fna,0.010441005,0.989559
GCF_022690275.1.fna,GCF_031728735.1.fna,0.009937644,0.99006236
GCF_047653515.1.fna,GCF_031728735.1.fna,0.008269668,0.99173033
GCF_031728275.1.fna,GCF_031728735.1.fna,0.021991313,0.9780087
GCF_022690115.1.fna,GCF_031728735.1.fna,0.015507996,0.984492
GCF_031728735.1.fna,GCF_031728735.1.fna,0.0,1.0
GCF_036419895.1.fna,GCF_031728735.1.fna,0.021430492,0.9785695
GCF_000269685.1.fna,GCF_031728735.1.fna,0.009086072,0.9909139
GCF_031728515.1.fna,GCF_031728735.1.fna,0.01171118,0.9882888
GCF_037700155.1.fna,GCF_031728735.1.fna,0.009568274,0.9904317
GCF_022690225.1.fna,GCF_031728735.1.fna,0.021991313,0.9780087
GCF_022689945.1.fna,GCF_031728735.1.fna,0.010145903,0.9898541
GCF_015274585.1.fna,GCF_031728735.1.fna,0.009937644,0.99006236
GCF_031728415.1.fna,GCF_031728735.1.fna,0.02285707,0.97714293
GCF_031729015.1.fna,GCF_031728735.1.fna,0.021430492,0.9785695
GCF_037700315.1.fna,GCF_031728735.1.fna,0.023078203,0.9769218
GCF_031728795.1.fna,GCF_031728735.1.fna,0.019756496,0.9802435
GCF_031728555.1.fna,GCF_031728735.1.fna,0.008810163,0.99118984
GCF_029926865.1.fna,GCF_031728735.1.fna,0.011620998,0.988379
GCF_040947225.1.fna,GCF_031728735.1.fna,0.020747006,0.979253
GCF_031728695.1.fna,GCF_031728735.1.fna,0.02227658,0.9777234
GCF_022689665.1.fna,GCF_031728735.1.fna,0.022420406,0.9775796
GCF_029926915.1.fna,GCF_031728735.1.fna,0.010783613,0.9892164
GCF_031728315.1.fna,GCF_031728735.1.fna,0.009285569,0.99071443
GCF_031727255.1.fna,GCF_031728735.1.fna,0.010957122,0.9890429
GCF_022690205.1.fna,GCF_031728735.1.fna,0.022204995,0.977795
GCF_031727455.1.fna,GCF_031728735.1.fna,0.028405726,0.9715943
GCF_022690025.1.fna,GCF_031728735.1.fna,0.022420406,0.9775796
GCF_031727075.1.fna,GCF_031728735.1.fna,0.010271788,0.9897282
GCF_022690145.1.fna,GCF_031728735.1.fna,0.0089674,0.9910326
GCF_002901845.1.fna,GCF_031728735.1.fna,0.02115482,0.9788452
GCF_022689825.1.fna,GCF_031728735.1.fna,0.0094870925,0.9905129
GCF_031728675.1.fna,GCF_031728735.1.fna,0.022348404,0.9776516
GCF_047653525.1.fna,GCF_031728735.1.fna,0.010313988,0.989686
GCF_022690085.1.fna,GCF_031728735.1.fna,0.027777493,0.9722225
GCF_037700135.1.fna,GCF_031728735.1.fna,0.010783613,0.9892164
GCF_025143205.1.fna,GCF_031728735.1.fna,0.009608984,0.990391
GCF_031728895.1.fna,GCF_031728735.1.fna,0.02115482,0.9788452
GCF_040947605.1.fna,GCF_031728735.1.fna,0.01130861,0.9886914
GCF_031727355.1.fna,GCF_031728735.1.fna,0.010271788,0.9897282
GCF_015274675.1.fna,GCF_031728735.1.fna,0.008615434,0.99138457
GCF_036420075.1.fna,GCF_031728735.1.fna,0.010062277,0.9899377
GCF_013267575.1.fna,GCF_031728735.1.fna,0.022204995,0.977795
GCF_031727055.1.fna,GCF_031728735.1.fna,0.023226798,0.9767732
GCF_037700375.1.fna,GCF_031728735.1.fna,0.022204995,0.977795
GCF_022690005.1.fna,GCF_031728735.1.fna,0.02115482,0.9788452
GCF_031631055.1.fna,GCF_031728735.1.fna,0.020814478,0.9791855
GCF_031728495.1.fna,GCF_031728735.1.fna,0.020950079,0.9790499
GCF_964211265.1.fna,GCF_031728735.1.fna,0.021991313,0.9780087
GCF_031727535.1.fna,GCF_031728735.1.fna,0.023004293,0.9769957
GCF_025143445.1.fna,GCF_031728735.1.fna,0.021991313,0.9780087
GCF_022689855.1.fna,GCF_031728735.1.fna,0.022348404,0.9776516
GCF_022689725.1.fna,GCF_031728735.1.fna,0.022420406,0.9775796
GCF_031727275.1.fna,GCF_031728735.1.fna,0.021639287,0.9783607
GCF_031728235.1.fna,GCF_031728735.1.fna,0.011176109,0.9888239
GCF_040947205.1.fna,GCF_031728735.1.fna,0.009165645,0.99083436
GCF_031727235.1.fna,GCF_031728735.1.fna,0.02227658,0.9777234
GCF_022690165.1.fna,GCF_031728735.1.fna,0.008849382,0.9911506
GCF_031728075.1.fna,GCF_031728735.1.fna,0.009854972,0.990145
GCF_022689965.1.fna,GCF_031728735.1.fna,0.010062277,0.9899377
GCF_022689575.1.fna,GCF_031728735.1.fna,0.022420406,0.9775796
GCF_037694985.1.fna,GCF_031728735.1.fna,0.011000693,0.9889993
GCF_022690185.1.fna,GCF_031728735.1.fna,0.021499872,0.9785001
GCF_031728335.1.fna,GCF_031728735.1.fna,0.010826886,0.9891731
GCF_031728095.1.fna,GCF_031728735.1.fna,0.021991313,0.9780087
GCF_022690385.1.fna,GCF_031728735.1.fna,0.010783613,0.9892164
GCF_022690425.1.fna,GCF_031728735.1.fna,0.009772658,0.99022734
GCF_022690375.1.fna,GCF_031728735.1.fna,0.021709323,0.9782907
GCF_022689675.1.fna,GCF_031728735.1.fna,0.010356188,0.9896438
GCF_022690245.1.fna,GCF_031728735.1.fna,0.008499503,0.9915005
GCF_037700295.1.fna,GCF_031728735.1.fna,0.009446621,0.9905534
GCF_015274535.1.fna,GCF_031728735.1.fna,0.009937644,0.99006236
GCF_022689845.1.fna,GCF_031728735.1.fna,0.010062277,0.9899377
GCF_022689745.1.fna,GCF_031728735.1.fna,0.010271788,0.9897282
GCF_022689925.1.fna,GCF_031728735.1.fna,0.027337492,0.9726625
GCF_015274655.1.fna,GCF_031728735.1.fna,0.009937644,0.99006236
GCF_022690325.1.fna,GCF_031728735.1.fna,0.020814478,0.9791855
GCF_022689785.1.fna,GCF_031728735.1.fna,0.021223426,0.9787766
GCF_031728155.1.fna,GCF_031728735.1.fna,0.009046435,0.99095356
GCF_037700455.1.fna,GCF_031728735.1.fna,0.022062302,0.9779377
GCF_022689905.1.fna,GCF_031728735.1.fna,0.009406269,0.99059373
GCF_022690105.1.fna,GCF_031728735.1.fna,0.010740519,0.9892595
GCF_022689975.1.fna,GCF_031728735.1.fna,0.009527624,0.9904724
GCF_022689705.1.fna,GCF_031728735.1.fna,0.023226798,0.9767732
GCF_031728835.1.fna,GCF_031728735.1.fna,0.009406269,0.99059373
GCF_031728115.1.fna,GCF_031728735.1.fna,0.010654509,0.9893455
GCF_022689775.1.fna,GCF_031728735.1.fna,0.02213347,0.97786653
GCF_031728455.1.fna,GCF_031728735.1.fna,0.020814478,0.9791855
GCF_025143615.1.fna,GCF_031728735.1.fna,0.021709323,0.9782907
GCF_052950835.1.fna,GCF_031728735.1.fna,0.022062302,0.9779377
GCF_040947125.1.fna,GCF_031728735.1.fna,0.022783816,0.9772162
GCF_017315645.1.fna,GCF_031728735.1.fna,0.008384287,0.9916157
GCF_040947645.1.fna,GCF_031728735.1.fna,0.011352897,0.9886471
GCF_022690345.1.fna,GCF_031728735.1.fna,0.009046435,0.99095356
GCF_022689645.1.fna,GCF_031728735.1.fna,0.022783816,0.9772162
GCF_022690295.1.fna,GCF_031728735.1.fna,0.01091361,0.9890864
GCF_031728715.1.fna,GCF_031728735.1.fna,0.020679712,0.9793203
GCF_031728295.1.fna,GCF_031728735.1.fna,0.008771062,0.99122894
GCF_040947065.1.fna,GCF_031728735.1.fna,0.021086395,0.9789136
GCF_037695175.1.fna,GCF_031728735.1.fna,0.022204995,0.977795
GCF_031728475.1.fna,GCF_031728735.1.fna,0.00920558,0.9907944
GCF_022690045.1.fna,GCF_036419895.1.fna,0.004548967,0.99545103
GCF_017315625.1.fna,GCF_036419895.1.fna,0.019563198,0.9804368
GCF_900458635.1.fna,GCF_036419895.1.fna,0.007892609,0.9921074
GCF_022689565.1.fna,GCF_036419895.1.fna,0.020679712,0.9793203
GCF_029926905.1.fna,GCF_036419895.1.fna,0.022492707,0.9775073
GCF_040947025.1.fna,GCF_036419895.1.fna,0.021709323,0.9782907
GCF_022690065.1.fna,GCF_036419895.1.fna,0.022204995,0.977795
GCF_022689765.1.fna,GCF_036419895.1.fna,0.02184987,0.9781501
GCF_022690265.1.fna,GCF_036419895.1.fna,0.021991313,0.9780087
GCF_022689615.1.fna,GCF_036419895.1.fna,0.021018088,0.9789819
GCF_031728745.1.fna,GCF_036419895.1.fna,0.02088219,0.9791178
GCF_022690275.1.fna,GCF_036419895.1.fna,0.023451328,0.9765487
GCF_047653515.1.fna,GCF_036419895.1.fna,0.02156949,0.9784305
GCF_031728275.1.fna,GCF_036419895.1.fna,0.0075961947,0.9924038
GCF_022690115.1.fna,GCF_036419895.1.fna,0.024683118,0.9753169
GCF_031728735.1.fna,GCF_036419895.1.fna,0.021430492,0.9785695
GCF_036419895.1.fna,GCF_036419895.1.fna,0.0,1.0
GCF_000269685.1.fna,GCF_036419895.1.fna,0.023376226,0.9766238
GCF_031728515.1.fna,GCF_036419895.1.fna,0.024291694,0.9757083
GCF_037700155.1.fna,GCF_036419895.1.fna,0.020747006,0.979253
GCF_022690225.1.fna,GCF_036419895.1.fna,0.012260377,0.9877396
GCF_022689945.1.fna,GCF_036419895.1.fna,0.023602009,0.976398
GCF_015274585.1.fna,GCF_036419895.1.fna,0.021499872,0.9785001
GCF_031728415.1.fna,GCF_036419895.1.fna,0.008771062,0.99122894
GCF_031729015.1.fna,GCF_036419895.1.fna,0.0021891594,0.99781084
GCF_037700315.1.fna,GCF_036419895.1.fna,0.0061455965,0.9938544
GCF_031728795.1.fna,GCF_036419895.1.fna,0.009086072,0.9909139
GCF_031728555.1.fna,GCF_036419895.1.fna,0.02227658,0.9777234
GCF_029926865.1.fna,GCF_036419895.1.fna,0.022492707,0.9775073
GCF_040947225.1.fna,GCF_036419895.1.fna,0.0075594783,0.9924405
GCF_031728695.1.fna,GCF_036419895.1.fna,0.0059087873,0.9940912
GCF_022689665.1.fna,GCF_036419895.1.fna,0.008460999,0.991539
GCF_029926915.1.fna,GCF_036419895.1.fna,0.021292329,0.9787077
GCF_031728315.1.fna,GCF_036419895.1.fna,0.020814478,0.9791855
GCF_031727255.1.fna,GCF_036419895.1.fna,0.023376226,0.9766238
GCF_022690205.1.fna,GCF_036419895.1.fna,0.00285542,0.9971446
GCF_031727455.1.fna,GCF_036419895.1.fna,0.02285707,0.97714293
GCF_022690025.1.fna,GCF_036419895.1.fna,0.008576691,0.9914233
GCF_031727075.1.fna,GCF_036419895.1.fna,0.020950079,0.9790499
GCF_022690145.1.fna,GCF_036419895.1.fna,0.022204995,0.977795
GCF_002901845.1.fna,GCF_036419895.1.fna,0.007818103,0.9921819
GCF_022689825.1.fna,GCF_036419895.1.fna,0.02184987,0.9781501
GCF_031728675.1.fna,GCF_036419895.1.fna,0.0067335367,0.99326646
GCF_047653525.1.fna,GCF_036419895.1.fna,0.021639287,0.9783607
GCF_022690085.1.fna,GCF_036419895.1.fna,0.02227658,0.9777234
GCF_037700135.1.fna,GCF_036419895.1.fna,0.022930622,0.9770694
GCF_025143205.1.fna,GCF_036419895.1.fna,0.021779478,0.9782205
GCF_031728895.1.fna,GCF_036419895.1.fna,0.008576691,0.9914233
GCF_040947605.1.fna,GCF_036419895.1.fna,0.021223426,0.9787766
GCF_031727355.1.fna,GCF_036419895.1.fna,0.020679712,0.9793203
GCF_015274675.1.fna,GCF_036419895.1.fna,0.022637784,0.9773622
GCF_036420075.1.fna,GCF_036419895.1.fna,0.02352649,0.9764735
GCF_013267575.1.fna,GCF_036419895.1.fna,0.00680393,0.99319607
GCF_031727055.1.fna,GCF_036419895.1.fna,0.011176109,0.9888239
GCF_037700375.1.fna,GCF_036419895.1.fna,0.008576691,0.9914233
GCF_022690005.1.fna,GCF_036419895.1.fna,0.0045801997,0.9954198
GCF_031631055.1.fna,GCF_036419895.1.fna,0.0130156875,0.9869843
GCF_031728495.1.fna,GCF_036419895.1.fna,0.0077809095,0.9922191
GCF_964211265.1.fna,GCF_036419895.1.fna,0.008615434,0.99138457
GCF_031727535.1.fna,GCF_036419895.1.fna,0.007929981,0.99207
GCF_025143445.1.fna,GCF_036419895.1.fna,0.007632971,0.992367
GCF_022689855.1.fna,GCF_036419895.1.fna,0.009325743,0.99067426
GCF_022689725.1.fna,GCF_036419895.1.fna,0.008460999,0.991539
GCF_031727275.1.fna,GCF_036419895.1.fna,0.008693099,0.9913069
GCF_031728235.1.fna,GCF_036419895.1.fna,0.0244475,0.9755525
GCF_040947205.1.fna,GCF_036419895.1.fna,0.02115482,0.9788452
GCF_031727235.1.fna,GCF_036419895.1.fna,0.009285569,0.99071443
GCF_022690165.1.fna,GCF_036419895.1.fna,0.022348404,0.9776516
GCF_031728075.1.fna,GCF_036419895.1.fna,0.022492707,0.9775073
GCF_022689965.1.fna,GCF_036419895.1.fna,0.020747006,0.979253
GCF_022689575.1.fna,GCF_036419895.1.fna,0.008499503,0.9915005
GCF_037694985.1.fna,GCF_036419895.1.fna,0.022710681,0.9772893
GCF_022690185.1.fna,GCF_036419895.1.fna,0.0011344552,0.99886554
GCF_031728335.1.fna,GCF_036419895.1.fna,0.022637784,0.9773622
GCF_031728095.1.fna,GCF_036419895.1.fna,0.006910026,0.99309
GCF_022690385.1.fna,GCF_036419895.1.fna,0.022420406,0.9775796
GCF_022690425.1.fna,GCF_036419895.1.fna,0.022420406,0.9775796
GCF_022690375.1.fna,GCF_036419895.1.fna,0.008771062,0.99122894
GCF_022689675.1.fna,GCF_036419895.1.fna,0.020950079,0.9790499
GCF_022690245.1.fna,GCF_036419895.1.fna,0.021430492,0.9785695
GCF_037700295.1.fna,GCF_036419895.1.fna,0.020747006,0.979253
GCF_015274535.1.fna,GCF_036419895.1.fna,0.021499872,0.9785001
GCF_022689845.1.fna,GCF_036419895.1.fna,0.022783816,0.9772162
GCF_022689745.1.fna,GCF_036419895.1.fna,0.020950079,0.9790499
GCF_022689925.1.fna,GCF_036419895.1.fna,0.023451328,0.9765487
GCF_015274655.1.fna,GCF_036419895.1.fna,0.021499872,0.9785001
GCF_022690325.1.fna,GCF_036419895.1.fna,0.007818103,0.9921819
GCF_022689785.1.fna,GCF_036419895.1.fna,0.004737079,0.9952629
GCF_031728155.1.fna,GCF_036419895.1.fna,0.021361291,0.9786387
GCF_037700455.1.fna,GCF_036419895.1.fna,0.008693099,0.9913069
GCF_022689905.1.fna,GCF_036419895.1.fna,0.020814478,0.9791855
GCF_022690105.1.fna,GCF_036419895.1.fna,0.02213347,0.97786653
GCF_022689975.1.fna,GCF_036419895.1.fna,0.02184987,0.9781501
GCF_022689705.1.fna,GCF_036419895.1.fna,0.008888602,0.9911114
GCF_031728835.1.fna,GCF_036419895.1.fna,0.022062302,0.9779377
GCF_031728115.1.fna,GCF_036419895.1.fna,0.021991313,0.9780087
GCF_022689775.1.fna,GCF_036419895.1.fna,0.0019727945,0.9980272
GCF_031728455.1.fna,GCF_036419895.1.fna,0.007818103,0.9921819
GCF_025143615.1.fna,GCF_036419895.1.fna,0.0027144551,0.99728554
GCF_052950835.1.fna,GCF_036419895.1.fna,0.013208687,0.9867913
GCF_040947125.1.fna,GCF_036419895.1.fna,0.008576691,0.9914233
GCF_017315645.1.fna,GCF_036419895.1.fna,0.020679712,0.9793203
GCF_040947645.1.fna,GCF_036419895.1.fna,0.021223426,0.9787766
GCF_022690345.1.fna,GCF_036419895.1.fna,0.021223426,0.9787766
GCF_022689645.1.fna,GCF_036419895.1.fna,0.008345962,0.99165404
GCF_022690295.1.fna,GCF_036419895.1.fna,0.023301423,0.9766986
GCF_031728715.1.fna,GCF_036419895.1.fna,0.0014699101,0.9985301
GCF_031728295.1.fna,GCF_036419895.1.fna,0.02115482,0.9788452
GCF_040947065.1.fna,GCF_036419895.1.fna,0.012214124,0.9877859
GCF_037695175.1.fna,GCF_036419895.1.fna,0.008654237,0.99134576
GCF_031728475.1.fna,GCF_036419895.1.fna,0.02156949,0.9784305
GCF_022690045.1.fna,GCF_000269685.1.fna,0.02227658,0.9777234
GCF_017315625.1.fna,GCF_000269685.1.fna,0.010526121,0.9894739
GCF_900458635.1.fna,GCF_000269685.1.fna,0.022710681,0.9772893
GCF_022689565.1.fna,GCF_000269685.1.fna,0.010145903,0.9898541
GCF_029926905.1.fna,GCF_000269685.1.fna,0.009527624,0.9904724
GCF_040947025.1.fna,GCF_000269685.1.fna,0.0065587163,0.9934413
GCF_022690065.1.fna,GCF_000269685.1.fna,0.009608984,0.990391
GCF_022689765.1.fna,GCF_000269685.1.fna,0.008042574,0.9919574
GCF_022690265.1.fna,GCF_000269685.1.fna,0.009406269,0.99059373
GCF_022689615.1.fna,GCF_000269685.1.fna,0.009406269,0.99059373
GCF_031728745.1.fna,GCF_000269685.1.fna,0.010441005,0.989559
GCF_022690275.1.fna,GCF_000269685.1.fna,0.009245515,0.9907545
GCF_047653515.1.fna,GCF_000269685.1.fna,0.0037859678,0.99621403
GCF_031728275.1.fna,GCF_000269685.1.fna,0.022930622,0.9770694
GCF_022690115.1.fna,GCF_000269685.1.fna,0.01572448,0.9842755
GCF_031728735.1.fna,GCF_000269685.1.fna,0.009086072,0.9909139
GCF_036419895.1.fna,GCF_000269685.1.fna,0.023376226,0.9766238
GCF_000269685.1.fna,GCF_000269685.1.fna,0.0,1.0
GCF_031728515.1.fna,GCF_000269685.1.fna,0.011892676,0.9881073
GCF_037700155.1.fna,GCF_000269685.1.fna,0.008927941,0.99107206
GCF_022690225.1.fna,GCF_000269685.1.fna,0.02352649,0.9764735
GCF_022689945.1.fna,GCF_000269685.1.fna,0.0094870925,0.9905129
GCF_015274585.1.fna,GCF_000269685.1.fna,0.009527624,0.9904724
GCF_031728415.1.fna,GCF_000269685.1.fna,0.023376226,0.9766238
GCF_031729015.1.fna,GCF_000269685.1.fna,0.023226798,0.9767732
GCF_037700315.1.fna,GCF_000269685.1.fna,0.023451328,0.9765487
GCF_031728795.1.fna,GCF_000269685.1.fna,0.021639287,0.9783607
GCF_031728555.1.fna,GCF_000269685.1.fna,0.009568274,0.9904317
GCF_029926865.1.fna,GCF_000269685.1.fna,0.009527624,0.9904724
GCF_040947225.1.fna,GCF_000269685.1.fna,0.021223426,0.9787766
GCF_031728695.1.fna,GCF_000269685.1.fna,0.022565126,0.9774349
GCF_022689665.1.fna,GCF_000269685.1.fna,0.023301423,0.9766986
GCF_029926915.1.fna,GCF_000269685.1.fna,0.008771062,0.99122894
GCF_031728315.1.fna,GCF_000269685.1.fna,0.008732021,0.991268
GCF_031727255.1.fna,GCF_000269685.1.fna,0.010654509,0.9893455
GCF_022690205.1.fna,GCF_000269685.1.fna,0.023078203,0.9769218
GCF_031727455.1.fna,GCF_000269685.1.fna,0.02904892,0.9709511
GCF_022690025.1.fna,GCF_000269685.1.fna,0.023451328,0.9765487
GCF_031727075.1.fna,GCF_000269685.1.fna,0.009446621,0.9905534
GCF_022690145.1.fna,GCF_000269685.1.fna,0.0094870925,0.9905129
GCF_002901845.1.fna,GCF_000269685.1.fna,0.022565126,0.9774349
GCF_022689825.1.fna,GCF_000269685.1.fna,0.008042574,0.9919574
GCF_031728675.1.fna,GCF_000269685.1.fna,0.023078203,0.9769218
GCF_047653525.1.fna,GCF_000269685.1.fna,0.010020673,0.9899793
GCF_022690085.1.fna,GCF_000269685.1.fna,0.0287714,0.9712286
GCF_037700135.1.fna,GCF_000269685.1.fna,0.009325743,0.99067426
GCF_025143205.1.fna,GCF_000269685.1.fna,0.010145903,0.9898541
GCF_031728895.1.fna,GCF_000269685.1.fna,0.022637784,0.9773622
GCF_040947605.1.fna,GCF_000269685.1.fna,0.01091361,0.9890864
GCF_031727355.1.fna,GCF_000269685.1.fna,0.010187805,0.9898122
GCF_015274675.1.fna,GCF_000269685.1.fna,0.0031696558,0.99683034
GCF_036420075.1.fna,GCF_000269685.1.fna,0.009365916,0.9906341
GCF_013267575.1.fna,GCF_000269685.1.fna,0.02285707,0.97714293
GCF_031727055.1.fna,GCF_000269685.1.fna,0.025321782,0.9746782
GCF_037700375.1.fna,GCF_000269685.1.fna,0.023376226,0.9766238
GCF_022690005.1.fna,GCF_000269685.1.fna,0.022348404,0.9776516
GCF_031631055.1.fna,GCF_000269685.1.fna,0.021639287,0.9783607
GCF_031728495.1.fna,GCF_000269685.1.fna,0.022204995,0.977795
GCF_964211265.1.fna,GCF_000269685.1.fna,0.023677707,0.9763223
GCF_031727535.1.fna,GCF_000269685.1.fna,0.0244475,0.9755525
GCF_025143445.1.fna,GCF_000269685.1.fna,0.022420406,0.9775796
GCF_022689855.1.fna,GCF_000269685.1.fna,0.022637784,0.9773622
GCF_022689725.1.fna,GCF_000269685.1.fna,0.023301423,0.9766986
GCF_031727275.1.fna,GCF_000269685.1.fna,0.02227658,0.9777234
GCF_031728235.1.fna,GCF_000269685.1.fna,0.010826886,0.9891731
GCF_040947205.1.fna,GCF_000269685.1.fna,0.009245515,0.9907545
GCF_031727235.1.fna,GCF_000269685.1.fna,0.022565126,0.9774349
GCF_022690165.1.fna,GCF_000269685.1.fna,0.009568274,0.9904317
GCF_031728075.1.fna,GCF_000269685.1.fna,0.009690642,0.99030936
GCF_022689965.1.fna,GCF_000269685.1.fna,0.009896278,0.9901037
GCF_022689575.1.fna,GCF_000269685.1.fna,0.023301423,0.9766986
GCF_037694985.1.fna,GCF_000269685.1.fna,0.009813786,0.9901862
GCF_022690185.1.fna,GCF_000269685.1.fna,0.023301423,0.9766986
GCF_031728335.1.fna,GCF_000269685.1.fna,0.010229826,0.9897702
GCF_031728095.1.fna,GCF_000269685.1.fna,0.024059713,0.9759403
GCF_022690385.1.fna,GCF_000269685.1.fna,0.009406269,0.99059373
GCF_022690425.1.fna,GCF_000269685.1.fna,0.009649754,0.99035025
GCF_022690375.1.fna,GCF_000269685.1.fna,0.022783816,0.9772162
GCF_022689675.1.fna,GCF_000269685.1.fna,0.009527624,0.9904724
GCF_022690245.1.fna,GCF_000269685.1.fna,0.009245515,0.9907545
GCF_037700295.1.fna,GCF_000269685.1.fna,0.009086072,0.9909139
GCF_015274535.1.fna,GCF_000269685.1.fna,0.009527624,0.9904724
GCF_022689845.1.fna,GCF_000269685.1.fna,0.008693099,0.9913069
GCF_022689745.1.fna,GCF_000269685.1.fna,0.009446621,0.9905534
GCF_022689925.1.fna,GCF_000269685.1.fna,0.028496683,0.9715033
GCF_015274655.1.fna,GCF_000269685.1.fna,0.009527624,0.9904724
GCF_022690325.1.fna,GCF_000269685.1.fna,0.02184987,0.9781501
GCF_022689785.1.fna,GCF_000269685.1.fna,0.021991313,0.9780087
GCF_031728155.1.fna,GCF_000269685.1.fna,0.0075961947,0.9924038
GCF_037700455.1.fna,GCF_000269685.1.fna,0.023301423,0.9766986
GCF_022689905.1.fna,GCF_000269685.1.fna,0.008810163,0.99118984
GCF_022690105.1.fna,GCF_000269685.1.fna,0.010145903,0.9898541
GCF_022689975.1.fna,GCF_000269685.1.fna,0.008080244,0.99191976
GCF_022689705.1.fna,GCF_000269685.1.fna,0.024525821,0.9754742
GCF_031728835.1.fna,GCF_000269685.1.fna,0.009446621,0.9905534
GCF_031728115.1.fna,GCF_000269685.1.fna,0.01010412,0.9898959
GCF_022689775.1.fna,GCF_000269685.1.fna,0.023376226,0.9766238
GCF_031728455.1.fna,GCF_000269685.1.fna,0.021639287,0.9783607
GCF_025143615.1.fna,GCF_000269685.1.fna,0.022348404,0.9776516
GCF_052950835.1.fna,GCF_000269685.1.fna,0.022420406,0.9775796
GCF_040947125.1.fna,GCF_000269685.1.fna,0.023829877,0.9761701
GCF_017315645.1.fna,GCF_000269685.1.fna,0.008693099,0.9913069
GCF_040947645.1.fna,GCF_000269685.1.fna,0.011000693,0.9889993
GCF_022690345.1.fna,GCF_000269685.1.fna,0.0075594783,0.9924405
GCF_022689645.1.fna,GCF_000269685.1.fna,0.02352649,0.9764735
GCF_022690295.1.fna,GCF_000269685.1.fna,0.010611594,0.9893884
GCF_031728715.1.fna,GCF_000269685.1.fna,0.022492707,0.9775073
GCF_031728295.1.fna,GCF_000269685.1.fna,0.008538067,0.99146193
GCF_040947065.1.fna,GCF_000269685.1.fna,0.022204995,0.977795
GCF_037695175.1.fna,GCF_000269685.1.fna,0.024136782,0.9758632
GCF_031728475.1.fna,GCF_000269685.1.fna,0.010062277,0.9899377
GCF_022690045.1.fna,GCF_031728515.1.fna,0.023829877,0.9761701
GCF_017315625.1.fna,GCF_031728515.1.fna,0.013208687,0.9867913
GCF_900458635.1.fna,GCF_031728515.1.fna,0.023301423,0.9766986
GCF_022689565.1.fna,GCF_031728515.1.fna,0.010313988,0.989686
GCF_029926905.1.fna,GCF_031728515.1.fna,0.012260377,0.9877396
GCF_040947025.1.fna,GCF_031728515.1.fna,0.01175642,0.9882436
GCF_022690065.1.fna,GCF_031728515.1.fna,0.009649754,0.99035025
GCF_022689765.1.fna,GCF_031728515.1.fna,0.010483503,0.9895165
GCF_022690265.1.fna,GCF_031728515.1.fna,0.0094870925,0.9905129
GCF_022689615.1.fna,GCF_031728515.1.fna,0.010020673,0.9899793
GCF_031728745.1.fna,GCF_031728515.1.fna,0.011938274,0.9880617
GCF_022690275.1.fna,GCF_031728515.1.fna,0.010568798,0.9894312
GCF_047653515.1.fna,GCF_031728515.1.fna,0.01171118,0.9882888
GCF_031728275.1.fna,GCF_031728515.1.fna,0.024059713,0.9759403
GCF_022690115.1.fna,GCF_031728515.1.fna,0.015561879,0.9844381
GCF_031728735.1.fna,GCF_031728515.1.fna,0.01171118,0.9882888
GCF_036419895.1.fna,GCF_031728515.1.fna,0.024291694,0.9757083
GCF_000269685.1.fna,GCF_031728515.1.fna,0.011892676,0.9881073
GCF_031728515.1.fna,GCF_031728515.1.fna,0.0,1.0
GCF_037700155.1.fna,GCF_031728515.1.fna,0.010697424,0.9893026
GCF_022690225.1.fna,GCF_031728515.1.fna,0.02390629,0.9760937
GCF_022689945.1.fna,GCF_031728515.1.fna,0.0058416724,0.9941583
GCF_015274585.1.fna,GCF_031728515.1.fna,0.011088192,0.9889118
GCF_031728415.1.fna,GCF_031728515.1.fna,0.024059713,0.9759403
GCF_031729015.1.fna,GCF_031728515.1.fna,0.025000513,0.9749995
GCF_037700315.1.fna,GCF_031728515.1.fna,0.025893986,0.974106
GCF_031728795.1.fna,GCF_031728515.1.fna,0.023451328,0.9765487
GCF_031728555.1.fna,GCF_031728515.1.fna,0.009649754,0.99035025
GCF_029926865.1.fna,GCF_031728515.1.fna,0.012260377,0.9877396
GCF_040947225.1.fna,GCF_031728515.1.fna,0.021709323,0.9782907
GCF_031728695.1.fna,GCF_031728515.1.fna,0.0244475,0.9755525
GCF_022689665.1.fna,GCF_031728515.1.fna,0.02390629,0.9760937
GCF_029926915.1.fna,GCF_031728515.1.fna,0.011397421,0.9886026
GCF_031728315.1.fna,GCF_031728515.1.fna,0.010957122,0.9890429
GCF_031727255.1.fna,GCF_031728515.1.fna,0.0053786635,0.99462134
GCF_022690205.1.fna,GCF_031728515.1.fna,0.024920821,0.9750792
GCF_031727455.1.fna,GCF_031728515.1.fna,0.029994905,0.9700051
GCF_022690025.1.fna,GCF_031728515.1.fna,0.023982882,0.9760171
GCF_031727075.1.fna,GCF_031728515.1.fna,0.010020673,0.9899793
GCF_022690145.1.fna,GCF_031728515.1.fna,0.009527624,0.9904724
GCF_002901845.1.fna,GCF_031728515.1.fna,0.023226798,0.9767732
GCF_022689825.1.fna,GCF_031728515.1.fna,0.010483503,0.9895165
GCF_031728675.1.fna,GCF_031728515.1.fna,0.024683118,0.9753169
GCF_047653525.1.fna,GCF_031728515.1.fna,0.012681901,0.9873181
GCF_022690085.1.fna,GCF_031728515.1.fna,0.030188084,0.9698119
GCF_037700135.1.fna,GCF_031728515.1.fna,0.010356188,0.9896438
GCF_025143205.1.fna,GCF_031728515.1.fna,0.010483503,0.9895165
GCF_031728895.1.fna,GCF_031728515.1.fna,0.024369478,0.9756305
GCF_040947605.1.fna,GCF_031728515.1.fna,0.011441886,0.9885581
GCF_031727355.1.fna,GCF_031728515.1.fna,0.010398626,0.9896014
GCF_015274675.1.fna,GCF_031728515.1.fna,0.011531293,0.9884687
GCF_036420075.1.fna,GCF_031728515.1.fna,0.0059087873,0.9940912
GCF_013267575.1.fna,GCF_031728515.1.fna,0.024291694,0.9757083
GCF_031727055.1.fna,GCF_031728515.1.fna,0.025484025,0.974516
GCF_037700375.1.fna,GCF_031728515.1.fna,0.024841309,0.9751587
GCF_022690005.1.fna,GCF_031728515.1.fna,0.023753703,0.9762463
GCF_031631055.1.fna,GCF_031728515.1.fna,0.024059713,0.9759403
GCF_031728495.1.fna,GCF_031728515.1.fna,0.022204995,0.977795
GCF_964211265.1.fna,GCF_031728515.1.fna,0.024525821,0.9754742
GCF_031727535.1.fna,GCF_031728515.1.fna,0.0244475,0.9755525
GCF_025143445.1.fna,GCF_031728515.1.fna,0.02516067,0.9748393
GCF_022689855.1.fna,GCF_031728515.1.fna,0.023078203,0.9769218
GCF_022689725.1.fna,GCF_031728515.1.fna,0.02390629,0.9760937
GCF_031727275.1.fna,GCF_031728515.1.fna,0.023376226,0.9766238
GCF_031728235.1.fna,GCF_031728515.1.fna,0.012681901,0.9873181
GCF_040947205.1.fna,GCF_031728515.1.fna,0.010870218,0.9891298
GCF_031727235.1.fna,GCF_031728515.1.fna,0.023152411,0.9768476
GCF_022690165.1.fna,GCF_031728515.1.fna,0.009690642,0.99030936
GCF_031728075.1.fna,GCF_031728515.1.fna,0.008615434,0.99138457
GCF_022689965.1.fna,GCF_031728515.1.fna,0.010697424,0.9893026
GCF_022689575.1.fna,GCF_031728515.1.fna,0.02390629,0.9760937
GCF_037694985.1.fna,GCF_031728515.1.fna,0.012353301,0.9876467
GCF_022690185.1.fna,GCF_031728515.1.fna,0.024291694,0.9757083
GCF_031728335.1.fna,GCF_031728515.1.fna,0.012634695,0.9873653
GCF_031728095.1.fna,GCF_031728515.1.fna,0.025241077,0.9747589
GCF_022690385.1.fna,GCF_031728515.1.fna,0.0094870925,0.9905129
GCF_022690425.1.fna,GCF_031728515.1.fna,0.008538067,0.99146193
GCF_022690375.1.fna,GCF_031728515.1.fna,0.0244475,0.9755525
GCF_022689675.1.fna,GCF_031728515.1.fna,0.010020673,0.9899793
GCF_022690245.1.fna,GCF_031728515.1.fna,0.010740519,0.9892595
GCF_037700295.1.fna,GCF_031728515.1.fna,0.010697424,0.9893026
GCF_015274535.1.fna,GCF_031728515.1.fna,0.011088192,0.9889118
GCF_022689845.1.fna,GCF_031728515.1.fna,0.01010412,0.9898959
GCF_022689745.1.fna,GCF_031728515.1.fna,0.010020673,0.9899793
GCF_022689925.1.fna,GCF_031728515.1.fna,0.03067702,0.969323
GCF_015274655.1.fna,GCF_031728515.1.fna,0.011088192,0.9889118
GCF_022690325.1.fna,GCF_031728515.1.fna,0.023677707,0.9763223
GCF_022689785.1.fna,GCF_031728515.1.fna,0.023829877,0.9761701
GCF_031728155.1.fna,GCF_031728515.1.fna,0.010826886,0.9891731
GCF_037700455.1.fna,GCF_031728515.1.fna,0.024762094,0.9752379
GCF_022689905.1.fna,GCF_031728515.1.fna,0.010957122,0.9890429
GCF_022690105.1.fna,GCF_031728515.1.fna,0.0123999715,0.9876
GCF_022689975.1.fna,GCF_031728515.1.fna,0.010441005,0.989559
GCF_022689705.1.fna,GCF_031728515.1.fna,0.023602009,0.976398
GCF_031728835.1.fna,GCF_031728515.1.fna,0.009446621,0.9905534
GCF_031728115.1.fna,GCF_031728515.1.fna,0.0124467015,0.9875533
GCF_022689775.1.fna,GCF_031728515.1.fna,0.0244475,0.9755525
GCF_031728455.1.fna,GCF_031728515.1.fna,0.021991313,0.9780087
GCF_025143615.1.fna,GCF_031728515.1.fna,0.024369478,0.9756305
GCF_052950835.1.fna,GCF_031728515.1.fna,0.023982882,0.9760171
GCF_040947125.1.fna,GCF_031728515.1.fna,0.024291694,0.9757083
GCF_017315645.1.fna,GCF_031728515.1.fna,0.010187805,0.9898122
GCF_040947645.1.fna,GCF_031728515.1.fna,0.011441886,0.9885581
GCF_022690345.1.fna,GCF_031728515.1.fna,0.010826886,0.9891731
GCF_022689645.1.fna,GCF_031728515.1.fna,0.024369478,0.9756305
GCF_022690295.1.fna,GCF_031728515.1.fna,0.0053786635,0.99462134
GCF_031728715.1.fna,GCF_031728515.1.fna,0.023301423,0.9766986
GCF_031728295.1.fna,GCF_031728515.1.fna,0.009979129,0.9900209
GCF_040947065.1.fna,GCF_031728515.1.fna,0.024136782,0.9758632
GCF_037695175.1.fna,GCF_031728515.1.fna,0.024291694,0.9757083
GCF_031728475.1.fna,GCF_031728515.1.fna,0.011576116,0.9884239
GCF_022690045.1.fna,GCF_037700155.1.fna,0.020345926,0.9796541
GCF_017315625.1.fna,GCF_037700155.1.fna,0.009690642,0.99030936
GCF_900458635.1.fna,GCF_037700155.1.fna,0.021292329,0.9787077
GCF_022689565.1.fna,GCF_037700155.1.fna,0.007632971,0.992367
GCF_029926905.1.fna,GCF_037700155.1.fna,0.009608984,0.990391
GCF_040947025.1.fna,GCF_037700155.1.fna,0.008927941,0.99107206
GCF_022690065.1.fna,GCF_037700155.1.fna,0.00737679,0.9926232
GCF_022689765.1.fna,GCF_037700155.1.fna,0.0075594783,0.9924405
GCF_022690265.1.fna,GCF_037700155.1.fna,0.007088244,0.99291176
GCF_022689615.1.fna,GCF_037700155.1.fna,0.005808234,0.99419177
GCF_031728745.1.fna,GCF_037700155.1.fna,0.0077809095,0.9922191
GCF_022690275.1.fna,GCF_037700155.1.fna,0.008193672,0.9918063
GCF_047653515.1.fna,GCF_037700155.1.fna,0.008307815,0.9916922
GCF_031728275.1.fna,GCF_037700155.1.fna,0.021223426,0.9787766
GCF_022690115.1.fna,GCF_037700155.1.fna,0.014610827,0.9853892
GCF_031728735.1.fna,GCF_037700155.1.fna,0.009568274,0.9904317
GCF_036419895.1.fna,GCF_037700155.1.fna,0.020747006,0.979253
GCF_000269685.1.fna,GCF_037700155.1.fna,0.008927941,0.99107206
GCF_031728515.1.fna,GCF_037700155.1.fna,0.010697424,0.9893026
GCF_037700155.1.fna,GCF_037700155.1.fna,0.0,1.0
GCF_022690225.1.fna,GCF_037700155.1.fna,0.021499872,0.9785001
GCF_022689945.1.fna,GCF_037700155.1.fna,0.010483503,0.9895165
GCF_015274585.1.fna,GCF_037700155.1.fna,0.009365916,0.9906341
GCF_031728415.1.fna,GCF_037700155.1.fna,0.022348404,0.9776516
GCF_031729015.1.fna,GCF_037700155.1.fna,0.021709323,0.9782907
GCF_037700315.1.fna,GCF_037700155.1.fna,0.022930622,0.9770694
GCF_031728795.1.fna,GCF_037700155.1.fna,0.020814478,0.9791855
GCF_031728555.1.fna,GCF_037700155.1.fna,0.007340491,0.9926595
GCF_029926865.1.fna,GCF_037700155.1.fna,0.009608984,0.990391
GCF_040947225.1.fna,GCF_037700155.1.fna,0.020082176,0.9799178
GCF_031728695.1.fna,GCF_037700155.1.fna,0.021430492,0.9785695
GCF_022689665.1.fna,GCF_037700155.1.fna,0.022348404,0.9776516
GCF_029926915.1.fna,GCF_037700155.1.fna,0.008810163,0.99118984
GCF_031728315.1.fna,GCF_037700155.1.fna,0.0071959496,0.99280405
GCF_031727255.1.fna,GCF_037700155.1.fna,0.010826886,0.9891731
GCF_022690205.1.fna,GCF_037700155.1.fna,0.02184987,0.9781501
GCF_031727455.1.fna,GCF_037700155.1.fna,0.027600586,0.9723994
GCF_022690025.1.fna,GCF_037700155.1.fna,0.022492707,0.9775073
GCF_031727075.1.fna,GCF_037700155.1.fna,0.0058416724,0.9941583
GCF_022690145.1.fna,GCF_037700155.1.fna,0.0074132085,0.9925868
GCF_002901845.1.fna,GCF_037700155.1.fna,0.021223426,0.9787766
GCF_022689825.1.fna,GCF_037700155.1.fna,0.0075594783,0.9924405
GCF_031728675.1.fna,GCF_037700155.1.fna,0.021086395,0.9789136
GCF_047653525.1.fna,GCF_037700155.1.fna,0.008269668,0.99173033
GCF_022690085.1.fna,GCF_037700155.1.fna,0.026143014,0.973857
GCF_037700135.1.fna,GCF_037700155.1.fna,0.0077438354,0.99225616
GCF_025143205.1.fna,GCF_037700155.1.fna,0.007892609,0.9921074
GCF_031728895.1.fna,GCF_037700155.1.fna,0.021361291,0.9786387
GCF_040947605.1.fna,GCF_037700155.1.fna,0.009325743,0.99067426
GCF_031727355.1.fna,GCF_037700155.1.fna,0.007669866,0.99233013
GCF_015274675.1.fna,GCF_037700155.1.fna,0.008422613,0.9915774
GCF_036420075.1.fna,GCF_037700155.1.fna,0.010441005,0.989559
GCF_013267575.1.fna,GCF_037700155.1.fna,0.021223426,0.9787766
GCF_031727055.1.fna,GCF_037700155.1.fna,0.023677707,0.9763223
GCF_037700375.1.fna,GCF_037700155.1.fna,0.021779478,0.9782205
GCF_022690005.1.fna,GCF_037700155.1.fna,0.020345926,0.9796541
GCF_031631055.1.fna,GCF_037700155.1.fna,0.0201478,0.9798522
GCF_031728495.1.fna,GCF_037700155.1.fna,0.020545602,0.9794544
GCF_964211265.1.fna,GCF_037700155.1.fna,0.021709323,0.9782907
GCF_031727535.1.fna,GCF_037700155.1.fna,0.022783816,0.9772162
GCF_025143445.1.fna,GCF_037700155.1.fna,0.021361291,0.9786387
GCF_022689855.1.fna,GCF_037700155.1.fna,0.021292329,0.9787077
GCF_022689725.1.fna,GCF_037700155.1.fna,0.022348404,0.9776516
GCF_031727275.1.fna,GCF_037700155.1.fna,0.02156949,0.9784305
GCF_031728235.1.fna,GCF_037700155.1.fna,0.010783613,0.9892164
GCF_040947205.1.fna,GCF_037700155.1.fna,0.006663382,0.9933366
GCF_031727235.1.fna,GCF_037700155.1.fna,0.021223426,0.9787766
GCF_022690165.1.fna,GCF_037700155.1.fna,0.00737679,0.9926232
GCF_031728075.1.fna,GCF_037700155.1.fna,0.008693099,0.9913069
GCF_022689965.1.fna,GCF_037700155.1.fna,0.0077809095,0.9922191
GCF_022689575.1.fna,GCF_037700155.1.fna,0.022348404,0.9776516
GCF_037694985.1.fna,GCF_037700155.1.fna,0.009046435,0.99095356
GCF_022690185.1.fna,GCF_037700155.1.fna,0.020679712,0.9793203
GCF_031728335.1.fna,GCF_037700155.1.fna,0.010229826,0.9897702
GCF_031728095.1.fna,GCF_037700155.1.fna,0.022062302,0.9779377
GCF_022690385.1.fna,GCF_037700155.1.fna,0.008080244,0.99191976
GCF_022690425.1.fna,GCF_037700155.1.fna,0.008732021,0.991268
GCF_022690375.1.fna,GCF_037700155.1.fna,0.02156949,0.9784305
GCF_022689675.1.fna,GCF_037700155.1.fna,0.0059087873,0.9940912
GCF_022690245.1.fna,GCF_037700155.1.fna,0.0077438354,0.99225616
GCF_037700295.1.fna,GCF_037700155.1.fna,0.001185596,0.9988144
GCF_015274535.1.fna,GCF_037700155.1.fna,0.009365916,0.9906341
GCF_022689845.1.fna,GCF_037700155.1.fna,0.0074496865,0.9925503
GCF_022689745.1.fna,GCF_037700155.1.fna,0.0058416724,0.9941583
GCF_022689925.1.fna,GCF_037700155.1.fna,0.028315127,0.9716849
GCF_015274655.1.fna,GCF_037700155.1.fna,0.009365916,0.9906341
GCF_022690325.1.fna,GCF_037700155.1.fna,0.020747006,0.979253
GCF_022689785.1.fna,GCF_037700155.1.fna,0.020612597,0.9793874
GCF_031728155.1.fna,GCF_037700155.1.fna,0.00823164,0.99176836
GCF_037700455.1.fna,GCF_037700155.1.fna,0.021639287,0.9783607
GCF_022689905.1.fna,GCF_037700155.1.fna,0.007304251,0.99269575
GCF_022690105.1.fna,GCF_037700155.1.fna,0.009772658,0.99022734
GCF_022689975.1.fna,GCF_037700155.1.fna,0.0075961947,0.9924038
GCF_022689705.1.fna,GCF_037700155.1.fna,0.022420406,0.9775796
GCF_031728835.1.fna,GCF_037700155.1.fna,0.0071599483,0.99284005
GCF_031728115.1.fna,GCF_037700155.1.fna,0.009813786,0.9901862
GCF_022689775.1.fna,GCF_037700155.1.fna,0.021018088,0.9789819
GCF_031728455.1.fna,GCF_037700155.1.fna,0.02088219,0.9791178
GCF_025143615.1.fna,GCF_037700155.1.fna,0.021499872,0.9785001
GCF_052950835.1.fna,GCF_037700155.1.fna,0.020679712,0.9793203
GCF_040947125.1.fna,GCF_037700155.1.fna,0.022420406,0.9775796
GCF_017315645.1.fna,GCF_037700155.1.fna,0.007016778,0.9929832
GCF_040947645.1.fna,GCF_037700155.1.fna,0.009365916,0.9906341
GCF_022690345.1.fna,GCF_037700155.1.fna,0.008193672,0.9918063
GCF_022689645.1.fna,GCF_037700155.1.fna,0.02184987,0.9781501
GCF_022690295.1.fna,GCF_037700155.1.fna,0.010740519,0.9892595
GCF_031728715.1.fna,GCF_037700155.1.fna,0.020412326,0.9795877
GCF_031728295.1.fna,GCF_037700155.1.fna,0.005641818,0.9943582
GCF_040947065.1.fna,GCF_037700155.1.fna,0.020950079,0.9790499
GCF_037695175.1.fna,GCF_037700155.1.fna,0.022420406,0.9775796
GCF_031728475.1.fna,GCF_037700155.1.fna,0.00920558,0.9907944
GCF_022690045.1.fna,GCF_022690225.1.fna,0.011486471,0.9885135
GCF_017315625.1.fna,GCF_022690225.1.fna,0.020612597,0.9793874
GCF_900458635.1.fna,GCF_022690225.1.fna,0.010483503,0.9895165
GCF_022689565.1.fna,GCF_022690225.1.fna,0.02088219,0.9791178
GCF_029926905.1.fna,GCF_022690225.1.fna,0.023078203,0.9769218
GCF_040947025.1.fna,GCF_022690225.1.fna,0.02227658,0.9777234
GCF_022690065.1.fna,GCF_022690225.1.fna,0.02184987,0.9781501
GCF_022689765.1.fna,GCF_022690225.1.fna,0.022637784,0.9773622
GCF_022690265.1.fna,GCF_022690225.1.fna,0.021639287,0.9783607
GCF_022689615.1.fna,GCF_022690225.1.fna,0.02156949,0.9784305
GCF_031728745.1.fna,GCF_022690225.1.fna,0.020950079,0.9790499
GCF_022690275.1.fna,GCF_022690225.1.fna,0.02227658,0.9777234
GCF_047653515.1.fna,GCF_022690225.1.fna,0.022204995,0.977795
GCF_031728275.1.fna,GCF_022690225.1.fna,0.011088192,0.9889118
GCF_022690115.1.fna,GCF_022690225.1.fna,0.023602009,0.976398
GCF_031728735.1.fna,GCF_022690225.1.fna,0.021991313,0.9780087
GCF_036419895.1.fna,GCF_022690225.1.fna,0.012260377,0.9877396
GCF_000269685.1.fna,GCF_022690225.1.fna,0.02352649,0.9764735
GCF_031728515.1.fna,GCF_022690225.1.fna,0.02390629,0.9760937
GCF_037700155.1.fna,GCF_022690225.1.fna,0.021499872,0.9785001
GCF_022690225.1.fna,GCF_022690225.1.fna,0.0,1.0
GCF_022689945.1.fna,GCF_022690225.1.fna,0.023226798,0.9767732
GCF_015274585.1.fna,GCF_022690225.1.fna,0.020747006,0.979253
GCF_031728415.1.fna,GCF_022690225.1.fna,0.01345253,0.98654747
GCF_031729015.1.fna,GCF_022690225.1.fna,0.0124467015,0.9875533
GCF_037700315.1.fna,GCF_022690225.1.fna,0.0130156875,0.9869843
GCF_031728795.1.fna,GCF_022690225.1.fna,0.012306809,0.9876932
GCF_031728555.1.fna,GCF_022690225.1.fna,0.02184987,0.9781501
GCF_029926865.1.fna,GCF_022690225.1.fna,0.023078203,0.9769218
GCF_040947225.1.fna,GCF_022690225.1.fna,0.012167871,0.9878321
GCF_031728695.1.fna,GCF_022690225.1.fna,0.011892676,0.9881073
GCF_022689665.1.fna,GCF_022690225.1.fna,0.012587488,0.9874125
GCF_029926915.1.fna,GCF_022690225.1.fna,0.022062302,0.9779377
GCF_031728315.1.fna,GCF_022690225.1.fna,0.021639287,0.9783607
GCF_031727255.1.fna,GCF_022690225.1.fna,0.023301423,0.9766986
GCF_022690205.1.fna,GCF_022690225.1.fna,0.012634695,0.9873653
GCF_031727455.1.fna,GCF_022690225.1.fna,0.025321782,0.9746782
GCF_022690025.1.fna,GCF_022690225.1.fna,0.012681901,0.9873181
GCF_031727075.1.fna,GCF_022690225.1.fna,0.021499872,0.9785001
GCF_022690145.1.fna,GCF_022690225.1.fna,0.021779478,0.9782205
GCF_002901845.1.fna,GCF_022690225.1.fna,0.010441005,0.989559
GCF_022689825.1.fna,GCF_022690225.1.fna,0.022637784,0.9773622
GCF_031728675.1.fna,GCF_022690225.1.fna,0.011397421,0.9886026
GCF_047653525.1.fna,GCF_022690225.1.fna,0.021430492,0.9785695
GCF_022690085.1.fna,GCF_022690225.1.fna,0.02460432,0.9753957
GCF_037700135.1.fna,GCF_022690225.1.fna,0.022565126,0.9774349
GCF_025143205.1.fna,GCF_022690225.1.fna,0.02156949,0.9784305
GCF_031728895.1.fna,GCF_022690225.1.fna,0.011847079,0.9881529
GCF_040947605.1.fna,GCF_022690225.1.fna,0.021639287,0.9783607
GCF_031727355.1.fna,GCF_022690225.1.fna,0.020814478,0.9791855
GCF_015274675.1.fna,GCF_022690225.1.fna,0.023376226,0.9766238
GCF_036420075.1.fna,GCF_022690225.1.fna,0.023152411,0.9768476
GCF_013267575.1.fna,GCF_022690225.1.fna,0.011620998,0.988379
GCF_031727055.1.fna,GCF_022690225.1.fna,0.014559209,0.9854408
GCF_037700375.1.fna,GCF_022690225.1.fna,0.011620998,0.988379
GCF_022690005.1.fna,GCF_022690225.1.fna,0.011531293,0.9884687
GCF_031631055.1.fna,GCF_022690225.1.fna,0.013848484,0.9861515
GCF_031728495.1.fna,GCF_022690225.1.fna,0.011620998,0.988379
GCF_964211265.1.fna,GCF_022690225.1.fna,0.012214124,0.9877859
GCF_031727535.1.fna,GCF_022690225.1.fna,0.012587488,0.9874125
GCF_025143445.1.fna,GCF_022690225.1.fna,0.011220098,0.9887799
GCF_022689855.1.fna,GCF_022690225.1.fna,0.0124467015,0.9875533
GCF_022689725.1.fna,GCF_022690225.1.fna,0.012587488,0.9874125
GCF_031727275.1.fna,GCF_022690225.1.fna,0.012587488,0.9874125
GCF_031728235.1.fna,GCF_022690225.1.fna,0.0244475,0.9755525
GCF_040947205.1.fna,GCF_022690225.1.fna,0.020950079,0.9790499
GCF_031727235.1.fna,GCF_022690225.1.fna,0.0123999715,0.9876
GCF_022690165.1.fna,GCF_022690225.1.fna,0.02184987,0.9781501
GCF_031728075.1.fna,GCF_022690225.1.fna,0.02227658,0.9777234
GCF_022689965.1.fna,GCF_022690225.1.fna,0.021292329,0.9787077
GCF_022689575.1.fna,GCF_022690225.1.fna,0.012634695,0.9873653
GCF_037694985.1.fna,GCF_022690225.1.fna,0.023078203,0.9769218
GCF_022690185.1.fna,GCF_022690225.1.fna,0.012353301,0.9876467
GCF_031728335.1.fna,GCF_022690225.1.fna,0.022710681,0.9772893
GCF_031728095.1.fna,GCF_022690225.1.fna,0.012540519,0.9874595
GCF_022690385.1.fna,GCF_022690225.1.fna,0.022783816,0.9772162
GCF_022690425.1.fna,GCF_022690225.1.fna,0.02227658,0.9777234
GCF_022690375.1.fna,GCF_022690225.1.fna,0.011352897,0.9886471
GCF_022689675.1.fna,GCF_022690225.1.fna,0.02156949,0.9784305
GCF_022690245.1.fna,GCF_022690225.1.fna,0.02156949,0.9784305
GCF_037700295.1.fna,GCF_022690225.1.fna,0.021709323,0.9782907
GCF_015274535.1.fna,GCF_022690225.1.fna,0.020747006,0.979253
GCF_022689845.1.fna,GCF_022690225.1.fna,0.022348404,0.9776516
GCF_022689745.1.fna,GCF_022690225.1.fna,0.021499872,0.9785001
GCF_022689925.1.fna,GCF_022690225.1.fna,0.025484025,0.974516
GCF_015274655.1.fna,GCF_022690225.1.fna,0.020747006,0.979253
GCF_022690325.1.fna,GCF_022690225.1.fna,0.01175642,0.9882436
GCF_022689785.1.fna,GCF_022690225.1.fna,0.010957122,0.9890429
GCF_031728155.1.fna,GCF_022690225.1.fna,0.021920502,0.9780795
GCF_037700455.1.fna,GCF_022690225.1.fna,0.01171118,0.9882888
GCF_022689905.1.fna,GCF_022690225.1.fna,0.021709323,0.9782907
GCF_022690105.1.fna,GCF_022690225.1.fna,0.022062302,0.9779377
GCF_022689975.1.fna,GCF_022690225.1.fna,0.022565126,0.9774349
GCF_022689705.1.fna,GCF_022690225.1.fna,0.01345253,0.98654747
GCF_031728835.1.fna,GCF_022690225.1.fna,0.021499872,0.9785001
GCF_031728115.1.fna,GCF_022690225.1.fna,0.021920502,0.9780795
GCF_022689775.1.fna,GCF_022690225.1.fna,0.012493491,0.9875065
GCF_031728455.1.fna,GCF_022690225.1.fna,0.012260377,0.9877396
GCF_025143615.1.fna,GCF_022690225.1.fna,0.012353301,0.9876467
GCF_052950835.1.fna,GCF_022690225.1.fna,0.014200926,0.9857991
GCF_040947125.1.fna,GCF_022690225.1.fna,0.012871981,0.987128
GCF_017315645.1.fna,GCF_022690225.1.fna,0.021430492,0.9785695
GCF_040947645.1.fna,GCF_022690225.1.fna,0.021639287,0.9783607
GCF_022690345.1.fna,GCF_022690225.1.fna,0.021920502,0.9780795
GCF_022689645.1.fna,GCF_022690225.1.fna,0.013160288,0.9868397
GCF_022690295.1.fna,GCF_022690225.1.fna,0.023301423,0.9766986
GCF_031728715.1.fna,GCF_022690225.1.fna,0.011264324,0.9887357
GCF_031728295.1.fna,GCF_022690225.1.fna,0.02184987,0.9781501
GCF_040947065.1.fna,GCF_022690225.1.fna,0.012776673,0.9872233
GCF_037695175.1.fna,GCF_022690225.1.fna,0.012919784,0.9870802
GCF_031728475.1.fna,GCF_022690225.1.fna,0.022204995,0.977795
GCF_022690045.1.fna,GCF_022689945.1.fna,0.02285707,0.97714293
GCF_017315625.1.fna,GCF_022689945.1.fna,0.011531293,0.9884687
GCF_900458635.1.fna,GCF_022689945.1.fna,0.022637784,0.9773622
GCF_022689565.1.fna,GCF_022689945.1.fna,0.009690642,0.99030936
GCF_029926905.1.fna,GCF_022689945.1.fna,0.01091361,0.9890864
GCF_040947025.1.fna,GCF_022689945.1.fna,0.01010412,0.9898959
GCF_022690065.1.fna,GCF_022689945.1.fna,0.008693099,0.9913069
GCF_022689765.1.fna,GCF_022689945.1.fna,0.009086072,0.9909139
GCF_022690265.1.fna,GCF_022689945.1.fna,0.008615434,0.99138457
GCF_022689615.1.fna,GCF_022689945.1.fna,0.009527624,0.9904724
GCF_031728745.1.fna,GCF_022689945.1.fna,0.010783613,0.9892164
GCF_022690275.1.fna,GCF_022689945.1.fna,0.010271788,0.9897282
GCF_047653515.1.fna,GCF_022689945.1.fna,0.009406269,0.99059373
GCF_031728275.1.fna,GCF_022689945.1.fna,0.023829877,0.9761701
GCF_022690115.1.fna,GCF_022689945.1.fna,0.014818728,0.9851813
GCF_031728735.1.fna,GCF_022689945.1.fna,0.010145903,0.9898541
GCF_036419895.1.fna,GCF_022689945.1.fna,0.023602009,0.976398
GCF_000269685.1.fna,GCF_022689945.1.fna,0.0094870925,0.9905129
GCF_031728515.1.fna,GCF_022689945.1.fna,0.0058416724,0.9941583
GCF_037700155.1.fna,GCF_022689945.1.fna,0.010483503,0.9895165
GCF_022690225.1.fna,GCF_022689945.1.fna,0.023226798,0.9767732
GCF_022689945.1.fna,GCF_022689945.1.fna,0.0,1.0
GCF_015274585.1.fna,GCF_022689945.1.fna,0.01010412,0.9898959
GCF_031728415.1.fna,GCF_022689945.1.fna,0.023376226,0.9766238
GCF_031729015.1.fna,GCF_022689945.1.fna,0.023677707,0.9763223
GCF_037700315.1.fna,GCF_022689945.1.fna,0.0244475,0.9755525
GCF_031728795.1.fna,GCF_022689945.1.fna,0.022420406,0.9775796
GCF_031728555.1.fna,GCF_022689945.1.fna,0.008732021,0.991268
GCF_029926865.1.fna,GCF_022689945.1.fna,0.01091361,0.9890864
GCF_040947225.1.fna,GCF_022689945.1.fna,0.02088219,0.9791178
GCF_031728695.1.fna,GCF_022689945.1.fna,0.02390629,0.9760937
GCF_022689665.1.fna,GCF_022689945.1.fna,0.023152411,0.9768476
GCF_029926915.1.fna,GCF_022689945.1.fna,0.010398626,0.9896014
GCF_031728315.1.fna,GCF_022689945.1.fna,0.009813786,0.9901862
GCF_031727255.1.fna,GCF_022689945.1.fna,0.0044556856,0.9955443
GCF_022690205.1.fna,GCF_022689945.1.fna,0.0244475,0.9755525
GCF_031727455.1.fna,GCF_022689945.1.fna,0.028863609,0.9711364
GCF_022690025.1.fna,GCF_022689945.1.fna,0.023152411,0.9768476
GCF_031727075.1.fna,GCF_022689945.1.fna,0.009527624,0.9904724
GCF_022690145.1.fna,GCF_022689945.1.fna,0.008654237,0.99134576
GCF_002901845.1.fna,GCF_022689945.1.fna,0.022565126,0.9774349
GCF_022689825.1.fna,GCF_022689945.1.fna,0.009086072,0.9909139
GCF_031728675.1.fna,GCF_022689945.1.fna,0.024369478,0.9756305
GCF_047653525.1.fna,GCF_022689945.1.fna,0.011531293,0.9884687
GCF_022690085.1.fna,GCF_022689945.1.fna,0.028587997,0.971412
GCF_037700135.1.fna,GCF_022689945.1.fna,0.009731591,0.9902684
GCF_025143205.1.fna,GCF_022689945.1.fna,0.0094870925,0.9905129
GCF_031728895.1.fna,GCF_022689945.1.fna,0.023602009,0.976398
GCF_040947605.1.fna,GCF_022689945.1.fna,0.010526121,0.9894739
GCF_031727355.1.fna,GCF_022689945.1.fna,0.009731591,0.9902684
GCF_015274675.1.fna,GCF_022689945.1.fna,0.009006858,0.99099314
GCF_036420075.1.fna,GCF_022689945.1.fna,0.00021576881,0.99978423
GCF_013267575.1.fna,GCF_022689945.1.fna,0.024059713,0.9759403
GCF_031727055.1.fna,GCF_022689945.1.fna,0.024841309,0.9751587
GCF_037700375.1.fna,GCF_022689945.1.fna,0.023982882,0.9760171
GCF_022690005.1.fna,GCF_022689945.1.fna,0.022783816,0.9772162
GCF_031631055.1.fna,GCF_022689945.1.fna,0.022930622,0.9770694
GCF_031728495.1.fna,GCF_022689945.1.fna,0.021779478,0.9782205
GCF_964211265.1.fna,GCF_022689945.1.fna,0.023602009,0.976398
GCF_031727535.1.fna,GCF_022689945.1.fna,0.02352649,0.9764735
GCF_025143445.1.fna,GCF_022689945.1.fna,0.024059713,0.9759403
GCF_022689855.1.fna,GCF_022689945.1.fna,0.022710681,0.9772893
GCF_022689725.1.fna,GCF_022689945.1.fna,0.023152411,0.9768476
GCF_031727275.1.fna,GCF_022689945.1.fna,0.022637784,0.9773622
GCF_031728235.1.fna,GCF_022689945.1.fna,0.011486471,0.9885135
GCF_040947205.1.fna,GCF_022689945.1.fna,0.010271788,0.9897282
GCF_031727235.1.fna,GCF_022689945.1.fna,0.022710681,0.9772893
GCF_022690165.1.fna,GCF_022689945.1.fna,0.008771062,0.99122894
GCF_031728075.1.fna,GCF_022689945.1.fna,0.009406269,0.99059373
GCF_022689965.1.fna,GCF_022689945.1.fna,0.009446621,0.9905534
GCF_022689575.1.fna,GCF_022689945.1.fna,0.023152411,0.9768476
GCF_037694985.1.fna,GCF_022689945.1.fna,0.01130861,0.9886914
GCF_022690185.1.fna,GCF_022689945.1.fna,0.023677707,0.9763223
GCF_031728335.1.fna,GCF_022689945.1.fna,0.011000693,0.9889993
GCF_031728095.1.fna,GCF_022689945.1.fna,0.024291694,0.9757083
GCF_022690385.1.fna,GCF_022689945.1.fna,0.010062277,0.9899377
GCF_022690425.1.fna,GCF_022689945.1.fna,0.009325743,0.99067426
GCF_022690375.1.fna,GCF_022689945.1.fna,0.023602009,0.976398
GCF_022689675.1.fna,GCF_022689945.1.fna,0.009649754,0.99035025
GCF_022690245.1.fna,GCF_022689945.1.fna,0.010062277,0.9899377
GCF_037700295.1.fna,GCF_022689945.1.fna,0.010483503,0.9895165
GCF_015274535.1.fna,GCF_022689945.1.fna,0.01010412,0.9898959
GCF_022689845.1.fna,GCF_022689945.1.fna,0.009568274,0.9904317
GCF_022689745.1.fna,GCF_022689945.1.fna,0.009527624,0.9904724
GCF_022689925.1.fna,GCF_022689945.1.fna,0.029898822,0.9701012
GCF_015274655.1.fna,GCF_022689945.1.fna,0.01010412,0.9898959
GCF_022690325.1.fna,GCF_022689945.1.fna,0.022565126,0.9774349
GCF_022689785.1.fna,GCF_022689945.1.fna,0.023301423,0.9766986
GCF_031728155.1.fna,GCF_022689945.1.fna,0.009608984,0.990391
GCF_037700455.1.fna,GCF_022689945.1.fna,0.023982882,0.9760171
GCF_022689905.1.fna,GCF_022689945.1.fna,0.009854972,0.990145
GCF_022690105.1.fna,GCF_022689945.1.fna,0.010654509,0.9893455
GCF_022689975.1.fna,GCF_022689945.1.fna,0.009046435,0.99095356
GCF_022689705.1.fna,GCF_022689945.1.fna,0.024525821,0.9754742
GCF_031728835.1.fna,GCF_022689945.1.fna,0.008422613,0.9915774
GCF_031728115.1.fna,GCF_022689945.1.fna,0.011576116,0.9884239
GCF_022689775.1.fna,GCF_022689945.1.fna,0.02390629,0.9760937
GCF_031728455.1.fna,GCF_022689945.1.fna,0.021292329,0.9787077
GCF_025143615.1.fna,GCF_022689945.1.fna,0.02352649,0.9764735
GCF_052950835.1.fna,GCF_022689945.1.fna,0.023301423,0.9766986
GCF_040947125.1.fna,GCF_022689945.1.fna,0.024136782,0.9758632
GCF_017315645.1.fna,GCF_022689945.1.fna,0.009086072,0.9909139
GCF_040947645.1.fna,GCF_022689945.1.fna,0.010568798,0.9894312
GCF_022690345.1.fna,GCF_022689945.1.fna,0.009568274,0.9904317
GCF_022689645.1.fna,GCF_022689945.1.fna,0.023829877,0.9761701
GCF_022690295.1.fna,GCF_022689945.1.fna,0.004393697,0.9956063
GCF_031728715.1.fna,GCF_022689945.1.fna,0.022710681,0.9772893
GCF_031728295.1.fna,GCF_022689945.1.fna,0.008927941,0.99107206
GCF_040947065.1.fna,GCF_022689945.1.fna,0.023152411,0.9768476
GCF_037695175.1.fna,GCF_022689945.1.fna,0.023753703,0.9762463
GCF_031728475.1.fna,GCF_022689945.1.fna,0.010611594,0.9893884
GCF_022690045.1.fna,GCF_015274585.1.fna,0.021086395,0.9789136
GCF_017315625.1.fna,GCF_015274585.1.fna,0.010654509,0.9893455
GCF_900458635.1.fna,GCF_015274585.1.fna,0.020612597,0.9793874
GCF_022689565.1.fna,GCF_015274585.1.fna,0.009854972,0.990145
GCF_029926905.1.fna,GCF_015274585.1.fna,0.011044383,0.9889556
GCF_040947025.1.fna,GCF_015274585.1.fna,0.010229826,0.9897702
GCF_022690065.1.fna,GCF_015274585.1.fna,0.009006858,0.99099314
GCF_022689765.1.fna,GCF_015274585.1.fna,0.009649754,0.99035025
GCF_022690265.1.fna,GCF_015274585.1.fna,0.008771062,0.99122894
GCF_022689615.1.fna,GCF_015274585.1.fna,0.008771062,0.99122894
GCF_031728745.1.fna,GCF_015274585.1.fna,0.009649754,0.99035025
GCF_022690275.1.fna,GCF_015274585.1.fna,0.008384287,0.9916157
GCF_047653515.1.fna,GCF_015274585.1.fna,0.0089674,0.9910326
GCF_031728275.1.fna,GCF_015274585.1.fna,0.02156949,0.9784305
GCF_022690115.1.fna,GCF_015274585.1.fna,0.0144562125,0.9855438
GCF_031728735.1.fna,GCF_015274585.1.fna,0.009937644,0.99006236
GCF_036419895.1.fna,GCF_015274585.1.fna,0.021499872,0.9785001
GCF_000269685.1.fna,GCF_015274585.1.fna,0.009527624,0.9904724
GCF_031728515.1.fna,GCF_015274585.1.fna,0.011088192,0.9889118
GCF_037700155.1.fna,GCF_015274585.1.fna,0.009365916,0.9906341
GCF_022690225.1.fna,GCF_015274585.1.fna,0.020747006,0.979253
GCF_022689945.1.fna,GCF_015274585.1.fna,0.01010412,0.9898959
GCF_015274585.1.fna,GCF_015274585.1.fna,0.0,1.0
GCF_031728415.1.fna,GCF_015274585.1.fna,0.022710681,0.9772893
GCF_031729015.1.fna,GCF_015274585.1.fna,0.021991313,0.9780087
GCF_037700315.1.fna,GCF_015274585.1.fna,0.023078203,0.9769218
GCF_031728795.1.fna,GCF_015274585.1.fna,0.020279706,0.9797203
GCF_031728555.1.fna,GCF_015274585.1.fna,0.0089674,0.9910326
GCF_029926865.1.fna,GCF_015274585.1.fna,0.011044383,0.9889556
GCF_040947225.1.fna,GCF_015274585.1.fna,0.019886196,0.9801138
GCF_031728695.1.fna,GCF_015274585.1.fna,0.021499872,0.9785001
GCF_022689665.1.fna,GCF_015274585.1.fna,0.021639287,0.9783607
GCF_029926915.1.fna,GCF_015274585.1.fna,0.010145903,0.9898541
GCF_031728315.1.fna,GCF_015274585.1.fna,0.009006858,0.99099314
GCF_031727255.1.fna,GCF_015274585.1.fna,0.010826886,0.9891731
GCF_022690205.1.fna,GCF_015274585.1.fna,0.02285707,0.97714293
GCF_031727455.1.fna,GCF_015274585.1.fna,0.027337492,0.9726625
GCF_022690025.1.fna,GCF_015274585.1.fna,0.021499872,0.9785001
GCF_031727075.1.fna,GCF_015274585.1.fna,0.008771062,0.99122894
GCF_022690145.1.fna,GCF_015274585.1.fna,0.0089674,0.9910326
GCF_002901845.1.fna,GCF_015274585.1.fna,0.020412326,0.9795877
GCF_022689825.1.fna,GCF_015274585.1.fna,0.009649754,0.99035025
GCF_031728675.1.fna,GCF_015274585.1.fna,0.021430492,0.9785695
GCF_047653525.1.fna,GCF_015274585.1.fna,0.01010412,0.9898959
GCF_022690085.1.fna,GCF_015274585.1.fna,0.026478827,0.9735212
GCF_037700135.1.fna,GCF_015274585.1.fna,0.009568274,0.9904317
GCF_025143205.1.fna,GCF_015274585.1.fna,0.009649754,0.99035025
GCF_031728895.1.fna,GCF_015274585.1.fna,0.021223426,0.9787766
GCF_040947605.1.fna,GCF_015274585.1.fna,0.010441005,0.989559
GCF_031727355.1.fna,GCF_015274585.1.fna,0.009854972,0.990145
GCF_015274675.1.fna,GCF_015274585.1.fna,0.008927941,0.99107206
GCF_036420075.1.fna,GCF_015274585.1.fna,0.01010412,0.9898959
GCF_013267575.1.fna,GCF_015274585.1.fna,0.02115482,0.9788452
GCF_031727055.1.fna,GCF_015274585.1.fna,0.022637784,0.9773622
GCF_037700375.1.fna,GCF_015274585.1.fna,0.02156949,0.9784305
GCF_022690005.1.fna,GCF_015274585.1.fna,0.02115482,0.9788452
GCF_031631055.1.fna,GCF_015274585.1.fna,0.019244492,0.9807555
GCF_031728495.1.fna,GCF_015274585.1.fna,0.020545602,0.9794544
GCF_964211265.1.fna,GCF_015274585.1.fna,0.020612597,0.9793874
GCF_031727535.1.fna,GCF_015274585.1.fna,0.02184987,0.9781501
GCF_025143445.1.fna,GCF_015274585.1.fna,0.021499872,0.9785001
GCF_022689855.1.fna,GCF_015274585.1.fna,0.020950079,0.9790499
GCF_022689725.1.fna,GCF_015274585.1.fna,0.021639287,0.9783607
GCF_031727275.1.fna,GCF_015274585.1.fna,0.021086395,0.9789136
GCF_031728235.1.fna,GCF_015274585.1.fna,0.010568798,0.9894312
GCF_040947205.1.fna,GCF_015274585.1.fna,0.009649754,0.99035025
GCF_031727235.1.fna,GCF_015274585.1.fna,0.02088219,0.9791178
GCF_022690165.1.fna,GCF_015274585.1.fna,0.009006858,0.99099314
GCF_031728075.1.fna,GCF_015274585.1.fna,0.010568798,0.9894312
GCF_022689965.1.fna,GCF_015274585.1.fna,0.009285569,0.99071443
GCF_022689575.1.fna,GCF_015274585.1.fna,0.021639287,0.9783607
GCF_037694985.1.fna,GCF_015274585.1.fna,0.010740519,0.9892595
GCF_022690185.1.fna,GCF_015274585.1.fna,0.021779478,0.9782205
GCF_031728335.1.fna,GCF_015274585.1.fna,0.0089674,0.9910326
GCF_031728095.1.fna,GCF_015274585.1.fna,0.02184987,0.9781501
GCF_022690385.1.fna,GCF_015274585.1.fna,0.010611594,0.9893884
GCF_022690425.1.fna,GCF_015274585.1.fna,0.010526121,0.9894739
GCF_022690375.1.fna,GCF_015274585.1.fna,0.021361291,0.9786387
GCF_022689675.1.fna,GCF_015274585.1.fna,0.008849382,0.9911506
GCF_022690245.1.fna,GCF_015274585.1.fna,0.008384287,0.9916157
GCF_037700295.1.fna,GCF_015274585.1.fna,0.009365916,0.9906341
GCF_015274535.1.fna,GCF_015274585.1.fna,2.3841858e-05,0.99997616
GCF_022689845.1.fna,GCF_015274585.1.fna,0.009446621,0.9905534
GCF_022689745.1.fna,GCF_015274585.1.fna,0.008771062,0.99122894
GCF_022689925.1.fna,GCF_015274585.1.fna,0.026648402,0.9733516
GCF_015274655.1.fna,GCF_015274585.1.fna,0.0,1.0
GCF_022690325.1.fna,GCF_015274585.1.fna,0.020545602,0.9794544
GCF_022689785.1.fna,GCF_015274585.1.fna,0.021086395,0.9789136
GCF_031728155.1.fna,GCF_015274585.1.fna,0.009406269,0.99059373
GCF_037700455.1.fna,GCF_015274585.1.fna,0.021499872,0.9785001
GCF_022689905.1.fna,GCF_015274585.1.fna,0.009125829,0.9908742
GCF_022690105.1.fna,GCF_015274585.1.fna,0.008615434,0.99138457
GCF_022689975.1.fna,GCF_015274585.1.fna,0.009690642,0.99030936
GCF_022689705.1.fna,GCF_015274585.1.fna,0.02227658,0.9777234
GCF_031728835.1.fna,GCF_015274585.1.fna,0.008384287,0.9916157
GCF_031728115.1.fna,GCF_015274585.1.fna,0.009245515,0.9907545
GCF_022689775.1.fna,GCF_015274585.1.fna,0.02213347,0.97786653
GCF_031728455.1.fna,GCF_015274585.1.fna,0.020478904,0.9795211
GCF_025143615.1.fna,GCF_015274585.1.fna,0.02184987,0.9781501
GCF_052950835.1.fna,GCF_015274585.1.fna,0.019244492,0.9807555
GCF_040947125.1.fna,GCF_015274585.1.fna,0.02184987,0.9781501
GCF_017315645.1.fna,GCF_015274585.1.fna,0.009446621,0.9905534
GCF_040947645.1.fna,GCF_015274585.1.fna,0.010483503,0.9895165
GCF_022690345.1.fna,GCF_015274585.1.fna,0.009446621,0.9905534
GCF_022689645.1.fna,GCF_015274585.1.fna,0.021499872,0.9785001
GCF_022690295.1.fna,GCF_015274585.1.fna,0.010826886,0.9891731
GCF_031728715.1.fna,GCF_015274585.1.fna,0.020950079,0.9790499
GCF_031728295.1.fna,GCF_015274585.1.fna,0.009365916,0.9906341
GCF_040947065.1.fna,GCF_015274585.1.fna,0.020345926,0.9796541
GCF_037695175.1.fna,GCF_015274585.1.fna,0.021779478,0.9782205
GCF_031728475.1.fna,GCF_015274585.1.fna,0.009731591,0.9902684
GCF_022690045.1.fna,GCF_031728415.1.fna,0.0072319508,0.99276805
GCF_017315625.1.fna,GCF_031728415.1.fna,0.020747006,0.979253
GCF_900458635.1.fna,GCF_031728415.1.fna,0.008771062,0.99122894
GCF_022689565.1.fna,GCF_031728415.1.fna,0.02213347,0.97786653
GCF_029926905.1.fna,GCF_031728415.1.fna,0.023677707,0.9763223
GCF_040947025.1.fna,GCF_031728415.1.fna,0.022492707,0.9775073
GCF_022690065.1.fna,GCF_031728415.1.fna,0.023004293,0.9769957
GCF_022689765.1.fna,GCF_031728415.1.fna,0.023451328,0.9765487
GCF_022690265.1.fna,GCF_031728415.1.fna,0.022930622,0.9770694
GCF_022689615.1.fna,GCF_031728415.1.fna,0.022204995,0.977795
GCF_031728745.1.fna,GCF_031728415.1.fna,0.02213347,0.97786653
GCF_022690275.1.fna,GCF_031728415.1.fna,0.02352649,0.9764735
GCF_047653515.1.fna,GCF_031728415.1.fna,0.022710681,0.9772893
GCF_031728275.1.fna,GCF_031728415.1.fna,0.009406269,0.99059373
GCF_022690115.1.fna,GCF_031728415.1.fna,0.025484025,0.974516
GCF_031728735.1.fna,GCF_031728415.1.fna,0.02285707,0.97714293
GCF_036419895.1.fna,GCF_031728415.1.fna,0.008771062,0.99122894
GCF_000269685.1.fna,GCF_031728415.1.fna,0.023376226,0.9766238
GCF_031728515.1.fna,GCF_031728415.1.fna,0.024059713,0.9759403
GCF_037700155.1.fna,GCF_031728415.1.fna,0.022348404,0.9776516
GCF_022690225.1.fna,GCF_031728415.1.fna,0.01345253,0.98654747
GCF_022689945.1.fna,GCF_031728415.1.fna,0.023376226,0.9766238
GCF_015274585.1.fna,GCF_031728415.1.fna,0.022710681,0.9772893
GCF_031728415.1.fna,GCF_031728415.1.fna,0.0,1.0
GCF_031729015.1.fna,GCF_031728415.1.fna,0.008732021,0.991268
GCF_037700315.1.fna,GCF_031728415.1.fna,0.010145903,0.9898541
GCF_031728795.1.fna,GCF_031728415.1.fna,0.010611594,0.9893884
GCF_031728555.1.fna,GCF_031728415.1.fna,0.023004293,0.9769957
GCF_029926865.1.fna,GCF_031728415.1.fna,0.023677707,0.9763223
GCF_040947225.1.fna,GCF_031728415.1.fna,0.0059087873,0.9940912
GCF_031728695.1.fna,GCF_031728415.1.fna,0.009125829,0.9908742
GCF_022689665.1.fna,GCF_031728415.1.fna,0.008538067,0.99146193
GCF_029926915.1.fna,GCF_031728415.1.fna,0.022492707,0.9775073
GCF_031728315.1.fna,GCF_031728415.1.fna,0.022637784,0.9773622
GCF_031727255.1.fna,GCF_031728415.1.fna,0.023152411,0.9768476
GCF_022690205.1.fna,GCF_031728415.1.fna,0.009568274,0.9904317
GCF_031727455.1.fna,GCF_031728415.1.fna,0.024841309,0.9751587
GCF_022690025.1.fna,GCF_031728415.1.fna,0.008538067,0.99146193
GCF_031727075.1.fna,GCF_031728415.1.fna,0.02213347,0.97786653
GCF_022690145.1.fna,GCF_031728415.1.fna,0.023004293,0.9769957
GCF_002901845.1.fna,GCF_031728415.1.fna,0.008732021,0.991268
GCF_022689825.1.fna,GCF_031728415.1.fna,0.023451328,0.9765487
GCF_031728675.1.fna,GCF_031728415.1.fna,0.008460999,0.991539
GCF_047653525.1.fna,GCF_031728415.1.fna,0.023226798,0.9767732
GCF_022690085.1.fna,GCF_031728415.1.fna,0.024920821,0.9750792
GCF_037700135.1.fna,GCF_031728415.1.fna,0.023451328,0.9765487
GCF_025143205.1.fna,GCF_031728415.1.fna,0.022565126,0.9774349
GCF_031728895.1.fna,GCF_031728415.1.fna,0.01010412,0.9898959
GCF_040947605.1.fna,GCF_031728415.1.fna,0.021991313,0.9780087
GCF_031727355.1.fna,GCF_031728415.1.fna,0.02213347,0.97786653
GCF_015274675.1.fna,GCF_031728415.1.fna,0.023753703,0.9762463
GCF_036420075.1.fna,GCF_031728415.1.fna,0.023226798,0.9767732
GCF_013267575.1.fna,GCF_031728415.1.fna,0.008654237,0.99134576
GCF_031727055.1.fna,GCF_031728415.1.fna,0.011892676,0.9881073
GCF_037700375.1.fna,GCF_031728415.1.fna,0.008193672,0.9918063
GCF_022690005.1.fna,GCF_031728415.1.fna,0.007268071,0.9927319
GCF_031631055.1.fna,GCF_031728415.1.fna,0.0135015845,0.9864984
GCF_031728495.1.fna,GCF_031728415.1.fna,0.004393697,0.9956063
GCF_964211265.1.fna,GCF_031728415.1.fna,0.009568274,0.9904317
GCF_031727535.1.fna,GCF_031728415.1.fna,0.008384287,0.9916157
GCF_025143445.1.fna,GCF_031728415.1.fna,0.010020673,0.9899793
GCF_022689855.1.fna,GCF_031728415.1.fna,0.009568274,0.9904317
GCF_022689725.1.fna,GCF_031728415.1.fna,0.008538067,0.99146193
GCF_031727275.1.fna,GCF_031728415.1.fna,0.004270494,0.9957295
GCF_031728235.1.fna,GCF_031728415.1.fna,0.024214208,0.9757858
GCF_040947205.1.fna,GCF_031728415.1.fna,0.022565126,0.9774349
GCF_031727235.1.fna,GCF_031728415.1.fna,0.009527624,0.9904724
GCF_022690165.1.fna,GCF_031728415.1.fna,0.023078203,0.9769218
GCF_031728075.1.fna,GCF_031728415.1.fna,0.022930622,0.9770694
GCF_022689965.1.fna,GCF_031728415.1.fna,0.021991313,0.9780087
GCF_022689575.1.fna,GCF_031728415.1.fna,0.008538067,0.99146193
GCF_037694985.1.fna,GCF_031728415.1.fna,0.02390629,0.9760937
GCF_022690185.1.fna,GCF_031728415.1.fna,0.008693099,0.9913069
GCF_031728335.1.fna,GCF_031728415.1.fna,0.022930622,0.9770694
GCF_031728095.1.fna,GCF_031728415.1.fna,0.009365916,0.9906341
GCF_022690385.1.fna,GCF_031728415.1.fna,0.024059713,0.9759403
GCF_022690425.1.fna,GCF_031728415.1.fna,0.02285707,0.97714293
GCF_022690375.1.fna,GCF_031728415.1.fna,0.009245515,0.9907545
GCF_022689675.1.fna,GCF_031728415.1.fna,0.022062302,0.9779377
GCF_022690245.1.fna,GCF_031728415.1.fna,0.023226798,0.9767732
GCF_037700295.1.fna,GCF_031728415.1.fna,0.022637784,0.9773622
GCF_015274535.1.fna,GCF_031728415.1.fna,0.022710681,0.9772893
GCF_022689845.1.fna,GCF_031728415.1.fna,0.023376226,0.9766238
GCF_022689745.1.fna,GCF_031728415.1.fna,0.02213347,0.97786653
GCF_022689925.1.fna,GCF_031728415.1.fna,0.025484025,0.974516
GCF_015274655.1.fna,GCF_031728415.1.fna,0.022710681,0.9772893
GCF_022690325.1.fna,GCF_031728415.1.fna,0.009165645,0.99083436
GCF_022689785.1.fna,GCF_031728415.1.fna,0.007855296,0.9921447
GCF_031728155.1.fna,GCF_031728415.1.fna,0.022637784,0.9773622
GCF_037700455.1.fna,GCF_031728415.1.fna,0.008307815,0.9916922
GCF_022689905.1.fna,GCF_031728415.1.fna,0.022710681,0.9772893
GCF_022690105.1.fna,GCF_031728415.1.fna,0.022348404,0.9776516
GCF_022689975.1.fna,GCF_031728415.1.fna,0.023451328,0.9765487
GCF_022689705.1.fna,GCF_031728415.1.fna,0.01010412,0.9898959
GCF_031728835.1.fna,GCF_031728415.1.fna,0.022565126,0.9774349
GCF_031728115.1.fna,GCF_031728415.1.fna,0.022492707,0.9775073
GCF_022689775.1.fna,GCF_031728415.1.fna,0.009046435,0.99095356
GCF_031728455.1.fna,GCF_031728415.1.fna,0.003875792,0.9961242
GCF_025143615.1.fna,GCF_031728415.1.fna,0.00920558,0.9907944
GCF_052950835.1.fna,GCF_031728415.1.fna,0.013898492,0.9861015
GCF_040947125.1.fna,GCF_031728415.1.fna,0.008654237,0.99134576
GCF_017315645.1.fna,GCF_031728415.1.fna,0.022348404,0.9776516
GCF_040947645.1.fna,GCF_031728415.1.fna,0.022062302,0.9779377
GCF_022690345.1.fna,GCF_031728415.1.fna,0.022565126,0.9774349
GCF_022689645.1.fna,GCF_031728415.1.fna,0.009568274,0.9904317
GCF_022690295.1.fna,GCF_031728415.1.fna,0.023078203,0.9769218
GCF_031728715.1.fna,GCF_031728415.1.fna,0.008345962,0.99165404
GCF_031728295.1.fna,GCF_031728415.1.fna,0.022492707,0.9775073
GCF_040947065.1.fna,GCF_031728415.1.fna,0.013112009,0.986888
GCF_037695175.1.fna,GCF_031728415.1.fna,0.008849382,0.9911506
GCF_031728475.1.fna,GCF_031728415.1.fna,0.023078203,0.9769218
GCF_022690045.1.fna,GCF_031729015.1.fna,0.005183816,0.9948162
GCF_017315625.1.fna,GCF_031729015.1.fna,0.019563198,0.9804368
GCF_900458635.1.fna,GCF_031729015.1.fna,0.0077438354,0.99225616
GCF_022689565.1.fna,GCF_031729015.1.fna,0.021086395,0.9789136
GCF_029926905.1.fna,GCF_031729015.1.fna,0.022930622,0.9770694
GCF_040947025.1.fna,GCF_031729015.1.fna,0.021779478,0.9782205
GCF_022690065.1.fna,GCF_031729015.1.fna,0.022565126,0.9774349
GCF_022689765.1.fna,GCF_031729015.1.fna,0.022204995,0.977795
GCF_022690265.1.fna,GCF_031729015.1.fna,0.022348404,0.9776516
GCF_022689615.1.fna,GCF_031729015.1.fna,0.021709323,0.9782907
GCF_031728745.1.fna,GCF_031729015.1.fna,0.021223426,0.9787766
GCF_022690275.1.fna,GCF_031729015.1.fna,0.023753703,0.9762463
GCF_047653515.1.fna,GCF_031729015.1.fna,0.021639287,0.9783607
GCF_031728275.1.fna,GCF_031729015.1.fna,0.008693099,0.9913069
GCF_022690115.1.fna,GCF_031729015.1.fna,0.024920821,0.9750792
GCF_031728735.1.fna,GCF_031729015.1.fna,0.021430492,0.9785695
GCF_036419895.1.fna,GCF_031729015.1.fna,0.0021891594,0.99781084
GCF_000269685.1.fna,GCF_031729015.1.fna,0.023226798,0.9767732
GCF_031728515.1.fna,GCF_031729015.1.fna,0.025000513,0.9749995
GCF_037700155.1.fna,GCF_031729015.1.fna,0.021709323,0.9782907
GCF_022690225.1.fna,GCF_031729015.1.fna,0.0124467015,0.9875533
GCF_022689945.1.fna,GCF_031729015.1.fna,0.023677707,0.9763223
GCF_015274585.1.fna,GCF_031729015.1.fna,0.021991313,0.9780087
GCF_031728415.1.fna,GCF_031729015.1.fna,0.008732021,0.991268
GCF_031729015.1.fna,GCF_031729015.1.fna,0.0,1.0
GCF_037700315.1.fna,GCF_031729015.1.fna,0.0066984296,0.9933016
GCF_031728795.1.fna,GCF_031729015.1.fna,0.009406269,0.99059373
GCF_031728555.1.fna,GCF_031729015.1.fna,0.022637784,0.9773622
GCF_029926865.1.fna,GCF_031729015.1.fna,0.022930622,0.9770694
GCF_040947225.1.fna,GCF_031729015.1.fna,0.0075594783,0.9924405
GCF_031728695.1.fna,GCF_031729015.1.fna,0.0061455965,0.9938544
GCF_022689665.1.fna,GCF_031729015.1.fna,0.008810163,0.99118984
GCF_029926915.1.fna,GCF_031729015.1.fna,0.02184987,0.9781501
GCF_031728315.1.fna,GCF_031729015.1.fna,0.020747006,0.979253
GCF_031727255.1.fna,GCF_031729015.1.fna,0.02390629,0.9760937
GCF_022690205.1.fna,GCF_031729015.1.fna,0.0036076307,0.99639237
GCF_031727455.1.fna,GCF_031729015.1.fna,0.02285707,0.97714293
GCF_022690025.1.fna,GCF_031729015.1.fna,0.008576691,0.9914233
GCF_031727075.1.fna,GCF_031729015.1.fna,0.021709323,0.9782907
GCF_022690145.1.fna,GCF_031729015.1.fna,0.022565126,0.9774349
GCF_002901845.1.fna,GCF_031729015.1.fna,0.007706821,0.9922932
GCF_022689825.1.fna,GCF_031729015.1.fna,0.022204995,0.977795
GCF_031728675.1.fna,GCF_031729015.1.fna,0.0064892173,0.9935108
GCF_047653525.1.fna,GCF_031729015.1.fna,0.021709323,0.9782907
GCF_022690085.1.fna,GCF_031729015.1.fna,0.02227658,0.9777234
GCF_037700135.1.fna,GCF_031729015.1.fna,0.023004293,0.9769957
GCF_025143205.1.fna,GCF_031729015.1.fna,0.022062302,0.9779377
GCF_031728895.1.fna,GCF_031729015.1.fna,0.0089674,0.9910326
GCF_040947605.1.fna,GCF_031729015.1.fna,0.021499872,0.9785001
GCF_031727355.1.fna,GCF_031729015.1.fna,0.021086395,0.9789136
GCF_015274675.1.fna,GCF_031729015.1.fna,0.022565126,0.9774349
GCF_036420075.1.fna,GCF_031729015.1.fna,0.02352649,0.9764735
GCF_013267575.1.fna,GCF_031729015.1.fna,0.006316602,0.9936834
GCF_031727055.1.fna,GCF_031729015.1.fna,0.01180172,0.9881983
GCF_037700375.1.fna,GCF_031729015.1.fna,0.008732021,0.991268
GCF_022690005.1.fna,GCF_031729015.1.fna,0.0052161217,0.9947839
GCF_031631055.1.fna,GCF_031729015.1.fna,0.013208687,0.9867913
GCF_031728495.1.fna,GCF_031729015.1.fna,0.008042574,0.9919574
GCF_964211265.1.fna,GCF_031729015.1.fna,0.009006858,0.99099314
GCF_031727535.1.fna,GCF_031729015.1.fna,0.008576691,0.9914233
GCF_025143445.1.fna,GCF_031729015.1.fna,0.008042574,0.9919574
GCF_022689855.1.fna,GCF_031729015.1.fna,0.009813786,0.9901862
GCF_022689725.1.fna,GCF_031729015.1.fna,0.008810163,0.99118984
GCF_031727275.1.fna,GCF_031729015.1.fna,0.009325743,0.99067426
GCF_031728235.1.fna,GCF_031729015.1.fna,0.024291694,0.9757083
GCF_040947205.1.fna,GCF_031729015.1.fna,0.021223426,0.9787766
GCF_031727235.1.fna,GCF_031729015.1.fna,0.009772658,0.99022734
GCF_022690165.1.fna,GCF_031729015.1.fna,0.022637784,0.9773622
GCF_031728075.1.fna,GCF_031729015.1.fna,0.022930622,0.9770694
GCF_022689965.1.fna,GCF_031729015.1.fna,0.021018088,0.9789819
GCF_022689575.1.fna,GCF_031729015.1.fna,0.008849382,0.9911506
GCF_037694985.1.fna,GCF_031729015.1.fna,0.022783816,0.9772162
GCF_022690185.1.fna,GCF_031729015.1.fna,0.0026863813,0.9973136
GCF_031728335.1.fna,GCF_031729015.1.fna,0.02285707,0.97714293
GCF_031728095.1.fna,GCF_031729015.1.fna,0.0070524216,0.9929476
GCF_022690385.1.fna,GCF_031729015.1.fna,0.02285707,0.97714293
GCF_022690425.1.fna,GCF_031729015.1.fna,0.02285707,0.97714293
GCF_022690375.1.fna,GCF_031729015.1.fna,0.009006858,0.99099314
GCF_022689675.1.fna,GCF_031729015.1.fna,0.02156949,0.9784305
GCF_022690245.1.fna,GCF_031729015.1.fna,0.021709323,0.9782907
GCF_037700295.1.fna,GCF_031729015.1.fna,0.02156949,0.9784305
GCF_015274535.1.fna,GCF_031729015.1.fna,0.021991313,0.9780087
GCF_022689845.1.fna,GCF_031729015.1.fna,0.022710681,0.9772893
GCF_022689745.1.fna,GCF_031729015.1.fna,0.021709323,0.9782907
GCF_022689925.1.fna,GCF_031729015.1.fna,0.023753703,0.9762463
GCF_015274655.1.fna,GCF_031729015.1.fna,0.021991313,0.9780087
GCF_022690325.1.fna,GCF_031729015.1.fna,0.007892609,0.9921074
GCF_022689785.1.fna,GCF_031729015.1.fna,0.0048002005,0.9951998
GCF_031728155.1.fna,GCF_031729015.1.fna,0.021709323,0.9782907
GCF_037700455.1.fna,GCF_031729015.1.fna,0.008810163,0.99118984
GCF_022689905.1.fna,GCF_031729015.1.fna,0.020814478,0.9791855
GCF_022690105.1.fna,GCF_031729015.1.fna,0.02227658,0.9777234
GCF_022689975.1.fna,GCF_031729015.1.fna,0.022204995,0.977795
GCF_022689705.1.fna,GCF_031729015.1.fna,0.009165645,0.99083436
GCF_031728835.1.fna,GCF_031729015.1.fna,0.022204995,0.977795
GCF_031728115.1.fna,GCF_031729015.1.fna,0.022420406,0.9775796
GCF_022689775.1.fna,GCF_031729015.1.fna,0.0032563806,0.9967436
GCF_031728455.1.fna,GCF_031729015.1.fna,0.008693099,0.9913069
GCF_025143615.1.fna,GCF_031729015.1.fna,0.0029121041,0.9970879
GCF_052950835.1.fna,GCF_031729015.1.fna,0.0133059025,0.9866941
GCF_040947125.1.fna,GCF_031729015.1.fna,0.008849382,0.9911506
GCF_017315645.1.fna,GCF_031729015.1.fna,0.02088219,0.9791178
GCF_040947645.1.fna,GCF_031729015.1.fna,0.021499872,0.9785001
GCF_022690345.1.fna,GCF_031729015.1.fna,0.02156949,0.9784305
GCF_022689645.1.fna,GCF_031729015.1.fna,0.0094870925,0.9905129
GCF_022690295.1.fna,GCF_031729015.1.fna,0.02390629,0.9760937
GCF_031728715.1.fna,GCF_031729015.1.fna,0.0014438629,0.99855614
GCF_031728295.1.fna,GCF_031729015.1.fna,0.021361291,0.9786387
GCF_040947065.1.fna,GCF_031729015.1.fna,0.012634695,0.9873653
GCF_037695175.1.fna,GCF_031729015.1.fna,0.008732021,0.991268
GCF_031728475.1.fna,GCF_031729015.1.fna,0.021991313,0.9780087
GCF_022690045.1.fna,GCF_037700315.1.fna,0.00737679,0.9926232
GCF_017315625.1.fna,GCF_037700315.1.fna,0.02088219,0.9791178
GCF_900458635.1.fna,GCF_037700315.1.fna,0.007929981,0.99207
GCF_022689565.1.fna,GCF_037700315.1.fna,0.021779478,0.9782205
GCF_029926905.1.fna,GCF_037700315.1.fna,0.0244475,0.9755525
GCF_040947025.1.fna,GCF_037700315.1.fna,0.022637784,0.9773622
GCF_022690065.1.fna,GCF_037700315.1.fna,0.024059713,0.9759403
GCF_022689765.1.fna,GCF_037700315.1.fna,0.024059713,0.9759403
GCF_022690265.1.fna,GCF_037700315.1.fna,0.023753703,0.9762463
GCF_022689615.1.fna,GCF_037700315.1.fna,0.022930622,0.9770694
GCF_031728745.1.fna,GCF_037700315.1.fna,0.022565126,0.9774349
GCF_022690275.1.fna,GCF_037700315.1.fna,0.024525821,0.9754742
GCF_047653515.1.fna,GCF_037700315.1.fna,0.022420406,0.9775796
GCF_031728275.1.fna,GCF_037700315.1.fna,0.009325743,0.99067426
GCF_022690115.1.fna,GCF_037700315.1.fna,0.026059687,0.9739403
GCF_031728735.1.fna,GCF_037700315.1.fna,0.023078203,0.9769218
GCF_036419895.1.fna,GCF_037700315.1.fna,0.0061455965,0.9938544
GCF_000269685.1.fna,GCF_037700315.1.fna,0.023451328,0.9765487
GCF_031728515.1.fna,GCF_037700315.1.fna,0.025893986,0.974106
GCF_037700155.1.fna,GCF_037700315.1.fna,0.022930622,0.9770694
GCF_022690225.1.fna,GCF_037700315.1.fna,0.0130156875,0.9869843
GCF_022689945.1.fna,GCF_037700315.1.fna,0.0244475,0.9755525
GCF_015274585.1.fna,GCF_037700315.1.fna,0.023078203,0.9769218
GCF_031728415.1.fna,GCF_037700315.1.fna,0.010145903,0.9898541
GCF_031729015.1.fna,GCF_037700315.1.fna,0.0066984296,0.9933016
GCF_037700315.1.fna,GCF_037700315.1.fna,0.0,1.0
GCF_031728795.1.fna,GCF_037700315.1.fna,0.009365916,0.9906341
GCF_031728555.1.fna,GCF_037700315.1.fna,0.024059713,0.9759403
GCF_029926865.1.fna,GCF_037700315.1.fna,0.0244475,0.9755525
GCF_040947225.1.fna,GCF_037700315.1.fna,0.008810163,0.99118984
GCF_031728695.1.fna,GCF_037700315.1.fna,0.007340491,0.9926595
GCF_022689665.1.fna,GCF_037700315.1.fna,0.008810163,0.99118984
GCF_029926915.1.fna,GCF_037700315.1.fna,0.023376226,0.9766238
GCF_031728315.1.fna,GCF_037700315.1.fna,0.022348404,0.9776516
GCF_031727255.1.fna,GCF_037700315.1.fna,0.024525821,0.9754742
GCF_022690205.1.fna,GCF_037700315.1.fna,0.0069811344,0.99301887
GCF_031727455.1.fna,GCF_037700315.1.fna,0.024525821,0.9754742
GCF_022690025.1.fna,GCF_037700315.1.fna,0.009086072,0.9909139
GCF_031727075.1.fna,GCF_037700315.1.fna,0.022930622,0.9770694
GCF_022690145.1.fna,GCF_037700315.1.fna,0.024059713,0.9759403
GCF_002901845.1.fna,GCF_037700315.1.fna,0.007818103,0.9921819
GCF_022689825.1.fna,GCF_037700315.1.fna,0.024059713,0.9759403
GCF_031728675.1.fna,GCF_037700315.1.fna,0.0072319508,0.99276805
GCF_047653525.1.fna,GCF_037700315.1.fna,0.023226798,0.9767732
GCF_022690085.1.fna,GCF_037700315.1.fna,0.023677707,0.9763223
GCF_037700135.1.fna,GCF_037700315.1.fna,0.024369478,0.9756305
GCF_025143205.1.fna,GCF_037700315.1.fna,0.023376226,0.9766238
GCF_031728895.1.fna,GCF_037700315.1.fna,0.008810163,0.99118984
GCF_040947605.1.fna,GCF_037700315.1.fna,0.023004293,0.9769957
GCF_031727355.1.fna,GCF_037700315.1.fna,0.021709323,0.9782907
GCF_015274675.1.fna,GCF_037700315.1.fna,0.02352649,0.9764735
GCF_036420075.1.fna,GCF_037700315.1.fna,0.024525821,0.9754742
GCF_013267575.1.fna,GCF_037700315.1.fna,0.0070524216,0.9929476
GCF_031727055.1.fna,GCF_037700315.1.fna,0.011666119,0.9883339
GCF_037700375.1.fna,GCF_037700315.1.fna,0.008927941,0.99107206
GCF_022690005.1.fna,GCF_037700315.1.fna,0.00737679,0.9926232
GCF_031631055.1.fna,GCF_037700315.1.fna,0.013208687,0.9867913
GCF_031728495.1.fna,GCF_037700315.1.fna,0.008771062,0.99122894
GCF_964211265.1.fna,GCF_037700315.1.fna,0.009325743,0.99067426
GCF_031727535.1.fna,GCF_037700315.1.fna,0.009365916,0.9906341
GCF_025143445.1.fna,GCF_037700315.1.fna,0.008460999,0.991539
GCF_022689855.1.fna,GCF_037700315.1.fna,0.009608984,0.990391
GCF_022689725.1.fna,GCF_037700315.1.fna,0.008810163,0.99118984
GCF_031727275.1.fna,GCF_037700315.1.fna,0.009165645,0.99083436
GCF_031728235.1.fna,GCF_037700315.1.fna,0.024841309,0.9751587
GCF_040947205.1.fna,GCF_037700315.1.fna,0.022637784,0.9773622
GCF_031727235.1.fna,GCF_037700315.1.fna,0.009568274,0.9904317
GCF_022690165.1.fna,GCF_037700315.1.fna,0.024136782,0.9758632
GCF_031728075.1.fna,GCF_037700315.1.fna,0.024214208,0.9757858
GCF_022689965.1.fna,GCF_037700315.1.fna,0.021779478,0.9782205
GCF_022689575.1.fna,GCF_037700315.1.fna,0.008849382,0.9911506
GCF_037694985.1.fna,GCF_037700315.1.fna,0.023753703,0.9762463
GCF_022690185.1.fna,GCF_037700315.1.fna,0.006316602,0.9936834
GCF_031728335.1.fna,GCF_037700315.1.fna,0.023753703,0.9762463
GCF_031728095.1.fna,GCF_037700315.1.fna,0.0064199567,0.99358004
GCF_022690385.1.fna,GCF_037700315.1.fna,0.024136782,0.9758632
GCF_022690425.1.fna,GCF_037700315.1.fna,0.024136782,0.9758632
GCF_022690375.1.fna,GCF_037700315.1.fna,0.009854972,0.990145
GCF_022689675.1.fna,GCF_037700315.1.fna,0.02285707,0.97714293
GCF_022690245.1.fna,GCF_037700315.1.fna,0.023152411,0.9768476
GCF_037700295.1.fna,GCF_037700315.1.fna,0.022637784,0.9773622
GCF_015274535.1.fna,GCF_037700315.1.fna,0.023078203,0.9769218
GCF_022689845.1.fna,GCF_037700315.1.fna,0.02390629,0.9760937
GCF_022689745.1.fna,GCF_037700315.1.fna,0.022930622,0.9770694
GCF_022689925.1.fna,GCF_037700315.1.fna,0.024683118,0.9753169
GCF_015274655.1.fna,GCF_037700315.1.fna,0.023078203,0.9769218
GCF_022690325.1.fna,GCF_037700315.1.fna,0.008422613,0.9915774
GCF_022689785.1.fna,GCF_037700315.1.fna,0.004895389,0.9951046
GCF_031728155.1.fna,GCF_037700315.1.fna,0.022420406,0.9775796
GCF_037700455.1.fna,GCF_037700315.1.fna,0.009006858,0.99099314
GCF_022689905.1.fna,GCF_037700315.1.fna,0.022348404,0.9776516
GCF_022690105.1.fna,GCF_037700315.1.fna,0.023004293,0.9769957
GCF_022689975.1.fna,GCF_037700315.1.fna,0.024059713,0.9759403
GCF_022689705.1.fna,GCF_037700315.1.fna,0.010145903,0.9898541
GCF_031728835.1.fna,GCF_037700315.1.fna,0.02352649,0.9764735
GCF_031728115.1.fna,GCF_037700315.1.fna,0.023226798,0.9767732
GCF_022689775.1.fna,GCF_037700315.1.fna,0.0066284537,0.99337155
GCF_031728455.1.fna,GCF_037700315.1.fna,0.008576691,0.9914233
GCF_025143615.1.fna,GCF_037700315.1.fna,0.0059424043,0.9940576
GCF_052950835.1.fna,GCF_037700315.1.fna,0.0135015845,0.9864984
GCF_040947125.1.fna,GCF_037700315.1.fna,0.009046435,0.99095356
GCF_017315645.1.fna,GCF_037700315.1.fna,0.022783816,0.9772162
GCF_040947645.1.fna,GCF_037700315.1.fna,0.023004293,0.9769957
GCF_022690345.1.fna,GCF_037700315.1.fna,0.02227658,0.9777234
GCF_022689645.1.fna,GCF_037700315.1.fna,0.009937644,0.99006236
GCF_022690295.1.fna,GCF_037700315.1.fna,0.024525821,0.9754742
GCF_031728715.1.fna,GCF_037700315.1.fna,0.0057082176,0.9942918
GCF_031728295.1.fna,GCF_037700315.1.fna,0.022930622,0.9770694
GCF_040947065.1.fna,GCF_037700315.1.fna,0.012824297,0.9871757
GCF_037695175.1.fna,GCF_037700315.1.fna,0.009446621,0.9905534
GCF_031728475.1.fna,GCF_037700315.1.fna,0.023301423,0.9766986
GCF_022690045.1.fna,GCF_031728795.1.fna,0.008927941,0.99107206
GCF_017315625.1.fna,GCF_031728795.1.fna,0.01937139,0.9806286
GCF_900458635.1.fna,GCF_031728795.1.fna,0.009046435,0.99095356
GCF_022689565.1.fna,GCF_031728795.1.fna,0.019499123,0.9805009
GCF_029926905.1.fna,GCF_031728795.1.fna,0.022637784,0.9773622
GCF_040947025.1.fna,GCF_031728795.1.fna,0.020082176,0.9799178
GCF_022690065.1.fna,GCF_031728795.1.fna,0.02115482,0.9788452
GCF_022689765.1.fna,GCF_031728795.1.fna,0.020213723,0.9797863
GCF_022690265.1.fna,GCF_031728795.1.fna,0.020950079,0.9790499
GCF_022689615.1.fna,GCF_031728795.1.fna,0.020082176,0.9799178
GCF_031728745.1.fna,GCF_031728795.1.fna,0.020082176,0.9799178
GCF_022690275.1.fna,GCF_031728795.1.fna,0.021086395,0.9789136
GCF_047653515.1.fna,GCF_031728795.1.fna,0.020345926,0.9796541
GCF_031728275.1.fna,GCF_031728795.1.fna,0.009365916,0.9906341
GCF_022690115.1.fna,GCF_031728795.1.fna,0.0244475,0.9755525
GCF_031728735.1.fna,GCF_031728795.1.fna,0.019756496,0.9802435
GCF_036419895.1.fna,GCF_031728795.1.fna,0.009086072,0.9909139
GCF_000269685.1.fna,GCF_031728795.1.fna,0.021639287,0.9783607
GCF_031728515.1.fna,GCF_031728795.1.fna,0.023451328,0.9765487
GCF_037700155.1.fna,GCF_031728795.1.fna,0.020814478,0.9791855
GCF_022690225.1.fna,GCF_031728795.1.fna,0.012306809,0.9876932
GCF_022689945.1.fna,GCF_031728795.1.fna,0.022420406,0.9775796
GCF_015274585.1.fna,GCF_031728795.1.fna,0.020279706,0.9797203
GCF_031728415.1.fna,GCF_031728795.1.fna,0.010611594,0.9893884
GCF_031729015.1.fna,GCF_031728795.1.fna,0.009406269,0.99059373
GCF_037700315.1.fna,GCF_031728795.1.fna,0.009365916,0.9906341
GCF_031728795.1.fna,GCF_031728795.1.fna,0.0,1.0
GCF_031728555.1.fna,GCF_031728795.1.fna,0.021086395,0.9789136
GCF_029926865.1.fna,GCF_031728795.1.fna,0.022637784,0.9773622
GCF_040947225.1.fna,GCF_031728795.1.fna,0.008345962,0.99165404
GCF_031728695.1.fna,GCF_031728795.1.fna,0.008771062,0.99122894
GCF_022689665.1.fna,GCF_031728795.1.fna,0.010145903,0.9898541
GCF_029926915.1.fna,GCF_031728795.1.fna,0.021709323,0.9782907
GCF_031728315.1.fna,GCF_031728795.1.fna,0.0201478,0.9798522
GCF_031727255.1.fna,GCF_031728795.1.fna,0.02213347,0.97786653
GCF_022690205.1.fna,GCF_031728795.1.fna,0.010020673,0.9899793
GCF_031727455.1.fna,GCF_031728795.1.fna,0.024059713,0.9759403
GCF_022690025.1.fna,GCF_031728795.1.fna,0.010483503,0.9895165
GCF_031727075.1.fna,GCF_031728795.1.fna,0.02001667,0.9799833
GCF_022690145.1.fna,GCF_031728795.1.fna,0.021223426,0.9787766
GCF_002901845.1.fna,GCF_031728795.1.fna,0.009006858,0.99099314
GCF_022689825.1.fna,GCF_031728795.1.fna,0.020213723,0.9797863
GCF_031728675.1.fna,GCF_031728795.1.fna,0.008422613,0.9915774
GCF_047653525.1.fna,GCF_031728795.1.fna,0.020950079,0.9790499
GCF_022690085.1.fna,GCF_031728795.1.fna,0.023982882,0.9760171
GCF_037700135.1.fna,GCF_031728795.1.fna,0.02156949,0.9784305
GCF_025143205.1.fna,GCF_031728795.1.fna,0.02088219,0.9791178
GCF_031728895.1.fna,GCF_031728795.1.fna,0.0064199567,0.99358004
GCF_040947605.1.fna,GCF_031728795.1.fna,0.020747006,0.979253
GCF_031727355.1.fna,GCF_031728795.1.fna,0.019435227,0.9805648
GCF_015274675.1.fna,GCF_031728795.1.fna,0.021430492,0.9785695
GCF_036420075.1.fna,GCF_031728795.1.fna,0.022348404,0.9776516
GCF_013267575.1.fna,GCF_031728795.1.fna,0.00823164,0.99176836
GCF_031727055.1.fna,GCF_031728795.1.fna,0.012587488,0.9874125
GCF_037700375.1.fna,GCF_031728795.1.fna,0.010020673,0.9899793
GCF_022690005.1.fna,GCF_031728795.1.fna,0.008927941,0.99107206
GCF_031631055.1.fna,GCF_031728795.1.fna,0.012353301,0.9876467
GCF_031728495.1.fna,GCF_031728795.1.fna,0.008499503,0.9915005
GCF_964211265.1.fna,GCF_031728795.1.fna,0.009979129,0.9900209
GCF_031727535.1.fna,GCF_031728795.1.fna,0.010271788,0.9897282
GCF_025143445.1.fna,GCF_031728795.1.fna,0.007929981,0.99207
GCF_022689855.1.fna,GCF_031728795.1.fna,0.010526121,0.9894739
GCF_022689725.1.fna,GCF_031728795.1.fna,0.010145903,0.9898541
GCF_031727275.1.fna,GCF_031728795.1.fna,0.009937644,0.99006236
GCF_031728235.1.fna,GCF_031728795.1.fna,0.022420406,0.9775796
GCF_040947205.1.fna,GCF_031728795.1.fna,0.020747006,0.979253
GCF_031727235.1.fna,GCF_031728795.1.fna,0.010483503,0.9895165
GCF_022690165.1.fna,GCF_031728795.1.fna,0.02115482,0.9788452
GCF_031728075.1.fna,GCF_031728795.1.fna,0.021779478,0.9782205
GCF_022689965.1.fna,GCF_031728795.1.fna,0.019691885,0.9803081
GCF_022689575.1.fna,GCF_031728795.1.fna,0.010187805,0.9898122
GCF_037694985.1.fna,GCF_031728795.1.fna,0.02227658,0.9777234
GCF_022690185.1.fna,GCF_031728795.1.fna,0.009285569,0.99071443
GCF_031728335.1.fna,GCF_031728795.1.fna,0.021639287,0.9783607
GCF_031728095.1.fna,GCF_031728795.1.fna,0.008849382,0.9911506
GCF_022690385.1.fna,GCF_031728795.1.fna,0.021920502,0.9780795
GCF_022690425.1.fna,GCF_031728795.1.fna,0.021709323,0.9782907
GCF_022690375.1.fna,GCF_031728795.1.fna,0.010229826,0.9897702
GCF_022689675.1.fna,GCF_031728795.1.fna,0.0201478,0.9798522
GCF_022690245.1.fna,GCF_031728795.1.fna,0.020279706,0.9797203
GCF_037700295.1.fna,GCF_031728795.1.fna,0.02088219,0.9791178
GCF_015274535.1.fna,GCF_031728795.1.fna,0.020279706,0.9797203
GCF_022689845.1.fna,GCF_031728795.1.fna,0.021018088,0.9789819
GCF_022689745.1.fna,GCF_031728795.1.fna,0.02001667,0.9799833
GCF_022689925.1.fna,GCF_031728795.1.fna,0.023829877,0.9761701
GCF_015274655.1.fna,GCF_031728795.1.fna,0.020279706,0.9797203
GCF_022690325.1.fna,GCF_031728795.1.fna,0.0070524216,0.9929476
GCF_022689785.1.fna,GCF_031728795.1.fna,0.007706821,0.9922932
GCF_031728155.1.fna,GCF_031728795.1.fna,0.019563198,0.9804368
GCF_037700455.1.fna,GCF_031728795.1.fna,0.010062277,0.9899377
GCF_022689905.1.fna,GCF_031728795.1.fna,0.020279706,0.9797203
GCF_022690105.1.fna,GCF_031728795.1.fna,0.021018088,0.9789819
GCF_022689975.1.fna,GCF_031728795.1.fna,0.020279706,0.9797203
GCF_022689705.1.fna,GCF_031728795.1.fna,0.011486471,0.9885135
GCF_031728835.1.fna,GCF_031728795.1.fna,0.021292329,0.9787077
GCF_031728115.1.fna,GCF_031728795.1.fna,0.019563198,0.9804368
GCF_022689775.1.fna,GCF_031728795.1.fna,0.009649754,0.99035025
GCF_031728455.1.fna,GCF_031728795.1.fna,0.009046435,0.99095356
GCF_025143615.1.fna,GCF_031728795.1.fna,0.009325743,0.99067426
GCF_052950835.1.fna,GCF_031728795.1.fna,0.012587488,0.9874125
GCF_040947125.1.fna,GCF_031728795.1.fna,0.010697424,0.9893026
GCF_017315645.1.fna,GCF_031728795.1.fna,0.020412326,0.9795877
GCF_040947645.1.fna,GCF_031728795.1.fna,0.02088219,0.9791178
GCF_022690345.1.fna,GCF_031728795.1.fna,0.019627512,0.9803725
GCF_022689645.1.fna,GCF_031728795.1.fna,0.011044383,0.9889556
GCF_022690295.1.fna,GCF_031728795.1.fna,0.022062302,0.9779377
GCF_031728715.1.fna,GCF_031728795.1.fna,0.008193672,0.9918063
GCF_031728295.1.fna,GCF_031728795.1.fna,0.020345926,0.9796541
GCF_040947065.1.fna,GCF_031728795.1.fna,0.010826886,0.9891731
GCF_037695175.1.fna,GCF_031728795.1.fna,0.010229826,0.9897702
GCF_031728475.1.fna,GCF_031728795.1.fna,0.019951403,0.9800486
GCF_022690045.1.fna,GCF_031728555.1.fna,0.021639287,0.9783607
GCF_017315625.1.fna,GCF_031728555.1.fna,0.009406269,0.99059373
GCF_900458635.1.fna,GCF_031728555.1.fna,0.020679712,0.9793203
GCF_022689565.1.fna,GCF_031728555.1.fna,0.00737679,0.9926232
GCF_029926905.1.fna,GCF_031728555.1.fna,0.009365916,0.9906341
GCF_040947025.1.fna,GCF_031728555.1.fna,0.008888602,0.9911114
GCF_022690065.1.fna,GCF_031728555.1.fna,4.7683716e-05,0.9999523
GCF_022689765.1.fna,GCF_031728555.1.fna,0.007855296,0.9921447
GCF_022690265.1.fna,GCF_031728555.1.fna,0.0005326271,0.9994674
GCF_022689615.1.fna,GCF_031728555.1.fna,0.0072319508,0.99276805
GCF_031728745.1.fna,GCF_031728555.1.fna,0.008771062,0.99122894
GCF_022690275.1.fna,GCF_031728555.1.fna,0.007892609,0.9921074
GCF_047653515.1.fna,GCF_031728555.1.fna,0.008732021,0.991268
GCF_031728275.1.fna,GCF_031728555.1.fna,0.022637784,0.9773622
GCF_022690115.1.fna,GCF_031728555.1.fna,0.0133059025,0.9866941
GCF_031728735.1.fna,GCF_031728555.1.fna,0.008810163,0.99118984
GCF_036419895.1.fna,GCF_031728555.1.fna,0.02227658,0.9777234
GCF_000269685.1.fna,GCF_031728555.1.fna,0.009568274,0.9904317
GCF_031728515.1.fna,GCF_031728555.1.fna,0.009649754,0.99035025
GCF_037700155.1.fna,GCF_031728555.1.fna,0.007340491,0.9926595
GCF_022690225.1.fna,GCF_031728555.1.fna,0.02184987,0.9781501
GCF_022689945.1.fna,GCF_031728555.1.fna,0.008732021,0.991268
GCF_015274585.1.fna,GCF_031728555.1.fna,0.0089674,0.9910326
GCF_031728415.1.fna,GCF_031728555.1.fna,0.023004293,0.9769957
GCF_031729015.1.fna,GCF_031728555.1.fna,0.022637784,0.9773622
GCF_037700315.1.fna,GCF_031728555.1.fna,0.024059713,0.9759403
GCF_031728795.1.fna,GCF_031728555.1.fna,0.021086395,0.9789136
GCF_031728555.1.fna,GCF_031728555.1.fna,0.0,1.0
GCF_029926865.1.fna,GCF_031728555.1.fna,0.009365916,0.9906341
GCF_040947225.1.fna,GCF_031728555.1.fna,0.020279706,0.9797203
GCF_031728695.1.fna,GCF_031728555.1.fna,0.022420406,0.9775796
GCF_022689665.1.fna,GCF_031728555.1.fna,0.02213347,0.97786653
GCF_029926915.1.fna,GCF_031728555.1.fna,0.008499503,0.9915005
GCF_031728315.1.fna,GCF_031728555.1.fna,0.0072319508,0.99276805
GCF_031727255.1.fna,GCF_031728555.1.fna,0.008538067,0.99146193
GCF_022690205.1.fna,GCF_031728555.1.fna,0.023226798,0.9767732
GCF_031727455.1.fna,GCF_031728555.1.fna,0.027777493,0.9722225
GCF_022690025.1.fna,GCF_031728555.1.fna,0.022348404,0.9776516
GCF_031727075.1.fna,GCF_031728555.1.fna,0.0072319508,0.99276805
GCF_022690145.1.fna,GCF_031728555.1.fna,0.00011950731,0.9998805
GCF_002901845.1.fna,GCF_031728555.1.fna,0.020679712,0.9793203
GCF_022689825.1.fna,GCF_031728555.1.fna,0.007855296,0.9921447
GCF_031728675.1.fna,GCF_031728555.1.fna,0.022348404,0.9776516
GCF_047653525.1.fna,GCF_031728555.1.fna,0.009406269,0.99059373
GCF_022690085.1.fna,GCF_031728555.1.fna,0.026733518,0.9732665
GCF_037700135.1.fna,GCF_031728555.1.fna,0.008155823,0.9918442
GCF_025143205.1.fna,GCF_031728555.1.fna,0.0026863813,0.9973136
GCF_031728895.1.fna,GCF_031728555.1.fna,0.021709323,0.9782907
GCF_040947605.1.fna,GCF_031728555.1.fna,0.009006858,0.99099314
GCF_031727355.1.fna,GCF_031728555.1.fna,0.007340491,0.9926595
GCF_015274675.1.fna,GCF_031728555.1.fna,0.008654237,0.99134576
GCF_036420075.1.fna,GCF_031728555.1.fna,0.008693099,0.9913069
GCF_013267575.1.fna,GCF_031728555.1.fna,0.02213347,0.97786653
GCF_031727055.1.fna,GCF_031728555.1.fna,0.023226798,0.9767732
GCF_037700375.1.fna,GCF_031728555.1.fna,0.021709323,0.9782907
GCF_022690005.1.fna,GCF_031728555.1.fna,0.021639287,0.9783607
GCF_031631055.1.fna,GCF_031728555.1.fna,0.020412326,0.9795877
GCF_031728495.1.fna,GCF_031728555.1.fna,0.020950079,0.9790499
GCF_964211265.1.fna,GCF_031728555.1.fna,0.02227658,0.9777234
GCF_031727535.1.fna,GCF_031728555.1.fna,0.022420406,0.9775796
GCF_025143445.1.fna,GCF_031728555.1.fna,0.022420406,0.9775796
GCF_022689855.1.fna,GCF_031728555.1.fna,0.021639287,0.9783607
GCF_022689725.1.fna,GCF_031728555.1.fna,0.02213347,0.97786653
GCF_031727275.1.fna,GCF_031728555.1.fna,0.02213347,0.97786653
GCF_031728235.1.fna,GCF_031728555.1.fna,0.009772658,0.99022734
GCF_040947205.1.fna,GCF_031728555.1.fna,0.007669866,0.99233013
GCF_031727235.1.fna,GCF_031728555.1.fna,0.02156949,0.9784305
GCF_022690165.1.fna,GCF_031728555.1.fna,4.7683716e-05,0.9999523
GCF_031728075.1.fna,GCF_031728555.1.fna,0.008080244,0.99191976
GCF_022689965.1.fna,GCF_031728555.1.fna,0.007340491,0.9926595
GCF_022689575.1.fna,GCF_031728555.1.fna,0.02213347,0.97786653
GCF_037694985.1.fna,GCF_031728555.1.fna,0.009285569,0.99071443
GCF_022690185.1.fna,GCF_031728555.1.fna,0.022348404,0.9776516
GCF_031728335.1.fna,GCF_031728555.1.fna,0.009365916,0.9906341
GCF_031728095.1.fna,GCF_031728555.1.fna,0.022420406,0.9775796
GCF_022690385.1.fna,GCF_031728555.1.fna,0.008422613,0.9915774
GCF_022690425.1.fna,GCF_031728555.1.fna,0.008004963,0.99199504
GCF_022690375.1.fna,GCF_031728555.1.fna,0.021499872,0.9785001
GCF_022689675.1.fna,GCF_031728555.1.fna,0.007304251,0.99269575
GCF_022690245.1.fna,GCF_031728555.1.fna,0.007632971,0.992367
GCF_037700295.1.fna,GCF_031728555.1.fna,0.007268071,0.9927319
GCF_015274535.1.fna,GCF_031728555.1.fna,0.0089674,0.9910326
GCF_022689845.1.fna,GCF_031728555.1.fna,0.007669866,0.99233013
GCF_022689745.1.fna,GCF_031728555.1.fna,0.0072319508,0.99276805
GCF_022689925.1.fna,GCF_031728555.1.fna,0.028315127,0.9716849
GCF_015274655.1.fna,GCF_031728555.1.fna,0.0089674,0.9910326
GCF_022690325.1.fna,GCF_031728555.1.fna,0.02156949,0.9784305
GCF_022689785.1.fna,GCF_031728555.1.fna,0.021920502,0.9780795
GCF_031728155.1.fna,GCF_031728555.1.fna,0.008004963,0.99199504
GCF_037700455.1.fna,GCF_031728555.1.fna,0.021709323,0.9782907
GCF_022689905.1.fna,GCF_031728555.1.fna,0.007340491,0.9926595
GCF_022690105.1.fna,GCF_031728555.1.fna,0.009086072,0.9909139
GCF_022689975.1.fna,GCF_031728555.1.fna,0.007892609,0.9921074
GCF_022689705.1.fna,GCF_031728555.1.fna,0.02285707,0.97714293
GCF_031728835.1.fna,GCF_031728555.1.fna,0.0018389821,0.998161
GCF_031728115.1.fna,GCF_031728555.1.fna,0.010187805,0.9898122
GCF_022689775.1.fna,GCF_031728555.1.fna,0.022930622,0.9770694
GCF_031728455.1.fna,GCF_031728555.1.fna,0.021361291,0.9786387
GCF_025143615.1.fna,GCF_031728555.1.fna,0.022783816,0.9772162
GCF_052950835.1.fna,GCF_031728555.1.fna,0.021292329,0.9787077
GCF_040947125.1.fna,GCF_031728555.1.fna,0.02213347,0.97786653
GCF_017315645.1.fna,GCF_031728555.1.fna,0.0074496865,0.9925503
GCF_040947645.1.fna,GCF_031728555.1.fna,0.009046435,0.99095356
GCF_022690345.1.fna,GCF_031728555.1.fna,0.008042574,0.9919574
GCF_022689645.1.fna,GCF_031728555.1.fna,0.022204995,0.977795
GCF_022690295.1.fna,GCF_031728555.1.fna,0.008499503,0.9915005
GCF_031728715.1.fna,GCF_031728555.1.fna,0.021499872,0.9785001
GCF_031728295.1.fna,GCF_031728555.1.fna,0.0072319508,0.99276805
GCF_040947065.1.fna,GCF_031728555.1.fna,0.021292329,0.9787077
GCF_037695175.1.fna,GCF_031728555.1.fna,0.022420406,0.9775796
GCF_031728475.1.fna,GCF_031728555.1.fna,0.008193672,0.9918063
GCF_022690045.1.fna,GCF_029926865.1.fna,0.021991313,0.9780087
GCF_017315625.1.fna,GCF_029926865.1.fna,0.011620998,0.988379
GCF_900458635.1.fna,GCF_029926865.1.fna,0.02156949,0.9784305
GCF_022689565.1.fna,GCF_029926865.1.fna,0.009772658,0.99022734
GCF_029926905.1.fna,GCF_029926865.1.fna,0.0,1.0
GCF_040947025.1.fna,GCF_029926865.1.fna,0.010697424,0.9893026
GCF_022690065.1.fna,GCF_029926865.1.fna,0.009365916,0.9906341
GCF_022689765.1.fna,GCF_029926865.1.fna,0.009731591,0.9902684
GCF_022690265.1.fna,GCF_029926865.1.fna,0.0089674,0.9910326
GCF_022689615.1.fna,GCF_029926865.1.fna,0.009165645,0.99083436
GCF_031728745.1.fna,GCF_029926865.1.fna,0.011044383,0.9889556
GCF_022690275.1.fna,GCF_029926865.1.fna,0.009896278,0.9901037
GCF_047653515.1.fna,GCF_029926865.1.fna,0.008732021,0.991268
GCF_031728275.1.fna,GCF_029926865.1.fna,0.023301423,0.9766986
GCF_022690115.1.fna,GCF_029926865.1.fna,0.014871001,0.985129
GCF_031728735.1.fna,GCF_029926865.1.fna,0.011620998,0.988379
GCF_036419895.1.fna,GCF_029926865.1.fna,0.022492707,0.9775073
GCF_000269685.1.fna,GCF_029926865.1.fna,0.009527624,0.9904724
GCF_031728515.1.fna,GCF_029926865.1.fna,0.012260377,0.9877396
GCF_037700155.1.fna,GCF_029926865.1.fna,0.009608984,0.990391
GCF_022690225.1.fna,GCF_029926865.1.fna,0.023078203,0.9769218
GCF_022689945.1.fna,GCF_029926865.1.fna,0.01091361,0.9890864
GCF_015274585.1.fna,GCF_029926865.1.fna,0.011044383,0.9889556
GCF_031728415.1.fna,GCF_029926865.1.fna,0.023677707,0.9763223
GCF_031729015.1.fna,GCF_029926865.1.fna,0.022930622,0.9770694
GCF_037700315.1.fna,GCF_029926865.1.fna,0.0244475,0.9755525
GCF_031728795.1.fna,GCF_029926865.1.fna,0.022637784,0.9773622
GCF_031728555.1.fna,GCF_029926865.1.fna,0.009365916,0.9906341
GCF_029926865.1.fna,GCF_029926865.1.fna,0.0,1.0
GCF_040947225.1.fna,GCF_029926865.1.fna,0.021018088,0.9789819
GCF_031728695.1.fna,GCF_029926865.1.fna,0.023829877,0.9761701
GCF_022689665.1.fna,GCF_029926865.1.fna,0.023301423,0.9766986
GCF_029926915.1.fna,GCF_029926865.1.fna,0.00078064203,0.99921936
GCF_031728315.1.fna,GCF_029926865.1.fna,0.009649754,0.99035025
GCF_031727255.1.fna,GCF_029926865.1.fna,0.011441886,0.9885581
GCF_022690205.1.fna,GCF_029926865.1.fna,0.021639287,0.9783607
GCF_031727455.1.fna,GCF_029926865.1.fna,0.0296126,0.9703874
GCF_022690025.1.fna,GCF_029926865.1.fna,0.023152411,0.9768476
GCF_031727075.1.fna,GCF_029926865.1.fna,0.009245515,0.9907545
GCF_022690145.1.fna,GCF_029926865.1.fna,0.009285569,0.99071443
GCF_002901845.1.fna,GCF_029926865.1.fna,0.021499872,0.9785001
GCF_022689825.1.fna,GCF_029926865.1.fna,0.009731591,0.9902684
GCF_031728675.1.fna,GCF_029926865.1.fna,0.023376226,0.9766238
GCF_047653525.1.fna,GCF_029926865.1.fna,0.010611594,0.9893884
GCF_022690085.1.fna,GCF_029926865.1.fna,0.028587997,0.971412
GCF_037700135.1.fna,GCF_029926865.1.fna,0.010441005,0.989559
GCF_025143205.1.fna,GCF_029926865.1.fna,0.009608984,0.990391
GCF_031728895.1.fna,GCF_029926865.1.fna,0.023376226,0.9766238
GCF_040947605.1.fna,GCF_029926865.1.fna,0.011264324,0.9887357
GCF_031727355.1.fna,GCF_029926865.1.fna,0.009854972,0.990145
GCF_015274675.1.fna,GCF_029926865.1.fna,0.00920558,0.9907944
GCF_036420075.1.fna,GCF_029926865.1.fna,0.010870218,0.9891298
GCF_013267575.1.fna,GCF_029926865.1.fna,0.023226798,0.9767732
GCF_031727055.1.fna,GCF_029926865.1.fna,0.025321782,0.9746782
GCF_037700375.1.fna,GCF_029926865.1.fna,0.022492707,0.9775073
GCF_022690005.1.fna,GCF_029926865.1.fna,0.021991313,0.9780087
GCF_031631055.1.fna,GCF_029926865.1.fna,0.021709323,0.9782907
GCF_031728495.1.fna,GCF_029926865.1.fna,0.021223426,0.9787766
GCF_964211265.1.fna,GCF_029926865.1.fna,0.022637784,0.9773622
GCF_031727535.1.fna,GCF_029926865.1.fna,0.023677707,0.9763223
GCF_025143445.1.fna,GCF_029926865.1.fna,0.023078203,0.9769218
GCF_022689855.1.fna,GCF_029926865.1.fna,0.02352649,0.9764735
GCF_022689725.1.fna,GCF_029926865.1.fna,0.023301423,0.9766986
GCF_031727275.1.fna,GCF_029926865.1.fna,0.022420406,0.9775796
GCF_031728235.1.fna,GCF_029926865.1.fna,0.011441886,0.9885581
GCF_040947205.1.fna,GCF_029926865.1.fna,0.009608984,0.990391
GCF_031727235.1.fna,GCF_029926865.1.fna,0.023451328,0.9765487
GCF_022690165.1.fna,GCF_029926865.1.fna,0.009365916,0.9906341
GCF_031728075.1.fna,GCF_029926865.1.fna,0.008810163,0.99118984
GCF_022689965.1.fna,GCF_029926865.1.fna,0.010187805,0.9898122
GCF_022689575.1.fna,GCF_029926865.1.fna,0.023301423,0.9766986
GCF_037694985.1.fna,GCF_029926865.1.fna,0.01091361,0.9890864
GCF_022690185.1.fna,GCF_029926865.1.fna,0.02285707,0.97714293
GCF_031728335.1.fna,GCF_029926865.1.fna,0.01171118,0.9882888
GCF_031728095.1.fna,GCF_029926865.1.fna,0.023829877,0.9761701
GCF_022690385.1.fna,GCF_029926865.1.fna,0.010313988,0.989686
GCF_022690425.1.fna,GCF_029926865.1.fna,0.008732021,0.991268
GCF_022690375.1.fna,GCF_029926865.1.fna,0.022492707,0.9775073
GCF_022689675.1.fna,GCF_029926865.1.fna,0.009325743,0.99067426
GCF_022690245.1.fna,GCF_029926865.1.fna,0.010568798,0.9894312
GCF_037700295.1.fna,GCF_029926865.1.fna,0.009527624,0.9904724
GCF_015274535.1.fna,GCF_029926865.1.fna,0.011044383,0.9889556
GCF_022689845.1.fna,GCF_029926865.1.fna,0.010356188,0.9896438
GCF_022689745.1.fna,GCF_029926865.1.fna,0.009245515,0.9907545
GCF_022689925.1.fna,GCF_029926865.1.fna,0.030188084,0.9698119
GCF_015274655.1.fna,GCF_029926865.1.fna,0.011044383,0.9889556
GCF_022690325.1.fna,GCF_029926865.1.fna,0.021920502,0.9780795
GCF_022689785.1.fna,GCF_029926865.1.fna,0.022204995,0.977795
GCF_031728155.1.fna,GCF_029926865.1.fna,0.010740519,0.9892595
GCF_037700455.1.fna,GCF_029926865.1.fna,0.022348404,0.9776516
GCF_022689905.1.fna,GCF_029926865.1.fna,0.009690642,0.99030936
GCF_022690105.1.fna,GCF_029926865.1.fna,0.011486471,0.9885135
GCF_022689975.1.fna,GCF_029926865.1.fna,0.009690642,0.99030936
GCF_022689705.1.fna,GCF_029926865.1.fna,0.023753703,0.9762463
GCF_031728835.1.fna,GCF_029926865.1.fna,0.008771062,0.99122894
GCF_031728115.1.fna,GCF_029926865.1.fna,0.011620998,0.988379
GCF_022689775.1.fna,GCF_029926865.1.fna,0.023376226,0.9766238
GCF_031728455.1.fna,GCF_029926865.1.fna,0.021920502,0.9780795
GCF_025143615.1.fna,GCF_029926865.1.fna,0.023152411,0.9768476
GCF_052950835.1.fna,GCF_029926865.1.fna,0.022204995,0.977795
GCF_040947125.1.fna,GCF_029926865.1.fna,0.022710681,0.9772893
GCF_017315645.1.fna,GCF_029926865.1.fna,0.009086072,0.9909139
GCF_040947645.1.fna,GCF_029926865.1.fna,0.011220098,0.9887799
GCF_022690345.1.fna,GCF_029926865.1.fna,0.010654509,0.9893455
GCF_022689645.1.fna,GCF_029926865.1.fna,0.023602009,0.976398
GCF_022690295.1.fna,GCF_029926865.1.fna,0.011397421,0.9886026
GCF_031728715.1.fna,GCF_029926865.1.fna,0.021709323,0.9782907
GCF_031728295.1.fna,GCF_029926865.1.fna,0.009772658,0.99022734
GCF_040947065.1.fna,GCF_029926865.1.fna,0.022783816,0.9772162
GCF_037695175.1.fna,GCF_029926865.1.fna,0.022930622,0.9770694
GCF_031728475.1.fna,GCF_029926865.1.fna,0.01130861,0.9886914
GCF_022690045.1.fna,GCF_040947225.1.fna,0.0065935254,0.9934065
GCF_017315625.1.fna,GCF_040947225.1.fna,0.018929899,0.9810701
GCF_900458635.1.fna,GCF_040947225.1.fna,0.008345962,0.99165404
GCF_022689565.1.fna,GCF_040947225.1.fna,0.019691885,0.9803081
GCF_029926905.1.fna,GCF_040947225.1.fna,0.021018088,0.9789819
GCF_040947025.1.fna,GCF_040947225.1.fna,0.019627512,0.9803725
GCF_022690065.1.fna,GCF_040947225.1.fna,0.020213723,0.9797863
GCF_022689765.1.fna,GCF_040947225.1.fna,0.02088219,0.9791178
GCF_022690265.1.fna,GCF_040947225.1.fna,0.020213723,0.9797863
GCF_022689615.1.fna,GCF_040947225.1.fna,0.019821286,0.9801787
GCF_031728745.1.fna,GCF_040947225.1.fna,0.019691885,0.9803081
GCF_022690275.1.fna,GCF_040947225.1.fna,0.020679712,0.9793203
GCF_047653515.1.fna,GCF_040947225.1.fna,0.020279706,0.9797203
GCF_031728275.1.fna,GCF_040947225.1.fna,0.008422613,0.9915774
GCF_022690115.1.fna,GCF_040947225.1.fna,0.023004293,0.9769957
GCF_031728735.1.fna,GCF_040947225.1.fna,0.020747006,0.979253
GCF_036419895.1.fna,GCF_040947225.1.fna,0.0075594783,0.9924405
GCF_000269685.1.fna,GCF_040947225.1.fna,0.021223426,0.9787766
GCF_031728515.1.fna,GCF_040947225.1.fna,0.021709323,0.9782907
GCF_037700155.1.fna,GCF_040947225.1.fna,0.020082176,0.9799178
GCF_022690225.1.fna,GCF_040947225.1.fna,0.012167871,0.9878321
GCF_022689945.1.fna,GCF_040947225.1.fna,0.02088219,0.9791178
GCF_015274585.1.fna,GCF_040947225.1.fna,0.019886196,0.9801138
GCF_031728415.1.fna,GCF_040947225.1.fna,0.0059087873,0.9940912
GCF_031729015.1.fna,GCF_040947225.1.fna,0.0075594783,0.9924405
GCF_037700315.1.fna,GCF_040947225.1.fna,0.008810163,0.99118984
GCF_031728795.1.fna,GCF_040947225.1.fna,0.008345962,0.99165404
GCF_031728555.1.fna,GCF_040947225.1.fna,0.020279706,0.9797203
GCF_029926865.1.fna,GCF_040947225.1.fna,0.021018088,0.9789819
GCF_040947225.1.fna,GCF_040947225.1.fna,0.0,1.0
GCF_031728695.1.fna,GCF_040947225.1.fna,0.008422613,0.9915774
GCF_022689665.1.fna,GCF_040947225.1.fna,0.009165645,0.99083436
GCF_029926915.1.fna,GCF_040947225.1.fna,0.0201478,0.9798522
GCF_031728315.1.fna,GCF_040947225.1.fna,0.020345926,0.9796541
GCF_031727255.1.fna,GCF_040947225.1.fna,0.021430492,0.9785695
GCF_022690205.1.fna,GCF_040947225.1.fna,0.008422613,0.9915774
GCF_031727455.1.fna,GCF_040947225.1.fna,0.023301423,0.9766986
GCF_022690025.1.fna,GCF_040947225.1.fna,0.009527624,0.9904724
GCF_031727075.1.fna,GCF_040947225.1.fna,0.019821286,0.9801787
GCF_022690145.1.fna,GCF_040947225.1.fna,0.020213723,0.9797863
GCF_002901845.1.fna,GCF_040947225.1.fna,0.008307815,0.9916922
GCF_022689825.1.fna,GCF_040947225.1.fna,0.02088219,0.9791178
GCF_031728675.1.fna,GCF_040947225.1.fna,0.0075961947,0.9924038
GCF_047653525.1.fna,GCF_040947225.1.fna,0.0201478,0.9798522
GCF_022690085.1.fna,GCF_040947225.1.fna,0.023004293,0.9769957
GCF_037700135.1.fna,GCF_040947225.1.fna,0.021499872,0.9785001
GCF_025143205.1.fna,GCF_040947225.1.fna,0.0201478,0.9798522
GCF_031728895.1.fna,GCF_040947225.1.fna,0.008080244,0.99191976
GCF_040947605.1.fna,GCF_040947225.1.fna,0.019563198,0.9804368
GCF_031727355.1.fna,GCF_040947225.1.fna,0.019627512,0.9803725
GCF_015274675.1.fna,GCF_040947225.1.fna,0.020747006,0.979253
GCF_036420075.1.fna,GCF_040947225.1.fna,0.020814478,0.9791855
GCF_013267575.1.fna,GCF_040947225.1.fna,0.007340491,0.9926595
GCF_031727055.1.fna,GCF_040947225.1.fna,0.012075722,0.9879243
GCF_037700375.1.fna,GCF_040947225.1.fna,0.008927941,0.99107206
GCF_022690005.1.fna,GCF_040947225.1.fna,0.0066284537,0.99337155
GCF_031631055.1.fna,GCF_040947225.1.fna,0.012634695,0.9873653
GCF_031728495.1.fna,GCF_040947225.1.fna,0.0061455965,0.9938544
GCF_964211265.1.fna,GCF_040947225.1.fna,0.009325743,0.99067426
GCF_031727535.1.fna,GCF_040947225.1.fna,0.009285569,0.99071443
GCF_025143445.1.fna,GCF_040947225.1.fna,0.008576691,0.9914233
GCF_022689855.1.fna,GCF_040947225.1.fna,0.009325743,0.99067426
GCF_022689725.1.fna,GCF_040947225.1.fna,0.009165645,0.99083436
GCF_031727275.1.fna,GCF_040947225.1.fna,0.0065935254,0.9934065
GCF_031728235.1.fna,GCF_040947225.1.fna,0.021639287,0.9783607
GCF_040947205.1.fna,GCF_040947225.1.fna,0.019821286,0.9801787
GCF_031727235.1.fna,GCF_040947225.1.fna,0.009285569,0.99071443
GCF_022690165.1.fna,GCF_040947225.1.fna,0.020345926,0.9796541
GCF_031728075.1.fna,GCF_040947225.1.fna,0.020082176,0.9799178
GCF_022689965.1.fna,GCF_040947225.1.fna,0.019307911,0.9806921
GCF_022689575.1.fna,GCF_040947225.1.fna,0.00920558,0.9907944
GCF_037694985.1.fna,GCF_040947225.1.fna,0.021920502,0.9780795
GCF_022690185.1.fna,GCF_040947225.1.fna,0.0075594783,0.9924405
GCF_031728335.1.fna,GCF_040947225.1.fna,0.020612597,0.9793874
GCF_031728095.1.fna,GCF_040947225.1.fna,0.008117974,0.991882
GCF_022690385.1.fna,GCF_040947225.1.fna,0.02115482,0.9788452
GCF_022690425.1.fna,GCF_040947225.1.fna,0.02001667,0.9799833
GCF_022690375.1.fna,GCF_040947225.1.fna,0.009086072,0.9909139
GCF_022689675.1.fna,GCF_040947225.1.fna,0.019691885,0.9803081
GCF_022690245.1.fna,GCF_040947225.1.fna,0.021018088,0.9789819
GCF_037700295.1.fna,GCF_040947225.1.fna,0.019951403,0.9800486
GCF_015274535.1.fna,GCF_040947225.1.fna,0.019886196,0.9801138
GCF_022689845.1.fna,GCF_040947225.1.fna,0.021223426,0.9787766
GCF_022689745.1.fna,GCF_040947225.1.fna,0.019821286,0.9801787
GCF_022689925.1.fna,GCF_040947225.1.fna,0.024525821,0.9754742
GCF_015274655.1.fna,GCF_040947225.1.fna,0.019886196,0.9801138
GCF_022690325.1.fna,GCF_040947225.1.fna,0.0074132085,0.9925868
GCF_022689785.1.fna,GCF_040947225.1.fna,0.0066284537,0.99337155
GCF_031728155.1.fna,GCF_040947225.1.fna,0.019181192,0.9808188
GCF_037700455.1.fna,GCF_040947225.1.fna,0.009006858,0.99099314
GCF_022689905.1.fna,GCF_040947225.1.fna,0.020345926,0.9796541
GCF_022690105.1.fna,GCF_040947225.1.fna,0.02001667,0.9799833
GCF_022689975.1.fna,GCF_040947225.1.fna,0.020814478,0.9791855
GCF_022689705.1.fna,GCF_040947225.1.fna,0.009896278,0.9901037
GCF_031728835.1.fna,GCF_040947225.1.fna,0.019821286,0.9801787
GCF_031728115.1.fna,GCF_040947225.1.fna,0.020082176,0.9799178
GCF_022689775.1.fna,GCF_040947225.1.fna,0.008269668,0.99173033
GCF_031728455.1.fna,GCF_040947225.1.fna,0.0055426955,0.9944573
GCF_025143615.1.fna,GCF_040947225.1.fna,0.008004963,0.99199504
GCF_052950835.1.fna,GCF_040947225.1.fna,0.012634695,0.9873653
GCF_040947125.1.fna,GCF_040947225.1.fna,0.009649754,0.99035025
GCF_017315645.1.fna,GCF_040947225.1.fna,0.019499123,0.9805009
GCF_040947645.1.fna,GCF_040947225.1.fna,0.019563198,0.9804368
GCF_022690345.1.fna,GCF_040947225.1.fna,0.01911807,0.9808819
GCF_022689645.1.fna,GCF_040947225.1.fna,0.009649754,0.99035025
GCF_022690295.1.fna,GCF_040947225.1.fna,0.021430492,0.9785695
GCF_031728715.1.fna,GCF_040947225.1.fna,0.0068392754,0.9931607
GCF_031728295.1.fna,GCF_040947225.1.fna,0.019821286,0.9801787
GCF_040947065.1.fna,GCF_040947225.1.fna,0.01180172,0.9881983
GCF_037695175.1.fna,GCF_040947225.1.fna,0.009649754,0.99035025
GCF_031728475.1.fna,GCF_040947225.1.fna,0.020814478,0.9791855
GCF_022690045.1.fna,GCF_031728695.1.fna,0.007669866,0.99233013
GCF_017315625.1.fna,GCF_031728695.1.fna,0.019886196,0.9801138
GCF_900458635.1.fna,GCF_031728695.1.fna,0.0068392754,0.9931607
GCF_022689565.1.fna,GCF_031728695.1.fna,0.020747006,0.979253
GCF_029926905.1.fna,GCF_031728695.1.fna,0.023829877,0.9761701
GCF_040947025.1.fna,GCF_031728695.1.fna,0.022348404,0.9776516
GCF_022690065.1.fna,GCF_031728695.1.fna,0.022348404,0.9776516
GCF_022689765.1.fna,GCF_031728695.1.fna,0.022348404,0.9776516
GCF_022690265.1.fna,GCF_031728695.1.fna,0.022062302,0.9779377
GCF_022689615.1.fna,GCF_031728695.1.fna,0.021779478,0.9782205
GCF_031728745.1.fna,GCF_031728695.1.fna,0.02088219,0.9791178
GCF_022690275.1.fna,GCF_031728695.1.fna,0.023152411,0.9768476
GCF_047653515.1.fna,GCF_031728695.1.fna,0.021499872,0.9785001
GCF_031728275.1.fna,GCF_031728695.1.fna,0.0077809095,0.9922191
GCF_022690115.1.fna,GCF_031728695.1.fna,0.025241077,0.9747589
GCF_031728735.1.fna,GCF_031728695.1.fna,0.02227658,0.9777234
GCF_036419895.1.fna,GCF_031728695.1.fna,0.0059087873,0.9940912
GCF_000269685.1.fna,GCF_031728695.1.fna,0.022565126,0.9774349
GCF_031728515.1.fna,GCF_031728695.1.fna,0.0244475,0.9755525
GCF_037700155.1.fna,GCF_031728695.1.fna,0.021430492,0.9785695
GCF_022690225.1.fna,GCF_031728695.1.fna,0.011892676,0.9881073
GCF_022689945.1.fna,GCF_031728695.1.fna,0.02390629,0.9760937
GCF_015274585.1.fna,GCF_031728695.1.fna,0.021499872,0.9785001
GCF_031728415.1.fna,GCF_031728695.1.fna,0.009125829,0.9908742
GCF_031729015.1.fna,GCF_031728695.1.fna,0.0061455965,0.9938544
GCF_037700315.1.fna,GCF_031728695.1.fna,0.007340491,0.9926595
GCF_031728795.1.fna,GCF_031728695.1.fna,0.008771062,0.99122894
GCF_031728555.1.fna,GCF_031728695.1.fna,0.022420406,0.9775796
GCF_029926865.1.fna,GCF_031728695.1.fna,0.023829877,0.9761701
GCF_040947225.1.fna,GCF_031728695.1.fna,0.008422613,0.9915774
GCF_031728695.1.fna,GCF_031728695.1.fna,0.0,1.0
GCF_022689665.1.fna,GCF_031728695.1.fna,0.0077809095,0.9922191
GCF_029926915.1.fna,GCF_031728695.1.fna,0.02285707,0.97714293
GCF_031728315.1.fna,GCF_031728695.1.fna,0.021018088,0.9789819
GCF_031727255.1.fna,GCF_031728695.1.fna,0.024214208,0.9757858
GCF_022690205.1.fna,GCF_031728695.1.fna,0.006874621,0.9931254
GCF_031727455.1.fna,GCF_031728695.1.fna,0.023753703,0.9762463
GCF_022690025.1.fna,GCF_031728695.1.fna,0.008080244,0.99191976
GCF_031727075.1.fna,GCF_031728695.1.fna,0.021709323,0.9782907
GCF_022690145.1.fna,GCF_031728695.1.fna,0.022204995,0.977795
GCF_002901845.1.fna,GCF_031728695.1.fna,0.0067687035,0.9932313
GCF_022689825.1.fna,GCF_031728695.1.fna,0.022348404,0.9776516
GCF_031728675.1.fna,GCF_031728695.1.fna,0.0020536184,0.9979464
GCF_047653525.1.fna,GCF_031728695.1.fna,0.021991313,0.9780087
GCF_022690085.1.fna,GCF_031728695.1.fna,0.023004293,0.9769957
GCF_037700135.1.fna,GCF_031728695.1.fna,0.022565126,0.9774349
GCF_025143205.1.fna,GCF_031728695.1.fna,0.022062302,0.9779377
GCF_031728895.1.fna,GCF_031728695.1.fna,0.008810163,0.99118984
GCF_040947605.1.fna,GCF_031728695.1.fna,0.022062302,0.9779377
GCF_031727355.1.fna,GCF_031728695.1.fna,0.020679712,0.9793203
GCF_015274675.1.fna,GCF_031728695.1.fna,0.022710681,0.9772893
GCF_036420075.1.fna,GCF_031728695.1.fna,0.02390629,0.9760937
GCF_013267575.1.fna,GCF_031728695.1.fna,0.0026304126,0.9973696
GCF_031727055.1.fna,GCF_031728695.1.fna,0.01010412,0.9898959
GCF_037700375.1.fna,GCF_031728695.1.fna,0.007855296,0.9921447
GCF_022690005.1.fna,GCF_031728695.1.fna,0.007669866,0.99233013
GCF_031631055.1.fna,GCF_031728695.1.fna,0.012260377,0.9877396
GCF_031728495.1.fna,GCF_031728695.1.fna,0.008004963,0.99199504
GCF_964211265.1.fna,GCF_031728695.1.fna,0.008654237,0.99134576
GCF_031727535.1.fna,GCF_031728695.1.fna,0.007522762,0.99247724
GCF_025143445.1.fna,GCF_031728695.1.fna,0.007706821,0.9922932
GCF_022689855.1.fna,GCF_031728695.1.fna,0.008927941,0.99107206
GCF_022689725.1.fna,GCF_031728695.1.fna,0.0077809095,0.9922191
GCF_031727275.1.fna,GCF_031728695.1.fna,0.00823164,0.99176836
GCF_031728235.1.fna,GCF_031728695.1.fna,0.024683118,0.9753169
GCF_040947205.1.fna,GCF_031728695.1.fna,0.021639287,0.9783607
GCF_031727235.1.fna,GCF_031728695.1.fna,0.008888602,0.9911114
GCF_022690165.1.fna,GCF_031728695.1.fna,0.022492707,0.9775073
GCF_031728075.1.fna,GCF_031728695.1.fna,0.023301423,0.9766986
GCF_022689965.1.fna,GCF_031728695.1.fna,0.021018088,0.9789819
GCF_022689575.1.fna,GCF_031728695.1.fna,0.0077809095,0.9922191
GCF_037694985.1.fna,GCF_031728695.1.fna,0.022420406,0.9775796
GCF_022690185.1.fna,GCF_031728695.1.fna,0.006043732,0.99395627
GCF_031728335.1.fna,GCF_031728695.1.fna,0.023226798,0.9767732
GCF_031728095.1.fna,GCF_031728695.1.fna,0.0061115623,0.99388844
GCF_022690385.1.fna,GCF_031728695.1.fna,0.022565126,0.9774349
GCF_022690425.1.fna,GCF_031728695.1.fna,0.023301423,0.9766986
GCF_022690375.1.fna,GCF_031728695.1.fna,0.008615434,0.99138457
GCF_022689675.1.fna,GCF_031728695.1.fna,0.02184987,0.9781501
GCF_022690245.1.fna,GCF_031728695.1.fna,0.021709323,0.9782907
GCF_037700295.1.fna,GCF_031728695.1.fna,0.021430492,0.9785695
GCF_015274535.1.fna,GCF_031728695.1.fna,0.021499872,0.9785001
GCF_022689845.1.fna,GCF_031728695.1.fna,0.02213347,0.97786653
GCF_022689745.1.fna,GCF_031728695.1.fna,0.021709323,0.9782907
GCF_022689925.1.fna,GCF_031728695.1.fna,0.024762094,0.9752379
GCF_015274655.1.fna,GCF_031728695.1.fna,0.021499872,0.9785001
GCF_022690325.1.fna,GCF_031728695.1.fna,0.008269668,0.99173033
GCF_022689785.1.fna,GCF_031728695.1.fna,0.0057082176,0.9942918
GCF_031728155.1.fna,GCF_031728695.1.fna,0.022062302,0.9779377
GCF_037700455.1.fna,GCF_031728695.1.fna,0.007967472,0.9920325
GCF_022689905.1.fna,GCF_031728695.1.fna,0.021018088,0.9789819
GCF_022690105.1.fna,GCF_031728695.1.fna,0.022492707,0.9775073
GCF_022689975.1.fna,GCF_031728695.1.fna,0.022348404,0.9776516
GCF_022689705.1.fna,GCF_031728695.1.fna,0.008888602,0.9911114
GCF_031728835.1.fna,GCF_031728695.1.fna,0.021991313,0.9780087
GCF_031728115.1.fna,GCF_031728695.1.fna,0.02156949,0.9784305
GCF_022689775.1.fna,GCF_031728695.1.fna,0.0063854456,0.99361455
GCF_031728455.1.fna,GCF_031728695.1.fna,0.007706821,0.9922932
GCF_025143615.1.fna,GCF_031728695.1.fna,0.0064199567,0.99358004
GCF_052950835.1.fna,GCF_031728695.1.fna,0.012540519,0.9874595
GCF_040947125.1.fna,GCF_031728695.1.fna,0.008269668,0.99173033
GCF_017315645.1.fna,GCF_031728695.1.fna,0.021639287,0.9783607
GCF_040947645.1.fna,GCF_031728695.1.fna,0.022062302,0.9779377
GCF_022690345.1.fna,GCF_031728695.1.fna,0.02184987,0.9781501
GCF_022689645.1.fna,GCF_031728695.1.fna,0.008042574,0.9919574
GCF_022690295.1.fna,GCF_031728695.1.fna,0.024136782,0.9758632
GCF_031728715.1.fna,GCF_031728695.1.fna,0.0052161217,0.9947839
GCF_031728295.1.fna,GCF_031728695.1.fna,0.021779478,0.9782205
GCF_040947065.1.fna,GCF_031728695.1.fna,0.011264324,0.9887357
GCF_037695175.1.fna,GCF_031728695.1.fna,0.007929981,0.99207
GCF_031728475.1.fna,GCF_031728695.1.fna,0.022348404,0.9776516
GCF_022690045.1.fna,GCF_022689665.1.fna,0.008771062,0.99122894
GCF_017315625.1.fna,GCF_022689665.1.fna,0.019886196,0.9801138
GCF_900458635.1.fna,GCF_022689665.1.fna,0.0063854456,0.99361455
GCF_022689565.1.fna,GCF_022689665.1.fna,0.022062302,0.9779377
GCF_029926905.1.fna,GCF_022689665.1.fna,0.023301423,0.9766986
GCF_040947025.1.fna,GCF_022689665.1.fna,0.022565126,0.9774349
GCF_022690065.1.fna,GCF_022689665.1.fna,0.02213347,0.97786653
GCF_022689765.1.fna,GCF_022689665.1.fna,0.02285707,0.97714293
GCF_022690265.1.fna,GCF_022689665.1.fna,0.021920502,0.9780795
GCF_022689615.1.fna,GCF_022689665.1.fna,0.02227658,0.9777234
GCF_031728745.1.fna,GCF_022689665.1.fna,0.021499872,0.9785001
GCF_022690275.1.fna,GCF_022689665.1.fna,0.022420406,0.9775796
GCF_047653515.1.fna,GCF_022689665.1.fna,0.02213347,0.97786653
GCF_031728275.1.fna,GCF_022689665.1.fna,0.0089674,0.9910326
GCF_022690115.1.fna,GCF_022689665.1.fna,0.024683118,0.9753169
GCF_031728735.1.fna,GCF_022689665.1.fna,0.022420406,0.9775796
GCF_036419895.1.fna,GCF_022689665.1.fna,0.008460999,0.991539
GCF_000269685.1.fna,GCF_022689665.1.fna,0.023301423,0.9766986
GCF_031728515.1.fna,GCF_022689665.1.fna,0.02390629,0.9760937
GCF_037700155.1.fna,GCF_022689665.1.fna,0.022348404,0.9776516
GCF_022690225.1.fna,GCF_022689665.1.fna,0.012587488,0.9874125
GCF_022689945.1.fna,GCF_022689665.1.fna,0.023152411,0.9768476
GCF_015274585.1.fna,GCF_022689665.1.fna,0.021639287,0.9783607
GCF_031728415.1.fna,GCF_022689665.1.fna,0.008538067,0.99146193
GCF_031729015.1.fna,GCF_022689665.1.fna,0.008810163,0.99118984
GCF_037700315.1.fna,GCF_022689665.1.fna,0.008810163,0.99118984
GCF_031728795.1.fna,GCF_022689665.1.fna,0.010145903,0.9898541
GCF_031728555.1.fna,GCF_022689665.1.fna,0.02213347,0.97786653
GCF_029926865.1.fna,GCF_022689665.1.fna,0.023301423,0.9766986
GCF_040947225.1.fna,GCF_022689665.1.fna,0.009165645,0.99083436
GCF_031728695.1.fna,GCF_022689665.1.fna,0.0077809095,0.9922191
GCF_022689665.1.fna,GCF_022689665.1.fna,0.0,1.0
GCF_029926915.1.fna,GCF_022689665.1.fna,0.02213347,0.97786653
GCF_031728315.1.fna,GCF_022689665.1.fna,0.021499872,0.9785001
GCF_031727255.1.fna,GCF_022689665.1.fna,0.02285707,0.97714293
GCF_022690205.1.fna,GCF_022689665.1.fna,0.009125829,0.9908742
GCF_031727455.1.fna,GCF_022689665.1.fna,0.025000513,0.9749995
GCF_022690025.1.fna,GCF_022689665.1.fna,0.0025746226,0.9974254
GCF_031727075.1.fna,GCF_022689665.1.fna,0.022204995,0.977795
GCF_022690145.1.fna,GCF_022689665.1.fna,0.02213347,0.97786653
GCF_002901845.1.fna,GCF_022689665.1.fna,0.006316602,0.9936834
GCF_022689825.1.fna,GCF_022689665.1.fna,0.02285707,0.97714293
GCF_031728675.1.fna,GCF_022689665.1.fna,0.007669866,0.99233013
GCF_047653525.1.fna,GCF_022689665.1.fna,0.022637784,0.9773622
GCF_022690085.1.fna,GCF_022689665.1.fna,0.024291694,0.9757083
GCF_037700135.1.fna,GCF_022689665.1.fna,0.023226798,0.9767732
GCF_025143205.1.fna,GCF_022689665.1.fna,0.021709323,0.9782907
GCF_031728895.1.fna,GCF_022689665.1.fna,0.009446621,0.9905534
GCF_040947605.1.fna,GCF_022689665.1.fna,0.021499872,0.9785001
GCF_031727355.1.fna,GCF_022689665.1.fna,0.022062302,0.9779377
GCF_015274675.1.fna,GCF_022689665.1.fna,0.023226798,0.9767732
GCF_036420075.1.fna,GCF_022689665.1.fna,0.023078203,0.9769218
GCF_013267575.1.fna,GCF_022689665.1.fna,0.007304251,0.99269575
GCF_031727055.1.fna,GCF_022689665.1.fna,0.008499503,0.9915005
GCF_037700375.1.fna,GCF_022689665.1.fna,0.0061455965,0.9938544
GCF_022690005.1.fna,GCF_022689665.1.fna,0.008810163,0.99118984
GCF_031631055.1.fna,GCF_022689665.1.fna,0.011397421,0.9886026
GCF_031728495.1.fna,GCF_022689665.1.fna,0.0065935254,0.9934065
GCF_964211265.1.fna,GCF_022689665.1.fna,0.007818103,0.9921819
GCF_031727535.1.fna,GCF_022689665.1.fna,0.0035485625,0.99645144
GCF_025143445.1.fna,GCF_022689665.1.fna,0.008654237,0.99134576
GCF_022689855.1.fna,GCF_022689665.1.fna,0.008460999,0.991539
GCF_022689725.1.fna,GCF_022689665.1.fna,0.0,1.0
GCF_031727275.1.fna,GCF_022689665.1.fna,0.007088244,0.99291176
GCF_031728235.1.fna,GCF_022689665.1.fna,0.023982882,0.9760171
GCF_040947205.1.fna,GCF_022689665.1.fna,0.022420406,0.9775796
GCF_031727235.1.fna,GCF_022689665.1.fna,0.008422613,0.9915774
GCF_022690165.1.fna,GCF_022689665.1.fna,0.02213347,0.97786653
GCF_031728075.1.fna,GCF_022689665.1.fna,0.022204995,0.977795
GCF_022689965.1.fna,GCF_022689665.1.fna,0.021991313,0.9780087
GCF_022689575.1.fna,GCF_022689665.1.fna,2.3841858e-05,0.99997616
GCF_037694985.1.fna,GCF_022689665.1.fna,0.023152411,0.9768476
GCF_022690185.1.fna,GCF_022689665.1.fna,0.008499503,0.9915005
GCF_031728335.1.fna,GCF_022689665.1.fna,0.02227658,0.9777234
GCF_031728095.1.fna,GCF_022689665.1.fna,0.008927941,0.99107206
GCF_022690385.1.fna,GCF_022689665.1.fna,0.022783816,0.9772162
GCF_022690425.1.fna,GCF_022689665.1.fna,0.022204995,0.977795
GCF_022690375.1.fna,GCF_022689665.1.fna,0.0071959496,0.99280405
GCF_022689675.1.fna,GCF_022689665.1.fna,0.022062302,0.9779377
GCF_022690245.1.fna,GCF_022689665.1.fna,0.022204995,0.977795
GCF_037700295.1.fna,GCF_022689665.1.fna,0.022204995,0.977795
GCF_015274535.1.fna,GCF_022689665.1.fna,0.021639287,0.9783607
GCF_022689845.1.fna,GCF_022689665.1.fna,0.022930622,0.9770694
GCF_022689745.1.fna,GCF_022689665.1.fna,0.022204995,0.977795
GCF_022689925.1.fna,GCF_022689665.1.fna,0.02572918,0.9742708
GCF_015274655.1.fna,GCF_022689665.1.fna,0.021639287,0.9783607
GCF_022690325.1.fna,GCF_022689665.1.fna,0.0089674,0.9910326
GCF_022689785.1.fna,GCF_022689665.1.fna,0.0075594783,0.9924405
GCF_031728155.1.fna,GCF_022689665.1.fna,0.021430492,0.9785695
GCF_037700455.1.fna,GCF_022689665.1.fna,0.0061796308,0.99382037
GCF_022689905.1.fna,GCF_022689665.1.fna,0.021499872,0.9785001
GCF_022690105.1.fna,GCF_022689665.1.fna,0.021430492,0.9785695
GCF_022689975.1.fna,GCF_022689665.1.fna,0.022783816,0.9772162
GCF_022689705.1.fna,GCF_022689665.1.fna,0.007929981,0.99207
GCF_031728835.1.fna,GCF_022689665.1.fna,0.02156949,0.9784305
GCF_031728115.1.fna,GCF_022689665.1.fna,0.02156949,0.9784305
GCF_022689775.1.fna,GCF_022689665.1.fna,0.008849382,0.9911506
GCF_031728455.1.fna,GCF_022689665.1.fna,0.006523907,0.9934761
GCF_025143615.1.fna,GCF_022689665.1.fna,0.008771062,0.99122894
GCF_052950835.1.fna,GCF_022689665.1.fna,0.012075722,0.9879243
GCF_040947125.1.fna,GCF_022689665.1.fna,0.005183816,0.9948162
GCF_017315645.1.fna,GCF_022689665.1.fna,0.022204995,0.977795
GCF_040947645.1.fna,GCF_022689665.1.fna,0.021499872,0.9785001
GCF_022690345.1.fna,GCF_022689665.1.fna,0.021430492,0.9785695
GCF_022689645.1.fna,GCF_022689665.1.fna,0.00737679,0.9926232
GCF_022690295.1.fna,GCF_022689665.1.fna,0.022783816,0.9772162
GCF_031728715.1.fna,GCF_022689665.1.fna,0.007632971,0.992367
GCF_031728295.1.fna,GCF_022689665.1.fna,0.022565126,0.9774349
GCF_040947065.1.fna,GCF_022689665.1.fna,0.011666119,0.9883339
GCF_037695175.1.fna,GCF_022689665.1.fna,0.004270494,0.9957295
GCF_031728475.1.fna,GCF_022689665.1.fna,0.02285707,0.97714293
GCF_022690045.1.fna,GCF_029926915.1.fna,0.020950079,0.9790499
GCF_017315625.1.fna,GCF_029926915.1.fna,0.010870218,0.9891298
GCF_900458635.1.fna,GCF_029926915.1.fna,0.020814478,0.9791855
GCF_022689565.1.fna,GCF_029926915.1.fna,0.008927941,0.99107206
GCF_029926905.1.fna,GCF_029926915.1.fna,0.00078064203,0.99921936
GCF_040947025.1.fna,GCF_029926915.1.fna,0.009896278,0.9901037
GCF_022690065.1.fna,GCF_029926915.1.fna,0.008499503,0.9915005
GCF_022689765.1.fna,GCF_029926915.1.fna,0.009006858,0.99099314
GCF_022690265.1.fna,GCF_029926915.1.fna,0.008117974,0.991882
GCF_022689615.1.fna,GCF_029926915.1.fna,0.008307815,0.9916922
GCF_031728745.1.fna,GCF_029926915.1.fna,0.010229826,0.9897702
GCF_022690275.1.fna,GCF_029926915.1.fna,0.009125829,0.9908742
GCF_047653515.1.fna,GCF_029926915.1.fna,0.007855296,0.9921447
GCF_031728275.1.fna,GCF_029926915.1.fna,0.02227658,0.9777234
GCF_022690115.1.fna,GCF_029926915.1.fna,0.014150202,0.9858498
GCF_031728735.1.fna,GCF_029926915.1.fna,0.010783613,0.9892164
GCF_036419895.1.fna,GCF_029926915.1.fna,0.021292329,0.9787077
GCF_000269685.1.fna,GCF_029926915.1.fna,0.008771062,0.99122894
GCF_031728515.1.fna,GCF_029926915.1.fna,0.011397421,0.9886026
GCF_037700155.1.fna,GCF_029926915.1.fna,0.008810163,0.99118984
GCF_022690225.1.fna,GCF_029926915.1.fna,0.022062302,0.9779377
GCF_022689945.1.fna,GCF_029926915.1.fna,0.010398626,0.9896014
GCF_015274585.1.fna,GCF_029926915.1.fna,0.010145903,0.9898541
GCF_031728415.1.fna,GCF_029926915.1.fna,0.022492707,0.9775073
GCF_031729015.1.fna,GCF_029926915.1.fna,0.02184987,0.9781501
GCF_037700315.1.fna,GCF_029926915.1.fna,0.023376226,0.9766238
GCF_031728795.1.fna,GCF_029926915.1.fna,0.021709323,0.9782907
GCF_031728555.1.fna,GCF_029926915.1.fna,0.008499503,0.9915005
GCF_029926865.1.fna,GCF_029926915.1.fna,0.00078064203,0.99921936
GCF_040947225.1.fna,GCF_029926915.1.fna,0.0201478,0.9798522
GCF_031728695.1.fna,GCF_029926915.1.fna,0.02285707,0.97714293
GCF_022689665.1.fna,GCF_029926915.1.fna,0.02213347,0.97786653
GCF_029926915.1.fna,GCF_029926915.1.fna,0.0,1.0
GCF_031728315.1.fna,GCF_029926915.1.fna,0.008810163,0.99118984
GCF_031727255.1.fna,GCF_029926915.1.fna,0.010740519,0.9892595
GCF_022690205.1.fna,GCF_029926915.1.fna,0.022930622,0.9770694
GCF_031727455.1.fna,GCF_029926915.1.fna,0.02867949,0.9713205
GCF_022690025.1.fna,GCF_029926915.1.fna,0.021991313,0.9780087
GCF_031727075.1.fna,GCF_029926915.1.fna,0.008345962,0.99165404
GCF_022690145.1.fna,GCF_029926915.1.fna,0.008422613,0.9915774
GCF_002901845.1.fna,GCF_029926915.1.fna,0.020747006,0.979253
GCF_022689825.1.fna,GCF_029926915.1.fna,0.009006858,0.99099314
GCF_031728675.1.fna,GCF_029926915.1.fna,0.022204995,0.977795
GCF_047653525.1.fna,GCF_029926915.1.fna,0.009772658,0.99022734
GCF_022690085.1.fna,GCF_029926915.1.fna,0.027600586,0.9723994
GCF_037700135.1.fna,GCF_029926915.1.fna,0.009649754,0.99035025
GCF_025143205.1.fna,GCF_029926915.1.fna,0.008732021,0.991268
GCF_031728895.1.fna,GCF_029926915.1.fna,0.022204995,0.977795
GCF_040947605.1.fna,GCF_029926915.1.fna,0.010441005,0.989559
GCF_031727355.1.fna,GCF_029926915.1.fna,0.009006858,0.99099314
GCF_015274675.1.fna,GCF_029926915.1.fna,0.008307815,0.9916922
GCF_036420075.1.fna,GCF_029926915.1.fna,0.010356188,0.9896438
GCF_013267575.1.fna,GCF_029926915.1.fna,0.022062302,0.9779377
GCF_031727055.1.fna,GCF_029926915.1.fna,0.024136782,0.9758632
GCF_037700375.1.fna,GCF_029926915.1.fna,0.021361291,0.9786387
GCF_022690005.1.fna,GCF_029926915.1.fna,0.021018088,0.9789819
GCF_031631055.1.fna,GCF_029926915.1.fna,0.020679712,0.9793203
GCF_031728495.1.fna,GCF_029926915.1.fna,0.020612597,0.9793874
GCF_964211265.1.fna,GCF_029926915.1.fna,0.021430492,0.9785695
GCF_031727535.1.fna,GCF_029926915.1.fna,0.022637784,0.9773622
GCF_025143445.1.fna,GCF_029926915.1.fna,0.021991313,0.9780087
GCF_022689855.1.fna,GCF_029926915.1.fna,0.022420406,0.9775796
GCF_022689725.1.fna,GCF_029926915.1.fna,0.02213347,0.97786653
GCF_031727275.1.fna,GCF_029926915.1.fna,0.021361291,0.9786387
GCF_031728235.1.fna,GCF_029926915.1.fna,0.010611594,0.9893884
GCF_040947205.1.fna,GCF_029926915.1.fna,0.008888602,0.9911114
GCF_031727235.1.fna,GCF_029926915.1.fna,0.022348404,0.9776516
GCF_022690165.1.fna,GCF_029926915.1.fna,0.008499503,0.9915005
GCF_031728075.1.fna,GCF_029926915.1.fna,0.008080244,0.99191976
GCF_022689965.1.fna,GCF_029926915.1.fna,0.009406269,0.99059373
GCF_022689575.1.fna,GCF_029926915.1.fna,0.02213347,0.97786653
GCF_037694985.1.fna,GCF_029926915.1.fna,0.010145903,0.9898541
GCF_022690185.1.fna,GCF_029926915.1.fna,0.021709323,0.9782907
GCF_031728335.1.fna,GCF_029926915.1.fna,0.011000693,0.9889993
GCF_031728095.1.fna,GCF_029926915.1.fna,0.022710681,0.9772893
GCF_022690385.1.fna,GCF_029926915.1.fna,0.0094870925,0.9905129
GCF_022690425.1.fna,GCF_029926915.1.fna,0.008042574,0.9919574
GCF_022690375.1.fna,GCF_029926915.1.fna,0.021292329,0.9787077
GCF_022689675.1.fna,GCF_029926915.1.fna,0.008422613,0.9915774
GCF_022690245.1.fna,GCF_029926915.1.fna,0.009731591,0.9902684
GCF_037700295.1.fna,GCF_029926915.1.fna,0.008693099,0.9913069
GCF_015274535.1.fna,GCF_029926915.1.fna,0.010145903,0.9898541
GCF_022689845.1.fna,GCF_029926915.1.fna,0.0094870925,0.9905129
GCF_022689745.1.fna,GCF_029926915.1.fna,0.008345962,0.99165404
GCF_022689925.1.fna,GCF_029926915.1.fna,0.0296126,0.9703874
GCF_015274655.1.fna,GCF_029926915.1.fna,0.010145903,0.9898541
GCF_022690325.1.fna,GCF_029926915.1.fna,0.020747006,0.979253
GCF_022689785.1.fna,GCF_029926915.1.fna,0.021086395,0.9789136
GCF_031728155.1.fna,GCF_029926915.1.fna,0.009854972,0.990145
GCF_037700455.1.fna,GCF_029926915.1.fna,0.021223426,0.9787766
GCF_022689905.1.fna,GCF_029926915.1.fna,0.008849382,0.9911506
GCF_022690105.1.fna,GCF_029926915.1.fna,0.010611594,0.9893884
GCF_022689975.1.fna,GCF_029926915.1.fna,0.0089674,0.9910326
GCF_022689705.1.fna,GCF_029926915.1.fna,0.022710681,0.9772893
GCF_031728835.1.fna,GCF_029926915.1.fna,0.007929981,0.99207
GCF_031728115.1.fna,GCF_029926915.1.fna,0.01091361,0.9890864
GCF_022689775.1.fna,GCF_029926915.1.fna,0.022204995,0.977795
GCF_031728455.1.fna,GCF_029926915.1.fna,0.02088219,0.9791178
GCF_025143615.1.fna,GCF_029926915.1.fna,0.021991313,0.9780087
GCF_052950835.1.fna,GCF_029926915.1.fna,0.02115482,0.9788452
GCF_040947125.1.fna,GCF_029926915.1.fna,0.021779478,0.9782205
GCF_017315645.1.fna,GCF_029926915.1.fna,0.008193672,0.9918063
GCF_040947645.1.fna,GCF_029926915.1.fna,0.010398626,0.9896014
GCF_022690345.1.fna,GCF_029926915.1.fna,0.009772658,0.99022734
GCF_022689645.1.fna,GCF_029926915.1.fna,0.022710681,0.9772893
GCF_022690295.1.fna,GCF_029926915.1.fna,0.010697424,0.9893026
GCF_031728715.1.fna,GCF_029926915.1.fna,0.020950079,0.9790499
GCF_031728295.1.fna,GCF_029926915.1.fna,0.008927941,0.99107206
GCF_040947065.1.fna,GCF_029926915.1.fna,0.021639287,0.9783607
GCF_037695175.1.fna,GCF_029926915.1.fna,0.021920502,0.9780795
GCF_031728475.1.fna,GCF_029926915.1.fna,0.010441005,0.989559
GCF_022690045.1.fna,GCF_031728315.1.fna,0.020345926,0.9796541
GCF_017315625.1.fna,GCF_031728315.1.fna,0.008927941,0.99107206
GCF_900458635.1.fna,GCF_031728315.1.fna,0.020747006,0.979253
GCF_022689565.1.fna,GCF_031728315.1.fna,0.007892609,0.9921074
GCF_029926905.1.fna,GCF_031728315.1.fna,0.009649754,0.99035025
GCF_040947025.1.fna,GCF_031728315.1.fna,0.008460999,0.991539
GCF_022690065.1.fna,GCF_031728315.1.fna,0.007268071,0.9927319
GCF_022689765.1.fna,GCF_031728315.1.fna,0.00587517,0.9941248
GCF_022690265.1.fna,GCF_031728315.1.fna,0.00737679,0.9926232
GCF_022689615.1.fna,GCF_031728315.1.fna,0.00737679,0.9926232
GCF_031728745.1.fna,GCF_031728315.1.fna,0.009285569,0.99071443
GCF_022690275.1.fna,GCF_031728315.1.fna,0.008576691,0.9914233
GCF_047653515.1.fna,GCF_031728315.1.fna,0.008004963,0.99199504
GCF_031728275.1.fna,GCF_031728315.1.fna,0.021086395,0.9789136
GCF_022690115.1.fna,GCF_031728315.1.fna,0.0139988065,0.9860012
GCF_031728735.1.fna,GCF_031728315.1.fna,0.009285569,0.99071443
GCF_036419895.1.fna,GCF_031728315.1.fna,0.020814478,0.9791855
GCF_000269685.1.fna,GCF_031728315.1.fna,0.008732021,0.991268
GCF_031728515.1.fna,GCF_031728315.1.fna,0.010957122,0.9890429
GCF_037700155.1.fna,GCF_031728315.1.fna,0.0071959496,0.99280405
GCF_022690225.1.fna,GCF_031728315.1.fna,0.021639287,0.9783607
GCF_022689945.1.fna,GCF_031728315.1.fna,0.009813786,0.9901862
GCF_015274585.1.fna,GCF_031728315.1.fna,0.009006858,0.99099314
GCF_031728415.1.fna,GCF_031728315.1.fna,0.022637784,0.9773622
GCF_031729015.1.fna,GCF_031728315.1.fna,0.020747006,0.979253
GCF_037700315.1.fna,GCF_031728315.1.fna,0.022348404,0.9776516
GCF_031728795.1.fna,GCF_031728315.1.fna,0.0201478,0.9798522
GCF_031728555.1.fna,GCF_031728315.1.fna,0.0072319508,0.99276805
GCF_029926865.1.fna,GCF_031728315.1.fna,0.009649754,0.99035025
GCF_040947225.1.fna,GCF_031728315.1.fna,0.020345926,0.9796541
GCF_031728695.1.fna,GCF_031728315.1.fna,0.021018088,0.9789819
GCF_022689665.1.fna,GCF_031728315.1.fna,0.021499872,0.9785001
GCF_029926915.1.fna,GCF_031728315.1.fna,0.008810163,0.99118984
GCF_031728315.1.fna,GCF_031728315.1.fna,0.0,1.0
GCF_031727255.1.fna,GCF_031728315.1.fna,0.010229826,0.9897702
GCF_022690205.1.fna,GCF_031728315.1.fna,0.021639287,0.9783607
GCF_031727455.1.fna,GCF_031728315.1.fna,0.027424872,0.9725751
GCF_022690025.1.fna,GCF_031728315.1.fna,0.021499872,0.9785001
GCF_031727075.1.fna,GCF_031728315.1.fna,0.0074496865,0.9925503
GCF_022690145.1.fna,GCF_031728315.1.fna,0.00737679,0.9926232
GCF_002901845.1.fna,GCF_031728315.1.fna,0.020747006,0.979253
GCF_022689825.1.fna,GCF_031728315.1.fna,0.00587517,0.9941248
GCF_031728675.1.fna,GCF_031728315.1.fna,0.021018088,0.9789819
GCF_047653525.1.fna,GCF_031728315.1.fna,0.008615434,0.99138457
GCF_022690085.1.fna,GCF_031728315.1.fna,0.026059687,0.9739403
GCF_037700135.1.fna,GCF_031728315.1.fna,0.0069455504,0.99305445
GCF_025143205.1.fna,GCF_031728315.1.fna,0.008004963,0.99199504
GCF_031728895.1.fna,GCF_031728315.1.fna,0.020814478,0.9791855
GCF_040947605.1.fna,GCF_031728315.1.fna,0.009854972,0.990145
GCF_031727355.1.fna,GCF_031728315.1.fna,0.007967472,0.9920325
GCF_015274675.1.fna,GCF_031728315.1.fna,0.007706821,0.9922932
GCF_036420075.1.fna,GCF_031728315.1.fna,0.009690642,0.99030936
GCF_013267575.1.fna,GCF_031728315.1.fna,0.02088219,0.9791178
GCF_031727055.1.fna,GCF_031728315.1.fna,0.023301423,0.9766986
GCF_037700375.1.fna,GCF_031728315.1.fna,0.021223426,0.9787766
GCF_022690005.1.fna,GCF_031728315.1.fna,0.020412326,0.9795877
GCF_031631055.1.fna,GCF_031728315.1.fna,0.02001667,0.9799833
GCF_031728495.1.fna,GCF_031728315.1.fna,0.020545602,0.9794544
GCF_964211265.1.fna,GCF_031728315.1.fna,0.021223426,0.9787766
GCF_031727535.1.fna,GCF_031728315.1.fna,0.021779478,0.9782205
GCF_025143445.1.fna,GCF_031728315.1.fna,0.020679712,0.9793203
GCF_022689855.1.fna,GCF_031728315.1.fna,0.02088219,0.9791178
GCF_022689725.1.fna,GCF_031728315.1.fna,0.021499872,0.9785001
GCF_031727275.1.fna,GCF_031728315.1.fna,0.02156949,0.9784305
GCF_031728235.1.fna,GCF_031728315.1.fna,0.009979129,0.9900209
GCF_040947205.1.fna,GCF_031728315.1.fna,0.006874621,0.9931254
GCF_031727235.1.fna,GCF_031728315.1.fna,0.020814478,0.9791855
GCF_022690165.1.fna,GCF_031728315.1.fna,0.007268071,0.9927319
GCF_031728075.1.fna,GCF_031728315.1.fna,0.009125829,0.9908742
GCF_022689965.1.fna,GCF_031728315.1.fna,0.0075961947,0.9924038
GCF_022689575.1.fna,GCF_031728315.1.fna,0.021499872,0.9785001
GCF_037694985.1.fna,GCF_031728315.1.fna,0.0024083853,0.9975916
GCF_022690185.1.fna,GCF_031728315.1.fna,0.020814478,0.9791855
GCF_031728335.1.fna,GCF_031728315.1.fna,0.010740519,0.9892595
GCF_031728095.1.fna,GCF_031728315.1.fna,0.021292329,0.9787077
GCF_022690385.1.fna,GCF_031728315.1.fna,0.0054441094,0.9945559
GCF_022690425.1.fna,GCF_031728315.1.fna,0.009086072,0.9909139
GCF_022690375.1.fna,GCF_031728315.1.fna,0.021086395,0.9789136
GCF_022689675.1.fna,GCF_031728315.1.fna,0.007522762,0.99247724
GCF_022690245.1.fna,GCF_031728315.1.fna,0.006523907,0.9934761
GCF_037700295.1.fna,GCF_031728315.1.fna,0.007088244,0.99291176
GCF_015274535.1.fna,GCF_031728315.1.fna,0.009006858,0.99099314
GCF_022689845.1.fna,GCF_031728315.1.fna,0.006316602,0.9936834
GCF_022689745.1.fna,GCF_031728315.1.fna,0.0074496865,0.9925503
GCF_022689925.1.fna,GCF_031728315.1.fna,0.027424872,0.9725751
GCF_015274655.1.fna,GCF_031728315.1.fna,0.009006858,0.99099314
GCF_022690325.1.fna,GCF_031728315.1.fna,0.02001667,0.9799833
GCF_022689785.1.fna,GCF_031728315.1.fna,0.020612597,0.9793874
GCF_031728155.1.fna,GCF_031728315.1.fna,0.007855296,0.9921447
GCF_037700455.1.fna,GCF_031728315.1.fna,0.021223426,0.9787766
GCF_022689905.1.fna,GCF_031728315.1.fna,7.158518e-05,0.9999284
GCF_022690105.1.fna,GCF_031728315.1.fna,0.010568798,0.9894312
GCF_022689975.1.fna,GCF_031728315.1.fna,0.0059087873,0.9940912
GCF_022689705.1.fna,GCF_031728315.1.fna,0.02285707,0.97714293
GCF_031728835.1.fna,GCF_031728315.1.fna,0.0069455504,0.99305445
GCF_031728115.1.fna,GCF_031728315.1.fna,0.010356188,0.9896438
GCF_022689775.1.fna,GCF_031728315.1.fna,0.021223426,0.9787766
GCF_031728455.1.fna,GCF_031728315.1.fna,0.021018088,0.9789819
GCF_025143615.1.fna,GCF_031728315.1.fna,0.020950079,0.9790499
GCF_052950835.1.fna,GCF_031728315.1.fna,0.020747006,0.979253
GCF_040947125.1.fna,GCF_031728315.1.fna,0.021499872,0.9785001
GCF_017315645.1.fna,GCF_031728315.1.fna,0.0064545274,0.9935455
GCF_040947645.1.fna,GCF_031728315.1.fna,0.009896278,0.9901037
GCF_022690345.1.fna,GCF_031728315.1.fna,0.007892609,0.9921074
GCF_022689645.1.fna,GCF_031728315.1.fna,0.022348404,0.9776516
GCF_022690295.1.fna,GCF_031728315.1.fna,0.010187805,0.9898122
GCF_031728715.1.fna,GCF_031728315.1.fna,0.02001667,0.9799833
GCF_031728295.1.fna,GCF_031728315.1.fna,0.0059424043,0.9940576
GCF_040947065.1.fna,GCF_031728315.1.fna,0.019821286,0.9801787
GCF_037695175.1.fna,GCF_031728315.1.fna,0.02213347,0.97786653
GCF_031728475.1.fna,GCF_031728315.1.fna,0.00920558,0.9907944
GCF_022690045.1.fna,GCF_031727255.1.fna,0.023301423,0.9766986
GCF_017315625.1.fna,GCF_031727255.1.fna,0.011938274,0.9880617
GCF_900458635.1.fna,GCF_031727255.1.fna,0.022637784,0.9773622
GCF_022689565.1.fna,GCF_031727255.1.fna,0.01010412,0.9898959
GCF_029926905.1.fna,GCF_031727255.1.fna,0.011441886,0.9885581
GCF_040947025.1.fna,GCF_031727255.1.fna,0.010870218,0.9891298
GCF_022690065.1.fna,GCF_031727255.1.fna,0.008499503,0.9915005
GCF_022689765.1.fna,GCF_031727255.1.fna,0.009813786,0.9901862
GCF_022690265.1.fna,GCF_031727255.1.fna,0.008615434,0.99138457
GCF_022689615.1.fna,GCF_031727255.1.fna,0.0094870925,0.9905129
GCF_031728745.1.fna,GCF_031727255.1.fna,0.010611594,0.9893884
GCF_022690275.1.fna,GCF_031727255.1.fna,0.010526121,0.9894739
GCF_047653515.1.fna,GCF_031727255.1.fna,0.010398626,0.9896014
GCF_031728275.1.fna,GCF_031727255.1.fna,0.023753703,0.9762463
GCF_022690115.1.fna,GCF_031727255.1.fna,0.015187204,0.9848128
GCF_031728735.1.fna,GCF_031727255.1.fna,0.010957122,0.9890429
GCF_036419895.1.fna,GCF_031727255.1.fna,0.023376226,0.9766238
GCF_000269685.1.fna,GCF_031727255.1.fna,0.010654509,0.9893455
GCF_031728515.1.fna,GCF_031727255.1.fna,0.0053786635,0.99462134
GCF_037700155.1.fna,GCF_031727255.1.fna,0.010826886,0.9891731
GCF_022690225.1.fna,GCF_031727255.1.fna,0.023301423,0.9766986
GCF_022689945.1.fna,GCF_031727255.1.fna,0.0044556856,0.9955443
GCF_015274585.1.fna,GCF_031727255.1.fna,0.010826886,0.9891731
GCF_031728415.1.fna,GCF_031727255.1.fna,0.023152411,0.9768476
GCF_031729015.1.fna,GCF_031727255.1.fna,0.02390629,0.9760937
GCF_037700315.1.fna,GCF_031727255.1.fna,0.024525821,0.9754742
GCF_031728795.1.fna,GCF_031727255.1.fna,0.02213347,0.97786653
GCF_031728555.1.fna,GCF_031727255.1.fna,0.008538067,0.99146193
GCF_029926865.1.fna,GCF_031727255.1.fna,0.011441886,0.9885581
GCF_040947225.1.fna,GCF_031727255.1.fna,0.021430492,0.9785695
GCF_031728695.1.fna,GCF_031727255.1.fna,0.024214208,0.9757858
GCF_022689665.1.fna,GCF_031727255.1.fna,0.02285707,0.97714293
GCF_029926915.1.fna,GCF_031727255.1.fna,0.010740519,0.9892595
GCF_031728315.1.fna,GCF_031727255.1.fna,0.010229826,0.9897702
GCF_031727255.1.fna,GCF_031727255.1.fna,0.0,1.0
GCF_022690205.1.fna,GCF_031727255.1.fna,0.024136782,0.9758632
GCF_031727455.1.fna,GCF_031727255.1.fna,0.029235482,0.9707645
GCF_022690025.1.fna,GCF_031727255.1.fna,0.02285707,0.97714293
GCF_031727075.1.fna,GCF_031727255.1.fna,0.009406269,0.99059373
GCF_022690145.1.fna,GCF_031727255.1.fna,0.008460999,0.991539
GCF_002901845.1.fna,GCF_031727255.1.fna,0.022565126,0.9774349
GCF_022689825.1.fna,GCF_031727255.1.fna,0.009813786,0.9901862
GCF_031728675.1.fna,GCF_031727255.1.fna,0.024525821,0.9754742
GCF_047653525.1.fna,GCF_031727255.1.fna,0.012029827,0.9879702
GCF_022690085.1.fna,GCF_031727255.1.fna,0.029423416,0.9705766
GCF_037700135.1.fna,GCF_031727255.1.fna,0.010483503,0.9895165
GCF_025143205.1.fna,GCF_031727255.1.fna,0.009649754,0.99035025
GCF_031728895.1.fna,GCF_031727255.1.fna,0.022420406,0.9775796
GCF_040947605.1.fna,GCF_031727255.1.fna,0.010870218,0.9891298
GCF_031727355.1.fna,GCF_031727255.1.fna,0.01010412,0.9898959
GCF_015274675.1.fna,GCF_031727255.1.fna,0.010568798,0.9894312
GCF_036420075.1.fna,GCF_031727255.1.fna,0.004548967,0.99545103
GCF_013267575.1.fna,GCF_031727255.1.fna,0.02390629,0.9760937
GCF_031727055.1.fna,GCF_031727255.1.fna,0.023982882,0.9760171
GCF_037700375.1.fna,GCF_031727255.1.fna,0.023301423,0.9766986
GCF_022690005.1.fna,GCF_031727255.1.fna,0.023226798,0.9767732
GCF_031631055.1.fna,GCF_031727255.1.fna,0.022204995,0.977795
GCF_031728495.1.fna,GCF_031727255.1.fna,0.021361291,0.9786387
GCF_964211265.1.fna,GCF_031727255.1.fna,0.023451328,0.9765487
GCF_031727535.1.fna,GCF_031727255.1.fna,0.023376226,0.9766238
GCF_025143445.1.fna,GCF_031727255.1.fna,0.023982882,0.9760171
GCF_022689855.1.fna,GCF_031727255.1.fna,0.022420406,0.9775796
GCF_022689725.1.fna,GCF_031727255.1.fna,0.02285707,0.97714293
GCF_031727275.1.fna,GCF_031727255.1.fna,0.022420406,0.9775796
GCF_031728235.1.fna,GCF_031727255.1.fna,0.01180172,0.9881983
GCF_040947205.1.fna,GCF_031727255.1.fna,0.010568798,0.9894312
GCF_031727235.1.fna,GCF_031727255.1.fna,0.022492707,0.9775073
GCF_022690165.1.fna,GCF_031727255.1.fna,0.008538067,0.99146193
GCF_031728075.1.fna,GCF_031727255.1.fna,0.009690642,0.99030936
GCF_022689965.1.fna,GCF_031727255.1.fna,0.009813786,0.9901862
GCF_022689575.1.fna,GCF_031727255.1.fna,0.02285707,0.97714293
GCF_037694985.1.fna,GCF_031727255.1.fna,0.011620998,0.988379
GCF_022690185.1.fna,GCF_031727255.1.fna,0.023677707,0.9763223
GCF_031728335.1.fna,GCF_031727255.1.fna,0.011264324,0.9887357
GCF_031728095.1.fna,GCF_031727255.1.fna,0.024369478,0.9756305
GCF_022690385.1.fna,GCF_031727255.1.fna,0.010654509,0.9893455
GCF_022690425.1.fna,GCF_031727255.1.fna,0.009690642,0.99030936
GCF_022690375.1.fna,GCF_031727255.1.fna,0.023152411,0.9768476
GCF_022689675.1.fna,GCF_031727255.1.fna,0.009568274,0.9904317
GCF_022690245.1.fna,GCF_031727255.1.fna,0.010526121,0.9894739
GCF_037700295.1.fna,GCF_031727255.1.fna,0.010740519,0.9892595
GCF_015274535.1.fna,GCF_031727255.1.fna,0.010826886,0.9891731
GCF_022689845.1.fna,GCF_031727255.1.fna,0.010020673,0.9899793
GCF_022689745.1.fna,GCF_031727255.1.fna,0.009406269,0.99059373
GCF_022689925.1.fna,GCF_031727255.1.fna,0.030091286,0.9699087
GCF_015274655.1.fna,GCF_031727255.1.fna,0.010826886,0.9891731
GCF_022690325.1.fna,GCF_031727255.1.fna,0.02213347,0.97786653
GCF_022689785.1.fna,GCF_031727255.1.fna,0.023301423,0.9766986
GCF_031728155.1.fna,GCF_031727255.1.fna,0.010020673,0.9899793
GCF_037700455.1.fna,GCF_031727255.1.fna,0.023301423,0.9766986
GCF_022689905.1.fna,GCF_031727255.1.fna,0.010229826,0.9897702
GCF_022690105.1.fna,GCF_031727255.1.fna,0.011088192,0.9889118
GCF_022689975.1.fna,GCF_031727255.1.fna,0.009772658,0.99022734
GCF_022689705.1.fna,GCF_031727255.1.fna,0.024136782,0.9758632
GCF_031728835.1.fna,GCF_031727255.1.fna,0.008499503,0.9915005
GCF_031728115.1.fna,GCF_031727255.1.fna,0.01180172,0.9881983
GCF_022689775.1.fna,GCF_031727255.1.fna,0.02390629,0.9760937
GCF_031728455.1.fna,GCF_031727255.1.fna,0.02156949,0.9784305
GCF_025143615.1.fna,GCF_031727255.1.fna,0.023602009,0.976398
GCF_052950835.1.fna,GCF_031727255.1.fna,0.023004293,0.9769957
GCF_040947125.1.fna,GCF_031727255.1.fna,0.023226798,0.9767732
GCF_017315645.1.fna,GCF_031727255.1.fna,0.009568274,0.9904317
GCF_040947645.1.fna,GCF_031727255.1.fna,0.010870218,0.9891298
GCF_022690345.1.fna,GCF_031727255.1.fna,0.010062277,0.9899377
GCF_022689645.1.fna,GCF_031727255.1.fna,0.023078203,0.9769218
GCF_022690295.1.fna,GCF_031727255.1.fna,4.7683716e-05,0.9999523
GCF_031728715.1.fna,GCF_031727255.1.fna,0.022930622,0.9770694
GCF_031728295.1.fna,GCF_031727255.1.fna,0.009608984,0.990391
GCF_040947065.1.fna,GCF_031727255.1.fna,0.022204995,0.977795
GCF_037695175.1.fna,GCF_031727255.1.fna,0.023078203,0.9769218
GCF_031728475.1.fna,GCF_031727255.1.fna,0.010957122,0.9890429
GCF_022690045.1.fna,GCF_022690205.1.fna,0.005741477,0.9942585
GCF_017315625.1.fna,GCF_022690205.1.fna,0.020412326,0.9795877
GCF_900458635.1.fna,GCF_022690205.1.fna,0.008693099,0.9913069
GCF_022689565.1.fna,GCF_022690205.1.fna,0.021709323,0.9782907
GCF_029926905.1.fna,GCF_022690205.1.fna,0.021639287,0.9783607
GCF_040947025.1.fna,GCF_022690205.1.fna,0.022783816,0.9772162
GCF_022690065.1.fna,GCF_022690205.1.fna,0.023226798,0.9767732
GCF_022689765.1.fna,GCF_022690205.1.fna,0.022783816,0.9772162
GCF_022690265.1.fna,GCF_022690205.1.fna,0.022930622,0.9770694
GCF_022689615.1.fna,GCF_022690205.1.fna,0.022062302,0.9779377
GCF_031728745.1.fna,GCF_022690205.1.fna,0.021779478,0.9782205
GCF_022690275.1.fna,GCF_022690205.1.fna,0.024683118,0.9753169
GCF_047653515.1.fna,GCF_022690205.1.fna,0.02285707,0.97714293
GCF_031728275.1.fna,GCF_022690205.1.fna,0.009006858,0.99099314
GCF_022690115.1.fna,GCF_022690205.1.fna,0.026310384,0.9736896
GCF_031728735.1.fna,GCF_022690205.1.fna,0.022204995,0.977795
GCF_036419895.1.fna,GCF_022690205.1.fna,0.00285542,0.9971446
GCF_000269685.1.fna,GCF_022690205.1.fna,0.023078203,0.9769218
GCF_031728515.1.fna,GCF_022690205.1.fna,0.024920821,0.9750792
GCF_037700155.1.fna,GCF_022690205.1.fna,0.02184987,0.9781501
GCF_022690225.1.fna,GCF_022690205.1.fna,0.012634695,0.9873653
GCF_022689945.1.fna,GCF_022690205.1.fna,0.0244475,0.9755525
GCF_015274585.1.fna,GCF_022690205.1.fna,0.02285707,0.97714293
GCF_031728415.1.fna,GCF_022690205.1.fna,0.009568274,0.9904317
GCF_031729015.1.fna,GCF_022690205.1.fna,0.0036076307,0.99639237
GCF_037700315.1.fna,GCF_022690205.1.fna,0.0069811344,0.99301887
GCF_031728795.1.fna,GCF_022690205.1.fna,0.010020673,0.9899793
GCF_031728555.1.fna,GCF_022690205.1.fna,0.023226798,0.9767732
GCF_029926865.1.fna,GCF_022690205.1.fna,0.021639287,0.9783607
GCF_040947225.1.fna,GCF_022690205.1.fna,0.008422613,0.9915774
GCF_031728695.1.fna,GCF_022690205.1.fna,0.006874621,0.9931254
GCF_022689665.1.fna,GCF_022690205.1.fna,0.009125829,0.9908742
GCF_029926915.1.fna,GCF_022690205.1.fna,0.022930622,0.9770694
GCF_031728315.1.fna,GCF_022690205.1.fna,0.021639287,0.9783607
GCF_031727255.1.fna,GCF_022690205.1.fna,0.024136782,0.9758632
GCF_022690205.1.fna,GCF_022690205.1.fna,0.0,1.0
GCF_031727455.1.fna,GCF_022690205.1.fna,0.024369478,0.9756305
GCF_022690025.1.fna,GCF_022690205.1.fna,0.009325743,0.99067426
GCF_031727075.1.fna,GCF_022690205.1.fna,0.021991313,0.9780087
GCF_022690145.1.fna,GCF_022690205.1.fna,0.023078203,0.9769218
GCF_002901845.1.fna,GCF_022690205.1.fna,0.008654237,0.99134576
GCF_022689825.1.fna,GCF_022690205.1.fna,0.022783816,0.9772162
GCF_031728675.1.fna,GCF_022690205.1.fna,0.0075594783,0.9924405
GCF_047653525.1.fna,GCF_022690205.1.fna,0.023078203,0.9769218
GCF_022690085.1.fna,GCF_022690205.1.fna,0.023451328,0.9765487
GCF_037700135.1.fna,GCF_022690205.1.fna,0.023078203,0.9769218
GCF_025143205.1.fna,GCF_022690205.1.fna,0.022930622,0.9770694
GCF_031728895.1.fna,GCF_022690205.1.fna,0.009325743,0.99067426
GCF_040947605.1.fna,GCF_022690205.1.fna,0.021991313,0.9780087
GCF_031727355.1.fna,GCF_022690205.1.fna,0.021709323,0.9782907
GCF_015274675.1.fna,GCF_022690205.1.fna,0.023677707,0.9763223
GCF_036420075.1.fna,GCF_022690205.1.fna,0.024214208,0.9757858
GCF_013267575.1.fna,GCF_022690205.1.fna,0.007340491,0.9926595
GCF_031727055.1.fna,GCF_022690205.1.fna,0.011938274,0.9880617
GCF_037700375.1.fna,GCF_022690205.1.fna,0.009325743,0.99067426
GCF_022690005.1.fna,GCF_022690205.1.fna,0.005774796,0.9942252
GCF_031631055.1.fna,GCF_022690205.1.fna,0.013898492,0.9861015
GCF_031728495.1.fna,GCF_022690205.1.fna,0.008732021,0.991268
GCF_964211265.1.fna,GCF_022690205.1.fna,0.009527624,0.9904724
GCF_031727535.1.fna,GCF_022690205.1.fna,0.009325743,0.99067426
GCF_025143445.1.fna,GCF_022690205.1.fna,0.008080244,0.99191976
GCF_022689855.1.fna,GCF_022690205.1.fna,0.009446621,0.9905534
GCF_022689725.1.fna,GCF_022690205.1.fna,0.009125829,0.9908742
GCF_031727275.1.fna,GCF_022690205.1.fna,0.009813786,0.9901862
GCF_031728235.1.fna,GCF_022690205.1.fna,0.025241077,0.9747589
GCF_040947205.1.fna,GCF_022690205.1.fna,0.021920502,0.9780795
GCF_031727235.1.fna,GCF_022690205.1.fna,0.009406269,0.99059373
GCF_022690165.1.fna,GCF_022690205.1.fna,0.023226798,0.9767732
GCF_031728075.1.fna,GCF_022690205.1.fna,0.02285707,0.97714293
GCF_022689965.1.fna,GCF_022690205.1.fna,0.021920502,0.9780795
GCF_022689575.1.fna,GCF_022690205.1.fna,0.009165645,0.99083436
GCF_037694985.1.fna,GCF_022690205.1.fna,0.023677707,0.9763223
GCF_022690185.1.fna,GCF_022690205.1.fna,0.0029405355,0.99705946
GCF_031728335.1.fna,GCF_022690205.1.fna,0.023152411,0.9768476
GCF_031728095.1.fna,GCF_022690205.1.fna,0.007855296,0.9921447
GCF_022690385.1.fna,GCF_022690205.1.fna,0.022783816,0.9772162
GCF_022690425.1.fna,GCF_022690205.1.fna,0.02285707,0.97714293
GCF_022690375.1.fna,GCF_022690205.1.fna,0.009649754,0.99035025
GCF_022689675.1.fna,GCF_022690205.1.fna,0.02184987,0.9781501
GCF_022690245.1.fna,GCF_022690205.1.fna,0.022710681,0.9772893
GCF_037700295.1.fna,GCF_022690205.1.fna,0.022062302,0.9779377
GCF_015274535.1.fna,GCF_022690205.1.fna,0.02285707,0.97714293
GCF_022689845.1.fna,GCF_022690205.1.fna,0.022710681,0.9772893
GCF_022689745.1.fna,GCF_022690205.1.fna,0.021991313,0.9780087
GCF_022689925.1.fna,GCF_022690205.1.fna,0.024525821,0.9754742
GCF_015274655.1.fna,GCF_022690205.1.fna,0.02285707,0.97714293
GCF_022690325.1.fna,GCF_022690205.1.fna,0.008849382,0.9911506
GCF_022689785.1.fna,GCF_022690205.1.fna,0.005183816,0.9948162
GCF_031728155.1.fna,GCF_022690205.1.fna,0.022492707,0.9775073
GCF_037700455.1.fna,GCF_022690205.1.fna,0.009365916,0.9906341
GCF_022689905.1.fna,GCF_022690205.1.fna,0.021709323,0.9782907
GCF_022690105.1.fna,GCF_022690205.1.fna,0.022492707,0.9775073
GCF_022689975.1.fna,GCF_022690205.1.fna,0.022783816,0.9772162
GCF_022689705.1.fna,GCF_022690205.1.fna,0.009854972,0.990145
GCF_031728835.1.fna,GCF_022690205.1.fna,0.02285707,0.97714293
GCF_031728115.1.fna,GCF_022690205.1.fna,0.022204995,0.977795
GCF_022689775.1.fna,GCF_022690205.1.fna,0.0029121041,0.9970879
GCF_031728455.1.fna,GCF_022690205.1.fna,0.009086072,0.9909139
GCF_025143615.1.fna,GCF_022690205.1.fna,0.0031408668,0.99685913
GCF_052950835.1.fna,GCF_022690205.1.fna,0.014099598,0.9859004
GCF_040947125.1.fna,GCF_022690205.1.fna,0.009125829,0.9908742
GCF_017315645.1.fna,GCF_022690205.1.fna,0.02156949,0.9784305
GCF_040947645.1.fna,GCF_022690205.1.fna,0.021991313,0.9780087
GCF_022690345.1.fna,GCF_022690205.1.fna,0.022348404,0.9776516
GCF_022689645.1.fna,GCF_022690205.1.fna,0.009772658,0.99022734
GCF_022690295.1.fna,GCF_022690205.1.fna,0.024136782,0.9758632
GCF_031728715.1.fna,GCF_022690205.1.fna,0.0024635792,0.9975364
GCF_031728295.1.fna,GCF_022690205.1.fna,0.022204995,0.977795
GCF_040947065.1.fna,GCF_022690205.1.fna,0.013208687,0.9867913
GCF_037695175.1.fna,GCF_022690205.1.fna,0.0094870925,0.9905129
GCF_031728475.1.fna,GCF_022690205.1.fna,0.022565126,0.9774349
GCF_022690045.1.fna,GCF_031727455.1.fna,0.022930622,0.9770694
GCF_017315625.1.fna,GCF_031727455.1.fna,0.02622658,0.9737734
GCF_900458635.1.fna,GCF_031727455.1.fna,0.023152411,0.9768476
GCF_022689565.1.fna,GCF_031727455.1.fna,0.026733518,0.9732665
GCF_029926905.1.fna,GCF_031727455.1.fna,0.0296126,0.9703874
GCF_040947025.1.fna,GCF_031727455.1.fna,0.02768892,0.9723111
GCF_022690065.1.fna,GCF_031727455.1.fna,0.02768892,0.9723111
GCF_022689765.1.fna,GCF_031727455.1.fna,0.027866304,0.9721337
GCF_022690265.1.fna,GCF_031727455.1.fna,0.027424872,0.9725751
GCF_022689615.1.fna,GCF_031727455.1.fna,0.02725041,0.9727496
GCF_031728745.1.fna,GCF_031727455.1.fna,0.026990712,0.9730093
GCF_022690275.1.fna,GCF_031727455.1.fna,0.028496683,0.9715033
GCF_047653515.1.fna,GCF_031727455.1.fna,0.028224707,0.9717753
GCF_031728275.1.fna,GCF_031727455.1.fna,0.023753703,0.9762463
GCF_022690115.1.fna,GCF_031727455.1.fna,0.02904892,0.9709511
GCF_031728735.1.fna,GCF_031727455.1.fna,0.028405726,0.9715943
GCF_036419895.1.fna,GCF_031727455.1.fna,0.02285707,0.97714293
GCF_000269685.1.fna,GCF_031727455.1.fna,0.02904892,0.9709511
GCF_031728515.1.fna,GCF_031727455.1.fna,0.029994905,0.9700051
GCF_037700155.1.fna,GCF_031727455.1.fna,0.027600586,0.9723994
GCF_022690225.1.fna,GCF_031727455.1.fna,0.025321782,0.9746782
GCF_022689945.1.fna,GCF_031727455.1.fna,0.028863609,0.9711364
GCF_015274585.1.fna,GCF_031727455.1.fna,0.027337492,0.9726625
GCF_031728415.1.fna,GCF_031727455.1.fna,0.024841309,0.9751587
GCF_031729015.1.fna,GCF_031727455.1.fna,0.02285707,0.97714293
GCF_037700315.1.fna,GCF_031727455.1.fna,0.024525821,0.9754742
GCF_031728795.1.fna,GCF_031727455.1.fna,0.024059713,0.9759403
GCF_031728555.1.fna,GCF_031727455.1.fna,0.027777493,0.9722225
GCF_029926865.1.fna,GCF_031727455.1.fna,0.0296126,0.9703874
GCF_040947225.1.fna,GCF_031727455.1.fna,0.023301423,0.9766986
GCF_031728695.1.fna,GCF_031727455.1.fna,0.023753703,0.9762463
GCF_022689665.1.fna,GCF_031727455.1.fna,0.025000513,0.9749995
GCF_029926915.1.fna,GCF_031727455.1.fna,0.02867949,0.9713205
GCF_031728315.1.fna,GCF_031727455.1.fna,0.027424872,0.9725751
GCF_031727255.1.fna,GCF_031727455.1.fna,0.029235482,0.9707645
GCF_022690205.1.fna,GCF_031727455.1.fna,0.024369478,0.9756305
GCF_031727455.1.fna,GCF_031727455.1.fna,0.0,1.0
GCF_022690025.1.fna,GCF_031727455.1.fna,0.024920821,0.9750792
GCF_031727075.1.fna,GCF_031727455.1.fna,0.027163506,0.9728365
GCF_022690145.1.fna,GCF_031727455.1.fna,0.02768892,0.9723111
GCF_002901845.1.fna,GCF_031727455.1.fna,0.023078203,0.9769218
GCF_022689825.1.fna,GCF_031727455.1.fna,0.027866304,0.9721337
GCF_031728675.1.fna,GCF_031727455.1.fna,0.024214208,0.9757858
GCF_047653525.1.fna,GCF_031727455.1.fna,0.028496683,0.9715033
GCF_022690085.1.fna,GCF_031727455.1.fna,0.0031408668,0.99685913
GCF_037700135.1.fna,GCF_031727455.1.fna,0.028587997,0.971412
GCF_025143205.1.fna,GCF_031727455.1.fna,0.02725041,0.9727496
GCF_031728895.1.fna,GCF_031727455.1.fna,0.023753703,0.9762463
GCF_040947605.1.fna,GCF_031727455.1.fna,0.028315127,0.9716849
GCF_031727355.1.fna,GCF_031727455.1.fna,0.026733518,0.9732665
GCF_015274675.1.fna,GCF_031727455.1.fna,0.028315127,0.9716849
GCF_036420075.1.fna,GCF_031727455.1.fna,0.0287714,0.9712286
GCF_013267575.1.fna,GCF_031727455.1.fna,0.024136782,0.9758632
GCF_031727055.1.fna,GCF_031727455.1.fna,0.024059713,0.9759403
GCF_037700375.1.fna,GCF_031727455.1.fna,0.02460432,0.9753957
GCF_022690005.1.fna,GCF_031727455.1.fna,0.022930622,0.9770694
GCF_031631055.1.fna,GCF_031727455.1.fna,0.024841309,0.9751587
GCF_031728495.1.fna,GCF_031727455.1.fna,0.023301423,0.9766986
GCF_964211265.1.fna,GCF_031727455.1.fna,0.025000513,0.9749995
GCF_031727535.1.fna,GCF_031727455.1.fna,0.024762094,0.9752379
GCF_025143445.1.fna,GCF_031727455.1.fna,0.024369478,0.9756305
GCF_022689855.1.fna,GCF_031727455.1.fna,0.02390629,0.9760937
GCF_022689725.1.fna,GCF_031727455.1.fna,0.025000513,0.9749995
GCF_031727275.1.fna,GCF_031727455.1.fna,0.0244475,0.9755525
GCF_031728235.1.fna,GCF_031727455.1.fna,0.02904892,0.9709511
GCF_040947205.1.fna,GCF_031727455.1.fna,0.028134704,0.9718653
GCF_031727235.1.fna,GCF_031727455.1.fna,0.023829877,0.9761701
GCF_022690165.1.fna,GCF_031727455.1.fna,0.027777493,0.9722225
GCF_031728075.1.fna,GCF_031727455.1.fna,0.028956115,0.9710439
GCF_022689965.1.fna,GCF_031727455.1.fna,0.027424872,0.9725751
GCF_022689575.1.fna,GCF_031727455.1.fna,0.025000513,0.9749995
GCF_037694985.1.fna,GCF_031727455.1.fna,0.028956115,0.9710439
GCF_022690185.1.fna,GCF_031727455.1.fna,0.023152411,0.9768476
GCF_031728335.1.fna,GCF_031727455.1.fna,0.028496683,0.9715033
GCF_031728095.1.fna,GCF_031727455.1.fna,0.024214208,0.9757858
GCF_022690385.1.fna,GCF_031727455.1.fna,0.028863609,0.9711364
GCF_022690425.1.fna,GCF_031727455.1.fna,0.028956115,0.9710439
GCF_022690375.1.fna,GCF_031727455.1.fna,0.024059713,0.9759403
GCF_022689675.1.fna,GCF_031727455.1.fna,0.02707702,0.972923
GCF_022690245.1.fna,GCF_031727455.1.fna,0.027600586,0.9723994
GCF_037700295.1.fna,GCF_031727455.1.fna,0.027600586,0.9723994
GCF_015274535.1.fna,GCF_031727455.1.fna,0.027337492,0.9726625
GCF_022689845.1.fna,GCF_031727455.1.fna,0.028405726,0.9715943
GCF_022689745.1.fna,GCF_031727455.1.fna,0.027163506,0.9728365
GCF_022689925.1.fna,GCF_031727455.1.fna,0.0036371946,0.9963628
GCF_015274655.1.fna,GCF_031727455.1.fna,0.027337492,0.9726625
GCF_022690325.1.fna,GCF_031727455.1.fna,0.023301423,0.9766986
GCF_022689785.1.fna,GCF_031727455.1.fna,0.022565126,0.9774349
GCF_031728155.1.fna,GCF_031727455.1.fna,0.026904702,0.9730953
GCF_037700455.1.fna,GCF_031727455.1.fna,0.024525821,0.9754742
GCF_022689905.1.fna,GCF_031727455.1.fna,0.027424872,0.9725751
GCF_022690105.1.fna,GCF_031727455.1.fna,0.027777493,0.9722225
GCF_022689975.1.fna,GCF_031727455.1.fna,0.027866304,0.9721337
GCF_022689705.1.fna,GCF_031727455.1.fna,0.023753703,0.9762463
GCF_031728835.1.fna,GCF_031727455.1.fna,0.026733518,0.9732665
GCF_031728115.1.fna,GCF_031727455.1.fna,0.027337492,0.9726625
GCF_022689775.1.fna,GCF_031727455.1.fna,0.024059713,0.9759403
GCF_031728455.1.fna,GCF_031727455.1.fna,0.02352649,0.9764735
GCF_025143615.1.fna,GCF_031727455.1.fna,0.023753703,0.9762463
GCF_052950835.1.fna,GCF_031727455.1.fna,0.026059687,0.9739403
GCF_040947125.1.fna,GCF_031727455.1.fna,0.025565505,0.9744345
GCF_017315645.1.fna,GCF_031727455.1.fna,0.02725041,0.9727496
GCF_040947645.1.fna,GCF_031727455.1.fna,0.028315127,0.9716849
GCF_022690345.1.fna,GCF_031727455.1.fna,0.026733518,0.9732665
GCF_022689645.1.fna,GCF_031727455.1.fna,0.023078203,0.9769218
GCF_022690295.1.fna,GCF_031727455.1.fna,0.029235482,0.9707645
GCF_031728715.1.fna,GCF_031727455.1.fna,0.022492707,0.9775073
GCF_031728295.1.fna,GCF_031727455.1.fna,0.02768892,0.9723111
GCF_040947065.1.fna,GCF_031727455.1.fna,0.024762094,0.9752379
GCF_037695175.1.fna,GCF_031727455.1.fna,0.02460432,0.9753957
GCF_031728475.1.fna,GCF_031727455.1.fna,0.02725041,0.9727496
GCF_022690045.1.fna,GCF_022690025.1.fna,0.009165645,0.99083436
GCF_017315625.1.fna,GCF_022690025.1.fna,0.020345926,0.9796541
GCF_900458635.1.fna,GCF_022690025.1.fna,0.0066984296,0.9933016
GCF_022689565.1.fna,GCF_022690025.1.fna,0.022062302,0.9779377
GCF_029926905.1.fna,GCF_022690025.1.fna,0.023152411,0.9768476
GCF_040947025.1.fna,GCF_022690025.1.fna,0.022710681,0.9772893
GCF_022690065.1.fna,GCF_022690025.1.fna,0.022348404,0.9776516
GCF_022689765.1.fna,GCF_022690025.1.fna,0.02213347,0.97786653
GCF_022690265.1.fna,GCF_022690025.1.fna,0.022062302,0.9779377
GCF_022689615.1.fna,GCF_022690025.1.fna,0.02227658,0.9777234
GCF_031728745.1.fna,GCF_022690025.1.fna,0.021991313,0.9780087
GCF_022690275.1.fna,GCF_022690025.1.fna,0.023152411,0.9768476
GCF_047653515.1.fna,GCF_022690025.1.fna,0.021920502,0.9780795
GCF_031728275.1.fna,GCF_022690025.1.fna,0.009245515,0.9907545
GCF_022690115.1.fna,GCF_022690025.1.fna,0.0244475,0.9755525
GCF_031728735.1.fna,GCF_022690025.1.fna,0.022420406,0.9775796
GCF_036419895.1.fna,GCF_022690025.1.fna,0.008576691,0.9914233
GCF_000269685.1.fna,GCF_022690025.1.fna,0.023451328,0.9765487
GCF_031728515.1.fna,GCF_022690025.1.fna,0.023982882,0.9760171
GCF_037700155.1.fna,GCF_022690025.1.fna,0.022492707,0.9775073
GCF_022690225.1.fna,GCF_022690025.1.fna,0.012681901,0.9873181
GCF_022689945.1.fna,GCF_022690025.1.fna,0.023152411,0.9768476
GCF_015274585.1.fna,GCF_022690025.1.fna,0.021499872,0.9785001
GCF_031728415.1.fna,GCF_022690025.1.fna,0.008538067,0.99146193
GCF_031729015.1.fna,GCF_022690025.1.fna,0.008576691,0.9914233
GCF_037700315.1.fna,GCF_022690025.1.fna,0.009086072,0.9909139
GCF_031728795.1.fna,GCF_022690025.1.fna,0.010483503,0.9895165
GCF_031728555.1.fna,GCF_022690025.1.fna,0.022348404,0.9776516
GCF_029926865.1.fna,GCF_022690025.1.fna,0.023152411,0.9768476
GCF_040947225.1.fna,GCF_022690025.1.fna,0.009527624,0.9904724
GCF_031728695.1.fna,GCF_022690025.1.fna,0.008080244,0.99191976
GCF_022689665.1.fna,GCF_022690025.1.fna,0.0025746226,0.9974254
GCF_029926915.1.fna,GCF_022690025.1.fna,0.021991313,0.9780087
GCF_031728315.1.fna,GCF_022690025.1.fna,0.021499872,0.9785001
GCF_031727255.1.fna,GCF_022690025.1.fna,0.02285707,0.97714293
GCF_022690205.1.fna,GCF_022690025.1.fna,0.009325743,0.99067426
GCF_031727455.1.fna,GCF_022690025.1.fna,0.024920821,0.9750792
GCF_022690025.1.fna,GCF_022690025.1.fna,0.0,1.0
GCF_031727075.1.fna,GCF_022690025.1.fna,0.02227658,0.9777234
GCF_022690145.1.fna,GCF_022690025.1.fna,0.022204995,0.977795
GCF_002901845.1.fna,GCF_022690025.1.fna,0.0066284537,0.99337155
GCF_022689825.1.fna,GCF_022690025.1.fna,0.02213347,0.97786653
GCF_031728675.1.fna,GCF_022690025.1.fna,0.007669866,0.99233013
GCF_047653525.1.fna,GCF_022690025.1.fna,0.022492707,0.9775073
GCF_022690085.1.fna,GCF_022690025.1.fna,0.024683118,0.9753169
GCF_037700135.1.fna,GCF_022690025.1.fna,0.022783816,0.9772162
GCF_025143205.1.fna,GCF_022690025.1.fna,0.021779478,0.9782205
GCF_031728895.1.fna,GCF_022690025.1.fna,0.009813786,0.9901862
GCF_040947605.1.fna,GCF_022690025.1.fna,0.021430492,0.9785695
GCF_031727355.1.fna,GCF_022690025.1.fna,0.021991313,0.9780087
GCF_015274675.1.fna,GCF_022690025.1.fna,0.023451328,0.9765487
GCF_036420075.1.fna,GCF_022690025.1.fna,0.023152411,0.9768476
GCF_013267575.1.fna,GCF_022690025.1.fna,0.0074496865,0.9925503
GCF_031727055.1.fna,GCF_022690025.1.fna,0.008927941,0.99107206
GCF_037700375.1.fna,GCF_022690025.1.fna,0.0067335367,0.99326646
GCF_022690005.1.fna,GCF_022690025.1.fna,0.00920558,0.9907944
GCF_031631055.1.fna,GCF_022690025.1.fna,0.011666119,0.9883339
GCF_031728495.1.fna,GCF_022690025.1.fna,0.0065935254,0.9934065
GCF_964211265.1.fna,GCF_022690025.1.fna,0.008117974,0.991882
GCF_031727535.1.fna,GCF_022690025.1.fna,0.004148066,0.99585193
GCF_025143445.1.fna,GCF_022690025.1.fna,0.008849382,0.9911506
GCF_022689855.1.fna,GCF_022690025.1.fna,0.008576691,0.9914233
GCF_022689725.1.fna,GCF_022690025.1.fna,0.0025746226,0.9974254
GCF_031727275.1.fna,GCF_022690025.1.fna,0.00737679,0.9926232
GCF_031728235.1.fna,GCF_022690025.1.fna,0.024920821,0.9750792
GCF_040947205.1.fna,GCF_022690025.1.fna,0.022492707,0.9775073
GCF_031727235.1.fna,GCF_022690025.1.fna,0.008615434,0.99138457
GCF_022690165.1.fna,GCF_022690025.1.fna,0.022348404,0.9776516
GCF_031728075.1.fna,GCF_022690025.1.fna,0.022348404,0.9776516
GCF_022689965.1.fna,GCF_022690025.1.fna,0.02227658,0.9777234
GCF_022689575.1.fna,GCF_022690025.1.fna,0.0026025176,0.9973975
GCF_037694985.1.fna,GCF_022690025.1.fna,0.023004293,0.9769957
GCF_022690185.1.fna,GCF_022690025.1.fna,0.0089674,0.9910326
GCF_031728335.1.fna,GCF_022690025.1.fna,0.022637784,0.9773622
GCF_031728095.1.fna,GCF_022690025.1.fna,0.009245515,0.9907545
GCF_022690385.1.fna,GCF_022690025.1.fna,0.022637784,0.9773622
GCF_022690425.1.fna,GCF_022690025.1.fna,0.022348404,0.9776516
GCF_022690375.1.fna,GCF_022690025.1.fna,0.007706821,0.9922932
GCF_022689675.1.fna,GCF_022690025.1.fna,0.02213347,0.97786653
GCF_022690245.1.fna,GCF_022690025.1.fna,0.022420406,0.9775796
GCF_037700295.1.fna,GCF_022690025.1.fna,0.022710681,0.9772893
GCF_015274535.1.fna,GCF_022690025.1.fna,0.021499872,0.9785001
GCF_022689845.1.fna,GCF_022690025.1.fna,0.022637784,0.9773622
GCF_022689745.1.fna,GCF_022690025.1.fna,0.02227658,0.9777234
GCF_022689925.1.fna,GCF_022690025.1.fna,0.025565505,0.9744345
GCF_015274655.1.fna,GCF_022690025.1.fna,0.021499872,0.9785001
GCF_022690325.1.fna,GCF_022690025.1.fna,0.009568274,0.9904317
GCF_022689785.1.fna,GCF_022690025.1.fna,0.007632971,0.992367
GCF_031728155.1.fna,GCF_022690025.1.fna,0.021920502,0.9780795
GCF_037700455.1.fna,GCF_022690025.1.fna,0.00680393,0.99319607
GCF_022689905.1.fna,GCF_022690025.1.fna,0.021499872,0.9785001
GCF_022690105.1.fna,GCF_022690025.1.fna,0.021991313,0.9780087
GCF_022689975.1.fna,GCF_022690025.1.fna,0.022062302,0.9779377
GCF_022689705.1.fna,GCF_022690025.1.fna,0.008269668,0.99173033
GCF_031728835.1.fna,GCF_022690025.1.fna,0.021709323,0.9782907
GCF_031728115.1.fna,GCF_022690025.1.fna,0.021361291,0.9786387
GCF_022689775.1.fna,GCF_022690025.1.fna,0.009046435,0.99095356
GCF_031728455.1.fna,GCF_022690025.1.fna,0.0070524216,0.9929476
GCF_025143615.1.fna,GCF_022690025.1.fna,0.008888602,0.9911114
GCF_052950835.1.fna,GCF_022690025.1.fna,0.012587488,0.9874125
GCF_040947125.1.fna,GCF_022690025.1.fna,0.0057082176,0.9942918
GCF_017315645.1.fna,GCF_022690025.1.fna,0.022062302,0.9779377
GCF_040947645.1.fna,GCF_022690025.1.fna,0.021430492,0.9785695
GCF_022690345.1.fna,GCF_022690025.1.fna,0.021779478,0.9782205
GCF_022689645.1.fna,GCF_022690025.1.fna,0.0077438354,0.99225616
GCF_022690295.1.fna,GCF_022690025.1.fna,0.022783816,0.9772162
GCF_031728715.1.fna,GCF_022690025.1.fna,0.007967472,0.9920325
GCF_031728295.1.fna,GCF_022690025.1.fna,0.022348404,0.9776516
GCF_040947065.1.fna,GCF_022690025.1.fna,0.012167871,0.9878321
GCF_037695175.1.fna,GCF_022690025.1.fna,0.004548967,0.99545103
GCF_031728475.1.fna,GCF_022690025.1.fna,0.023078203,0.9769218
GCF_022690045.1.fna,GCF_031727075.1.fna,0.020412326,0.9795877
GCF_017315625.1.fna,GCF_031727075.1.fna,0.009245515,0.9907545
GCF_900458635.1.fna,GCF_031727075.1.fna,0.021086395,0.9789136
GCF_022689565.1.fna,GCF_031727075.1.fna,0.008042574,0.9919574
GCF_029926905.1.fna,GCF_031727075.1.fna,0.009245515,0.9907545
GCF_040947025.1.fna,GCF_031727075.1.fna,0.008615434,0.99138457
GCF_022690065.1.fna,GCF_031727075.1.fna,0.007268071,0.9927319
GCF_022689765.1.fna,GCF_031727075.1.fna,0.0071959496,0.99280405
GCF_022690265.1.fna,GCF_031727075.1.fna,0.0068392754,0.9931607
GCF_022689615.1.fna,GCF_031727075.1.fna,7.158518e-05,0.9999284
GCF_031728745.1.fna,GCF_031727075.1.fna,0.007855296,0.9921447
GCF_022690275.1.fna,GCF_031727075.1.fna,0.008193672,0.9918063
GCF_047653515.1.fna,GCF_031727075.1.fna,0.008576691,0.9914233
GCF_031728275.1.fna,GCF_031727075.1.fna,0.020814478,0.9791855
GCF_022690115.1.fna,GCF_031727075.1.fna,0.014404893,0.9855951
GCF_031728735.1.fna,GCF_031727075.1.fna,0.010271788,0.9897282
GCF_036419895.1.fna,GCF_031727075.1.fna,0.020950079,0.9790499
GCF_000269685.1.fna,GCF_031727075.1.fna,0.009446621,0.9905534
GCF_031728515.1.fna,GCF_031727075.1.fna,0.010020673,0.9899793
GCF_037700155.1.fna,GCF_031727075.1.fna,0.0058416724,0.9941583
GCF_022690225.1.fna,GCF_031727075.1.fna,0.021499872,0.9785001
GCF_022689945.1.fna,GCF_031727075.1.fna,0.009527624,0.9904724
GCF_015274585.1.fna,GCF_031727075.1.fna,0.008771062,0.99122894
GCF_031728415.1.fna,GCF_031727075.1.fna,0.02213347,0.97786653
GCF_031729015.1.fna,GCF_031727075.1.fna,0.021709323,0.9782907
GCF_037700315.1.fna,GCF_031727075.1.fna,0.022930622,0.9770694
GCF_031728795.1.fna,GCF_031727075.1.fna,0.02001667,0.9799833
GCF_031728555.1.fna,GCF_031727075.1.fna,0.0072319508,0.99276805
GCF_029926865.1.fna,GCF_031727075.1.fna,0.009245515,0.9907545
GCF_040947225.1.fna,GCF_031727075.1.fna,0.019821286,0.9801787
GCF_031728695.1.fna,GCF_031727075.1.fna,0.021709323,0.9782907
GCF_022689665.1.fna,GCF_031727075.1.fna,0.022204995,0.977795
GCF_029926915.1.fna,GCF_031727075.1.fna,0.008345962,0.99165404
GCF_031728315.1.fna,GCF_031727075.1.fna,0.0074496865,0.9925503
GCF_031727255.1.fna,GCF_031727075.1.fna,0.009406269,0.99059373
GCF_022690205.1.fna,GCF_031727075.1.fna,0.021991313,0.9780087
GCF_031727455.1.fna,GCF_031727075.1.fna,0.027163506,0.9728365
GCF_022690025.1.fna,GCF_031727075.1.fna,0.02227658,0.9777234
GCF_031727075.1.fna,GCF_031727075.1.fna,0.0,1.0
GCF_022690145.1.fna,GCF_031727075.1.fna,0.0071599483,0.99284005
GCF_002901845.1.fna,GCF_031727075.1.fna,0.021086395,0.9789136
GCF_022689825.1.fna,GCF_031727075.1.fna,0.0071959496,0.99280405
GCF_031728675.1.fna,GCF_031727075.1.fna,0.021499872,0.9785001
GCF_047653525.1.fna,GCF_031727075.1.fna,0.008810163,0.99118984
GCF_022690085.1.fna,GCF_031727075.1.fna,0.025811493,0.9741885
GCF_037700135.1.fna,GCF_031727075.1.fna,0.007706821,0.9922932
GCF_025143205.1.fna,GCF_031727075.1.fna,0.007818103,0.9921819
GCF_031728895.1.fna,GCF_031727075.1.fna,0.020679712,0.9793203
GCF_040947605.1.fna,GCF_031727075.1.fna,0.008654237,0.99134576
GCF_031727355.1.fna,GCF_031727075.1.fna,0.008042574,0.9919574
GCF_015274675.1.fna,GCF_031727075.1.fna,0.009245515,0.9907545
GCF_036420075.1.fna,GCF_031727075.1.fna,0.0094870925,0.9905129
GCF_013267575.1.fna,GCF_031727075.1.fna,0.02156949,0.9784305
GCF_031727055.1.fna,GCF_031727075.1.fna,0.024059713,0.9759403
GCF_037700375.1.fna,GCF_031727075.1.fna,0.021779478,0.9782205
GCF_022690005.1.fna,GCF_031727075.1.fna,0.020345926,0.9796541
GCF_031631055.1.fna,GCF_031727075.1.fna,0.020345926,0.9796541
GCF_031728495.1.fna,GCF_031727075.1.fna,0.019821286,0.9801787
GCF_964211265.1.fna,GCF_031727075.1.fna,0.021499872,0.9785001
GCF_031727535.1.fna,GCF_031727075.1.fna,0.022420406,0.9775796
GCF_025143445.1.fna,GCF_031727075.1.fna,0.021018088,0.9789819
GCF_022689855.1.fna,GCF_031727075.1.fna,0.021639287,0.9783607
GCF_022689725.1.fna,GCF_031727075.1.fna,0.022204995,0.977795
GCF_031727275.1.fna,GCF_031727075.1.fna,0.021018088,0.9789819
GCF_031728235.1.fna,GCF_031727075.1.fna,0.01010412,0.9898959
GCF_040947205.1.fna,GCF_031727075.1.fna,0.007632971,0.992367
GCF_031727235.1.fna,GCF_031727075.1.fna,0.02156949,0.9784305
GCF_022690165.1.fna,GCF_031727075.1.fna,0.007268071,0.9927319
GCF_031728075.1.fna,GCF_031727075.1.fna,0.0077438354,0.99225616
GCF_022689965.1.fna,GCF_031727075.1.fna,0.008384287,0.9916157
GCF_022689575.1.fna,GCF_031727075.1.fna,0.022204995,0.977795
GCF_037694985.1.fna,GCF_031727075.1.fna,0.008849382,0.9911506
GCF_022690185.1.fna,GCF_031727075.1.fna,0.02088219,0.9791178
GCF_031728335.1.fna,GCF_031727075.1.fna,0.009690642,0.99030936
GCF_031728095.1.fna,GCF_031727075.1.fna,0.02227658,0.9777234
GCF_022690385.1.fna,GCF_031727075.1.fna,0.008269668,0.99173033
GCF_022690425.1.fna,GCF_031727075.1.fna,0.0077438354,0.99225616
GCF_022690375.1.fna,GCF_031727075.1.fna,0.02156949,0.9784305
GCF_022689675.1.fna,GCF_031727075.1.fna,0.00011950731,0.9998805
GCF_022690245.1.fna,GCF_031727075.1.fna,0.0077809095,0.9922191
GCF_037700295.1.fna,GCF_031727075.1.fna,0.0060098767,0.9939901
GCF_015274535.1.fna,GCF_031727075.1.fna,0.008771062,0.99122894
GCF_022689845.1.fna,GCF_031727075.1.fna,0.0074496865,0.9925503
GCF_022689745.1.fna,GCF_031727075.1.fna,2.3841858e-05,0.99997616
GCF_022689925.1.fna,GCF_031727075.1.fna,0.02768892,0.9723111
GCF_015274655.1.fna,GCF_031727075.1.fna,0.008771062,0.99122894
GCF_022690325.1.fna,GCF_031727075.1.fna,0.020412326,0.9795877
GCF_022689785.1.fna,GCF_031727075.1.fna,0.020345926,0.9796541
GCF_031728155.1.fna,GCF_031727075.1.fna,0.007818103,0.9921819
GCF_037700455.1.fna,GCF_031727075.1.fna,0.021779478,0.9782205
GCF_022689905.1.fna,GCF_031727075.1.fna,0.0075594783,0.9924405
GCF_022690105.1.fna,GCF_031727075.1.fna,0.009285569,0.99071443
GCF_022689975.1.fna,GCF_031727075.1.fna,0.0072319508,0.99276805
GCF_022689705.1.fna,GCF_031727075.1.fna,0.022637784,0.9773622
GCF_031728835.1.fna,GCF_031727075.1.fna,0.0065935254,0.9934065
GCF_031728115.1.fna,GCF_031727075.1.fna,0.009285569,0.99071443
GCF_022689775.1.fna,GCF_031727075.1.fna,0.021018088,0.9789819
GCF_031728455.1.fna,GCF_031727075.1.fna,0.020345926,0.9796541
GCF_025143615.1.fna,GCF_031727075.1.fna,0.021361291,0.9786387
GCF_052950835.1.fna,GCF_031727075.1.fna,0.020412326,0.9795877
GCF_040947125.1.fna,GCF_031727075.1.fna,0.02227658,0.9777234
GCF_017315645.1.fna,GCF_031727075.1.fna,0.0072319508,0.99276805
GCF_040947645.1.fna,GCF_031727075.1.fna,0.008693099,0.9913069
GCF_022690345.1.fna,GCF_031727075.1.fna,0.007929981,0.99207
GCF_022689645.1.fna,GCF_031727075.1.fna,0.021920502,0.9780795
GCF_022690295.1.fna,GCF_031727075.1.fna,0.009325743,0.99067426
GCF_031728715.1.fna,GCF_031727075.1.fna,0.020545602,0.9794544
GCF_031728295.1.fna,GCF_031727075.1.fna,0.0072319508,0.99276805
GCF_040947065.1.fna,GCF_031727075.1.fna,0.020612597,0.9793874
GCF_037695175.1.fna,GCF_031727075.1.fna,0.022492707,0.9775073
GCF_031728475.1.fna,GCF_031727075.1.fna,0.008384287,0.9916157
GCF_022690045.1.fna,GCF_022690145.1.fna,0.02156949,0.9784305
GCF_017315625.1.fna,GCF_022690145.1.fna,0.009406269,0.99059373
GCF_900458635.1.fna,GCF_022690145.1.fna,0.020747006,0.979253
GCF_022689565.1.fna,GCF_022690145.1.fna,0.00737679,0.9926232
GCF_029926905.1.fna,GCF_022690145.1.fna,0.009285569,0.99071443
GCF_040947025.1.fna,GCF_022690145.1.fna,0.008732021,0.991268
GCF_022690065.1.fna,GCF_022690145.1.fna,7.158518e-05,0.9999284
GCF_022689765.1.fna,GCF_022690145.1.fna,0.0077809095,0.9922191
GCF_022690265.1.fna,GCF_022690145.1.fna,0.0005080104,0.999492
GCF_022689615.1.fna,GCF_022690145.1.fna,0.0071599483,0.99284005
GCF_031728745.1.fna,GCF_022690145.1.fna,0.008693099,0.9913069
GCF_022690275.1.fna,GCF_022690145.1.fna,0.007892609,0.9921074
GCF_047653515.1.fna,GCF_022690145.1.fna,0.008849382,0.9911506
GCF_031728275.1.fna,GCF_022690145.1.fna,0.022492707,0.9775073
GCF_022690115.1.fna,GCF_022690145.1.fna,0.013354719,0.9866453
GCF_031728735.1.fna,GCF_022690145.1.fna,0.0089674,0.9910326
GCF_036419895.1.fna,GCF_022690145.1.fna,0.022204995,0.977795
GCF_000269685.1.fna,GCF_022690145.1.fna,0.0094870925,0.9905129
GCF_031728515.1.fna,GCF_022690145.1.fna,0.009527624,0.9904724
GCF_037700155.1.fna,GCF_022690145.1.fna,0.0074132085,0.9925868
GCF_022690225.1.fna,GCF_022690145.1.fna,0.021779478,0.9782205
GCF_022689945.1.fna,GCF_022690145.1.fna,0.008654237,0.99134576
GCF_015274585.1.fna,GCF_022690145.1.fna,0.0089674,0.9910326
GCF_031728415.1.fna,GCF_022690145.1.fna,0.023004293,0.9769957
GCF_031729015.1.fna,GCF_022690145.1.fna,0.022565126,0.9774349
GCF_037700315.1.fna,GCF_022690145.1.fna,0.024059713,0.9759403
GCF_031728795.1.fna,GCF_022690145.1.fna,0.021223426,0.9787766
GCF_031728555.1.fna,GCF_022690145.1.fna,0.00011950731,0.9998805
GCF_029926865.1.fna,GCF_022690145.1.fna,0.009285569,0.99071443
GCF_040947225.1.fna,GCF_022690145.1.fna,0.020213723,0.9797863
GCF_031728695.1.fna,GCF_022690145.1.fna,0.022204995,0.977795
GCF_022689665.1.fna,GCF_022690145.1.fna,0.02213347,0.97786653
GCF_029926915.1.fna,GCF_022690145.1.fna,0.008422613,0.9915774
GCF_031728315.1.fna,GCF_022690145.1.fna,0.00737679,0.9926232
GCF_031727255.1.fna,GCF_022690145.1.fna,0.008460999,0.991539
GCF_022690205.1.fna,GCF_022690145.1.fna,0.023078203,0.9769218
GCF_031727455.1.fna,GCF_022690145.1.fna,0.02768892,0.9723111
GCF_022690025.1.fna,GCF_022690145.1.fna,0.022204995,0.977795
GCF_031727075.1.fna,GCF_022690145.1.fna,0.0071599483,0.99284005
GCF_022690145.1.fna,GCF_022690145.1.fna,0.0,1.0
GCF_002901845.1.fna,GCF_022690145.1.fna,0.020679712,0.9793203
GCF_022689825.1.fna,GCF_022690145.1.fna,0.0077809095,0.9922191
GCF_031728675.1.fna,GCF_022690145.1.fna,0.02213347,0.97786653
GCF_047653525.1.fna,GCF_022690145.1.fna,0.009568274,0.9904317
GCF_022690085.1.fna,GCF_022690145.1.fna,0.026648402,0.9733516
GCF_037700135.1.fna,GCF_022690145.1.fna,0.008080244,0.99191976
GCF_025143205.1.fna,GCF_022690145.1.fna,0.0026863813,0.9973136
GCF_031728895.1.fna,GCF_022690145.1.fna,0.021709323,0.9782907
GCF_040947605.1.fna,GCF_022690145.1.fna,0.008927941,0.99107206
GCF_031727355.1.fna,GCF_022690145.1.fna,0.00737679,0.9926232
GCF_015274675.1.fna,GCF_022690145.1.fna,0.008771062,0.99122894
GCF_036420075.1.fna,GCF_022690145.1.fna,0.008615434,0.99138457
GCF_013267575.1.fna,GCF_022690145.1.fna,0.022062302,0.9779377
GCF_031727055.1.fna,GCF_022690145.1.fna,0.023301423,0.9766986
GCF_037700375.1.fna,GCF_022690145.1.fna,0.021709323,0.9782907
GCF_022690005.1.fna,GCF_022690145.1.fna,0.02156949,0.9784305
GCF_031631055.1.fna,GCF_022690145.1.fna,0.020412326,0.9795877
GCF_031728495.1.fna,GCF_022690145.1.fna,0.02088219,0.9791178
GCF_964211265.1.fna,GCF_022690145.1.fna,0.022348404,0.9776516
GCF_031727535.1.fna,GCF_022690145.1.fna,0.022492707,0.9775073
GCF_025143445.1.fna,GCF_022690145.1.fna,0.022204995,0.977795
GCF_022689855.1.fna,GCF_022690145.1.fna,0.02156949,0.9784305
GCF_022689725.1.fna,GCF_022690145.1.fna,0.02213347,0.97786653
GCF_031727275.1.fna,GCF_022690145.1.fna,0.022062302,0.9779377
GCF_031728235.1.fna,GCF_022690145.1.fna,0.009854972,0.990145
GCF_040947205.1.fna,GCF_022690145.1.fna,0.007522762,0.99247724
GCF_031727235.1.fna,GCF_022690145.1.fna,0.021499872,0.9785001
GCF_022690165.1.fna,GCF_022690145.1.fna,0.00011950731,0.9998805
GCF_031728075.1.fna,GCF_022690145.1.fna,0.008155823,0.9918442
GCF_022689965.1.fna,GCF_022690145.1.fna,0.0074496865,0.9925503
GCF_022689575.1.fna,GCF_022690145.1.fna,0.02213347,0.97786653
GCF_037694985.1.fna,GCF_022690145.1.fna,0.009285569,0.99071443
GCF_022690185.1.fna,GCF_022690145.1.fna,0.02227658,0.9777234
GCF_031728335.1.fna,GCF_022690145.1.fna,0.009285569,0.99071443
GCF_031728095.1.fna,GCF_022690145.1.fna,0.022420406,0.9775796
GCF_022690385.1.fna,GCF_022690145.1.fna,0.008307815,0.9916922
GCF_022690425.1.fna,GCF_022690145.1.fna,0.008080244,0.99191976
GCF_022690375.1.fna,GCF_022690145.1.fna,0.021499872,0.9785001
GCF_022689675.1.fna,GCF_022690145.1.fna,0.0072319508,0.99276805
GCF_022690245.1.fna,GCF_022690145.1.fna,0.0077438354,0.99225616
GCF_037700295.1.fna,GCF_022690145.1.fna,0.00737679,0.9926232
GCF_015274535.1.fna,GCF_022690145.1.fna,0.0089674,0.9910326
GCF_022689845.1.fna,GCF_022690145.1.fna,0.007522762,0.99247724
GCF_022689745.1.fna,GCF_022690145.1.fna,0.0071599483,0.99284005
GCF_022689925.1.fna,GCF_022690145.1.fna,0.028315127,0.9716849
GCF_015274655.1.fna,GCF_022690145.1.fna,0.0089674,0.9910326
GCF_022690325.1.fna,GCF_022690145.1.fna,0.021639287,0.9783607
GCF_022689785.1.fna,GCF_022690145.1.fna,0.021709323,0.9782907
GCF_031728155.1.fna,GCF_022690145.1.fna,0.007929981,0.99207
GCF_037700455.1.fna,GCF_022690145.1.fna,0.021709323,0.9782907
GCF_022689905.1.fna,GCF_022690145.1.fna,0.00737679,0.9926232
GCF_022690105.1.fna,GCF_022690145.1.fna,0.008927941,0.99107206
GCF_022689975.1.fna,GCF_022690145.1.fna,0.0077809095,0.9922191
GCF_022689705.1.fna,GCF_022690145.1.fna,0.022783816,0.9772162
GCF_031728835.1.fna,GCF_022690145.1.fna,0.0019191504,0.99808085
GCF_031728115.1.fna,GCF_022690145.1.fna,0.01010412,0.9898959
GCF_022689775.1.fna,GCF_022690145.1.fna,0.022710681,0.9772893
GCF_031728455.1.fna,GCF_022690145.1.fna,0.021292329,0.9787077
GCF_025143615.1.fna,GCF_022690145.1.fna,0.022565126,0.9774349
GCF_052950835.1.fna,GCF_022690145.1.fna,0.021223426,0.9787766
GCF_040947125.1.fna,GCF_022690145.1.fna,0.02213347,0.97786653
GCF_017315645.1.fna,GCF_022690145.1.fna,0.0074496865,0.9925503
GCF_040947645.1.fna,GCF_022690145.1.fna,0.008888602,0.9911114
GCF_022690345.1.fna,GCF_022690145.1.fna,0.007892609,0.9921074
GCF_022689645.1.fna,GCF_022690145.1.fna,0.02213347,0.97786653
GCF_022690295.1.fna,GCF_022690145.1.fna,0.008422613,0.9915774
GCF_031728715.1.fna,GCF_022690145.1.fna,0.021430492,0.9785695
GCF_031728295.1.fna,GCF_022690145.1.fna,0.007304251,0.99269575
GCF_040947065.1.fna,GCF_022690145.1.fna,0.021292329,0.9787077
GCF_037695175.1.fna,GCF_022690145.1.fna,0.022492707,0.9775073
GCF_031728475.1.fna,GCF_022690145.1.fna,0.008193672,0.9918063
GCF_022690045.1.fna,GCF_002901845.1.fna,0.008117974,0.991882
GCF_017315625.1.fna,GCF_002901845.1.fna,0.019435227,0.9805648
GCF_900458635.1.fna,GCF_002901845.1.fna,0.00014352798,0.9998565
GCF_022689565.1.fna,GCF_002901845.1.fna,0.020679712,0.9793203
GCF_029926905.1.fna,GCF_002901845.1.fna,0.021499872,0.9785001
GCF_040947025.1.fna,GCF_002901845.1.fna,0.02115482,0.9788452
GCF_022690065.1.fna,GCF_002901845.1.fna,0.020679712,0.9793203
GCF_022689765.1.fna,GCF_002901845.1.fna,0.021920502,0.9780795
GCF_022690265.1.fna,GCF_002901845.1.fna,0.021018088,0.9789819
GCF_022689615.1.fna,GCF_002901845.1.fna,0.02115482,0.9788452
GCF_031728745.1.fna,GCF_002901845.1.fna,0.019886196,0.9801138
GCF_022690275.1.fna,GCF_002901845.1.fna,0.021991313,0.9780087
GCF_047653515.1.fna,GCF_002901845.1.fna,0.020747006,0.979253
GCF_031728275.1.fna,GCF_002901845.1.fna,0.008193672,0.9918063
GCF_022690115.1.fna,GCF_002901845.1.fna,0.023226798,0.9767732
GCF_031728735.1.fna,GCF_002901845.1.fna,0.02115482,0.9788452
GCF_036419895.1.fna,GCF_002901845.1.fna,0.007818103,0.9921819
GCF_000269685.1.fna,GCF_002901845.1.fna,0.022565126,0.9774349
GCF_031728515.1.fna,GCF_002901845.1.fna,0.023226798,0.9767732
GCF_037700155.1.fna,GCF_002901845.1.fna,0.021223426,0.9787766
GCF_022690225.1.fna,GCF_002901845.1.fna,0.010441005,0.989559
GCF_022689945.1.fna,GCF_002901845.1.fna,0.022565126,0.9774349
GCF_015274585.1.fna,GCF_002901845.1.fna,0.020412326,0.9795877
GCF_031728415.1.fna,GCF_002901845.1.fna,0.008732021,0.991268
GCF_031729015.1.fna,GCF_002901845.1.fna,0.007706821,0.9922932
GCF_037700315.1.fna,GCF_002901845.1.fna,0.007818103,0.9921819
GCF_031728795.1.fna,GCF_002901845.1.fna,0.009006858,0.99099314
GCF_031728555.1.fna,GCF_002901845.1.fna,0.020679712,0.9793203
GCF_029926865.1.fna,GCF_002901845.1.fna,0.021499872,0.9785001
GCF_040947225.1.fna,GCF_002901845.1.fna,0.008307815,0.9916922
GCF_031728695.1.fna,GCF_002901845.1.fna,0.0067687035,0.9932313
GCF_022689665.1.fna,GCF_002901845.1.fna,0.006316602,0.9936834
GCF_029926915.1.fna,GCF_002901845.1.fna,0.020747006,0.979253
GCF_031728315.1.fna,GCF_002901845.1.fna,0.020747006,0.979253
GCF_031727255.1.fna,GCF_002901845.1.fna,0.022565126,0.9774349
GCF_022690205.1.fna,GCF_002901845.1.fna,0.008654237,0.99134576
GCF_031727455.1.fna,GCF_002901845.1.fna,0.023078203,0.9769218
GCF_022690025.1.fna,GCF_002901845.1.fna,0.0066284537,0.99337155
GCF_031727075.1.fna,GCF_002901845.1.fna,0.021086395,0.9789136
GCF_022690145.1.fna,GCF_002901845.1.fna,0.020679712,0.9793203
GCF_002901845.1.fna,GCF_002901845.1.fna,0.0,1.0
GCF_022689825.1.fna,GCF_002901845.1.fna,0.021920502,0.9780795
GCF_031728675.1.fna,GCF_002901845.1.fna,0.0063854456,0.99361455
GCF_047653525.1.fna,GCF_002901845.1.fna,0.021430492,0.9785695
GCF_022690085.1.fna,GCF_002901845.1.fna,0.022710681,0.9772893
GCF_037700135.1.fna,GCF_002901845.1.fna,0.02227658,0.9777234
GCF_025143205.1.fna,GCF_002901845.1.fna,0.020814478,0.9791855
GCF_031728895.1.fna,GCF_002901845.1.fna,0.007855296,0.9921447
GCF_040947605.1.fna,GCF_002901845.1.fna,0.021018088,0.9789819
GCF_031727355.1.fna,GCF_002901845.1.fna,0.020612597,0.9793874
GCF_015274675.1.fna,GCF_002901845.1.fna,0.02184987,0.9781501
GCF_036420075.1.fna,GCF_002901845.1.fna,0.022420406,0.9775796
GCF_013267575.1.fna,GCF_002901845.1.fna,0.0063854456,0.99361455
GCF_031727055.1.fna,GCF_002901845.1.fna,0.008771062,0.99122894
GCF_037700375.1.fna,GCF_002901845.1.fna,0.004990995,0.995009
GCF_022690005.1.fna,GCF_002901845.1.fna,0.008155823,0.9918442
GCF_031631055.1.fna,GCF_002901845.1.fna,0.010783613,0.9892164
GCF_031728495.1.fna,GCF_002901845.1.fna,0.0066984296,0.9933016
GCF_964211265.1.fna,GCF_002901845.1.fna,0.006316602,0.9936834
GCF_031727535.1.fna,GCF_002901845.1.fna,0.0060775876,0.9939224
GCF_025143445.1.fna,GCF_002901845.1.fna,0.0071959496,0.99280405
GCF_022689855.1.fna,GCF_002901845.1.fna,0.007855296,0.9921447
GCF_022689725.1.fna,GCF_002901845.1.fna,0.006316602,0.9936834
GCF_031727275.1.fna,GCF_002901845.1.fna,0.008155823,0.9918442
GCF_031728235.1.fna,GCF_002901845.1.fna,0.023004293,0.9769957
GCF_040947205.1.fna,GCF_002901845.1.fna,0.020679712,0.9793203
GCF_031727235.1.fna,GCF_002901845.1.fna,0.007818103,0.9921819
GCF_022690165.1.fna,GCF_002901845.1.fna,0.020679712,0.9793203
GCF_031728075.1.fna,GCF_002901845.1.fna,0.021499872,0.9785001
GCF_022689965.1.fna,GCF_002901845.1.fna,0.020612597,0.9793874
GCF_022689575.1.fna,GCF_002901845.1.fna,0.006350994,0.993649
GCF_037694985.1.fna,GCF_002901845.1.fna,0.021991313,0.9780087
GCF_022690185.1.fna,GCF_002901845.1.fna,0.007892609,0.9921074
GCF_031728335.1.fna,GCF_002901845.1.fna,0.021018088,0.9789819
GCF_031728095.1.fna,GCF_002901845.1.fna,0.007892609,0.9921074
GCF_022690385.1.fna,GCF_002901845.1.fna,0.02213347,0.97786653
GCF_022690425.1.fna,GCF_002901845.1.fna,0.021499872,0.9785001
GCF_022690375.1.fna,GCF_002901845.1.fna,0.0064892173,0.9935108
GCF_022689675.1.fna,GCF_002901845.1.fna,0.021086395,0.9789136
GCF_022690245.1.fna,GCF_002901845.1.fna,0.021292329,0.9787077
GCF_037700295.1.fna,GCF_002901845.1.fna,0.02115482,0.9788452
GCF_015274535.1.fna,GCF_002901845.1.fna,0.020412326,0.9795877
GCF_022689845.1.fna,GCF_002901845.1.fna,0.021361291,0.9786387
GCF_022689745.1.fna,GCF_002901845.1.fna,0.021086395,0.9789136
GCF_022689925.1.fna,GCF_002901845.1.fna,0.023753703,0.9762463
GCF_015274655.1.fna,GCF_002901845.1.fna,0.020412326,0.9795877
GCF_022690325.1.fna,GCF_002901845.1.fna,0.008269668,0.99173033
GCF_022689785.1.fna,GCF_002901845.1.fna,0.006663382,0.9933366
GCF_031728155.1.fna,GCF_002901845.1.fna,0.02156949,0.9784305
GCF_037700455.1.fna,GCF_002901845.1.fna,0.0050230026,0.994977
GCF_022689905.1.fna,GCF_002901845.1.fna,0.020747006,0.979253
GCF_022690105.1.fna,GCF_002901845.1.fna,0.020950079,0.9790499
GCF_022689975.1.fna,GCF_002901845.1.fna,0.021920502,0.9780795
GCF_022689705.1.fna,GCF_002901845.1.fna,0.007706821,0.9922932
GCF_031728835.1.fna,GCF_002901845.1.fna,0.020747006,0.979253
GCF_031728115.1.fna,GCF_002901845.1.fna,0.020814478,0.9791855
GCF_022689775.1.fna,GCF_002901845.1.fna,0.008384287,0.9916157
GCF_031728455.1.fna,GCF_002901845.1.fna,0.007522762,0.99247724
GCF_025143615.1.fna,GCF_002901845.1.fna,0.008080244,0.99191976
GCF_052950835.1.fna,GCF_002901845.1.fna,0.011531293,0.9884687
GCF_040947125.1.fna,GCF_002901845.1.fna,0.005476892,0.9945231
GCF_017315645.1.fna,GCF_002901845.1.fna,0.020545602,0.9794544
GCF_040947645.1.fna,GCF_002901845.1.fna,0.021018088,0.9789819
GCF_022690345.1.fna,GCF_002901845.1.fna,0.021430492,0.9785695
GCF_022689645.1.fna,GCF_002901845.1.fna,0.0074496865,0.9925503
GCF_022690295.1.fna,GCF_002901845.1.fna,0.022565126,0.9774349
GCF_031728715.1.fna,GCF_002901845.1.fna,0.0069455504,0.99305445
GCF_031728295.1.fna,GCF_002901845.1.fna,0.020814478,0.9791855
GCF_040947065.1.fna,GCF_002901845.1.fna,0.010783613,0.9892164
GCF_037695175.1.fna,GCF_002901845.1.fna,0.0061455965,0.9938544
GCF_031728475.1.fna,GCF_002901845.1.fna,0.021430492,0.9785695
GCF_022690045.1.fna,GCF_022689825.1.fna,0.02115482,0.9788452
GCF_017315625.1.fna,GCF_022689825.1.fna,0.009446621,0.9905534
GCF_900458635.1.fna,GCF_022689825.1.fna,0.021991313,0.9780087
GCF_022689565.1.fna,GCF_022689825.1.fna,0.00823164,0.99176836
GCF_029926905.1.fna,GCF_022689825.1.fna,0.009731591,0.9902684
GCF_040947025.1.fna,GCF_022689825.1.fna,0.008771062,0.99122894
GCF_022690065.1.fna,GCF_022689825.1.fna,0.007892609,0.9921074
GCF_022689765.1.fna,GCF_022689825.1.fna,2.3841858e-05,0.99997616
GCF_022690265.1.fna,GCF_022689825.1.fna,0.0075961947,0.9924038
GCF_022689615.1.fna,GCF_022689825.1.fna,0.0071240664,0.99287593
GCF_031728745.1.fna,GCF_022689825.1.fna,0.010020673,0.9899793
GCF_022690275.1.fna,GCF_022689825.1.fna,0.008849382,0.9911506
GCF_047653515.1.fna,GCF_022689825.1.fna,0.0074861646,0.99251384
GCF_031728275.1.fna,GCF_022689825.1.fna,0.022348404,0.9776516
GCF_022690115.1.fna,GCF_022689825.1.fna,0.014404893,0.9855951
GCF_031728735.1.fna,GCF_022689825.1.fna,0.0094870925,0.9905129
GCF_036419895.1.fna,GCF_022689825.1.fna,0.02184987,0.9781501
GCF_000269685.1.fna,GCF_022689825.1.fna,0.008042574,0.9919574
GCF_031728515.1.fna,GCF_022689825.1.fna,0.010483503,0.9895165
GCF_037700155.1.fna,GCF_022689825.1.fna,0.0075594783,0.9924405
GCF_022690225.1.fna,GCF_022689825.1.fna,0.022637784,0.9773622
GCF_022689945.1.fna,GCF_022689825.1.fna,0.009086072,0.9909139
GCF_015274585.1.fna,GCF_022689825.1.fna,0.009649754,0.99035025
GCF_031728415.1.fna,GCF_022689825.1.fna,0.023451328,0.9765487
GCF_031729015.1.fna,GCF_022689825.1.fna,0.022204995,0.977795
GCF_037700315.1.fna,GCF_022689825.1.fna,0.024059713,0.9759403
GCF_031728795.1.fna,GCF_022689825.1.fna,0.020213723,0.9797863
GCF_031728555.1.fna,GCF_022689825.1.fna,0.007855296,0.9921447
GCF_029926865.1.fna,GCF_022689825.1.fna,0.009731591,0.9902684
GCF_040947225.1.fna,GCF_022689825.1.fna,0.02088219,0.9791178
GCF_031728695.1.fna,GCF_022689825.1.fna,0.022348404,0.9776516
GCF_022689665.1.fna,GCF_022689825.1.fna,0.02285707,0.97714293
GCF_029926915.1.fna,GCF_022689825.1.fna,0.009006858,0.99099314
GCF_031728315.1.fna,GCF_022689825.1.fna,0.00587517,0.9941248
GCF_031727255.1.fna,GCF_022689825.1.fna,0.009813786,0.9901862
GCF_022690205.1.fna,GCF_022689825.1.fna,0.022783816,0.9772162
GCF_031727455.1.fna,GCF_022689825.1.fna,0.027866304,0.9721337
GCF_022690025.1.fna,GCF_022689825.1.fna,0.02213347,0.97786653
GCF_031727075.1.fna,GCF_022689825.1.fna,0.0071959496,0.99280405
GCF_022690145.1.fna,GCF_022689825.1.fna,0.0077809095,0.9922191
GCF_002901845.1.fna,GCF_022689825.1.fna,0.021920502,0.9780795
GCF_022689825.1.fna,GCF_022689825.1.fna,0.0,1.0
GCF_031728675.1.fna,GCF_022689825.1.fna,0.02213347,0.97786653
GCF_047653525.1.fna,GCF_022689825.1.fna,0.009446621,0.9905534
GCF_022690085.1.fna,GCF_022689825.1.fna,0.027600586,0.9723994
GCF_037700135.1.fna,GCF_022689825.1.fna,0.0064892173,0.9935108
GCF_025143205.1.fna,GCF_022689825.1.fna,0.008460999,0.991539
GCF_031728895.1.fna,GCF_022689825.1.fna,0.021991313,0.9780087
GCF_040947605.1.fna,GCF_022689825.1.fna,0.009365916,0.9906341
GCF_031727355.1.fna,GCF_022689825.1.fna,0.008307815,0.9916922
GCF_015274675.1.fna,GCF_022689825.1.fna,0.007818103,0.9921819
GCF_036420075.1.fna,GCF_022689825.1.fna,0.0089674,0.9910326
GCF_013267575.1.fna,GCF_022689825.1.fna,0.022204995,0.977795
GCF_031727055.1.fna,GCF_022689825.1.fna,0.024683118,0.9753169
GCF_037700375.1.fna,GCF_022689825.1.fna,0.023376226,0.9766238
GCF_022690005.1.fna,GCF_022689825.1.fna,0.021223426,0.9787766
GCF_031631055.1.fna,GCF_022689825.1.fna,0.021779478,0.9782205
GCF_031728495.1.fna,GCF_022689825.1.fna,0.021223426,0.9787766
GCF_964211265.1.fna,GCF_022689825.1.fna,0.023152411,0.9768476
GCF_031727535.1.fna,GCF_022689825.1.fna,0.023451328,0.9765487
GCF_025143445.1.fna,GCF_022689825.1.fna,0.021991313,0.9780087
GCF_022689855.1.fna,GCF_022689825.1.fna,0.022565126,0.9774349
GCF_022689725.1.fna,GCF_022689825.1.fna,0.02285707,0.97714293
GCF_031727275.1.fna,GCF_022689825.1.fna,0.02227658,0.9777234
GCF_031728235.1.fna,GCF_022689825.1.fna,0.009608984,0.990391
GCF_040947205.1.fna,GCF_022689825.1.fna,0.007855296,0.9921447
GCF_031727235.1.fna,GCF_022689825.1.fna,0.022492707,0.9775073
GCF_022690165.1.fna,GCF_022689825.1.fna,0.007892609,0.9921074
GCF_031728075.1.fna,GCF_022689825.1.fna,0.00920558,0.9907944
GCF_022689965.1.fna,GCF_022689825.1.fna,0.008499503,0.9915005
GCF_022689575.1.fna,GCF_022689825.1.fna,0.02285707,0.97714293
GCF_037694985.1.fna,GCF_022689825.1.fna,0.0071599483,0.99284005
GCF_022690185.1.fna,GCF_022689825.1.fna,0.02227658,0.9777234
GCF_031728335.1.fna,GCF_022689825.1.fna,0.010271788,0.9897282
GCF_031728095.1.fna,GCF_022689825.1.fna,0.022710681,0.9772893
GCF_022690385.1.fna,GCF_022689825.1.fna,0.0053786635,0.99462134
GCF_022690425.1.fna,GCF_022689825.1.fna,0.009165645,0.99083436
GCF_022690375.1.fna,GCF_022689825.1.fna,0.022930622,0.9770694
GCF_022689675.1.fna,GCF_022689825.1.fna,0.007268071,0.9927319
GCF_022690245.1.fna,GCF_022689825.1.fna,0.0077809095,0.9922191
GCF_037700295.1.fna,GCF_022689825.1.fna,0.0077438354,0.99225616
GCF_015274535.1.fna,GCF_022689825.1.fna,0.009649754,0.99035025
GCF_022689845.1.fna,GCF_022689825.1.fna,0.0061115623,0.99388844
GCF_022689745.1.fna,GCF_022689825.1.fna,0.0071959496,0.99280405
GCF_022689925.1.fna,GCF_022689825.1.fna,0.028405726,0.9715943
GCF_015274655.1.fna,GCF_022689825.1.fna,0.009649754,0.99035025
GCF_022690325.1.fna,GCF_022689825.1.fna,0.021639287,0.9783607
GCF_022689785.1.fna,GCF_022689825.1.fna,0.021430492,0.9785695
GCF_031728155.1.fna,GCF_022689825.1.fna,0.007706821,0.9922932
GCF_037700455.1.fna,GCF_022689825.1.fna,0.023376226,0.9766238
GCF_022689905.1.fna,GCF_022689825.1.fna,0.0058416724,0.9941583
GCF_022690105.1.fna,GCF_022689825.1.fna,0.009979129,0.9900209
GCF_022689975.1.fna,GCF_022689825.1.fna,7.158518e-05,0.9999284
GCF_022689705.1.fna,GCF_022689825.1.fna,0.024136782,0.9758632
GCF_031728835.1.fna,GCF_022689825.1.fna,0.0074861646,0.99251384
GCF_031728115.1.fna,GCF_022689825.1.fna,0.009608984,0.990391
GCF_022689775.1.fna,GCF_022689825.1.fna,0.022204995,0.977795
GCF_031728455.1.fna,GCF_022689825.1.fna,0.02184987,0.9781501
GCF_025143615.1.fna,GCF_022689825.1.fna,0.022204995,0.977795
GCF_052950835.1.fna,GCF_022689825.1.fna,0.02184987,0.9781501
GCF_040947125.1.fna,GCF_022689825.1.fna,0.02285707,0.97714293
GCF_017315645.1.fna,GCF_022689825.1.fna,0.0075961947,0.9924038
GCF_040947645.1.fna,GCF_022689825.1.fna,0.009406269,0.99059373
GCF_022690345.1.fna,GCF_022689825.1.fna,0.0077438354,0.99225616
GCF_022689645.1.fna,GCF_022689825.1.fna,0.023152411,0.9768476
GCF_022690295.1.fna,GCF_022689825.1.fna,0.009731591,0.9902684
GCF_031728715.1.fna,GCF_022689825.1.fna,0.021430492,0.9785695
GCF_031728295.1.fna,GCF_022689825.1.fna,0.0067687035,0.9932313
GCF_040947065.1.fna,GCF_022689825.1.fna,0.02156949,0.9784305
GCF_037695175.1.fna,GCF_022689825.1.fna,0.023152411,0.9768476
GCF_031728475.1.fna,GCF_022689825.1.fna,0.008732021,0.991268
GCF_022690045.1.fna,GCF_031728675.1.fna,0.006874621,0.9931254
GCF_017315625.1.fna,GCF_031728675.1.fna,0.019627512,0.9803725
GCF_900458635.1.fna,GCF_031728675.1.fna,0.0064199567,0.99358004
GCF_022689565.1.fna,GCF_031728675.1.fna,0.02088219,0.9791178
GCF_029926905.1.fna,GCF_031728675.1.fna,0.023376226,0.9766238
GCF_040947025.1.fna,GCF_031728675.1.fna,0.021991313,0.9780087
GCF_022690065.1.fna,GCF_031728675.1.fna,0.02227658,0.9777234
GCF_022689765.1.fna,GCF_031728675.1.fna,0.02213347,0.97786653
GCF_022690265.1.fna,GCF_031728675.1.fna,0.021920502,0.9780795
GCF_022689615.1.fna,GCF_031728675.1.fna,0.021499872,0.9785001
GCF_031728745.1.fna,GCF_031728675.1.fna,0.02088219,0.9791178
GCF_022690275.1.fna,GCF_031728675.1.fna,0.022710681,0.9772893
GCF_047653515.1.fna,GCF_031728675.1.fna,0.02156949,0.9784305
GCF_031728275.1.fna,GCF_031728675.1.fna,0.0071240664,0.99287593
GCF_022690115.1.fna,GCF_031728675.1.fna,0.0244475,0.9755525
GCF_031728735.1.fna,GCF_031728675.1.fna,0.022348404,0.9776516
GCF_036419895.1.fna,GCF_031728675.1.fna,0.0067335367,0.99326646
GCF_000269685.1.fna,GCF_031728675.1.fna,0.023078203,0.9769218
GCF_031728515.1.fna,GCF_031728675.1.fna,0.024683118,0.9753169
GCF_037700155.1.fna,GCF_031728675.1.fna,0.021086395,0.9789136
GCF_022690225.1.fna,GCF_031728675.1.fna,0.011397421,0.9886026
GCF_022689945.1.fna,GCF_031728675.1.fna,0.024369478,0.9756305
GCF_015274585.1.fna,GCF_031728675.1.fna,0.021430492,0.9785695
GCF_031728415.1.fna,GCF_031728675.1.fna,0.008460999,0.991539
GCF_031729015.1.fna,GCF_031728675.1.fna,0.0064892173,0.9935108
GCF_037700315.1.fna,GCF_031728675.1.fna,0.0072319508,0.99276805
GCF_031728795.1.fna,GCF_031728675.1.fna,0.008422613,0.9915774
GCF_031728555.1.fna,GCF_031728675.1.fna,0.022348404,0.9776516
GCF_029926865.1.fna,GCF_031728675.1.fna,0.023376226,0.9766238
GCF_040947225.1.fna,GCF_031728675.1.fna,0.0075961947,0.9924038
GCF_031728695.1.fna,GCF_031728675.1.fna,0.0020536184,0.9979464
GCF_022689665.1.fna,GCF_031728675.1.fna,0.007669866,0.99233013
GCF_029926915.1.fna,GCF_031728675.1.fna,0.022204995,0.977795
GCF_031728315.1.fna,GCF_031728675.1.fna,0.021018088,0.9789819
GCF_031727255.1.fna,GCF_031728675.1.fna,0.024525821,0.9754742
GCF_022690205.1.fna,GCF_031728675.1.fna,0.0075594783,0.9924405
GCF_031727455.1.fna,GCF_031728675.1.fna,0.024214208,0.9757858
GCF_022690025.1.fna,GCF_031728675.1.fna,0.007669866,0.99233013
GCF_031727075.1.fna,GCF_031728675.1.fna,0.021499872,0.9785001
GCF_022690145.1.fna,GCF_031728675.1.fna,0.02213347,0.97786653
GCF_002901845.1.fna,GCF_031728675.1.fna,0.0063854456,0.99361455
GCF_022689825.1.fna,GCF_031728675.1.fna,0.02213347,0.97786653
GCF_031728675.1.fna,GCF_031728675.1.fna,0.0,1.0
GCF_047653525.1.fna,GCF_031728675.1.fna,0.021639287,0.9783607
GCF_022690085.1.fna,GCF_031728675.1.fna,0.023602009,0.976398
GCF_037700135.1.fna,GCF_031728675.1.fna,0.022204995,0.977795
GCF_025143205.1.fna,GCF_031728675.1.fna,0.021709323,0.9782907
GCF_031728895.1.fna,GCF_031728675.1.fna,0.008460999,0.991539
GCF_040947605.1.fna,GCF_031728675.1.fna,0.021709323,0.9782907
GCF_031727355.1.fna,GCF_031728675.1.fna,0.02088219,0.9791178
GCF_015274675.1.fna,GCF_031728675.1.fna,0.022492707,0.9775073
GCF_036420075.1.fna,GCF_031728675.1.fna,0.024291694,0.9757083
GCF_013267575.1.fna,GCF_031728675.1.fna,0.001185596,0.9988144
GCF_031727055.1.fna,GCF_031728675.1.fna,0.009896278,0.9901037
GCF_037700375.1.fna,GCF_031728675.1.fna,0.0071599483,0.99284005
GCF_022690005.1.fna,GCF_031728675.1.fna,0.006910026,0.99309
GCF_031631055.1.fna,GCF_031728675.1.fna,0.01180172,0.9881983
GCF_031728495.1.fna,GCF_031728675.1.fna,0.0074132085,0.9925868
GCF_964211265.1.fna,GCF_031728675.1.fna,0.0077809095,0.9922191
GCF_031727535.1.fna,GCF_031728675.1.fna,0.0069811344,0.99301887
GCF_025143445.1.fna,GCF_031728675.1.fna,0.0071240664,0.99287593
GCF_022689855.1.fna,GCF_031728675.1.fna,0.008117974,0.991882
GCF_022689725.1.fna,GCF_031728675.1.fna,0.007669866,0.99233013
GCF_031727275.1.fna,GCF_031728675.1.fna,0.007632971,0.992367
GCF_031728235.1.fna,GCF_031728675.1.fna,0.0244475,0.9755525
GCF_040947205.1.fna,GCF_031728675.1.fna,0.020950079,0.9790499
GCF_031727235.1.fna,GCF_031728675.1.fna,0.008080244,0.99191976
GCF_022690165.1.fna,GCF_031728675.1.fna,0.022348404,0.9776516
GCF_031728075.1.fna,GCF_031728675.1.fna,0.02285707,0.97714293
GCF_022689965.1.fna,GCF_031728675.1.fna,0.020747006,0.979253
GCF_022689575.1.fna,GCF_031728675.1.fna,0.007706821,0.9922932
GCF_037694985.1.fna,GCF_031728675.1.fna,0.022492707,0.9775073
GCF_022690185.1.fna,GCF_031728675.1.fna,0.0067687035,0.9932313
GCF_031728335.1.fna,GCF_031728675.1.fna,0.022710681,0.9772893
GCF_031728095.1.fna,GCF_031728675.1.fna,0.005774796,0.9942252
GCF_022690385.1.fna,GCF_031728675.1.fna,0.022637784,0.9773622
GCF_022690425.1.fna,GCF_031728675.1.fna,0.02285707,0.97714293
GCF_022690375.1.fna,GCF_031728675.1.fna,0.007706821,0.9922932
GCF_022689675.1.fna,GCF_031728675.1.fna,0.021430492,0.9785695
GCF_022690245.1.fna,GCF_031728675.1.fna,0.022204995,0.977795
GCF_037700295.1.fna,GCF_031728675.1.fna,0.021292329,0.9787077
GCF_015274535.1.fna,GCF_031728675.1.fna,0.021430492,0.9785695
GCF_022689845.1.fna,GCF_031728675.1.fna,0.021920502,0.9780795
GCF_022689745.1.fna,GCF_031728675.1.fna,0.021499872,0.9785001
GCF_022689925.1.fna,GCF_031728675.1.fna,0.025080502,0.9749195
GCF_015274655.1.fna,GCF_031728675.1.fna,0.021430492,0.9785695
GCF_022690325.1.fna,GCF_031728675.1.fna,0.007855296,0.9921447
GCF_022689785.1.fna,GCF_031728675.1.fna,0.0052485466,0.99475145
GCF_031728155.1.fna,GCF_031728675.1.fna,0.022062302,0.9779377
GCF_037700455.1.fna,GCF_031728675.1.fna,0.0071959496,0.99280405
GCF_022689905.1.fna,GCF_031728675.1.fna,0.021086395,0.9789136
GCF_022690105.1.fna,GCF_031728675.1.fna,0.021920502,0.9780795
GCF_022689975.1.fna,GCF_031728675.1.fna,0.022062302,0.9779377
GCF_022689705.1.fna,GCF_031728675.1.fna,0.008888602,0.9911114
GCF_031728835.1.fna,GCF_031728675.1.fna,0.021639287,0.9783607
GCF_031728115.1.fna,GCF_031728675.1.fna,0.021639287,0.9783607
GCF_022689775.1.fna,GCF_031728675.1.fna,0.0069811344,0.99301887
GCF_031728455.1.fna,GCF_031728675.1.fna,0.0074496865,0.9925503
GCF_025143615.1.fna,GCF_031728675.1.fna,0.0072319508,0.99276805
GCF_052950835.1.fna,GCF_031728675.1.fna,0.012029827,0.9879702
GCF_040947125.1.fna,GCF_031728675.1.fna,0.007706821,0.9922932
GCF_017315645.1.fna,GCF_031728675.1.fna,0.02115482,0.9788452
GCF_040947645.1.fna,GCF_031728675.1.fna,0.021709323,0.9782907
GCF_022690345.1.fna,GCF_031728675.1.fna,0.022062302,0.9779377
GCF_022689645.1.fna,GCF_031728675.1.fna,0.007929981,0.99207
GCF_022690295.1.fna,GCF_031728675.1.fna,0.024525821,0.9754742
GCF_031728715.1.fna,GCF_031728675.1.fna,0.0058416724,0.9941583
GCF_031728295.1.fna,GCF_031728675.1.fna,0.021430492,0.9785695
GCF_040947065.1.fna,GCF_031728675.1.fna,0.01091361,0.9890864
GCF_037695175.1.fna,GCF_031728675.1.fna,0.0077809095,0.9922191
GCF_031728475.1.fna,GCF_031728675.1.fna,0.022062302,0.9779377
GCF_022690045.1.fna,GCF_047653525.1.fna,0.02115482,0.9788452
GCF_017315625.1.fna,GCF_047653525.1.fna,0.008849382,0.9911506
GCF_900458635.1.fna,GCF_047653525.1.fna,0.021430492,0.9785695
GCF_022689565.1.fna,GCF_047653525.1.fna,0.009406269,0.99059373
GCF_029926905.1.fna,GCF_047653525.1.fna,0.010611594,0.9893884
GCF_040947025.1.fna,GCF_047653525.1.fna,0.009896278,0.9901037
GCF_022690065.1.fna,GCF_047653525.1.fna,0.009446621,0.9905534
GCF_022689765.1.fna,GCF_047653525.1.fna,0.009446621,0.9905534
GCF_022690265.1.fna,GCF_047653525.1.fna,0.009325743,0.99067426
GCF_022689615.1.fna,GCF_047653525.1.fna,0.008810163,0.99118984
GCF_031728745.1.fna,GCF_047653525.1.fna,0.008927941,0.99107206
GCF_022690275.1.fna,GCF_047653525.1.fna,0.009365916,0.9906341
GCF_047653515.1.fna,GCF_047653525.1.fna,0.008499503,0.9915005
GCF_031728275.1.fna,GCF_047653525.1.fna,0.022492707,0.9775073
GCF_022690115.1.fna,GCF_047653525.1.fna,0.015616,0.984384
GCF_031728735.1.fna,GCF_047653525.1.fna,0.010313988,0.989686
GCF_036419895.1.fna,GCF_047653525.1.fna,0.021639287,0.9783607
GCF_000269685.1.fna,GCF_047653525.1.fna,0.010020673,0.9899793
GCF_031728515.1.fna,GCF_047653525.1.fna,0.012681901,0.9873181
GCF_037700155.1.fna,GCF_047653525.1.fna,0.008269668,0.99173033
GCF_022690225.1.fna,GCF_047653525.1.fna,0.021430492,0.9785695
GCF_022689945.1.fna,GCF_047653525.1.fna,0.011531293,0.9884687
GCF_015274585.1.fna,GCF_047653525.1.fna,0.01010412,0.9898959
GCF_031728415.1.fna,GCF_047653525.1.fna,0.023226798,0.9767732
GCF_031729015.1.fna,GCF_047653525.1.fna,0.021709323,0.9782907
GCF_037700315.1.fna,GCF_047653525.1.fna,0.023226798,0.9767732
GCF_031728795.1.fna,GCF_047653525.1.fna,0.020950079,0.9790499
GCF_031728555.1.fna,GCF_047653525.1.fna,0.009406269,0.99059373
GCF_029926865.1.fna,GCF_047653525.1.fna,0.010611594,0.9893884
GCF_040947225.1.fna,GCF_047653525.1.fna,0.0201478,0.9798522
GCF_031728695.1.fna,GCF_047653525.1.fna,0.021991313,0.9780087
GCF_022689665.1.fna,GCF_047653525.1.fna,0.022637784,0.9773622
GCF_029926915.1.fna,GCF_047653525.1.fna,0.009772658,0.99022734
GCF_031728315.1.fna,GCF_047653525.1.fna,0.008615434,0.99138457
GCF_031727255.1.fna,GCF_047653525.1.fna,0.012029827,0.9879702
GCF_022690205.1.fna,GCF_047653525.1.fna,0.023078203,0.9769218
GCF_031727455.1.fna,GCF_047653525.1.fna,0.028496683,0.9715033
GCF_022690025.1.fna,GCF_047653525.1.fna,0.022492707,0.9775073
GCF_031727075.1.fna,GCF_047653525.1.fna,0.008810163,0.99118984
GCF_022690145.1.fna,GCF_047653525.1.fna,0.009568274,0.9904317
GCF_002901845.1.fna,GCF_047653525.1.fna,0.021430492,0.9785695
GCF_022689825.1.fna,GCF_047653525.1.fna,0.009446621,0.9905534
GCF_031728675.1.fna,GCF_047653525.1.fna,0.021639287,0.9783607
GCF_047653525.1.fna,GCF_047653525.1.fna,0.0,1.0
GCF_022690085.1.fna,GCF_047653525.1.fna,0.02867949,0.9713205
GCF_037700135.1.fna,GCF_047653525.1.fna,0.010313988,0.989686
GCF_025143205.1.fna,GCF_047653525.1.fna,0.010187805,0.9898122
GCF_031728895.1.fna,GCF_047653525.1.fna,0.02115482,0.9788452
GCF_040947605.1.fna,GCF_047653525.1.fna,0.010483503,0.9895165
GCF_031727355.1.fna,GCF_047653525.1.fna,0.009365916,0.9906341
GCF_015274675.1.fna,GCF_047653525.1.fna,0.009731591,0.9902684
GCF_036420075.1.fna,GCF_047653525.1.fna,0.011486471,0.9885135
GCF_013267575.1.fna,GCF_047653525.1.fna,0.021639287,0.9783607
GCF_031727055.1.fna,GCF_047653525.1.fna,0.023982882,0.9760171
GCF_037700375.1.fna,GCF_047653525.1.fna,0.022204995,0.977795
GCF_022690005.1.fna,GCF_047653525.1.fna,0.02115482,0.9788452
GCF_031631055.1.fna,GCF_047653525.1.fna,0.019691885,0.9803081
GCF_031728495.1.fna,GCF_047653525.1.fna,0.021223426,0.9787766
GCF_964211265.1.fna,GCF_047653525.1.fna,0.021361291,0.9786387
GCF_031727535.1.fna,GCF_047653525.1.fna,0.02352649,0.9764735
GCF_025143445.1.fna,GCF_047653525.1.fna,0.021018088,0.9789819
GCF_022689855.1.fna,GCF_047653525.1.fna,0.022565126,0.9774349
GCF_022689725.1.fna,GCF_047653525.1.fna,0.022637784,0.9773622
GCF_031727275.1.fna,GCF_047653525.1.fna,0.021991313,0.9780087
GCF_031728235.1.fna,GCF_047653525.1.fna,0.01091361,0.9890864
GCF_040947205.1.fna,GCF_047653525.1.fna,0.008004963,0.99199504
GCF_031727235.1.fna,GCF_047653525.1.fna,0.022492707,0.9775073
GCF_022690165.1.fna,GCF_047653525.1.fna,0.009446621,0.9905534
GCF_031728075.1.fna,GCF_047653525.1.fna,0.010229826,0.9897702
GCF_022689965.1.fna,GCF_047653525.1.fna,0.009406269,0.99059373
GCF_022689575.1.fna,GCF_047653525.1.fna,0.022637784,0.9773622
GCF_037694985.1.fna,GCF_047653525.1.fna,0.010187805,0.9898122
GCF_022690185.1.fna,GCF_047653525.1.fna,0.021920502,0.9780795
GCF_031728335.1.fna,GCF_047653525.1.fna,0.011044383,0.9889556
GCF_031728095.1.fna,GCF_047653525.1.fna,0.021779478,0.9782205
GCF_022690385.1.fna,GCF_047653525.1.fna,0.010398626,0.9896014
GCF_022690425.1.fna,GCF_047653525.1.fna,0.010229826,0.9897702
GCF_022690375.1.fna,GCF_047653525.1.fna,0.021361291,0.9786387
GCF_022689675.1.fna,GCF_047653525.1.fna,0.008888602,0.9911114
GCF_022690245.1.fna,GCF_047653525.1.fna,0.0089674,0.9910326
GCF_037700295.1.fna,GCF_047653525.1.fna,0.00823164,0.99176836
GCF_015274535.1.fna,GCF_047653525.1.fna,0.01010412,0.9898959
GCF_022689845.1.fna,GCF_047653525.1.fna,0.009813786,0.9901862
GCF_022689745.1.fna,GCF_047653525.1.fna,0.008810163,0.99118984
GCF_022689925.1.fna,GCF_047653525.1.fna,0.029235482,0.9707645
GCF_015274655.1.fna,GCF_047653525.1.fna,0.01010412,0.9898959
GCF_022690325.1.fna,GCF_047653525.1.fna,0.0201478,0.9798522
GCF_022689785.1.fna,GCF_047653525.1.fna,0.02115482,0.9788452
GCF_031728155.1.fna,GCF_047653525.1.fna,0.008810163,0.99118984
GCF_037700455.1.fna,GCF_047653525.1.fna,0.022062302,0.9779377
GCF_022689905.1.fna,GCF_047653525.1.fna,0.008693099,0.9913069
GCF_022690105.1.fna,GCF_047653525.1.fna,0.010611594,0.9893884
GCF_022689975.1.fna,GCF_047653525.1.fna,0.0094870925,0.9905129
GCF_022689705.1.fna,GCF_047653525.1.fna,0.023301423,0.9766986
GCF_031728835.1.fna,GCF_047653525.1.fna,0.009006858,0.99099314
GCF_031728115.1.fna,GCF_047653525.1.fna,0.011000693,0.9889993
GCF_022689775.1.fna,GCF_047653525.1.fna,0.022348404,0.9776516
GCF_031728455.1.fna,GCF_047653525.1.fna,0.021639287,0.9783607
GCF_025143615.1.fna,GCF_047653525.1.fna,0.022420406,0.9775796
GCF_052950835.1.fna,GCF_047653525.1.fna,0.020814478,0.9791855
GCF_040947125.1.fna,GCF_047653525.1.fna,0.022710681,0.9772893
GCF_017315645.1.fna,GCF_047653525.1.fna,0.008422613,0.9915774
GCF_040947645.1.fna,GCF_047653525.1.fna,0.010526121,0.9894739
GCF_022690345.1.fna,GCF_047653525.1.fna,0.008849382,0.9911506
GCF_022689645.1.fna,GCF_047653525.1.fna,0.023301423,0.9766986
GCF_022690295.1.fna,GCF_047653525.1.fna,0.011938274,0.9880617
GCF_031728715.1.fna,GCF_047653525.1.fna,0.02115482,0.9788452
GCF_031728295.1.fna,GCF_047653525.1.fna,0.008384287,0.9916157
GCF_040947065.1.fna,GCF_047653525.1.fna,0.020082176,0.9799178
GCF_037695175.1.fna,GCF_047653525.1.fna,0.02213347,0.97786653
GCF_031728475.1.fna,GCF_047653525.1.fna,0.010654509,0.9893455
GCF_022690045.1.fna,GCF_022690085.1.fna,0.022930622,0.9770694
GCF_017315625.1.fna,GCF_022690085.1.fna,0.025976717,0.9740233
GCF_900458635.1.fna,GCF_022690085.1.fna,0.022710681,0.9772893
GCF_022689565.1.fna,GCF_022690085.1.fna,0.026990712,0.9730093
GCF_029926905.1.fna,GCF_022690085.1.fna,0.028587997,0.971412
GCF_040947025.1.fna,GCF_022690085.1.fna,0.02707702,0.972923
GCF_022690065.1.fna,GCF_022690085.1.fna,0.026733518,0.9732665
GCF_022689765.1.fna,GCF_022690085.1.fna,0.027600586,0.9723994
GCF_022690265.1.fna,GCF_022690085.1.fna,0.026478827,0.9735212
GCF_022689615.1.fna,GCF_022690085.1.fna,0.025893986,0.974106
GCF_031728745.1.fna,GCF_022690085.1.fna,0.026563525,0.9734365
GCF_022690275.1.fna,GCF_022690085.1.fna,0.02681899,0.973181
GCF_047653515.1.fna,GCF_022690085.1.fna,0.02768892,0.9723111
GCF_031728275.1.fna,GCF_022690085.1.fna,0.023301423,0.9766986
GCF_022690115.1.fna,GCF_022690085.1.fna,0.028405726,0.9715943
GCF_031728735.1.fna,GCF_022690085.1.fna,0.027777493,0.9722225
GCF_036419895.1.fna,GCF_022690085.1.fna,0.02227658,0.9777234
GCF_000269685.1.fna,GCF_022690085.1.fna,0.0287714,0.9712286
GCF_031728515.1.fna,GCF_022690085.1.fna,0.030188084,0.9698119
GCF_037700155.1.fna,GCF_022690085.1.fna,0.026143014,0.973857
GCF_022690225.1.fna,GCF_022690085.1.fna,0.02460432,0.9753957
GCF_022689945.1.fna,GCF_022690085.1.fna,0.028587997,0.971412
GCF_015274585.1.fna,GCF_022690085.1.fna,0.026478827,0.9735212
GCF_031728415.1.fna,GCF_022690085.1.fna,0.024920821,0.9750792
GCF_031729015.1.fna,GCF_022690085.1.fna,0.02227658,0.9777234
GCF_037700315.1.fna,GCF_022690085.1.fna,0.023677707,0.9763223
GCF_031728795.1.fna,GCF_022690085.1.fna,0.023982882,0.9760171
GCF_031728555.1.fna,GCF_022690085.1.fna,0.026733518,0.9732665
GCF_029926865.1.fna,GCF_022690085.1.fna,0.028587997,0.971412
GCF_040947225.1.fna,GCF_022690085.1.fna,0.023004293,0.9769957
GCF_031728695.1.fna,GCF_022690085.1.fna,0.023004293,0.9769957
GCF_022689665.1.fna,GCF_022690085.1.fna,0.024291694,0.9757083
GCF_029926915.1.fna,GCF_022690085.1.fna,0.027600586,0.9723994
GCF_031728315.1.fna,GCF_022690085.1.fna,0.026059687,0.9739403
GCF_031727255.1.fna,GCF_022690085.1.fna,0.029423416,0.9705766
GCF_022690205.1.fna,GCF_022690085.1.fna,0.023451328,0.9765487
GCF_031727455.1.fna,GCF_022690085.1.fna,0.0031408668,0.99685913
GCF_022690025.1.fna,GCF_022690085.1.fna,0.024683118,0.9753169
GCF_031727075.1.fna,GCF_022690085.1.fna,0.025811493,0.9741885
GCF_022690145.1.fna,GCF_022690085.1.fna,0.026648402,0.9733516
GCF_002901845.1.fna,GCF_022690085.1.fna,0.022710681,0.9772893
GCF_022689825.1.fna,GCF_022690085.1.fna,0.027600586,0.9723994
GCF_031728675.1.fna,GCF_022690085.1.fna,0.023602009,0.976398
GCF_047653525.1.fna,GCF_022690085.1.fna,0.02867949,0.9713205
GCF_022690085.1.fna,GCF_022690085.1.fna,0.0,1.0
GCF_037700135.1.fna,GCF_022690085.1.fna,0.02768892,0.9723111
GCF_025143205.1.fna,GCF_022690085.1.fna,0.026563525,0.9734365
GCF_031728895.1.fna,GCF_022690085.1.fna,0.023301423,0.9766986
GCF_040947605.1.fna,GCF_022690085.1.fna,0.028134704,0.9718653
GCF_031727355.1.fna,GCF_022690085.1.fna,0.026990712,0.9730093
GCF_015274675.1.fna,GCF_022690085.1.fna,0.027600586,0.9723994
GCF_036420075.1.fna,GCF_022690085.1.fna,0.028496683,0.9715033
GCF_013267575.1.fna,GCF_022690085.1.fna,0.023602009,0.976398
GCF_031727055.1.fna,GCF_022690085.1.fna,0.023602009,0.976398
GCF_037700375.1.fna,GCF_022690085.1.fna,0.023602009,0.976398
GCF_022690005.1.fna,GCF_022690085.1.fna,0.022930622,0.9770694
GCF_031631055.1.fna,GCF_022690085.1.fna,0.024136782,0.9758632
GCF_031728495.1.fna,GCF_022690085.1.fna,0.022492707,0.9775073
GCF_964211265.1.fna,GCF_022690085.1.fna,0.024214208,0.9757858
GCF_031727535.1.fna,GCF_022690085.1.fna,0.024291694,0.9757083
GCF_025143445.1.fna,GCF_022690085.1.fna,0.02352649,0.9764735
GCF_022689855.1.fna,GCF_022690085.1.fna,0.023829877,0.9761701
GCF_022689725.1.fna,GCF_022690085.1.fna,0.024291694,0.9757083
GCF_031727275.1.fna,GCF_022690085.1.fna,0.023829877,0.9761701
GCF_031728235.1.fna,GCF_022690085.1.fna,0.029235482,0.9707645
GCF_040947205.1.fna,GCF_022690085.1.fna,0.026904702,0.9730953
GCF_031727235.1.fna,GCF_022690085.1.fna,0.023753703,0.9762463
GCF_022690165.1.fna,GCF_022690085.1.fna,0.026733518,0.9732665
GCF_031728075.1.fna,GCF_022690085.1.fna,0.02804488,0.9719551
GCF_022689965.1.fna,GCF_022690085.1.fna,0.02707702,0.972923
GCF_022689575.1.fna,GCF_022690085.1.fna,0.024291694,0.9757083
GCF_037694985.1.fna,GCF_022690085.1.fna,0.02804488,0.9719551
GCF_022690185.1.fna,GCF_022690085.1.fna,0.022492707,0.9775073
GCF_031728335.1.fna,GCF_022690085.1.fna,0.027600586,0.9723994
GCF_031728095.1.fna,GCF_022690085.1.fna,0.023602009,0.976398
GCF_022690385.1.fna,GCF_022690085.1.fna,0.027955472,0.9720445
GCF_022690425.1.fna,GCF_022690085.1.fna,0.027955472,0.9720445
GCF_022690375.1.fna,GCF_022690085.1.fna,0.023376226,0.9766238
GCF_022689675.1.fna,GCF_022690085.1.fna,0.025811493,0.9741885
GCF_022690245.1.fna,GCF_022690085.1.fna,0.026478827,0.9735212
GCF_037700295.1.fna,GCF_022690085.1.fna,0.026310384,0.9736896
GCF_015274535.1.fna,GCF_022690085.1.fna,0.026478827,0.9735212
GCF_022689845.1.fna,GCF_022690085.1.fna,0.027424872,0.9725751
GCF_022689745.1.fna,GCF_022690085.1.fna,0.025811493,0.9741885
GCF_022689925.1.fna,GCF_022690085.1.fna,0.0035191178,0.9964809
GCF_015274655.1.fna,GCF_022690085.1.fna,0.026478827,0.9735212
GCF_022690325.1.fna,GCF_022690085.1.fna,0.02285707,0.97714293
GCF_022689785.1.fna,GCF_022690085.1.fna,0.022204995,0.977795
GCF_031728155.1.fna,GCF_022690085.1.fna,0.026059687,0.9739403
GCF_037700455.1.fna,GCF_022690085.1.fna,0.023602009,0.976398
GCF_022689905.1.fna,GCF_022690085.1.fna,0.026059687,0.9739403
GCF_022690105.1.fna,GCF_022690085.1.fna,0.026990712,0.9730093
GCF_022689975.1.fna,GCF_022690085.1.fna,0.02751261,0.9724874
GCF_022689705.1.fna,GCF_022690085.1.fna,0.023376226,0.9766238
GCF_031728835.1.fna,GCF_022690085.1.fna,0.026310384,0.9736896
GCF_031728115.1.fna,GCF_022690085.1.fna,0.026310384,0.9736896
GCF_022689775.1.fna,GCF_022690085.1.fna,0.023152411,0.9768476
GCF_031728455.1.fna,GCF_022690085.1.fna,0.023152411,0.9768476
GCF_025143615.1.fna,GCF_022690085.1.fna,0.023004293,0.9769957
GCF_052950835.1.fna,GCF_022690085.1.fna,0.024683118,0.9753169
GCF_040947125.1.fna,GCF_022690085.1.fna,0.0244475,0.9755525
GCF_017315645.1.fna,GCF_022690085.1.fna,0.026563525,0.9734365
GCF_040947645.1.fna,GCF_022690085.1.fna,0.028134704,0.9718653
GCF_022690345.1.fna,GCF_022690085.1.fna,0.025976717,0.9740233
GCF_022689645.1.fna,GCF_022690085.1.fna,0.022930622,0.9770694
GCF_022690295.1.fna,GCF_022690085.1.fna,0.029423416,0.9705766
GCF_031728715.1.fna,GCF_022690085.1.fna,0.02156949,0.9784305
GCF_031728295.1.fna,GCF_022690085.1.fna,0.026648402,0.9733516
GCF_040947065.1.fna,GCF_022690085.1.fna,0.023753703,0.9762463
GCF_037695175.1.fna,GCF_022690085.1.fna,0.024059713,0.9759403
GCF_031728475.1.fna,GCF_022690085.1.fna,0.026478827,0.9735212
GCF_022690045.1.fna,GCF_037700135.1.fna,0.021920502,0.9780795
GCF_017315625.1.fna,GCF_037700135.1.fna,0.009896278,0.9901037
GCF_900458635.1.fna,GCF_037700135.1.fna,0.022348404,0.9776516
GCF_022689565.1.fna,GCF_037700135.1.fna,0.009731591,0.9902684
GCF_029926905.1.fna,GCF_037700135.1.fna,0.010441005,0.989559
GCF_040947025.1.fna,GCF_037700135.1.fna,0.009772658,0.99022734
GCF_022690065.1.fna,GCF_037700135.1.fna,0.008193672,0.9918063
GCF_022689765.1.fna,GCF_037700135.1.fna,0.0064892173,0.9935108
GCF_022690265.1.fna,GCF_037700135.1.fna,0.007892609,0.9921074
GCF_022689615.1.fna,GCF_037700135.1.fna,0.007632971,0.992367
GCF_031728745.1.fna,GCF_037700135.1.fna,0.009406269,0.99059373
GCF_022690275.1.fna,GCF_037700135.1.fna,0.009325743,0.99067426
GCF_047653515.1.fna,GCF_037700135.1.fna,0.008927941,0.99107206
GCF_031728275.1.fna,GCF_037700135.1.fna,0.022565126,0.9774349
GCF_022690115.1.fna,GCF_037700135.1.fna,0.014714479,0.9852855
GCF_031728735.1.fna,GCF_037700135.1.fna,0.010783613,0.9892164
GCF_036419895.1.fna,GCF_037700135.1.fna,0.022930622,0.9770694
GCF_000269685.1.fna,GCF_037700135.1.fna,0.009325743,0.99067426
GCF_031728515.1.fna,GCF_037700135.1.fna,0.010356188,0.9896438
GCF_037700155.1.fna,GCF_037700135.1.fna,0.0077438354,0.99225616
GCF_022690225.1.fna,GCF_037700135.1.fna,0.022565126,0.9774349
GCF_022689945.1.fna,GCF_037700135.1.fna,0.009731591,0.9902684
GCF_015274585.1.fna,GCF_037700135.1.fna,0.009568274,0.9904317
GCF_031728415.1.fna,GCF_037700135.1.fna,0.023451328,0.9765487
GCF_031729015.1.fna,GCF_037700135.1.fna,0.023004293,0.9769957
GCF_037700315.1.fna,GCF_037700135.1.fna,0.024369478,0.9756305
GCF_031728795.1.fna,GCF_037700135.1.fna,0.02156949,0.9784305
GCF_031728555.1.fna,GCF_037700135.1.fna,0.008155823,0.9918442
GCF_029926865.1.fna,GCF_037700135.1.fna,0.010441005,0.989559
GCF_040947225.1.fna,GCF_037700135.1.fna,0.021499872,0.9785001
GCF_031728695.1.fna,GCF_037700135.1.fna,0.022565126,0.9774349
GCF_022689665.1.fna,GCF_037700135.1.fna,0.023226798,0.9767732
GCF_029926915.1.fna,GCF_037700135.1.fna,0.009649754,0.99035025
GCF_031728315.1.fna,GCF_037700135.1.fna,0.0069455504,0.99305445
GCF_031727255.1.fna,GCF_037700135.1.fna,0.010483503,0.9895165
GCF_022690205.1.fna,GCF_037700135.1.fna,0.023078203,0.9769218
GCF_031727455.1.fna,GCF_037700135.1.fna,0.028587997,0.971412
GCF_022690025.1.fna,GCF_037700135.1.fna,0.022783816,0.9772162
GCF_031727075.1.fna,GCF_037700135.1.fna,0.007706821,0.9922932
GCF_022690145.1.fna,GCF_037700135.1.fna,0.008080244,0.99191976
GCF_002901845.1.fna,GCF_037700135.1.fna,0.02227658,0.9777234
GCF_022689825.1.fna,GCF_037700135.1.fna,0.0064892173,0.9935108
GCF_031728675.1.fna,GCF_037700135.1.fna,0.022204995,0.977795
GCF_047653525.1.fna,GCF_037700135.1.fna,0.010313988,0.989686
GCF_022690085.1.fna,GCF_037700135.1.fna,0.02768892,0.9723111
GCF_037700135.1.fna,GCF_037700135.1.fna,0.0,1.0
GCF_025143205.1.fna,GCF_037700135.1.fna,0.008849382,0.9911506
GCF_031728895.1.fna,GCF_037700135.1.fna,0.022204995,0.977795
GCF_040947605.1.fna,GCF_037700135.1.fna,0.010145903,0.9898541
GCF_031727355.1.fna,GCF_037700135.1.fna,0.009772658,0.99022734
GCF_015274675.1.fna,GCF_037700135.1.fna,0.009285569,0.99071443
GCF_036420075.1.fna,GCF_037700135.1.fna,0.009731591,0.9902684
GCF_013267575.1.fna,GCF_037700135.1.fna,0.02227658,0.9777234
GCF_031727055.1.fna,GCF_037700135.1.fna,0.024762094,0.9752379
GCF_037700375.1.fna,GCF_037700135.1.fna,0.02352649,0.9764735
GCF_022690005.1.fna,GCF_037700135.1.fna,0.021991313,0.9780087
GCF_031631055.1.fna,GCF_037700135.1.fna,0.021499872,0.9785001
GCF_031728495.1.fna,GCF_037700135.1.fna,0.021223426,0.9787766
GCF_964211265.1.fna,GCF_037700135.1.fna,0.023226798,0.9767732
GCF_031727535.1.fna,GCF_037700135.1.fna,0.023602009,0.976398
GCF_025143445.1.fna,GCF_037700135.1.fna,0.021639287,0.9783607
GCF_022689855.1.fna,GCF_037700135.1.fna,0.022204995,0.977795
GCF_022689725.1.fna,GCF_037700135.1.fna,0.023226798,0.9767732
GCF_031727275.1.fna,GCF_037700135.1.fna,0.022637784,0.9773622
GCF_031728235.1.fna,GCF_037700135.1.fna,0.010870218,0.9891298
GCF_040947205.1.fna,GCF_037700135.1.fna,0.00823164,0.99176836
GCF_031727235.1.fna,GCF_037700135.1.fna,0.02213347,0.97786653
GCF_022690165.1.fna,GCF_037700135.1.fna,0.008155823,0.9918442
GCF_031728075.1.fna,GCF_037700135.1.fna,0.009896278,0.9901037
GCF_022689965.1.fna,GCF_037700135.1.fna,0.009608984,0.990391
GCF_022689575.1.fna,GCF_037700135.1.fna,0.023226798,0.9767732
GCF_037694985.1.fna,GCF_037700135.1.fna,0.008771062,0.99122894
GCF_022690185.1.fna,GCF_037700135.1.fna,0.022930622,0.9770694
GCF_031728335.1.fna,GCF_037700135.1.fna,0.010568798,0.9894312
GCF_031728095.1.fna,GCF_037700135.1.fna,0.023226798,0.9767732
GCF_022690385.1.fna,GCF_037700135.1.fna,0.0061115623,0.99388844
GCF_022690425.1.fna,GCF_037700135.1.fna,0.009854972,0.990145
GCF_022690375.1.fna,GCF_037700135.1.fna,0.023078203,0.9769218
GCF_022689675.1.fna,GCF_037700135.1.fna,0.0077809095,0.9922191
GCF_022690245.1.fna,GCF_037700135.1.fna,0.007340491,0.9926595
GCF_037700295.1.fna,GCF_037700135.1.fna,0.007967472,0.9920325
GCF_015274535.1.fna,GCF_037700135.1.fna,0.009568274,0.9904317
GCF_022689845.1.fna,GCF_037700135.1.fna,0.0014438629,0.99855614
GCF_022689745.1.fna,GCF_037700135.1.fna,0.007706821,0.9922932
GCF_022689925.1.fna,GCF_037700135.1.fna,0.029517889,0.9704821
GCF_015274655.1.fna,GCF_037700135.1.fna,0.009568274,0.9904317
GCF_022690325.1.fna,GCF_037700135.1.fna,0.021920502,0.9780795
GCF_022689785.1.fna,GCF_037700135.1.fna,0.022062302,0.9779377
GCF_031728155.1.fna,GCF_037700135.1.fna,0.008771062,0.99122894
GCF_037700455.1.fna,GCF_037700135.1.fna,0.023376226,0.9766238
GCF_022689905.1.fna,GCF_037700135.1.fna,0.0070524216,0.9929476
GCF_022690105.1.fna,GCF_037700135.1.fna,0.010271788,0.9897282
GCF_022689975.1.fna,GCF_037700135.1.fna,0.006523907,0.9934761
GCF_022689705.1.fna,GCF_037700135.1.fna,0.024369478,0.9756305
GCF_031728835.1.fna,GCF_037700135.1.fna,0.007632971,0.992367
GCF_031728115.1.fna,GCF_037700135.1.fna,0.010313988,0.989686
GCF_022689775.1.fna,GCF_037700135.1.fna,0.02285707,0.97714293
GCF_031728455.1.fna,GCF_037700135.1.fna,0.02184987,0.9781501
GCF_025143615.1.fna,GCF_037700135.1.fna,0.022710681,0.9772893
GCF_052950835.1.fna,GCF_037700135.1.fna,0.022710681,0.9772893
GCF_040947125.1.fna,GCF_037700135.1.fna,0.023226798,0.9767732
GCF_017315645.1.fna,GCF_037700135.1.fna,0.007304251,0.99269575
GCF_040947645.1.fna,GCF_037700135.1.fna,0.010187805,0.9898122
GCF_022690345.1.fna,GCF_037700135.1.fna,0.008810163,0.99118984
GCF_022689645.1.fna,GCF_037700135.1.fna,0.02352649,0.9764735
GCF_022690295.1.fna,GCF_037700135.1.fna,0.010441005,0.989559
GCF_031728715.1.fna,GCF_037700135.1.fna,0.021779478,0.9782205
GCF_031728295.1.fna,GCF_037700135.1.fna,0.0075961947,0.9924038
GCF_040947065.1.fna,GCF_037700135.1.fna,0.021709323,0.9782907
GCF_037695175.1.fna,GCF_037700135.1.fna,0.023753703,0.9762463
GCF_031728475.1.fna,GCF_037700135.1.fna,0.010145903,0.9898541
GCF_022690045.1.fna,GCF_025143205.1.fna,0.021086395,0.9789136
GCF_017315625.1.fna,GCF_025143205.1.fna,0.009245515,0.9907545
GCF_900458635.1.fna,GCF_025143205.1.fna,0.02088219,0.9791178
GCF_022689565.1.fna,GCF_025143205.1.fna,0.007967472,0.9920325
GCF_029926905.1.fna,GCF_025143205.1.fna,0.009608984,0.990391
GCF_040947025.1.fna,GCF_025143205.1.fna,0.009731591,0.9902684
GCF_022690065.1.fna,GCF_025143205.1.fna,0.002742529,0.9972575
GCF_022689765.1.fna,GCF_025143205.1.fna,0.008460999,0.991539
GCF_022690265.1.fna,GCF_025143205.1.fna,0.0024635792,0.9975364
GCF_022689615.1.fna,GCF_025143205.1.fna,0.0077438354,0.99225616
GCF_031728745.1.fna,GCF_025143205.1.fna,0.009245515,0.9907545
GCF_022690275.1.fna,GCF_025143205.1.fna,0.008499503,0.9915005
GCF_047653515.1.fna,GCF_025143205.1.fna,0.009365916,0.9906341
GCF_031728275.1.fna,GCF_025143205.1.fna,0.021920502,0.9780795
GCF_022690115.1.fna,GCF_025143205.1.fna,0.013948619,0.9860514
GCF_031728735.1.fna,GCF_025143205.1.fna,0.009608984,0.990391
GCF_036419895.1.fna,GCF_025143205.1.fna,0.021779478,0.9782205
GCF_000269685.1.fna,GCF_025143205.1.fna,0.010145903,0.9898541
GCF_031728515.1.fna,GCF_025143205.1.fna,0.010483503,0.9895165
GCF_037700155.1.fna,GCF_025143205.1.fna,0.007892609,0.9921074
GCF_022690225.1.fna,GCF_025143205.1.fna,0.02156949,0.9784305
GCF_022689945.1.fna,GCF_025143205.1.fna,0.0094870925,0.9905129
GCF_015274585.1.fna,GCF_025143205.1.fna,0.009649754,0.99035025
GCF_031728415.1.fna,GCF_025143205.1.fna,0.022565126,0.9774349
GCF_031729015.1.fna,GCF_025143205.1.fna,0.022062302,0.9779377
GCF_037700315.1.fna,GCF_025143205.1.fna,0.023376226,0.9766238
GCF_031728795.1.fna,GCF_025143205.1.fna,0.02088219,0.9791178
GCF_031728555.1.fna,GCF_025143205.1.fna,0.0026863813,0.9973136
GCF_029926865.1.fna,GCF_025143205.1.fna,0.009608984,0.990391
GCF_040947225.1.fna,GCF_025143205.1.fna,0.0201478,0.9798522
GCF_031728695.1.fna,GCF_025143205.1.fna,0.022062302,0.9779377
GCF_022689665.1.fna,GCF_025143205.1.fna,0.021709323,0.9782907
GCF_029926915.1.fna,GCF_025143205.1.fna,0.008732021,0.991268
GCF_031728315.1.fna,GCF_025143205.1.fna,0.008004963,0.99199504
GCF_031727255.1.fna,GCF_025143205.1.fna,0.009649754,0.99035025
GCF_022690205.1.fna,GCF_025143205.1.fna,0.022930622,0.9770694
GCF_031727455.1.fna,GCF_025143205.1.fna,0.02725041,0.9727496
GCF_022690025.1.fna,GCF_025143205.1.fna,0.021779478,0.9782205
GCF_031727075.1.fna,GCF_025143205.1.fna,0.007818103,0.9921819
GCF_022690145.1.fna,GCF_025143205.1.fna,0.0026863813,0.9973136
GCF_002901845.1.fna,GCF_025143205.1.fna,0.020814478,0.9791855
GCF_022689825.1.fna,GCF_025143205.1.fna,0.008460999,0.991539
GCF_031728675.1.fna,GCF_025143205.1.fna,0.021709323,0.9782907
GCF_047653525.1.fna,GCF_025143205.1.fna,0.010187805,0.9898122
GCF_022690085.1.fna,GCF_025143205.1.fna,0.026563525,0.9734365
GCF_037700135.1.fna,GCF_025143205.1.fna,0.008849382,0.9911506
GCF_025143205.1.fna,GCF_025143205.1.fna,0.0,1.0
GCF_031728895.1.fna,GCF_025143205.1.fna,0.021991313,0.9780087
GCF_040947605.1.fna,GCF_025143205.1.fna,0.009165645,0.99083436
GCF_031727355.1.fna,GCF_025143205.1.fna,0.008004963,0.99199504
GCF_015274675.1.fna,GCF_025143205.1.fna,0.009527624,0.9904724
GCF_036420075.1.fna,GCF_025143205.1.fna,0.009446621,0.9905534
GCF_013267575.1.fna,GCF_025143205.1.fna,0.021430492,0.9785695
GCF_031727055.1.fna,GCF_025143205.1.fna,0.022930622,0.9770694
GCF_037700375.1.fna,GCF_025143205.1.fna,0.021639287,0.9783607
GCF_022690005.1.fna,GCF_025143205.1.fna,0.021086395,0.9789136
GCF_031631055.1.fna,GCF_025143205.1.fna,0.020679712,0.9793203
GCF_031728495.1.fna,GCF_025143205.1.fna,0.020478904,0.9795211
GCF_964211265.1.fna,GCF_025143205.1.fna,0.02213347,0.97786653
GCF_031727535.1.fna,GCF_025143205.1.fna,0.021639287,0.9783607
GCF_025143445.1.fna,GCF_025143205.1.fna,0.021991313,0.9780087
GCF_022689855.1.fna,GCF_025143205.1.fna,0.021086395,0.9789136
GCF_022689725.1.fna,GCF_025143205.1.fna,0.021709323,0.9782907
GCF_031727275.1.fna,GCF_025143205.1.fna,0.021709323,0.9782907
GCF_031728235.1.fna,GCF_025143205.1.fna,0.010398626,0.9896014
GCF_040947205.1.fna,GCF_025143205.1.fna,0.008345962,0.99165404
GCF_031727235.1.fna,GCF_025143205.1.fna,0.021018088,0.9789819
GCF_022690165.1.fna,GCF_025143205.1.fna,0.0027144551,0.99728554
GCF_031728075.1.fna,GCF_025143205.1.fna,0.008810163,0.99118984
GCF_022689965.1.fna,GCF_025143205.1.fna,0.008155823,0.9918442
GCF_022689575.1.fna,GCF_025143205.1.fna,0.021709323,0.9782907
GCF_037694985.1.fna,GCF_025143205.1.fna,0.009937644,0.99006236
GCF_022690185.1.fna,GCF_025143205.1.fna,0.021779478,0.9782205
GCF_031728335.1.fna,GCF_025143205.1.fna,0.010145903,0.9898541
GCF_031728095.1.fna,GCF_025143205.1.fna,0.022420406,0.9775796
GCF_022690385.1.fna,GCF_025143205.1.fna,0.009086072,0.9909139
GCF_022690425.1.fna,GCF_025143205.1.fna,0.008810163,0.99118984
GCF_022690375.1.fna,GCF_025143205.1.fna,0.021499872,0.9785001
GCF_022689675.1.fna,GCF_025143205.1.fna,0.007818103,0.9921819
GCF_022690245.1.fna,GCF_025143205.1.fna,0.008499503,0.9915005
GCF_037700295.1.fna,GCF_025143205.1.fna,0.007818103,0.9921819
GCF_015274535.1.fna,GCF_025143205.1.fna,0.009649754,0.99035025
GCF_022689845.1.fna,GCF_025143205.1.fna,0.008654237,0.99134576
GCF_022689745.1.fna,GCF_025143205.1.fna,0.007818103,0.9921819
GCF_022689925.1.fna,GCF_025143205.1.fna,0.02804488,0.9719551
GCF_015274655.1.fna,GCF_025143205.1.fna,0.009649754,0.99035025
GCF_022690325.1.fna,GCF_025143205.1.fna,0.02156949,0.9784305
GCF_022689785.1.fna,GCF_025143205.1.fna,0.02156949,0.9784305
GCF_031728155.1.fna,GCF_025143205.1.fna,0.008888602,0.9911114
GCF_037700455.1.fna,GCF_025143205.1.fna,0.02156949,0.9784305
GCF_022689905.1.fna,GCF_025143205.1.fna,0.008117974,0.991882
GCF_022690105.1.fna,GCF_025143205.1.fna,0.009649754,0.99035025
GCF_022689975.1.fna,GCF_025143205.1.fna,0.008499503,0.9915005
GCF_022689705.1.fna,GCF_025143205.1.fna,0.02213347,0.97786653
GCF_031728835.1.fna,GCF_025143205.1.fna,0.003935933,0.99606407
GCF_031728115.1.fna,GCF_025143205.1.fna,0.01010412,0.9898959
GCF_022689775.1.fna,GCF_025143205.1.fna,0.022062302,0.9779377
GCF_031728455.1.fna,GCF_025143205.1.fna,0.020747006,0.979253
GCF_025143615.1.fna,GCF_025143205.1.fna,0.022204995,0.977795
GCF_052950835.1.fna,GCF_025143205.1.fna,0.02088219,0.9791178
GCF_040947125.1.fna,GCF_025143205.1.fna,0.021779478,0.9782205
GCF_017315645.1.fna,GCF_025143205.1.fna,0.008080244,0.99191976
GCF_040947645.1.fna,GCF_025143205.1.fna,0.00920558,0.9907944
GCF_022690345.1.fna,GCF_025143205.1.fna,0.008888602,0.9911114
GCF_022689645.1.fna,GCF_025143205.1.fna,0.021639287,0.9783607
GCF_022690295.1.fna,GCF_025143205.1.fna,0.009568274,0.9904317
GCF_031728715.1.fna,GCF_025143205.1.fna,0.021086395,0.9789136
GCF_031728295.1.fna,GCF_025143205.1.fna,0.008004963,0.99199504
GCF_040947065.1.fna,GCF_025143205.1.fna,0.02115482,0.9788452
GCF_037695175.1.fna,GCF_025143205.1.fna,0.02213347,0.97786653
GCF_031728475.1.fna,GCF_025143205.1.fna,0.008654237,0.99134576
GCF_022690045.1.fna,GCF_031728895.1.fna,0.008155823,0.9918442
GCF_017315625.1.fna,GCF_031728895.1.fna,0.019499123,0.9805009
GCF_900458635.1.fna,GCF_031728895.1.fna,0.007929981,0.99207
GCF_022689565.1.fna,GCF_031728895.1.fna,0.020213723,0.9797863
GCF_029926905.1.fna,GCF_031728895.1.fna,0.023376226,0.9766238
GCF_040947025.1.fna,GCF_031728895.1.fna,0.0201478,0.9798522
GCF_022690065.1.fna,GCF_031728895.1.fna,0.021709323,0.9782907
GCF_022689765.1.fna,GCF_031728895.1.fna,0.021991313,0.9780087
GCF_022690265.1.fna,GCF_031728895.1.fna,0.021991313,0.9780087
GCF_022689615.1.fna,GCF_031728895.1.fna,0.020679712,0.9793203
GCF_031728745.1.fna,GCF_031728895.1.fna,0.019821286,0.9801787
GCF_022690275.1.fna,GCF_031728895.1.fna,0.022565126,0.9774349
GCF_047653515.1.fna,GCF_031728895.1.fna,0.021499872,0.9785001
GCF_031728275.1.fna,GCF_031728895.1.fna,0.008345962,0.99165404
GCF_022690115.1.fna,GCF_031728895.1.fna,0.02516067,0.9748393
GCF_031728735.1.fna,GCF_031728895.1.fna,0.02115482,0.9788452
GCF_036419895.1.fna,GCF_031728895.1.fna,0.008576691,0.9914233
GCF_000269685.1.fna,GCF_031728895.1.fna,0.022637784,0.9773622
GCF_031728515.1.fna,GCF_031728895.1.fna,0.024369478,0.9756305
GCF_037700155.1.fna,GCF_031728895.1.fna,0.021361291,0.9786387
GCF_022690225.1.fna,GCF_031728895.1.fna,0.011847079,0.9881529
GCF_022689945.1.fna,GCF_031728895.1.fna,0.023602009,0.976398
GCF_015274585.1.fna,GCF_031728895.1.fna,0.021223426,0.9787766
GCF_031728415.1.fna,GCF_031728895.1.fna,0.01010412,0.9898959
GCF_031729015.1.fna,GCF_031728895.1.fna,0.0089674,0.9910326
GCF_037700315.1.fna,GCF_031728895.1.fna,0.008810163,0.99118984
GCF_031728795.1.fna,GCF_031728895.1.fna,0.0064199567,0.99358004
GCF_031728555.1.fna,GCF_031728895.1.fna,0.021709323,0.9782907
GCF_029926865.1.fna,GCF_031728895.1.fna,0.023376226,0.9766238
GCF_040947225.1.fna,GCF_031728895.1.fna,0.008080244,0.99191976
GCF_031728695.1.fna,GCF_031728895.1.fna,0.008810163,0.99118984
GCF_022689665.1.fna,GCF_031728895.1.fna,0.009446621,0.9905534
GCF_029926915.1.fna,GCF_031728895.1.fna,0.022204995,0.977795
GCF_031728315.1.fna,GCF_031728895.1.fna,0.020814478,0.9791855
GCF_031727255.1.fna,GCF_031728895.1.fna,0.022420406,0.9775796
GCF_022690205.1.fna,GCF_031728895.1.fna,0.009325743,0.99067426
GCF_031727455.1.fna,GCF_031728895.1.fna,0.023753703,0.9762463
GCF_022690025.1.fna,GCF_031728895.1.fna,0.009813786,0.9901862
GCF_031727075.1.fna,GCF_031728895.1.fna,0.020679712,0.9793203
GCF_022690145.1.fna,GCF_031728895.1.fna,0.021709323,0.9782907
GCF_002901845.1.fna,GCF_031728895.1.fna,0.007855296,0.9921447
GCF_022689825.1.fna,GCF_031728895.1.fna,0.021991313,0.9780087
GCF_031728675.1.fna,GCF_031728895.1.fna,0.008460999,0.991539
GCF_047653525.1.fna,GCF_031728895.1.fna,0.02115482,0.9788452
GCF_022690085.1.fna,GCF_031728895.1.fna,0.023301423,0.9766986
GCF_037700135.1.fna,GCF_031728895.1.fna,0.022204995,0.977795
GCF_025143205.1.fna,GCF_031728895.1.fna,0.021991313,0.9780087
GCF_031728895.1.fna,GCF_031728895.1.fna,0.0,1.0
GCF_040947605.1.fna,GCF_031728895.1.fna,0.021086395,0.9789136
GCF_031727355.1.fna,GCF_031728895.1.fna,0.020213723,0.9797863
GCF_015274675.1.fna,GCF_031728895.1.fna,0.022420406,0.9775796
GCF_036420075.1.fna,GCF_031728895.1.fna,0.023451328,0.9765487
GCF_013267575.1.fna,GCF_031728895.1.fna,0.00823164,0.99176836
GCF_031727055.1.fna,GCF_031728895.1.fna,0.011264324,0.9887357
GCF_037700375.1.fna,GCF_031728895.1.fna,0.008576691,0.9914233
GCF_022690005.1.fna,GCF_031728895.1.fna,0.008193672,0.9918063
GCF_031631055.1.fna,GCF_031728895.1.fna,0.01175642,0.9882436
GCF_031728495.1.fna,GCF_031728895.1.fna,0.008307815,0.9916922
GCF_964211265.1.fna,GCF_031728895.1.fna,0.009406269,0.99059373
GCF_031727535.1.fna,GCF_031728895.1.fna,0.00920558,0.9907944
GCF_025143445.1.fna,GCF_031728895.1.fna,0.007016778,0.9929832
GCF_022689855.1.fna,GCF_031728895.1.fna,0.009896278,0.9901037
GCF_022689725.1.fna,GCF_031728895.1.fna,0.009446621,0.9905534
GCF_031727275.1.fna,GCF_031728895.1.fna,0.009731591,0.9902684
GCF_031728235.1.fna,GCF_031728895.1.fna,0.024059713,0.9759403
GCF_040947205.1.fna,GCF_031728895.1.fna,0.020747006,0.979253
GCF_031727235.1.fna,GCF_031728895.1.fna,0.009854972,0.990145
GCF_022690165.1.fna,GCF_031728895.1.fna,0.021709323,0.9782907
GCF_031728075.1.fna,GCF_031728895.1.fna,0.022420406,0.9775796
GCF_022689965.1.fna,GCF_031728895.1.fna,0.019756496,0.9802435
GCF_022689575.1.fna,GCF_031728895.1.fna,0.009446621,0.9905534
GCF_037694985.1.fna,GCF_031728895.1.fna,0.022710681,0.9772893
GCF_022690185.1.fna,GCF_031728895.1.fna,0.008654237,0.99134576
GCF_031728335.1.fna,GCF_031728895.1.fna,0.021920502,0.9780795
GCF_031728095.1.fna,GCF_031728895.1.fna,0.008193672,0.9918063
GCF_022690385.1.fna,GCF_031728895.1.fna,0.022348404,0.9776516
GCF_022690425.1.fna,GCF_031728895.1.fna,0.022348404,0.9776516
GCF_022690375.1.fna,GCF_031728895.1.fna,0.009006858,0.99099314
GCF_022689675.1.fna,GCF_031728895.1.fna,0.020545602,0.9794544
GCF_022690245.1.fna,GCF_031728895.1.fna,0.021639287,0.9783607
GCF_037700295.1.fna,GCF_031728895.1.fna,0.021292329,0.9787077
GCF_015274535.1.fna,GCF_031728895.1.fna,0.021223426,0.9787766
GCF_022689845.1.fna,GCF_031728895.1.fna,0.021430492,0.9785695
GCF_022689745.1.fna,GCF_031728895.1.fna,0.020679712,0.9793203
GCF_022689925.1.fna,GCF_031728895.1.fna,0.023982882,0.9760171
GCF_015274655.1.fna,GCF_031728895.1.fna,0.021223426,0.9787766
GCF_022690325.1.fna,GCF_031728895.1.fna,0.00628227,0.99371773
GCF_022689785.1.fna,GCF_031728895.1.fna,0.0071599483,0.99284005
GCF_031728155.1.fna,GCF_031728895.1.fna,0.020679712,0.9793203
GCF_037700455.1.fna,GCF_031728895.1.fna,0.008654237,0.99134576
GCF_022689905.1.fna,GCF_031728895.1.fna,0.020814478,0.9791855
GCF_022690105.1.fna,GCF_031728895.1.fna,0.021709323,0.9782907
GCF_022689975.1.fna,GCF_031728895.1.fna,0.021920502,0.9780795
GCF_022689705.1.fna,GCF_031728895.1.fna,0.010783613,0.9892164
GCF_031728835.1.fna,GCF_031728895.1.fna,0.021779478,0.9782205
GCF_031728115.1.fna,GCF_031728895.1.fna,0.02115482,0.9788452
GCF_022689775.1.fna,GCF_031728895.1.fna,0.009165645,0.99083436
GCF_031728455.1.fna,GCF_031728895.1.fna,0.008810163,0.99118984
GCF_025143615.1.fna,GCF_031728895.1.fna,0.008771062,0.99122894
GCF_052950835.1.fna,GCF_031728895.1.fna,0.012353301,0.9876467
GCF_040947125.1.fna,GCF_031728895.1.fna,0.009406269,0.99059373
GCF_017315645.1.fna,GCF_031728895.1.fna,0.02001667,0.9799833
GCF_040947645.1.fna,GCF_031728895.1.fna,0.021086395,0.9789136
GCF_022690345.1.fna,GCF_031728895.1.fna,0.020679712,0.9793203
GCF_022689645.1.fna,GCF_031728895.1.fna,0.010526121,0.9894739
GCF_022690295.1.fna,GCF_031728895.1.fna,0.022348404,0.9776516
GCF_031728715.1.fna,GCF_031728895.1.fna,0.007967472,0.9920325
GCF_031728295.1.fna,GCF_031728895.1.fna,0.020213723,0.9797863
GCF_040947065.1.fna,GCF_031728895.1.fna,0.011220098,0.9887799
GCF_037695175.1.fna,GCF_031728895.1.fna,0.009325743,0.99067426
GCF_031728475.1.fna,GCF_031728895.1.fna,0.021709323,0.9782907
GCF_022690045.1.fna,GCF_040947605.1.fna,0.020679712,0.9793203
GCF_017315625.1.fna,GCF_040947605.1.fna,0.008771062,0.99122894
GCF_900458635.1.fna,GCF_040947605.1.fna,0.021018088,0.9789819
GCF_022689565.1.fna,GCF_040947605.1.fna,0.009568274,0.9904317
GCF_029926905.1.fna,GCF_040947605.1.fna,0.011264324,0.9887357
GCF_040947025.1.fna,GCF_040947605.1.fna,0.010826886,0.9891731
GCF_022690065.1.fna,GCF_040947605.1.fna,0.009046435,0.99095356
GCF_022689765.1.fna,GCF_040947605.1.fna,0.009365916,0.9906341
GCF_022690265.1.fna,GCF_040947605.1.fna,0.008576691,0.9914233
GCF_022689615.1.fna,GCF_040947605.1.fna,0.008732021,0.991268
GCF_031728745.1.fna,GCF_040947605.1.fna,0.010062277,0.9899377
GCF_022690275.1.fna,GCF_040947605.1.fna,0.010187805,0.9898122
GCF_047653515.1.fna,GCF_040947605.1.fna,0.010483503,0.9895165
GCF_031728275.1.fna,GCF_040947605.1.fna,0.020747006,0.979253
GCF_022690115.1.fna,GCF_040947605.1.fna,0.015028477,0.9849715
GCF_031728735.1.fna,GCF_040947605.1.fna,0.01130861,0.9886914
GCF_036419895.1.fna,GCF_040947605.1.fna,0.021223426,0.9787766
GCF_000269685.1.fna,GCF_040947605.1.fna,0.01091361,0.9890864
GCF_031728515.1.fna,GCF_040947605.1.fna,0.011441886,0.9885581
GCF_037700155.1.fna,GCF_040947605.1.fna,0.009325743,0.99067426
GCF_022690225.1.fna,GCF_040947605.1.fna,0.021639287,0.9783607
GCF_022689945.1.fna,GCF_040947605.1.fna,0.010526121,0.9894739
GCF_015274585.1.fna,GCF_040947605.1.fna,0.010441005,0.989559
GCF_031728415.1.fna,GCF_040947605.1.fna,0.021991313,0.9780087
GCF_031729015.1.fna,GCF_040947605.1.fna,0.021499872,0.9785001
GCF_037700315.1.fna,GCF_040947605.1.fna,0.023004293,0.9769957
GCF_031728795.1.fna,GCF_040947605.1.fna,0.020747006,0.979253
GCF_031728555.1.fna,GCF_040947605.1.fna,0.009006858,0.99099314
GCF_029926865.1.fna,GCF_040947605.1.fna,0.011264324,0.9887357
GCF_040947225.1.fna,GCF_040947605.1.fna,0.019563198,0.9804368
GCF_031728695.1.fna,GCF_040947605.1.fna,0.022062302,0.9779377
GCF_022689665.1.fna,GCF_040947605.1.fna,0.021499872,0.9785001
GCF_029926915.1.fna,GCF_040947605.1.fna,0.010441005,0.989559
GCF_031728315.1.fna,GCF_040947605.1.fna,0.009854972,0.990145
GCF_031727255.1.fna,GCF_040947605.1.fna,0.010870218,0.9891298
GCF_022690205.1.fna,GCF_040947605.1.fna,0.021991313,0.9780087
GCF_031727455.1.fna,GCF_040947605.1.fna,0.028315127,0.9716849
GCF_022690025.1.fna,GCF_040947605.1.fna,0.021430492,0.9785695
GCF_031727075.1.fna,GCF_040947605.1.fna,0.008654237,0.99134576
GCF_022690145.1.fna,GCF_040947605.1.fna,0.008927941,0.99107206
GCF_002901845.1.fna,GCF_040947605.1.fna,0.021018088,0.9789819
GCF_022689825.1.fna,GCF_040947605.1.fna,0.009365916,0.9906341
GCF_031728675.1.fna,GCF_040947605.1.fna,0.021709323,0.9782907
GCF_047653525.1.fna,GCF_040947605.1.fna,0.010483503,0.9895165
GCF_022690085.1.fna,GCF_040947605.1.fna,0.028134704,0.9718653
GCF_037700135.1.fna,GCF_040947605.1.fna,0.010145903,0.9898541
GCF_025143205.1.fna,GCF_040947605.1.fna,0.009165645,0.99083436
GCF_031728895.1.fna,GCF_040947605.1.fna,0.021086395,0.9789136
GCF_040947605.1.fna,GCF_040947605.1.fna,0.0,1.0
GCF_031727355.1.fna,GCF_040947605.1.fna,0.009568274,0.9904317
GCF_015274675.1.fna,GCF_040947605.1.fna,0.011088192,0.9889118
GCF_036420075.1.fna,GCF_040947605.1.fna,0.010483503,0.9895165
GCF_013267575.1.fna,GCF_040947605.1.fna,0.02156949,0.9784305
GCF_031727055.1.fna,GCF_040947605.1.fna,0.023226798,0.9767732
GCF_037700375.1.fna,GCF_040947605.1.fna,0.02184987,0.9781501
GCF_022690005.1.fna,GCF_040947605.1.fna,0.020612597,0.9793874
GCF_031631055.1.fna,GCF_040947605.1.fna,0.019499123,0.9805009
GCF_031728495.1.fna,GCF_040947605.1.fna,0.020478904,0.9795211
GCF_964211265.1.fna,GCF_040947605.1.fna,0.021639287,0.9783607
GCF_031727535.1.fna,GCF_040947605.1.fna,0.02184987,0.9781501
GCF_025143445.1.fna,GCF_040947605.1.fna,0.021430492,0.9785695
GCF_022689855.1.fna,GCF_040947605.1.fna,0.020082176,0.9799178
GCF_022689725.1.fna,GCF_040947605.1.fna,0.021499872,0.9785001
GCF_031727275.1.fna,GCF_040947605.1.fna,0.02115482,0.9788452
GCF_031728235.1.fna,GCF_040947605.1.fna,0.011397421,0.9886026
GCF_040947205.1.fna,GCF_040947605.1.fna,0.008460999,0.991539
GCF_031727235.1.fna,GCF_040947605.1.fna,0.02001667,0.9799833
GCF_022690165.1.fna,GCF_040947605.1.fna,0.009046435,0.99095356
GCF_031728075.1.fna,GCF_040947605.1.fna,0.009608984,0.990391
GCF_022689965.1.fna,GCF_040947605.1.fna,0.009772658,0.99022734
GCF_022689575.1.fna,GCF_040947605.1.fna,0.021499872,0.9785001
GCF_037694985.1.fna,GCF_040947605.1.fna,0.011044383,0.9889556
GCF_022690185.1.fna,GCF_040947605.1.fna,0.021292329,0.9787077
GCF_031728335.1.fna,GCF_040947605.1.fna,0.011000693,0.9889993
GCF_031728095.1.fna,GCF_040947605.1.fna,0.022565126,0.9774349
GCF_022690385.1.fna,GCF_040947605.1.fna,0.01010412,0.9898959
GCF_022690425.1.fna,GCF_040947605.1.fna,0.009568274,0.9904317
GCF_022690375.1.fna,GCF_040947605.1.fna,0.021292329,0.9787077
GCF_022689675.1.fna,GCF_040947605.1.fna,0.008810163,0.99118984
GCF_022690245.1.fna,GCF_040947605.1.fna,0.010229826,0.9897702
GCF_037700295.1.fna,GCF_040947605.1.fna,0.009527624,0.9904724
GCF_015274535.1.fna,GCF_040947605.1.fna,0.010441005,0.989559
GCF_022689845.1.fna,GCF_040947605.1.fna,0.009979129,0.9900209
GCF_022689745.1.fna,GCF_040947605.1.fna,0.008654237,0.99134576
GCF_022689925.1.fna,GCF_040947605.1.fna,0.02970767,0.9702923
GCF_015274655.1.fna,GCF_040947605.1.fna,0.010441005,0.989559
GCF_022690325.1.fna,GCF_040947605.1.fna,0.020679712,0.9793203
GCF_022689785.1.fna,GCF_040947605.1.fna,0.020747006,0.979253
GCF_031728155.1.fna,GCF_040947605.1.fna,0.01010412,0.9898959
GCF_037700455.1.fna,GCF_040947605.1.fna,0.021709323,0.9782907
GCF_022689905.1.fna,GCF_040947605.1.fna,0.009937644,0.99006236
GCF_022690105.1.fna,GCF_040947605.1.fna,0.010568798,0.9894312
GCF_022689975.1.fna,GCF_040947605.1.fna,0.009406269,0.99059373
GCF_022689705.1.fna,GCF_040947605.1.fna,0.02227658,0.9777234
GCF_031728835.1.fna,GCF_040947605.1.fna,0.008499503,0.9915005
GCF_031728115.1.fna,GCF_040947605.1.fna,0.010957122,0.9890429
GCF_022689775.1.fna,GCF_040947605.1.fna,0.02156949,0.9784305
GCF_031728455.1.fna,GCF_040947605.1.fna,0.020412326,0.9795877
GCF_025143615.1.fna,GCF_040947605.1.fna,0.021709323,0.9782907
GCF_052950835.1.fna,GCF_040947605.1.fna,0.020950079,0.9790499
GCF_040947125.1.fna,GCF_040947605.1.fna,0.020950079,0.9790499
GCF_017315645.1.fna,GCF_040947605.1.fna,0.009568274,0.9904317
GCF_040947645.1.fna,GCF_040947605.1.fna,7.158518e-05,0.9999284
GCF_022690345.1.fna,GCF_040947605.1.fna,0.010187805,0.9898122
GCF_022689645.1.fna,GCF_040947605.1.fna,0.021499872,0.9785001
GCF_022690295.1.fna,GCF_040947605.1.fna,0.01091361,0.9890864
GCF_031728715.1.fna,GCF_040947605.1.fna,0.020747006,0.979253
GCF_031728295.1.fna,GCF_040947605.1.fna,0.009325743,0.99067426
GCF_040947065.1.fna,GCF_040947605.1.fna,0.02115482,0.9788452
GCF_037695175.1.fna,GCF_040947605.1.fna,0.021991313,0.9780087
GCF_031728475.1.fna,GCF_040947605.1.fna,0.010568798,0.9894312
GCF_022690045.1.fna,GCF_031727355.1.fna,0.019886196,0.9801138
GCF_017315625.1.fna,GCF_031727355.1.fna,0.010271788,0.9897282
GCF_900458635.1.fna,GCF_031727355.1.fna,0.020612597,0.9793874
GCF_022689565.1.fna,GCF_031727355.1.fna,7.158518e-05,0.9999284
GCF_029926905.1.fna,GCF_031727355.1.fna,0.009854972,0.990145
GCF_040947025.1.fna,GCF_031727355.1.fna,0.009325743,0.99067426
GCF_022690065.1.fna,GCF_031727355.1.fna,0.007340491,0.9926595
GCF_022689765.1.fna,GCF_031727355.1.fna,0.008307815,0.9916922
GCF_022690265.1.fna,GCF_031727355.1.fna,0.0070524216,0.9929476
GCF_022689615.1.fna,GCF_031727355.1.fna,0.008042574,0.9919574
GCF_031728745.1.fna,GCF_031727355.1.fna,0.009086072,0.9909139
GCF_022690275.1.fna,GCF_031727355.1.fna,0.008576691,0.9914233
GCF_047653515.1.fna,GCF_031727355.1.fna,0.009365916,0.9906341
GCF_031728275.1.fna,GCF_031727355.1.fna,0.020612597,0.9793874
GCF_022690115.1.fna,GCF_031727355.1.fna,0.0130156875,0.9869843
GCF_031728735.1.fna,GCF_031727355.1.fna,0.010271788,0.9897282
GCF_036419895.1.fna,GCF_031727355.1.fna,0.020679712,0.9793203
GCF_000269685.1.fna,GCF_031727355.1.fna,0.010187805,0.9898122
GCF_031728515.1.fna,GCF_031727355.1.fna,0.010398626,0.9896014
GCF_037700155.1.fna,GCF_031727355.1.fna,0.007669866,0.99233013
GCF_022690225.1.fna,GCF_031727355.1.fna,0.020814478,0.9791855
GCF_022689945.1.fna,GCF_031727355.1.fna,0.009731591,0.9902684
GCF_015274585.1.fna,GCF_031727355.1.fna,0.009854972,0.990145
GCF_031728415.1.fna,GCF_031727355.1.fna,0.02213347,0.97786653
GCF_031729015.1.fna,GCF_031727355.1.fna,0.021086395,0.9789136
GCF_037700315.1.fna,GCF_031727355.1.fna,0.021709323,0.9782907
GCF_031728795.1.fna,GCF_031727355.1.fna,0.019435227,0.9805648
GCF_031728555.1.fna,GCF_031727355.1.fna,0.007340491,0.9926595
GCF_029926865.1.fna,GCF_031727355.1.fna,0.009854972,0.990145
GCF_040947225.1.fna,GCF_031727355.1.fna,0.019627512,0.9803725
GCF_031728695.1.fna,GCF_031727355.1.fna,0.020679712,0.9793203
GCF_022689665.1.fna,GCF_031727355.1.fna,0.022062302,0.9779377
GCF_029926915.1.fna,GCF_031727355.1.fna,0.009006858,0.99099314
GCF_031728315.1.fna,GCF_031727355.1.fna,0.007967472,0.9920325
GCF_031727255.1.fna,GCF_031727355.1.fna,0.01010412,0.9898959
GCF_022690205.1.fna,GCF_031727355.1.fna,0.021709323,0.9782907
GCF_031727455.1.fna,GCF_031727355.1.fna,0.026733518,0.9732665
GCF_022690025.1.fna,GCF_031727355.1.fna,0.021991313,0.9780087
GCF_031727075.1.fna,GCF_031727355.1.fna,0.008042574,0.9919574
GCF_022690145.1.fna,GCF_031727355.1.fna,0.00737679,0.9926232
GCF_002901845.1.fna,GCF_031727355.1.fna,0.020612597,0.9793874
GCF_022689825.1.fna,GCF_031727355.1.fna,0.008307815,0.9916922
GCF_031728675.1.fna,GCF_031727355.1.fna,0.02088219,0.9791178
GCF_047653525.1.fna,GCF_031727355.1.fna,0.009365916,0.9906341
GCF_022690085.1.fna,GCF_031727355.1.fna,0.026990712,0.9730093
GCF_037700135.1.fna,GCF_031727355.1.fna,0.009772658,0.99022734
GCF_025143205.1.fna,GCF_031727355.1.fna,0.008004963,0.99199504
GCF_031728895.1.fna,GCF_031727355.1.fna,0.020213723,0.9797863
GCF_040947605.1.fna,GCF_031727355.1.fna,0.009568274,0.9904317
GCF_031727355.1.fna,GCF_031727355.1.fna,0.0,1.0
GCF_015274675.1.fna,GCF_031727355.1.fna,0.009365916,0.9906341
GCF_036420075.1.fna,GCF_031727355.1.fna,0.009649754,0.99035025
GCF_013267575.1.fna,GCF_031727355.1.fna,0.02088219,0.9791178
GCF_031727055.1.fna,GCF_031727355.1.fna,0.023004293,0.9769957
GCF_037700375.1.fna,GCF_031727355.1.fna,0.021499872,0.9785001
GCF_022690005.1.fna,GCF_031727355.1.fna,0.019951403,0.9800486
GCF_031631055.1.fna,GCF_031727355.1.fna,0.020950079,0.9790499
GCF_031728495.1.fna,GCF_031727355.1.fna,0.020279706,0.9797203
GCF_964211265.1.fna,GCF_031727355.1.fna,0.021223426,0.9787766
GCF_031727535.1.fna,GCF_031727355.1.fna,0.022492707,0.9775073
GCF_025143445.1.fna,GCF_031727355.1.fna,0.02088219,0.9791178
GCF_022689855.1.fna,GCF_031727355.1.fna,0.021086395,0.9789136
GCF_022689725.1.fna,GCF_031727355.1.fna,0.022062302,0.9779377
GCF_031727275.1.fna,GCF_031727355.1.fna,0.021499872,0.9785001
GCF_031728235.1.fna,GCF_031727355.1.fna,0.01010412,0.9898959
GCF_040947205.1.fna,GCF_031727355.1.fna,0.0074132085,0.9925868
GCF_031727235.1.fna,GCF_031727355.1.fna,0.021086395,0.9789136
GCF_022690165.1.fna,GCF_031727355.1.fna,0.007340491,0.9926595
GCF_031728075.1.fna,GCF_031727355.1.fna,0.009285569,0.99071443
GCF_022689965.1.fna,GCF_031727355.1.fna,0.0034018755,0.9965981
GCF_022689575.1.fna,GCF_031727355.1.fna,0.022062302,0.9779377
GCF_037694985.1.fna,GCF_031727355.1.fna,0.009813786,0.9901862
GCF_022690185.1.fna,GCF_031727355.1.fna,0.020747006,0.979253
GCF_031728335.1.fna,GCF_031727355.1.fna,0.011352897,0.9886471
GCF_031728095.1.fna,GCF_031727355.1.fna,0.020747006,0.979253
GCF_022690385.1.fna,GCF_031727355.1.fna,0.0089674,0.9910326
GCF_022690425.1.fna,GCF_031727355.1.fna,0.009285569,0.99071443
GCF_022690375.1.fna,GCF_031727355.1.fna,0.02156949,0.9784305
GCF_022689675.1.fna,GCF_031727355.1.fna,0.008117974,0.991882
GCF_022690245.1.fna,GCF_031727355.1.fna,0.008307815,0.9916922
GCF_037700295.1.fna,GCF_031727355.1.fna,0.0075961947,0.9924038
GCF_015274535.1.fna,GCF_031727355.1.fna,0.009854972,0.990145
GCF_022689845.1.fna,GCF_031727355.1.fna,0.0094870925,0.9905129
GCF_022689745.1.fna,GCF_031727355.1.fna,0.008042574,0.9919574
GCF_022689925.1.fna,GCF_031727355.1.fna,0.027777493,0.9722225
GCF_015274655.1.fna,GCF_031727355.1.fna,0.009854972,0.990145
GCF_022690325.1.fna,GCF_031727355.1.fna,0.019756496,0.9802435
GCF_022689785.1.fna,GCF_031727355.1.fna,0.019563198,0.9804368
GCF_031728155.1.fna,GCF_031727355.1.fna,0.008384287,0.9916157
GCF_037700455.1.fna,GCF_031727355.1.fna,0.021499872,0.9785001
GCF_022689905.1.fna,GCF_031727355.1.fna,0.008004963,0.99199504
GCF_022690105.1.fna,GCF_031727355.1.fna,0.010740519,0.9892595
GCF_022689975.1.fna,GCF_031727355.1.fna,0.008269668,0.99173033
GCF_022689705.1.fna,GCF_031727355.1.fna,0.021920502,0.9780795
GCF_031728835.1.fna,GCF_031727355.1.fna,0.007340491,0.9926595
GCF_031728115.1.fna,GCF_031727355.1.fna,0.011088192,0.9889118
GCF_022689775.1.fna,GCF_031727355.1.fna,0.021223426,0.9787766
GCF_031728455.1.fna,GCF_031727355.1.fna,0.020814478,0.9791855
GCF_025143615.1.fna,GCF_031727355.1.fna,0.021086395,0.9789136
GCF_052950835.1.fna,GCF_031727355.1.fna,0.021361291,0.9786387
GCF_040947125.1.fna,GCF_031727355.1.fna,0.02213347,0.97786653
GCF_017315645.1.fna,GCF_031727355.1.fna,0.008193672,0.9918063
GCF_040947645.1.fna,GCF_031727355.1.fna,0.009527624,0.9904724
GCF_022690345.1.fna,GCF_031727355.1.fna,0.008345962,0.99165404
GCF_022689645.1.fna,GCF_031727355.1.fna,0.021991313,0.9780087
GCF_022690295.1.fna,GCF_031727355.1.fna,0.010062277,0.9899377
GCF_031728715.1.fna,GCF_031727355.1.fna,0.019627512,0.9803725
GCF_031728295.1.fna,GCF_031727355.1.fna,0.0077438354,0.99225616
GCF_040947065.1.fna,GCF_031727355.1.fna,0.021018088,0.9789819
GCF_037695175.1.fna,GCF_031727355.1.fna,0.022204995,0.977795
GCF_031728475.1.fna,GCF_031727355.1.fna,0.009006858,0.99099314
GCF_022690045.1.fna,GCF_015274675.1.fna,0.021991313,0.9780087
GCF_017315625.1.fna,GCF_015274675.1.fna,0.010313988,0.989686
GCF_900458635.1.fna,GCF_015274675.1.fna,0.02184987,0.9781501
GCF_022689565.1.fna,GCF_015274675.1.fna,0.009325743,0.99067426
GCF_029926905.1.fna,GCF_015274675.1.fna,0.00920558,0.9907944
GCF_040947025.1.fna,GCF_015274675.1.fna,0.0064892173,0.9935108
GCF_022690065.1.fna,GCF_015274675.1.fna,0.008693099,0.9913069
GCF_022689765.1.fna,GCF_015274675.1.fna,0.007818103,0.9921819
GCF_022690265.1.fna,GCF_015274675.1.fna,0.008849382,0.9911506
GCF_022689615.1.fna,GCF_015274675.1.fna,0.009165645,0.99083436
GCF_031728745.1.fna,GCF_015274675.1.fna,0.010526121,0.9894739
GCF_022690275.1.fna,GCF_015274675.1.fna,0.008576691,0.9914233
GCF_047653515.1.fna,GCF_015274675.1.fna,0.0037859678,0.99621403
GCF_031728275.1.fna,GCF_015274675.1.fna,0.023301423,0.9766986
GCF_022690115.1.fna,GCF_015274675.1.fna,0.014714479,0.9852855
GCF_031728735.1.fna,GCF_015274675.1.fna,0.008615434,0.99138457
GCF_036419895.1.fna,GCF_015274675.1.fna,0.022637784,0.9773622
GCF_000269685.1.fna,GCF_015274675.1.fna,0.0031696558,0.99683034
GCF_031728515.1.fna,GCF_015274675.1.fna,0.011531293,0.9884687
GCF_037700155.1.fna,GCF_015274675.1.fna,0.008422613,0.9915774
GCF_022690225.1.fna,GCF_015274675.1.fna,0.023376226,0.9766238
GCF_022689945.1.fna,GCF_015274675.1.fna,0.009006858,0.99099314
GCF_015274585.1.fna,GCF_015274675.1.fna,0.008927941,0.99107206
GCF_031728415.1.fna,GCF_015274675.1.fna,0.023753703,0.9762463
GCF_031729015.1.fna,GCF_015274675.1.fna,0.022565126,0.9774349
GCF_037700315.1.fna,GCF_015274675.1.fna,0.02352649,0.9764735
GCF_031728795.1.fna,GCF_015274675.1.fna,0.021430492,0.9785695
GCF_031728555.1.fna,GCF_015274675.1.fna,0.008654237,0.99134576
GCF_029926865.1.fna,GCF_015274675.1.fna,0.00920558,0.9907944
GCF_040947225.1.fna,GCF_015274675.1.fna,0.020747006,0.979253
GCF_031728695.1.fna,GCF_015274675.1.fna,0.022710681,0.9772893
GCF_022689665.1.fna,GCF_015274675.1.fna,0.023226798,0.9767732
GCF_029926915.1.fna,GCF_015274675.1.fna,0.008307815,0.9916922
GCF_031728315.1.fna,GCF_015274675.1.fna,0.007706821,0.9922932
GCF_031727255.1.fna,GCF_015274675.1.fna,0.010568798,0.9894312
GCF_022690205.1.fna,GCF_015274675.1.fna,0.023677707,0.9763223
GCF_031727455.1.fna,GCF_015274675.1.fna,0.028315127,0.9716849
GCF_022690025.1.fna,GCF_015274675.1.fna,0.023451328,0.9765487
GCF_031727075.1.fna,GCF_015274675.1.fna,0.009245515,0.9907545
GCF_022690145.1.fna,GCF_015274675.1.fna,0.008771062,0.99122894
GCF_002901845.1.fna,GCF_015274675.1.fna,0.02184987,0.9781501
GCF_022689825.1.fna,GCF_015274675.1.fna,0.007818103,0.9921819
GCF_031728675.1.fna,GCF_015274675.1.fna,0.022492707,0.9775073
GCF_047653525.1.fna,GCF_015274675.1.fna,0.009731591,0.9902684
GCF_022690085.1.fna,GCF_015274675.1.fna,0.027600586,0.9723994
GCF_037700135.1.fna,GCF_015274675.1.fna,0.009285569,0.99071443
GCF_025143205.1.fna,GCF_015274675.1.fna,0.009527624,0.9904724
GCF_031728895.1.fna,GCF_015274675.1.fna,0.022420406,0.9775796
GCF_040947605.1.fna,GCF_015274675.1.fna,0.011088192,0.9889118
GCF_031727355.1.fna,GCF_015274675.1.fna,0.009365916,0.9906341
GCF_015274675.1.fna,GCF_015274675.1.fna,0.0,1.0
GCF_036420075.1.fna,GCF_015274675.1.fna,0.008888602,0.9911114
GCF_013267575.1.fna,GCF_015274675.1.fna,0.022348404,0.9776516
GCF_031727055.1.fna,GCF_015274675.1.fna,0.024525821,0.9754742
GCF_037700375.1.fna,GCF_015274675.1.fna,0.022930622,0.9770694
GCF_022690005.1.fna,GCF_015274675.1.fna,0.021991313,0.9780087
GCF_031631055.1.fna,GCF_015274675.1.fna,0.02115482,0.9788452
GCF_031728495.1.fna,GCF_015274675.1.fna,0.021779478,0.9782205
GCF_964211265.1.fna,GCF_015274675.1.fna,0.023376226,0.9766238
GCF_031727535.1.fna,GCF_015274675.1.fna,0.024136782,0.9758632
GCF_025143445.1.fna,GCF_015274675.1.fna,0.02285707,0.97714293
GCF_022689855.1.fna,GCF_015274675.1.fna,0.023152411,0.9768476
GCF_022689725.1.fna,GCF_015274675.1.fna,0.023226798,0.9767732
GCF_031727275.1.fna,GCF_015274675.1.fna,0.022062302,0.9779377
GCF_031728235.1.fna,GCF_015274675.1.fna,0.009896278,0.9901037
GCF_040947205.1.fna,GCF_015274675.1.fna,0.008810163,0.99118984
GCF_031727235.1.fna,GCF_015274675.1.fna,0.023078203,0.9769218
GCF_022690165.1.fna,GCF_015274675.1.fna,0.008654237,0.99134576
GCF_031728075.1.fna,GCF_015274675.1.fna,0.009446621,0.9905534
GCF_022689965.1.fna,GCF_015274675.1.fna,0.009006858,0.99099314
GCF_022689575.1.fna,GCF_015274675.1.fna,0.023226798,0.9767732
GCF_037694985.1.fna,GCF_015274675.1.fna,0.009365916,0.9906341
GCF_022690185.1.fna,GCF_015274675.1.fna,0.022783816,0.9772162
GCF_031728335.1.fna,GCF_015274675.1.fna,0.009608984,0.990391
GCF_031728095.1.fna,GCF_015274675.1.fna,0.023004293,0.9769957
GCF_022690385.1.fna,GCF_015274675.1.fna,0.009365916,0.9906341
GCF_022690425.1.fna,GCF_015274675.1.fna,0.009406269,0.99059373
GCF_022690375.1.fna,GCF_015274675.1.fna,0.022637784,0.9773622
GCF_022689675.1.fna,GCF_015274675.1.fna,0.009325743,0.99067426
GCF_022690245.1.fna,GCF_015274675.1.fna,0.0077438354,0.99225616
GCF_037700295.1.fna,GCF_015274675.1.fna,0.008384287,0.9916157
GCF_015274535.1.fna,GCF_015274675.1.fna,0.008927941,0.99107206
GCF_022689845.1.fna,GCF_015274675.1.fna,0.008810163,0.99118984
GCF_022689745.1.fna,GCF_015274675.1.fna,0.009245515,0.9907545
GCF_022689925.1.fna,GCF_015274675.1.fna,0.02768892,0.9723111
GCF_015274655.1.fna,GCF_015274675.1.fna,0.008927941,0.99107206
GCF_022690325.1.fna,GCF_015274675.1.fna,0.021430492,0.9785695
GCF_022689785.1.fna,GCF_015274675.1.fna,0.021920502,0.9780795
GCF_031728155.1.fna,GCF_015274675.1.fna,0.0070524216,0.9929476
GCF_037700455.1.fna,GCF_015274675.1.fna,0.022930622,0.9770694
GCF_022689905.1.fna,GCF_015274675.1.fna,0.007818103,0.9921819
GCF_022690105.1.fna,GCF_015274675.1.fna,0.009649754,0.99035025
GCF_022689975.1.fna,GCF_015274675.1.fna,0.007855296,0.9921447
GCF_022689705.1.fna,GCF_015274675.1.fna,0.024136782,0.9758632
GCF_031728835.1.fna,GCF_015274675.1.fna,0.008654237,0.99134576
GCF_031728115.1.fna,GCF_015274675.1.fna,0.010062277,0.9899377
GCF_022689775.1.fna,GCF_015274675.1.fna,0.023376226,0.9766238
GCF_031728455.1.fna,GCF_015274675.1.fna,0.021292329,0.9787077
GCF_025143615.1.fna,GCF_015274675.1.fna,0.022492707,0.9775073
GCF_052950835.1.fna,GCF_015274675.1.fna,0.022062302,0.9779377
GCF_040947125.1.fna,GCF_015274675.1.fna,0.023376226,0.9766238
GCF_017315645.1.fna,GCF_015274675.1.fna,0.007929981,0.99207
GCF_040947645.1.fna,GCF_015274675.1.fna,0.011132121,0.9888679
GCF_022690345.1.fna,GCF_015274675.1.fna,0.007016778,0.9929832
GCF_022689645.1.fna,GCF_015274675.1.fna,0.023753703,0.9762463
GCF_022690295.1.fna,GCF_015274675.1.fna,0.010526121,0.9894739
GCF_031728715.1.fna,GCF_015274675.1.fna,0.021709323,0.9782907
GCF_031728295.1.fna,GCF_015274675.1.fna,0.0074132085,0.9925868
GCF_040947065.1.fna,GCF_015274675.1.fna,0.021779478,0.9782205
GCF_037695175.1.fna,GCF_015274675.1.fna,0.023677707,0.9763223
GCF_031728475.1.fna,GCF_015274675.1.fna,0.009245515,0.9907545
GCF_022690045.1.fna,GCF_036420075.1.fna,0.022710681,0.9772893
GCF_017315625.1.fna,GCF_036420075.1.fna,0.011486471,0.9885135
GCF_900458635.1.fna,GCF_036420075.1.fna,0.022492707,0.9775073
GCF_022689565.1.fna,GCF_036420075.1.fna,0.009608984,0.990391
GCF_029926905.1.fna,GCF_036420075.1.fna,0.010870218,0.9891298
GCF_040947025.1.fna,GCF_036420075.1.fna,0.010062277,0.9899377
GCF_022690065.1.fna,GCF_036420075.1.fna,0.008654237,0.99134576
GCF_022689765.1.fna,GCF_036420075.1.fna,0.0089674,0.9910326
GCF_022690265.1.fna,GCF_036420075.1.fna,0.008615434,0.99138457
GCF_022689615.1.fna,GCF_036420075.1.fna,0.0094870925,0.9905129
GCF_031728745.1.fna,GCF_036420075.1.fna,0.010783613,0.9892164
GCF_022690275.1.fna,GCF_036420075.1.fna,0.010271788,0.9897282
GCF_047653515.1.fna,GCF_036420075.1.fna,0.009365916,0.9906341
GCF_031728275.1.fna,GCF_036420075.1.fna,0.023753703,0.9762463
GCF_022690115.1.fna,GCF_036420075.1.fna,0.014818728,0.9851813
GCF_031728735.1.fna,GCF_036420075.1.fna,0.010062277,0.9899377
GCF_036419895.1.fna,GCF_036420075.1.fna,0.02352649,0.9764735
GCF_000269685.1.fna,GCF_036420075.1.fna,0.009365916,0.9906341
GCF_031728515.1.fna,GCF_036420075.1.fna,0.0059087873,0.9940912
GCF_037700155.1.fna,GCF_036420075.1.fna,0.010441005,0.989559
GCF_022690225.1.fna,GCF_036420075.1.fna,0.023152411,0.9768476
GCF_022689945.1.fna,GCF_036420075.1.fna,0.00021576881,0.99978423
GCF_015274585.1.fna,GCF_036420075.1.fna,0.01010412,0.9898959
GCF_031728415.1.fna,GCF_036420075.1.fna,0.023226798,0.9767732
GCF_031729015.1.fna,GCF_036420075.1.fna,0.02352649,0.9764735
GCF_037700315.1.fna,GCF_036420075.1.fna,0.024525821,0.9754742
GCF_031728795.1.fna,GCF_036420075.1.fna,0.022348404,0.9776516
GCF_031728555.1.fna,GCF_036420075.1.fna,0.008693099,0.9913069
GCF_029926865.1.fna,GCF_036420075.1.fna,0.010870218,0.9891298
GCF_040947225.1.fna,GCF_036420075.1.fna,0.020814478,0.9791855
GCF_031728695.1.fna,GCF_036420075.1.fna,0.02390629,0.9760937
GCF_022689665.1.fna,GCF_036420075.1.fna,0.023078203,0.9769218
GCF_029926915.1.fna,GCF_036420075.1.fna,0.010356188,0.9896438
GCF_031728315.1.fna,GCF_036420075.1.fna,0.009690642,0.99030936
GCF_031727255.1.fna,GCF_036420075.1.fna,0.004548967,0.99545103
GCF_022690205.1.fna,GCF_036420075.1.fna,0.024214208,0.9757858
GCF_031727455.1.fna,GCF_036420075.1.fna,0.0287714,0.9712286
GCF_022690025.1.fna,GCF_036420075.1.fna,0.023152411,0.9768476
GCF_031727075.1.fna,GCF_036420075.1.fna,0.0094870925,0.9905129
GCF_022690145.1.fna,GCF_036420075.1.fna,0.008615434,0.99138457
GCF_002901845.1.fna,GCF_036420075.1.fna,0.022420406,0.9775796
GCF_022689825.1.fna,GCF_036420075.1.fna,0.0089674,0.9910326
GCF_031728675.1.fna,GCF_036420075.1.fna,0.024291694,0.9757083
GCF_047653525.1.fna,GCF_036420075.1.fna,0.011486471,0.9885135
GCF_022690085.1.fna,GCF_036420075.1.fna,0.028496683,0.9715033
GCF_037700135.1.fna,GCF_036420075.1.fna,0.009731591,0.9902684
GCF_025143205.1.fna,GCF_036420075.1.fna,0.009446621,0.9905534
GCF_031728895.1.fna,GCF_036420075.1.fna,0.023451328,0.9765487
GCF_040947605.1.fna,GCF_036420075.1.fna,0.010483503,0.9895165
GCF_031727355.1.fna,GCF_036420075.1.fna,0.009649754,0.99035025
GCF_015274675.1.fna,GCF_036420075.1.fna,0.008888602,0.9911114
GCF_036420075.1.fna,GCF_036420075.1.fna,0.0,1.0
GCF_013267575.1.fna,GCF_036420075.1.fna,0.023982882,0.9760171
GCF_031727055.1.fna,GCF_036420075.1.fna,0.024762094,0.9752379
GCF_037700375.1.fna,GCF_036420075.1.fna,0.023982882,0.9760171
GCF_022690005.1.fna,GCF_036420075.1.fna,0.022637784,0.9773622
GCF_031631055.1.fna,GCF_036420075.1.fna,0.023004293,0.9769957
GCF_031728495.1.fna,GCF_036420075.1.fna,0.021779478,0.9782205
GCF_964211265.1.fna,GCF_036420075.1.fna,0.023376226,0.9766238
GCF_031727535.1.fna,GCF_036420075.1.fna,0.023376226,0.9766238
GCF_025143445.1.fna,GCF_036420075.1.fna,0.024059713,0.9759403
GCF_022689855.1.fna,GCF_036420075.1.fna,0.022637784,0.9773622
GCF_022689725.1.fna,GCF_036420075.1.fna,0.023078203,0.9769218
GCF_031727275.1.fna,GCF_036420075.1.fna,0.022492707,0.9775073
GCF_031728235.1.fna,GCF_036420075.1.fna,0.011486471,0.9885135
GCF_040947205.1.fna,GCF_036420075.1.fna,0.010229826,0.9897702
GCF_031727235.1.fna,GCF_036420075.1.fna,0.022637784,0.9773622
GCF_022690165.1.fna,GCF_036420075.1.fna,0.008732021,0.991268
GCF_031728075.1.fna,GCF_036420075.1.fna,0.009365916,0.9906341
GCF_022689965.1.fna,GCF_036420075.1.fna,0.009325743,0.99067426
GCF_022689575.1.fna,GCF_036420075.1.fna,0.023078203,0.9769218
GCF_037694985.1.fna,GCF_036420075.1.fna,0.011220098,0.9887799
GCF_022690185.1.fna,GCF_036420075.1.fna,0.023677707,0.9763223
GCF_031728335.1.fna,GCF_036420075.1.fna,0.010957122,0.9890429
GCF_031728095.1.fna,GCF_036420075.1.fna,0.024214208,0.9757858
GCF_022690385.1.fna,GCF_036420075.1.fna,0.009979129,0.9900209
GCF_022690425.1.fna,GCF_036420075.1.fna,0.009325743,0.99067426
GCF_022690375.1.fna,GCF_036420075.1.fna,0.023451328,0.9765487
GCF_022689675.1.fna,GCF_036420075.1.fna,0.009649754,0.99035025
GCF_022690245.1.fna,GCF_036420075.1.fna,0.010020673,0.9899793
GCF_037700295.1.fna,GCF_036420075.1.fna,0.010483503,0.9895165
GCF_015274535.1.fna,GCF_036420075.1.fna,0.01010412,0.9898959
GCF_022689845.1.fna,GCF_036420075.1.fna,0.009527624,0.9904724
GCF_022689745.1.fna,GCF_036420075.1.fna,0.0094870925,0.9905129
GCF_022689925.1.fna,GCF_036420075.1.fna,0.029898822,0.9701012
GCF_015274655.1.fna,GCF_036420075.1.fna,0.01010412,0.9898959
GCF_022690325.1.fna,GCF_036420075.1.fna,0.022492707,0.9775073
GCF_022689785.1.fna,GCF_036420075.1.fna,0.023152411,0.9768476
GCF_031728155.1.fna,GCF_036420075.1.fna,0.009568274,0.9904317
GCF_037700455.1.fna,GCF_036420075.1.fna,0.02390629,0.9760937
GCF_022689905.1.fna,GCF_036420075.1.fna,0.009731591,0.9902684
GCF_022690105.1.fna,GCF_036420075.1.fna,0.010697424,0.9893026
GCF_022689975.1.fna,GCF_036420075.1.fna,0.008927941,0.99107206
GCF_022689705.1.fna,GCF_036420075.1.fna,0.024525821,0.9754742
GCF_031728835.1.fna,GCF_036420075.1.fna,0.008384287,0.9916157
GCF_031728115.1.fna,GCF_036420075.1.fna,0.011441886,0.9885581
GCF_022689775.1.fna,GCF_036420075.1.fna,0.02390629,0.9760937
GCF_031728455.1.fna,GCF_036420075.1.fna,0.021223426,0.9787766
GCF_025143615.1.fna,GCF_036420075.1.fna,0.023451328,0.9765487
GCF_052950835.1.fna,GCF_036420075.1.fna,0.023226798,0.9767732
GCF_040947125.1.fna,GCF_036420075.1.fna,0.023982882,0.9760171
GCF_017315645.1.fna,GCF_036420075.1.fna,0.009006858,0.99099314
GCF_040947645.1.fna,GCF_036420075.1.fna,0.010526121,0.9894739
GCF_022690345.1.fna,GCF_036420075.1.fna,0.009568274,0.9904317
GCF_022689645.1.fna,GCF_036420075.1.fna,0.023753703,0.9762463
GCF_022690295.1.fna,GCF_036420075.1.fna,0.004548967,0.99545103
GCF_031728715.1.fna,GCF_036420075.1.fna,0.022710681,0.9772893
GCF_031728295.1.fna,GCF_036420075.1.fna,0.008810163,0.99118984
GCF_040947065.1.fna,GCF_036420075.1.fna,0.023078203,0.9769218
GCF_037695175.1.fna,GCF_036420075.1.fna,0.023602009,0.976398
GCF_031728475.1.fna,GCF_036420075.1.fna,0.010611594,0.9893884
GCF_022690045.1.fna,GCF_013267575.1.fna,0.007304251,0.99269575
GCF_017315625.1.fna,GCF_013267575.1.fna,0.019691885,0.9803081
GCF_900458635.1.fna,GCF_013267575.1.fna,0.006350994,0.993649
GCF_022689565.1.fna,GCF_013267575.1.fna,0.02088219,0.9791178
GCF_029926905.1.fna,GCF_013267575.1.fna,0.023226798,0.9767732
GCF_040947025.1.fna,GCF_013267575.1.fna,0.021709323,0.9782907
GCF_022690065.1.fna,GCF_013267575.1.fna,0.02213347,0.97786653
GCF_022689765.1.fna,GCF_013267575.1.fna,0.022204995,0.977795
GCF_022690265.1.fna,GCF_013267575.1.fna,0.02184987,0.9781501
GCF_022689615.1.fna,GCF_013267575.1.fna,0.02156949,0.9784305
GCF_031728745.1.fna,GCF_013267575.1.fna,0.020545602,0.9794544
GCF_022690275.1.fna,GCF_013267575.1.fna,0.022783816,0.9772162
GCF_047653515.1.fna,GCF_013267575.1.fna,0.021430492,0.9785695
GCF_031728275.1.fna,GCF_013267575.1.fna,0.007304251,0.99269575
GCF_022690115.1.fna,GCF_013267575.1.fna,0.0244475,0.9755525
GCF_031728735.1.fna,GCF_013267575.1.fna,0.022204995,0.977795
GCF_036419895.1.fna,GCF_013267575.1.fna,0.00680393,0.99319607
GCF_000269685.1.fna,GCF_013267575.1.fna,0.02285707,0.97714293
GCF_031728515.1.fna,GCF_013267575.1.fna,0.024291694,0.9757083
GCF_037700155.1.fna,GCF_013267575.1.fna,0.021223426,0.9787766
GCF_022690225.1.fna,GCF_013267575.1.fna,0.011620998,0.988379
GCF_022689945.1.fna,GCF_013267575.1.fna,0.024059713,0.9759403
GCF_015274585.1.fna,GCF_013267575.1.fna,0.02115482,0.9788452
GCF_031728415.1.fna,GCF_013267575.1.fna,0.008654237,0.99134576
GCF_031729015.1.fna,GCF_013267575.1.fna,0.006316602,0.9936834
GCF_037700315.1.fna,GCF_013267575.1.fna,0.0070524216,0.9929476
GCF_031728795.1.fna,GCF_013267575.1.fna,0.00823164,0.99176836
GCF_031728555.1.fna,GCF_013267575.1.fna,0.02213347,0.97786653
GCF_029926865.1.fna,GCF_013267575.1.fna,0.023226798,0.9767732
GCF_040947225.1.fna,GCF_013267575.1.fna,0.007340491,0.9926595
GCF_031728695.1.fna,GCF_013267575.1.fna,0.0026304126,0.9973696
GCF_022689665.1.fna,GCF_013267575.1.fna,0.007304251,0.99269575
GCF_029926915.1.fna,GCF_013267575.1.fna,0.022062302,0.9779377
GCF_031728315.1.fna,GCF_013267575.1.fna,0.02088219,0.9791178
GCF_031727255.1.fna,GCF_013267575.1.fna,0.02390629,0.9760937
GCF_022690205.1.fna,GCF_013267575.1.fna,0.007340491,0.9926595
GCF_031727455.1.fna,GCF_013267575.1.fna,0.024136782,0.9758632
GCF_022690025.1.fna,GCF_013267575.1.fna,0.0074496865,0.9925503
GCF_031727075.1.fna,GCF_013267575.1.fna,0.02156949,0.9784305
GCF_022690145.1.fna,GCF_013267575.1.fna,0.022062302,0.9779377
GCF_002901845.1.fna,GCF_013267575.1.fna,0.0063854456,0.99361455
GCF_022689825.1.fna,GCF_013267575.1.fna,0.022204995,0.977795
GCF_031728675.1.fna,GCF_013267575.1.fna,0.001185596,0.9988144
GCF_047653525.1.fna,GCF_013267575.1.fna,0.021639287,0.9783607
GCF_022690085.1.fna,GCF_013267575.1.fna,0.023602009,0.976398
GCF_037700135.1.fna,GCF_013267575.1.fna,0.02227658,0.9777234
GCF_025143205.1.fna,GCF_013267575.1.fna,0.021430492,0.9785695
GCF_031728895.1.fna,GCF_013267575.1.fna,0.00823164,0.99176836
GCF_040947605.1.fna,GCF_013267575.1.fna,0.02156949,0.9784305
GCF_031727355.1.fna,GCF_013267575.1.fna,0.02088219,0.9791178
GCF_015274675.1.fna,GCF_013267575.1.fna,0.022348404,0.9776516
GCF_036420075.1.fna,GCF_013267575.1.fna,0.023982882,0.9760171
GCF_013267575.1.fna,GCF_013267575.1.fna,0.0,1.0
GCF_031727055.1.fna,GCF_013267575.1.fna,0.01010412,0.9898959
GCF_037700375.1.fna,GCF_013267575.1.fna,0.0071240664,0.99287593
GCF_022690005.1.fna,GCF_013267575.1.fna,0.007304251,0.99269575
GCF_031631055.1.fna,GCF_013267575.1.fna,0.011486471,0.9885135
GCF_031728495.1.fna,GCF_013267575.1.fna,0.007340491,0.9926595
GCF_964211265.1.fna,GCF_013267575.1.fna,0.0077438354,0.99225616
GCF_031727535.1.fna,GCF_013267575.1.fna,0.0071599483,0.99284005
GCF_025143445.1.fna,GCF_013267575.1.fna,0.0071240664,0.99287593
GCF_022689855.1.fna,GCF_013267575.1.fna,0.007892609,0.9921074
GCF_022689725.1.fna,GCF_013267575.1.fna,0.007304251,0.99269575
GCF_031727275.1.fna,GCF_013267575.1.fna,0.008080244,0.99191976
GCF_031728235.1.fna,GCF_013267575.1.fna,0.024525821,0.9754742
GCF_040947205.1.fna,GCF_013267575.1.fna,0.021018088,0.9789819
GCF_031727235.1.fna,GCF_013267575.1.fna,0.007855296,0.9921447
GCF_022690165.1.fna,GCF_013267575.1.fna,0.022204995,0.977795
GCF_031728075.1.fna,GCF_013267575.1.fna,0.02285707,0.97714293
GCF_022689965.1.fna,GCF_013267575.1.fna,0.020747006,0.979253
GCF_022689575.1.fna,GCF_013267575.1.fna,0.007340491,0.9926595
GCF_037694985.1.fna,GCF_013267575.1.fna,0.022492707,0.9775073
GCF_022690185.1.fna,GCF_013267575.1.fna,0.0068392754,0.9931607
GCF_031728335.1.fna,GCF_013267575.1.fna,0.022710681,0.9772893
GCF_031728095.1.fna,GCF_013267575.1.fna,0.0055097938,0.9944902
GCF_022690385.1.fna,GCF_013267575.1.fna,0.022710681,0.9772893
GCF_022690425.1.fna,GCF_013267575.1.fna,0.02285707,0.97714293
GCF_022690375.1.fna,GCF_013267575.1.fna,0.0075961947,0.9924038
GCF_022689675.1.fna,GCF_013267575.1.fna,0.021499872,0.9785001
GCF_022690245.1.fna,GCF_013267575.1.fna,0.02213347,0.97786653
GCF_037700295.1.fna,GCF_013267575.1.fna,0.021086395,0.9789136
GCF_015274535.1.fna,GCF_013267575.1.fna,0.02115482,0.9788452
GCF_022689845.1.fna,GCF_013267575.1.fna,0.021991313,0.9780087
GCF_022689745.1.fna,GCF_013267575.1.fna,0.02156949,0.9784305
GCF_022689925.1.fna,GCF_013267575.1.fna,0.025000513,0.9749995
GCF_015274655.1.fna,GCF_013267575.1.fna,0.02115482,0.9788452
GCF_022690325.1.fna,GCF_013267575.1.fna,0.007632971,0.992367
GCF_022689785.1.fna,GCF_013267575.1.fna,0.005183816,0.9948162
GCF_031728155.1.fna,GCF_013267575.1.fna,0.021920502,0.9780795
GCF_037700455.1.fna,GCF_013267575.1.fna,0.0071599483,0.99284005
GCF_022689905.1.fna,GCF_013267575.1.fna,0.02088219,0.9791178
GCF_022690105.1.fna,GCF_013267575.1.fna,0.021920502,0.9780795
GCF_022689975.1.fna,GCF_013267575.1.fna,0.02213347,0.97786653
GCF_022689705.1.fna,GCF_013267575.1.fna,0.008732021,0.991268
GCF_031728835.1.fna,GCF_013267575.1.fna,0.021639287,0.9783607
GCF_031728115.1.fna,GCF_013267575.1.fna,0.02156949,0.9784305
GCF_022689775.1.fna,GCF_013267575.1.fna,0.0071599483,0.99284005
GCF_031728455.1.fna,GCF_013267575.1.fna,0.0074496865,0.9925503
GCF_025143615.1.fna,GCF_013267575.1.fna,0.007016778,0.9929832
GCF_052950835.1.fna,GCF_013267575.1.fna,0.012075722,0.9879243
GCF_040947125.1.fna,GCF_013267575.1.fna,0.007304251,0.99269575
GCF_017315645.1.fna,GCF_013267575.1.fna,0.020950079,0.9790499
GCF_040947645.1.fna,GCF_013267575.1.fna,0.02156949,0.9784305
GCF_022690345.1.fna,GCF_013267575.1.fna,0.02184987,0.9781501
GCF_022689645.1.fna,GCF_013267575.1.fna,0.0075594783,0.9924405
GCF_022690295.1.fna,GCF_013267575.1.fna,0.023829877,0.9761701
GCF_031728715.1.fna,GCF_013267575.1.fna,0.005641818,0.9943582
GCF_031728295.1.fna,GCF_013267575.1.fna,0.021499872,0.9785001
GCF_040947065.1.fna,GCF_013267575.1.fna,0.01091361,0.9890864
GCF_037695175.1.fna,GCF_013267575.1.fna,0.0075961947,0.9924038
GCF_031728475.1.fna,GCF_013267575.1.fna,0.022062302,0.9779377
GCF_022690045.1.fna,GCF_031727055.1.fna,0.012167871,0.9878321
GCF_017315625.1.fna,GCF_031727055.1.fna,0.021920502,0.9780795
GCF_900458635.1.fna,GCF_031727055.1.fna,0.008810163,0.99118984
GCF_022689565.1.fna,GCF_031727055.1.fna,0.023004293,0.9769957
GCF_029926905.1.fna,GCF_031727055.1.fna,0.025321782,0.9746782
GCF_040947025.1.fna,GCF_031727055.1.fna,0.024214208,0.9757858
GCF_022690065.1.fna,GCF_031727055.1.fna,0.023226798,0.9767732
GCF_022689765.1.fna,GCF_031727055.1.fna,0.024683118,0.9753169
GCF_022690265.1.fna,GCF_031727055.1.fna,0.023451328,0.9765487
GCF_022689615.1.fna,GCF_031727055.1.fna,0.024136782,0.9758632
GCF_031728745.1.fna,GCF_031727055.1.fna,0.022492707,0.9775073
GCF_022690275.1.fna,GCF_031727055.1.fna,0.025000513,0.9749995
GCF_047653515.1.fna,GCF_031727055.1.fna,0.024291694,0.9757083
GCF_031728275.1.fna,GCF_031727055.1.fna,0.011000693,0.9889993
GCF_022690115.1.fna,GCF_031727055.1.fna,0.026143014,0.973857
GCF_031728735.1.fna,GCF_031727055.1.fna,0.023226798,0.9767732
GCF_036419895.1.fna,GCF_031727055.1.fna,0.011176109,0.9888239
GCF_000269685.1.fna,GCF_031727055.1.fna,0.025321782,0.9746782
GCF_031728515.1.fna,GCF_031727055.1.fna,0.025484025,0.974516
GCF_037700155.1.fna,GCF_031727055.1.fna,0.023677707,0.9763223
GCF_022690225.1.fna,GCF_031727055.1.fna,0.014559209,0.9854408
GCF_022689945.1.fna,GCF_031727055.1.fna,0.024841309,0.9751587
GCF_015274585.1.fna,GCF_031727055.1.fna,0.022637784,0.9773622
GCF_031728415.1.fna,GCF_031727055.1.fna,0.011892676,0.9881073
GCF_031729015.1.fna,GCF_031727055.1.fna,0.01180172,0.9881983
GCF_037700315.1.fna,GCF_031727055.1.fna,0.011666119,0.9883339
GCF_031728795.1.fna,GCF_031727055.1.fna,0.012587488,0.9874125
GCF_031728555.1.fna,GCF_031727055.1.fna,0.023226798,0.9767732
GCF_029926865.1.fna,GCF_031727055.1.fna,0.025321782,0.9746782
GCF_040947225.1.fna,GCF_031727055.1.fna,0.012075722,0.9879243
GCF_031728695.1.fna,GCF_031727055.1.fna,0.01010412,0.9898959
GCF_022689665.1.fna,GCF_031727055.1.fna,0.008499503,0.9915005
GCF_029926915.1.fna,GCF_031727055.1.fna,0.024136782,0.9758632
GCF_031728315.1.fna,GCF_031727055.1.fna,0.023301423,0.9766986
GCF_031727255.1.fna,GCF_031727055.1.fna,0.023982882,0.9760171
GCF_022690205.1.fna,GCF_031727055.1.fna,0.011938274,0.9880617
GCF_031727455.1.fna,GCF_031727055.1.fna,0.024059713,0.9759403
GCF_022690025.1.fna,GCF_031727055.1.fna,0.008927941,0.99107206
GCF_031727075.1.fna,GCF_031727055.1.fna,0.024059713,0.9759403
GCF_022690145.1.fna,GCF_031727055.1.fna,0.023301423,0.9766986
GCF_002901845.1.fna,GCF_031727055.1.fna,0.008771062,0.99122894
GCF_022689825.1.fna,GCF_031727055.1.fna,0.024683118,0.9753169
GCF_031728675.1.fna,GCF_031727055.1.fna,0.009896278,0.9901037
GCF_047653525.1.fna,GCF_031727055.1.fna,0.023982882,0.9760171
GCF_022690085.1.fna,GCF_031727055.1.fna,0.023602009,0.976398
GCF_037700135.1.fna,GCF_031727055.1.fna,0.024762094,0.9752379
GCF_025143205.1.fna,GCF_031727055.1.fna,0.022930622,0.9770694
GCF_031728895.1.fna,GCF_031727055.1.fna,0.011264324,0.9887357
GCF_040947605.1.fna,GCF_031727055.1.fna,0.023226798,0.9767732
GCF_031727355.1.fna,GCF_031727055.1.fna,0.023004293,0.9769957
GCF_015274675.1.fna,GCF_031727055.1.fna,0.024525821,0.9754742
GCF_036420075.1.fna,GCF_031727055.1.fna,0.024762094,0.9752379
GCF_013267575.1.fna,GCF_031727055.1.fna,0.01010412,0.9898959
GCF_031727055.1.fna,GCF_031727055.1.fna,0.0,1.0
GCF_037700375.1.fna,GCF_031727055.1.fna,0.0089674,0.9910326
GCF_022690005.1.fna,GCF_031727055.1.fna,0.012167871,0.9878321
GCF_031631055.1.fna,GCF_031727055.1.fna,0.0139988065,0.9860012
GCF_031728495.1.fna,GCF_031727055.1.fna,0.010441005,0.989559
GCF_964211265.1.fna,GCF_031727055.1.fna,0.010145903,0.9898541
GCF_031727535.1.fna,GCF_031727055.1.fna,0.008269668,0.99173033
GCF_025143445.1.fna,GCF_031727055.1.fna,0.011044383,0.9889556
GCF_022689855.1.fna,GCF_031727055.1.fna,0.010020673,0.9899793
GCF_022689725.1.fna,GCF_031727055.1.fna,0.008499503,0.9915005
GCF_031727275.1.fna,GCF_031727055.1.fna,0.011000693,0.9889993
GCF_031728235.1.fna,GCF_031727055.1.fna,0.02460432,0.9753957
GCF_040947205.1.fna,GCF_031727055.1.fna,0.02390629,0.9760937
GCF_031727235.1.fna,GCF_031727055.1.fna,0.009979129,0.9900209
GCF_022690165.1.fna,GCF_031727055.1.fna,0.023301423,0.9766986
GCF_031728075.1.fna,GCF_031727055.1.fna,0.023677707,0.9763223
GCF_022689965.1.fna,GCF_031727055.1.fna,0.022930622,0.9770694
GCF_022689575.1.fna,GCF_031727055.1.fna,0.008538067,0.99146193
GCF_037694985.1.fna,GCF_031727055.1.fna,0.025080502,0.9749195
GCF_022690185.1.fna,GCF_031727055.1.fna,0.011176109,0.9888239
GCF_031728335.1.fna,GCF_031727055.1.fna,0.023376226,0.9766238
GCF_031728095.1.fna,GCF_031727055.1.fna,0.01130861,0.9886914
GCF_022690385.1.fna,GCF_031727055.1.fna,0.024920821,0.9750792
GCF_022690425.1.fna,GCF_031727055.1.fna,0.023602009,0.976398
GCF_022690375.1.fna,GCF_031727055.1.fna,0.0094870925,0.9905129
GCF_022689675.1.fna,GCF_031727055.1.fna,0.024059713,0.9759403
GCF_022690245.1.fna,GCF_031727055.1.fna,0.02390629,0.9760937
GCF_037700295.1.fna,GCF_031727055.1.fna,0.02352649,0.9764735
GCF_015274535.1.fna,GCF_031727055.1.fna,0.022637784,0.9773622
GCF_022689845.1.fna,GCF_031727055.1.fna,0.024059713,0.9759403
GCF_022689745.1.fna,GCF_031727055.1.fna,0.024059713,0.9759403
GCF_022689925.1.fna,GCF_031727055.1.fna,0.024841309,0.9751587
GCF_015274655.1.fna,GCF_031727055.1.fna,0.022637784,0.9773622
GCF_022690325.1.fna,GCF_031727055.1.fna,0.011576116,0.9884239
GCF_022689785.1.fna,GCF_031727055.1.fna,0.010187805,0.9898122
GCF_031728155.1.fna,GCF_031727055.1.fna,0.0244475,0.9755525
GCF_037700455.1.fna,GCF_031727055.1.fna,0.009046435,0.99095356
GCF_022689905.1.fna,GCF_031727055.1.fna,0.023301423,0.9766986
GCF_022690105.1.fna,GCF_031727055.1.fna,0.023376226,0.9766238
GCF_022689975.1.fna,GCF_031727055.1.fna,0.024683118,0.9753169
GCF_022689705.1.fna,GCF_031727055.1.fna,0.007967472,0.9920325
GCF_031728835.1.fna,GCF_031727055.1.fna,0.023078203,0.9769218
GCF_031728115.1.fna,GCF_031727055.1.fna,0.023982882,0.9760171
GCF_022689775.1.fna,GCF_031727055.1.fna,0.011486471,0.9885135
GCF_031728455.1.fna,GCF_031727055.1.fna,0.010654509,0.9893455
GCF_025143615.1.fna,GCF_031727055.1.fna,0.011847079,0.9881529
GCF_052950835.1.fna,GCF_031727055.1.fna,0.014714479,0.9852855
GCF_040947125.1.fna,GCF_031727055.1.fna,0.008193672,0.9918063
GCF_017315645.1.fna,GCF_031727055.1.fna,0.023376226,0.9766238
GCF_040947645.1.fna,GCF_031727055.1.fna,0.023226798,0.9767732
GCF_022690345.1.fna,GCF_031727055.1.fna,0.024369478,0.9756305
GCF_022689645.1.fna,GCF_031727055.1.fna,0.0074132085,0.9925868
GCF_022690295.1.fna,GCF_031727055.1.fna,0.02390629,0.9760937
GCF_031728715.1.fna,GCF_031727055.1.fna,0.010826886,0.9891731
GCF_031728295.1.fna,GCF_031727055.1.fna,0.02390629,0.9760937
GCF_040947065.1.fna,GCF_031727055.1.fna,0.014150202,0.9858498
GCF_037695175.1.fna,GCF_031727055.1.fna,0.008117974,0.991882
GCF_031728475.1.fna,GCF_031727055.1.fna,0.02460432,0.9753957
GCF_022690045.1.fna,GCF_037700375.1.fna,0.008615434,0.99138457
GCF_017315625.1.fna,GCF_037700375.1.fna,0.020545602,0.9794544
GCF_900458635.1.fna,GCF_037700375.1.fna,0.005087137,0.99491286
GCF_022689565.1.fna,GCF_037700375.1.fna,0.02156949,0.9784305
GCF_029926905.1.fna,GCF_037700375.1.fna,0.022492707,0.9775073
GCF_040947025.1.fna,GCF_037700375.1.fna,0.022204995,0.977795
GCF_022690065.1.fna,GCF_037700375.1.fna,0.021709323,0.9782907
GCF_022689765.1.fna,GCF_037700375.1.fna,0.023376226,0.9766238
GCF_022690265.1.fna,GCF_037700375.1.fna,0.021920502,0.9780795
GCF_022689615.1.fna,GCF_037700375.1.fna,0.02184987,0.9781501
GCF_031728745.1.fna,GCF_037700375.1.fna,0.020545602,0.9794544
GCF_022690275.1.fna,GCF_037700375.1.fna,0.022930622,0.9770694
GCF_047653515.1.fna,GCF_037700375.1.fna,0.022348404,0.9776516
GCF_031728275.1.fna,GCF_037700375.1.fna,0.009006858,0.99099314
GCF_022690115.1.fna,GCF_037700375.1.fna,0.024920821,0.9750792
GCF_031728735.1.fna,GCF_037700375.1.fna,0.022204995,0.977795
GCF_036419895.1.fna,GCF_037700375.1.fna,0.008576691,0.9914233
GCF_000269685.1.fna,GCF_037700375.1.fna,0.023376226,0.9766238
GCF_031728515.1.fna,GCF_037700375.1.fna,0.024841309,0.9751587
GCF_037700155.1.fna,GCF_037700375.1.fna,0.021779478,0.9782205
GCF_022690225.1.fna,GCF_037700375.1.fna,0.011620998,0.988379
GCF_022689945.1.fna,GCF_037700375.1.fna,0.023982882,0.9760171
GCF_015274585.1.fna,GCF_037700375.1.fna,0.02156949,0.9784305
GCF_031728415.1.fna,GCF_037700375.1.fna,0.008193672,0.9918063
GCF_031729015.1.fna,GCF_037700375.1.fna,0.008732021,0.991268
GCF_037700315.1.fna,GCF_037700375.1.fna,0.008927941,0.99107206
GCF_031728795.1.fna,GCF_037700375.1.fna,0.010020673,0.9899793
GCF_031728555.1.fna,GCF_037700375.1.fna,0.021709323,0.9782907
GCF_029926865.1.fna,GCF_037700375.1.fna,0.022492707,0.9775073
GCF_040947225.1.fna,GCF_037700375.1.fna,0.008927941,0.99107206
GCF_031728695.1.fna,GCF_037700375.1.fna,0.007855296,0.9921447
GCF_022689665.1.fna,GCF_037700375.1.fna,0.0061455965,0.9938544
GCF_029926915.1.fna,GCF_037700375.1.fna,0.021361291,0.9786387
GCF_031728315.1.fna,GCF_037700375.1.fna,0.021223426,0.9787766
GCF_031727255.1.fna,GCF_037700375.1.fna,0.023301423,0.9766986
GCF_022690205.1.fna,GCF_037700375.1.fna,0.009325743,0.99067426
GCF_031727455.1.fna,GCF_037700375.1.fna,0.02460432,0.9753957
GCF_022690025.1.fna,GCF_037700375.1.fna,0.0067335367,0.99326646
GCF_031727075.1.fna,GCF_037700375.1.fna,0.021779478,0.9782205
GCF_022690145.1.fna,GCF_037700375.1.fna,0.021709323,0.9782907
GCF_002901845.1.fna,GCF_037700375.1.fna,0.004990995,0.995009
GCF_022689825.1.fna,GCF_037700375.1.fna,0.023376226,0.9766238
GCF_031728675.1.fna,GCF_037700375.1.fna,0.0071599483,0.99284005
GCF_047653525.1.fna,GCF_037700375.1.fna,0.022204995,0.977795
GCF_022690085.1.fna,GCF_037700375.1.fna,0.023602009,0.976398
GCF_037700135.1.fna,GCF_037700375.1.fna,0.02352649,0.9764735
GCF_025143205.1.fna,GCF_037700375.1.fna,0.021639287,0.9783607
GCF_031728895.1.fna,GCF_037700375.1.fna,0.008576691,0.9914233
GCF_040947605.1.fna,GCF_037700375.1.fna,0.02184987,0.9781501
GCF_031727355.1.fna,GCF_037700375.1.fna,0.021499872,0.9785001
GCF_015274675.1.fna,GCF_037700375.1.fna,0.022930622,0.9770694
GCF_036420075.1.fna,GCF_037700375.1.fna,0.023982882,0.9760171
GCF_013267575.1.fna,GCF_037700375.1.fna,0.0071240664,0.99287593
GCF_031727055.1.fna,GCF_037700375.1.fna,0.0089674,0.9910326
GCF_037700375.1.fna,GCF_037700375.1.fna,0.0,1.0
GCF_022690005.1.fna,GCF_037700375.1.fna,0.008654237,0.99134576
GCF_031631055.1.fna,GCF_037700375.1.fna,0.011264324,0.9887357
GCF_031728495.1.fna,GCF_037700375.1.fna,0.006316602,0.9936834
GCF_964211265.1.fna,GCF_037700375.1.fna,0.0070524216,0.9929476
GCF_031727535.1.fna,GCF_037700375.1.fna,0.0061796308,0.99382037
GCF_025143445.1.fna,GCF_037700375.1.fna,0.008155823,0.9918442
GCF_022689855.1.fna,GCF_037700375.1.fna,0.008384287,0.9916157
GCF_022689725.1.fna,GCF_037700375.1.fna,0.0061455965,0.9938544
GCF_031727275.1.fna,GCF_037700375.1.fna,0.007304251,0.99269575
GCF_031728235.1.fna,GCF_037700375.1.fna,0.024214208,0.9757858
GCF_040947205.1.fna,GCF_037700375.1.fna,0.02156949,0.9784305
GCF_031727235.1.fna,GCF_037700375.1.fna,0.008345962,0.99165404
GCF_022690165.1.fna,GCF_037700375.1.fna,0.021709323,0.9782907
GCF_031728075.1.fna,GCF_037700375.1.fna,0.022783816,0.9772162
GCF_022689965.1.fna,GCF_037700375.1.fna,0.021430492,0.9785695
GCF_022689575.1.fna,GCF_037700375.1.fna,0.0061455965,0.9938544
GCF_037694985.1.fna,GCF_037700375.1.fna,0.023152411,0.9768476
GCF_022690185.1.fna,GCF_037700375.1.fna,0.008345962,0.99165404
GCF_031728335.1.fna,GCF_037700375.1.fna,0.022204995,0.977795
GCF_031728095.1.fna,GCF_037700375.1.fna,0.008460999,0.991539
GCF_022690385.1.fna,GCF_037700375.1.fna,0.023677707,0.9763223
GCF_022690425.1.fna,GCF_037700375.1.fna,0.022710681,0.9772893
GCF_022690375.1.fna,GCF_037700375.1.fna,0.006663382,0.9933366
GCF_022689675.1.fna,GCF_037700375.1.fna,0.021709323,0.9782907
GCF_022690245.1.fna,GCF_037700375.1.fna,0.02213347,0.97786653
GCF_037700295.1.fna,GCF_037700375.1.fna,0.02156949,0.9784305
GCF_015274535.1.fna,GCF_037700375.1.fna,0.02156949,0.9784305
GCF_022689845.1.fna,GCF_037700375.1.fna,0.022783816,0.9772162
GCF_022689745.1.fna,GCF_037700375.1.fna,0.021779478,0.9782205
GCF_022689925.1.fna,GCF_037700375.1.fna,0.025241077,0.9747589
GCF_015274655.1.fna,GCF_037700375.1.fna,0.02156949,0.9784305
GCF_022690325.1.fna,GCF_037700375.1.fna,0.009165645,0.99083436
GCF_022689785.1.fna,GCF_037700375.1.fna,0.007016778,0.9929832
GCF_031728155.1.fna,GCF_037700375.1.fna,0.022565126,0.9774349
GCF_037700455.1.fna,GCF_037700375.1.fna,0.0007556677,0.99924433
GCF_022689905.1.fna,GCF_037700375.1.fna,0.021223426,0.9787766
GCF_022690105.1.fna,GCF_037700375.1.fna,0.021709323,0.9782907
GCF_022689975.1.fna,GCF_037700375.1.fna,0.023376226,0.9766238
GCF_022689705.1.fna,GCF_037700375.1.fna,0.008538067,0.99146193
GCF_031728835.1.fna,GCF_037700375.1.fna,0.02156949,0.9784305
GCF_031728115.1.fna,GCF_037700375.1.fna,0.022062302,0.9779377
GCF_022689775.1.fna,GCF_037700375.1.fna,0.009046435,0.99095356
GCF_031728455.1.fna,GCF_037700375.1.fna,0.0068392754,0.9931607
GCF_025143615.1.fna,GCF_037700375.1.fna,0.009046435,0.99095356
GCF_052950835.1.fna,GCF_037700375.1.fna,0.012353301,0.9876467
GCF_040947125.1.fna,GCF_037700375.1.fna,0.00587517,0.9941248
GCF_017315645.1.fna,GCF_037700375.1.fna,0.02156949,0.9784305
GCF_040947645.1.fna,GCF_037700375.1.fna,0.02184987,0.9781501
GCF_022690345.1.fna,GCF_037700375.1.fna,0.022420406,0.9775796
GCF_022689645.1.fna,GCF_037700375.1.fna,0.008384287,0.9916157
GCF_022690295.1.fna,GCF_037700375.1.fna,0.023301423,0.9766986
GCF_031728715.1.fna,GCF_037700375.1.fna,0.007669866,0.99233013
GCF_031728295.1.fna,GCF_037700375.1.fna,0.021639287,0.9783607
GCF_040947065.1.fna,GCF_037700375.1.fna,0.011220098,0.9887799
GCF_037695175.1.fna,GCF_037700375.1.fna,0.006213784,0.9937862
GCF_031728475.1.fna,GCF_037700375.1.fna,0.022420406,0.9775796
GCF_022690045.1.fna,GCF_022690005.1.fna,2.3841858e-05,0.99997616
GCF_017315625.1.fna,GCF_022690005.1.fna,0.018992484,0.9810075
GCF_900458635.1.fna,GCF_022690005.1.fna,0.008193672,0.9918063
GCF_022689565.1.fna,GCF_022690005.1.fna,0.019951403,0.9800486
GCF_029926905.1.fna,GCF_022690005.1.fna,0.021991313,0.9780087
GCF_040947025.1.fna,GCF_022690005.1.fna,0.020213723,0.9797863
GCF_022690065.1.fna,GCF_022690005.1.fna,0.021639287,0.9783607
GCF_022689765.1.fna,GCF_022690005.1.fna,0.021223426,0.9787766
GCF_022690265.1.fna,GCF_022690005.1.fna,0.021430492,0.9785695
GCF_022689615.1.fna,GCF_022690005.1.fna,0.020478904,0.9795211
GCF_031728745.1.fna,GCF_022690005.1.fna,0.020345926,0.9796541
GCF_022690275.1.fna,GCF_022690005.1.fna,0.022420406,0.9775796
GCF_047653515.1.fna,GCF_022690005.1.fna,0.021223426,0.9787766
GCF_031728275.1.fna,GCF_022690005.1.fna,0.0075961947,0.9924038
GCF_022690115.1.fna,GCF_022690005.1.fna,0.023753703,0.9762463
GCF_031728735.1.fna,GCF_022690005.1.fna,0.02115482,0.9788452
GCF_036419895.1.fna,GCF_022690005.1.fna,0.0045801997,0.9954198
GCF_000269685.1.fna,GCF_022690005.1.fna,0.022348404,0.9776516
GCF_031728515.1.fna,GCF_022690005.1.fna,0.023753703,0.9762463
GCF_037700155.1.fna,GCF_022690005.1.fna,0.020345926,0.9796541
GCF_022690225.1.fna,GCF_022690005.1.fna,0.011531293,0.9884687
GCF_022689945.1.fna,GCF_022690005.1.fna,0.022783816,0.9772162
GCF_015274585.1.fna,GCF_022690005.1.fna,0.02115482,0.9788452
GCF_031728415.1.fna,GCF_022690005.1.fna,0.007268071,0.9927319
GCF_031729015.1.fna,GCF_022690005.1.fna,0.0052161217,0.9947839
GCF_037700315.1.fna,GCF_022690005.1.fna,0.00737679,0.9926232
GCF_031728795.1.fna,GCF_022690005.1.fna,0.008927941,0.99107206
GCF_031728555.1.fna,GCF_022690005.1.fna,0.021639287,0.9783607
GCF_029926865.1.fna,GCF_022690005.1.fna,0.021991313,0.9780087
GCF_040947225.1.fna,GCF_022690005.1.fna,0.0066284537,0.99337155
GCF_031728695.1.fna,GCF_022690005.1.fna,0.007669866,0.99233013
GCF_022689665.1.fna,GCF_022690005.1.fna,0.008810163,0.99118984
GCF_029926915.1.fna,GCF_022690005.1.fna,0.021018088,0.9789819
GCF_031728315.1.fna,GCF_022690005.1.fna,0.020412326,0.9795877
GCF_031727255.1.fna,GCF_022690005.1.fna,0.023226798,0.9767732
GCF_022690205.1.fna,GCF_022690005.1.fna,0.005774796,0.9942252
GCF_031727455.1.fna,GCF_022690005.1.fna,0.022930622,0.9770694
GCF_022690025.1.fna,GCF_022690005.1.fna,0.00920558,0.9907944
GCF_031727075.1.fna,GCF_022690005.1.fna,0.020345926,0.9796541
GCF_022690145.1.fna,GCF_022690005.1.fna,0.02156949,0.9784305
GCF_002901845.1.fna,GCF_022690005.1.fna,0.008155823,0.9918442
GCF_022689825.1.fna,GCF_022690005.1.fna,0.021223426,0.9787766
GCF_031728675.1.fna,GCF_022690005.1.fna,0.006910026,0.99309
GCF_047653525.1.fna,GCF_022690005.1.fna,0.02115482,0.9788452
GCF_022690085.1.fna,GCF_022690005.1.fna,0.022930622,0.9770694
GCF_037700135.1.fna,GCF_022690005.1.fna,0.021991313,0.9780087
GCF_025143205.1.fna,GCF_022690005.1.fna,0.021086395,0.9789136
GCF_031728895.1.fna,GCF_022690005.1.fna,0.008193672,0.9918063
GCF_040947605.1.fna,GCF_022690005.1.fna,0.020612597,0.9793874
GCF_031727355.1.fna,GCF_022690005.1.fna,0.019951403,0.9800486
GCF_015274675.1.fna,GCF_022690005.1.fna,0.021991313,0.9780087
GCF_036420075.1.fna,GCF_022690005.1.fna,0.022637784,0.9773622
GCF_013267575.1.fna,GCF_022690005.1.fna,0.007304251,0.99269575
GCF_031727055.1.fna,GCF_022690005.1.fna,0.012167871,0.9878321
GCF_037700375.1.fna,GCF_022690005.1.fna,0.008654237,0.99134576
GCF_022690005.1.fna,GCF_022690005.1.fna,0.0,1.0
GCF_031631055.1.fna,GCF_022690005.1.fna,0.012967706,0.9870323
GCF_031728495.1.fna,GCF_022690005.1.fna,0.007268071,0.9927319
GCF_964211265.1.fna,GCF_022690005.1.fna,0.009125829,0.9908742
GCF_031727535.1.fna,GCF_022690005.1.fna,0.008422613,0.9915774
GCF_025143445.1.fna,GCF_022690005.1.fna,0.007855296,0.9921447
GCF_022689855.1.fna,GCF_022690005.1.fna,0.00920558,0.9907944
GCF_022689725.1.fna,GCF_022690005.1.fna,0.008810163,0.99118984
GCF_031727275.1.fna,GCF_022690005.1.fna,0.0075594783,0.9924405
GCF_031728235.1.fna,GCF_022690005.1.fna,0.022930622,0.9770694
GCF_040947205.1.fna,GCF_022690005.1.fna,0.020213723,0.9797863
GCF_031727235.1.fna,GCF_022690005.1.fna,0.009165645,0.99083436
GCF_022690165.1.fna,GCF_022690005.1.fna,0.021639287,0.9783607
GCF_031728075.1.fna,GCF_022690005.1.fna,0.021223426,0.9787766
GCF_022689965.1.fna,GCF_022690005.1.fna,0.019691885,0.9803081
GCF_022689575.1.fna,GCF_022690005.1.fna,0.008849382,0.9911506
GCF_037694985.1.fna,GCF_022690005.1.fna,0.021991313,0.9780087
GCF_022690185.1.fna,GCF_022690005.1.fna,0.0045177937,0.9954822
GCF_031728335.1.fna,GCF_022690005.1.fna,0.02184987,0.9781501
GCF_031728095.1.fna,GCF_022690005.1.fna,0.0071240664,0.99287593
GCF_022690385.1.fna,GCF_022690005.1.fna,0.021639287,0.9783607
GCF_022690425.1.fna,GCF_022690005.1.fna,0.02115482,0.9788452
GCF_022690375.1.fna,GCF_022690005.1.fna,0.008849382,0.9911506
GCF_022689675.1.fna,GCF_022690005.1.fna,0.020412326,0.9795877
GCF_022690245.1.fna,GCF_022690005.1.fna,0.021223426,0.9787766
GCF_037700295.1.fna,GCF_022690005.1.fna,0.020545602,0.9794544
GCF_015274535.1.fna,GCF_022690005.1.fna,0.02115482,0.9788452
GCF_022689845.1.fna,GCF_022690005.1.fna,0.021639287,0.9783607
GCF_022689745.1.fna,GCF_022690005.1.fna,0.020345926,0.9796541
GCF_022689925.1.fna,GCF_022690005.1.fna,0.023829877,0.9761701
GCF_015274655.1.fna,GCF_022690005.1.fna,0.02115482,0.9788452
GCF_022690325.1.fna,GCF_022690005.1.fna,0.007967472,0.9920325
GCF_022689785.1.fna,GCF_022690005.1.fna,0.005575657,0.99442434
GCF_031728155.1.fna,GCF_022690005.1.fna,0.020679712,0.9793203
GCF_037700455.1.fna,GCF_022690005.1.fna,0.008771062,0.99122894
GCF_022689905.1.fna,GCF_022690005.1.fna,0.020412326,0.9795877
GCF_022690105.1.fna,GCF_022690005.1.fna,0.021086395,0.9789136
GCF_022689975.1.fna,GCF_022690005.1.fna,0.02115482,0.9788452
GCF_022689705.1.fna,GCF_022690005.1.fna,0.009365916,0.9906341
GCF_031728835.1.fna,GCF_022690005.1.fna,0.021086395,0.9789136
GCF_031728115.1.fna,GCF_022690005.1.fna,0.021018088,0.9789819
GCF_022689775.1.fna,GCF_022690005.1.fna,0.0046741366,0.99532586
GCF_031728455.1.fna,GCF_022690005.1.fna,0.0071959496,0.99280405
GCF_025143615.1.fna,GCF_022690005.1.fna,0.0055097938,0.9944902
GCF_052950835.1.fna,GCF_022690005.1.fna,0.0134035945,0.9865964
GCF_040947125.1.fna,GCF_022690005.1.fna,0.009325743,0.99067426
GCF_017315645.1.fna,GCF_022690005.1.fna,0.020279706,0.9797203
GCF_040947645.1.fna,GCF_022690005.1.fna,0.020612597,0.9793874
GCF_022690345.1.fna,GCF_022690005.1.fna,0.020679712,0.9793203
GCF_022689645.1.fna,GCF_022690005.1.fna,0.008615434,0.99138457
GCF_022690295.1.fna,GCF_022690005.1.fna,0.023152411,0.9768476
GCF_031728715.1.fna,GCF_022690005.1.fna,0.0044246316,0.99557537
GCF_031728295.1.fna,GCF_022690005.1.fna,0.020612597,0.9793874
GCF_040947065.1.fna,GCF_022690005.1.fna,0.012353301,0.9876467
GCF_037695175.1.fna,GCF_022690005.1.fna,0.009568274,0.9904317
GCF_031728475.1.fna,GCF_022690005.1.fna,0.02088219,0.9791178
GCF_022690045.1.fna,GCF_031631055.1.fna,0.012967706,0.9870323
GCF_017315625.1.fna,GCF_031631055.1.fna,0.019563198,0.9804368
GCF_900458635.1.fna,GCF_031631055.1.fna,0.010740519,0.9892595
GCF_022689565.1.fna,GCF_031631055.1.fna,0.021018088,0.9789819
GCF_029926905.1.fna,GCF_031631055.1.fna,0.021709323,0.9782907
GCF_040947025.1.fna,GCF_031631055.1.fna,0.019821286,0.9801787
GCF_022690065.1.fna,GCF_031631055.1.fna,0.020412326,0.9795877
GCF_022689765.1.fna,GCF_031631055.1.fna,0.021779478,0.9782205
GCF_022690265.1.fna,GCF_031631055.1.fna,0.020679712,0.9793203
GCF_022689615.1.fna,GCF_031631055.1.fna,0.020412326,0.9795877
GCF_031728745.1.fna,GCF_031631055.1.fna,0.018992484,0.9810075
GCF_022690275.1.fna,GCF_031631055.1.fna,0.020814478,0.9791855
GCF_047653515.1.fna,GCF_031631055.1.fna,0.02001667,0.9799833
GCF_031728275.1.fna,GCF_031631055.1.fna,0.012729287,0.9872707
GCF_022690115.1.fna,GCF_031631055.1.fna,0.023226798,0.9767732
GCF_031728735.1.fna,GCF_031631055.1.fna,0.020814478,0.9791855
GCF_036419895.1.fna,GCF_031631055.1.fna,0.0130156875,0.9869843
GCF_000269685.1.fna,GCF_031631055.1.fna,0.021639287,0.9783607
GCF_031728515.1.fna,GCF_031631055.1.fna,0.024059713,0.9759403
GCF_037700155.1.fna,GCF_031631055.1.fna,0.0201478,0.9798522
GCF_022690225.1.fna,GCF_031631055.1.fna,0.013848484,0.9861515
GCF_022689945.1.fna,GCF_031631055.1.fna,0.022930622,0.9770694
GCF_015274585.1.fna,GCF_031631055.1.fna,0.019244492,0.9807555
GCF_031728415.1.fna,GCF_031631055.1.fna,0.0135015845,0.9864984
GCF_031729015.1.fna,GCF_031631055.1.fna,0.013208687,0.9867913
GCF_037700315.1.fna,GCF_031631055.1.fna,0.013208687,0.9867913
GCF_031728795.1.fna,GCF_031631055.1.fna,0.012353301,0.9876467
GCF_031728555.1.fna,GCF_031631055.1.fna,0.020412326,0.9795877
GCF_029926865.1.fna,GCF_031631055.1.fna,0.021709323,0.9782907
GCF_040947225.1.fna,GCF_031631055.1.fna,0.012634695,0.9873653
GCF_031728695.1.fna,GCF_031631055.1.fna,0.012260377,0.9877396
GCF_022689665.1.fna,GCF_031631055.1.fna,0.011397421,0.9886026
GCF_029926915.1.fna,GCF_031631055.1.fna,0.020679712,0.9793203
GCF_031728315.1.fna,GCF_031631055.1.fna,0.02001667,0.9799833
GCF_031727255.1.fna,GCF_031631055.1.fna,0.022204995,0.977795
GCF_022690205.1.fna,GCF_031631055.1.fna,0.013898492,0.9861015
GCF_031727455.1.fna,GCF_031631055.1.fna,0.024841309,0.9751587
GCF_022690025.1.fna,GCF_031631055.1.fna,0.011666119,0.9883339
GCF_031727075.1.fna,GCF_031631055.1.fna,0.020345926,0.9796541
GCF_022690145.1.fna,GCF_031631055.1.fna,0.020412326,0.9795877
GCF_002901845.1.fna,GCF_031631055.1.fna,0.010783613,0.9892164
GCF_022689825.1.fna,GCF_031631055.1.fna,0.021779478,0.9782205
GCF_031728675.1.fna,GCF_031631055.1.fna,0.01180172,0.9881983
GCF_047653525.1.fna,GCF_031631055.1.fna,0.019691885,0.9803081
GCF_022690085.1.fna,GCF_031631055.1.fna,0.024136782,0.9758632
GCF_037700135.1.fna,GCF_031631055.1.fna,0.021499872,0.9785001
GCF_025143205.1.fna,GCF_031631055.1.fna,0.020679712,0.9793203
GCF_031728895.1.fna,GCF_031631055.1.fna,0.01175642,0.9882436
GCF_040947605.1.fna,GCF_031631055.1.fna,0.019499123,0.9805009
GCF_031727355.1.fna,GCF_031631055.1.fna,0.020950079,0.9790499
GCF_015274675.1.fna,GCF_031631055.1.fna,0.02115482,0.9788452
GCF_036420075.1.fna,GCF_031631055.1.fna,0.023004293,0.9769957
GCF_013267575.1.fna,GCF_031631055.1.fna,0.011486471,0.9885135
GCF_031727055.1.fna,GCF_031631055.1.fna,0.0139988065,0.9860012
GCF_037700375.1.fna,GCF_031631055.1.fna,0.011264324,0.9887357
GCF_022690005.1.fna,GCF_031631055.1.fna,0.012967706,0.9870323
GCF_031631055.1.fna,GCF_031631055.1.fna,0.0,1.0
GCF_031728495.1.fna,GCF_031631055.1.fna,0.01180172,0.9881983
GCF_964211265.1.fna,GCF_031631055.1.fna,0.011847079,0.9881529
GCF_031727535.1.fna,GCF_031631055.1.fna,0.011666119,0.9883339
GCF_025143445.1.fna,GCF_031631055.1.fna,0.011983991,0.988016
GCF_022689855.1.fna,GCF_031631055.1.fna,0.012634695,0.9873653
GCF_022689725.1.fna,GCF_031631055.1.fna,0.011397421,0.9886026
GCF_031727275.1.fna,GCF_031631055.1.fna,0.012919784,0.9870802
GCF_031728235.1.fna,GCF_031631055.1.fna,0.022710681,0.9772893
GCF_040947205.1.fna,GCF_031631055.1.fna,0.019181192,0.9808188
GCF_031727235.1.fna,GCF_031631055.1.fna,0.012587488,0.9874125
GCF_022690165.1.fna,GCF_031631055.1.fna,0.020412326,0.9795877
GCF_031728075.1.fna,GCF_031631055.1.fna,0.02115482,0.9788452
GCF_022689965.1.fna,GCF_031631055.1.fna,0.020279706,0.9797203
GCF_022689575.1.fna,GCF_031631055.1.fna,0.011441886,0.9885581
GCF_037694985.1.fna,GCF_031631055.1.fna,0.02184987,0.9781501
GCF_022690185.1.fna,GCF_031631055.1.fna,0.0130156875,0.9869843
GCF_031728335.1.fna,GCF_031631055.1.fna,0.020082176,0.9799178
GCF_031728095.1.fna,GCF_031631055.1.fna,0.012729287,0.9872707
GCF_022690385.1.fna,GCF_031631055.1.fna,0.021709323,0.9782907
GCF_022690425.1.fna,GCF_031631055.1.fna,0.02115482,0.9788452
GCF_022690375.1.fna,GCF_031631055.1.fna,0.01175642,0.9882436
GCF_022689675.1.fna,GCF_031631055.1.fna,0.020412326,0.9795877
GCF_022690245.1.fna,GCF_031631055.1.fna,0.020747006,0.979253
GCF_037700295.1.fna,GCF_031631055.1.fna,0.0201478,0.9798522
GCF_015274535.1.fna,GCF_031631055.1.fna,0.019244492,0.9807555
GCF_022689845.1.fna,GCF_031631055.1.fna,0.020747006,0.979253
GCF_022689745.1.fna,GCF_031631055.1.fna,0.020345926,0.9796541
GCF_022689925.1.fna,GCF_031631055.1.fna,0.025647223,0.9743528
GCF_015274655.1.fna,GCF_031631055.1.fna,0.019244492,0.9807555
GCF_022690325.1.fna,GCF_031631055.1.fna,0.01175642,0.9882436
GCF_022689785.1.fna,GCF_031631055.1.fna,0.012214124,0.9877859
GCF_031728155.1.fna,GCF_031631055.1.fna,0.020213723,0.9797863
GCF_037700455.1.fna,GCF_031631055.1.fna,0.011352897,0.9886471
GCF_022689905.1.fna,GCF_031631055.1.fna,0.02001667,0.9799833
GCF_022690105.1.fna,GCF_031631055.1.fna,0.02001667,0.9799833
GCF_022689975.1.fna,GCF_031631055.1.fna,0.021709323,0.9782907
GCF_022689705.1.fna,GCF_031631055.1.fna,0.013112009,0.986888
GCF_031728835.1.fna,GCF_031631055.1.fna,0.020345926,0.9796541
GCF_031728115.1.fna,GCF_031631055.1.fna,0.019563198,0.9804368
GCF_022689775.1.fna,GCF_031631055.1.fna,0.013354719,0.9866453
GCF_031728455.1.fna,GCF_031631055.1.fna,0.012167871,0.9878321
GCF_025143615.1.fna,GCF_031631055.1.fna,0.013160288,0.9868397
GCF_052950835.1.fna,GCF_031631055.1.fna,0.007855296,0.9921447
GCF_040947125.1.fna,GCF_031631055.1.fna,0.01175642,0.9882436
GCF_017315645.1.fna,GCF_031631055.1.fna,0.020412326,0.9795877
GCF_040947645.1.fna,GCF_031631055.1.fna,0.019499123,0.9805009
GCF_022690345.1.fna,GCF_031631055.1.fna,0.0201478,0.9798522
GCF_022689645.1.fna,GCF_031631055.1.fna,0.012824297,0.9871757
GCF_022690295.1.fna,GCF_031631055.1.fna,0.022204995,0.977795
GCF_031728715.1.fna,GCF_031631055.1.fna,0.012121677,0.9878783
GCF_031728295.1.fna,GCF_031631055.1.fna,0.020412326,0.9795877
GCF_040947065.1.fna,GCF_031631055.1.fna,0.008117974,0.991882
GCF_037695175.1.fna,GCF_031631055.1.fna,0.011620998,0.988379
GCF_031728475.1.fna,GCF_031631055.1.fna,0.021223426,0.9787766
GCF_022690045.1.fna,GCF_031728495.1.fna,0.0072319508,0.99276805
GCF_017315625.1.fna,GCF_031728495.1.fna,0.019055188,0.9809448
GCF_900458635.1.fna,GCF_031728495.1.fna,0.0067335367,0.99326646
GCF_022689565.1.fna,GCF_031728495.1.fna,0.020279706,0.9797203
GCF_029926905.1.fna,GCF_031728495.1.fna,0.021223426,0.9787766
GCF_040947025.1.fna,GCF_031728495.1.fna,0.020679712,0.9793203
GCF_022690065.1.fna,GCF_031728495.1.fna,0.020950079,0.9790499
GCF_022689765.1.fna,GCF_031728495.1.fna,0.021223426,0.9787766
GCF_022690265.1.fna,GCF_031728495.1.fna,0.020545602,0.9794544
GCF_022689615.1.fna,GCF_031728495.1.fna,0.019886196,0.9801138
GCF_031728745.1.fna,GCF_031728495.1.fna,0.019756496,0.9802435
GCF_022690275.1.fna,GCF_031728495.1.fna,0.020950079,0.9790499
GCF_047653515.1.fna,GCF_031728495.1.fna,0.020747006,0.979253
GCF_031728275.1.fna,GCF_031728495.1.fna,0.008693099,0.9913069
GCF_022690115.1.fna,GCF_031728495.1.fna,0.02352649,0.9764735
GCF_031728735.1.fna,GCF_031728495.1.fna,0.020950079,0.9790499
GCF_036419895.1.fna,GCF_031728495.1.fna,0.0077809095,0.9922191
GCF_000269685.1.fna,GCF_031728495.1.fna,0.022204995,0.977795
GCF_031728515.1.fna,GCF_031728495.1.fna,0.022204995,0.977795
GCF_037700155.1.fna,GCF_031728495.1.fna,0.020545602,0.9794544
GCF_022690225.1.fna,GCF_031728495.1.fna,0.011620998,0.988379
GCF_022689945.1.fna,GCF_031728495.1.fna,0.021779478,0.9782205
GCF_015274585.1.fna,GCF_031728495.1.fna,0.020545602,0.9794544
GCF_031728415.1.fna,GCF_031728495.1.fna,0.004393697,0.9956063
GCF_031729015.1.fna,GCF_031728495.1.fna,0.008042574,0.9919574
GCF_037700315.1.fna,GCF_031728495.1.fna,0.008771062,0.99122894
GCF_031728795.1.fna,GCF_031728495.1.fna,0.008499503,0.9915005
GCF_031728555.1.fna,GCF_031728495.1.fna,0.020950079,0.9790499
GCF_029926865.1.fna,GCF_031728495.1.fna,0.021223426,0.9787766
GCF_040947225.1.fna,GCF_031728495.1.fna,0.0061455965,0.9938544
GCF_031728695.1.fna,GCF_031728495.1.fna,0.008004963,0.99199504
GCF_022689665.1.fna,GCF_031728495.1.fna,0.0065935254,0.9934065
GCF_029926915.1.fna,GCF_031728495.1.fna,0.020612597,0.9793874
GCF_031728315.1.fna,GCF_031728495.1.fna,0.020545602,0.9794544
GCF_031727255.1.fna,GCF_031728495.1.fna,0.021361291,0.9786387
GCF_022690205.1.fna,GCF_031728495.1.fna,0.008732021,0.991268
GCF_031727455.1.fna,GCF_031728495.1.fna,0.023301423,0.9766986
GCF_022690025.1.fna,GCF_031728495.1.fna,0.0065935254,0.9934065
GCF_031727075.1.fna,GCF_031728495.1.fna,0.019821286,0.9801787
GCF_022690145.1.fna,GCF_031728495.1.fna,0.02088219,0.9791178
GCF_002901845.1.fna,GCF_031728495.1.fna,0.0066984296,0.9933016
GCF_022689825.1.fna,GCF_031728495.1.fna,0.021223426,0.9787766
GCF_031728675.1.fna,GCF_031728495.1.fna,0.0074132085,0.9925868
GCF_047653525.1.fna,GCF_031728495.1.fna,0.021223426,0.9787766
GCF_022690085.1.fna,GCF_031728495.1.fna,0.022492707,0.9775073
GCF_037700135.1.fna,GCF_031728495.1.fna,0.021223426,0.9787766
GCF_025143205.1.fna,GCF_031728495.1.fna,0.020478904,0.9795211
GCF_031728895.1.fna,GCF_031728495.1.fna,0.008307815,0.9916922
GCF_040947605.1.fna,GCF_031728495.1.fna,0.020478904,0.9795211
GCF_031727355.1.fna,GCF_031728495.1.fna,0.020279706,0.9797203
GCF_015274675.1.fna,GCF_031728495.1.fna,0.021779478,0.9782205
GCF_036420075.1.fna,GCF_031728495.1.fna,0.021779478,0.9782205
GCF_013267575.1.fna,GCF_031728495.1.fna,0.007340491,0.9926595
GCF_031727055.1.fna,GCF_031728495.1.fna,0.010441005,0.989559
GCF_037700375.1.fna,GCF_031728495.1.fna,0.006316602,0.9936834
GCF_022690005.1.fna,GCF_031728495.1.fna,0.007268071,0.9927319
GCF_031631055.1.fna,GCF_031728495.1.fna,0.01180172,0.9881983
GCF_031728495.1.fna,GCF_031728495.1.fna,0.0,1.0
GCF_964211265.1.fna,GCF_031728495.1.fna,0.0071240664,0.99287593
GCF_031727535.1.fna,GCF_031728495.1.fna,0.00628227,0.99371773
GCF_025143445.1.fna,GCF_031728495.1.fna,0.008080244,0.99191976
GCF_022689855.1.fna,GCF_031728495.1.fna,0.0077809095,0.9922191
GCF_022689725.1.fna,GCF_031728495.1.fna,0.0065935254,0.9934065
GCF_031727275.1.fna,GCF_031728495.1.fna,0.0033726692,0.99662733
GCF_031728235.1.fna,GCF_031728495.1.fna,0.023152411,0.9768476
GCF_040947205.1.fna,GCF_031728495.1.fna,0.020679712,0.9793203
GCF_031727235.1.fna,GCF_031728495.1.fna,0.0077438354,0.99225616
GCF_022690165.1.fna,GCF_031728495.1.fna,0.020950079,0.9790499
GCF_031728075.1.fna,GCF_031728495.1.fna,0.02088219,0.9791178
GCF_022689965.1.fna,GCF_031728495.1.fna,0.020213723,0.9797863
GCF_022689575.1.fna,GCF_031728495.1.fna,0.0065935254,0.9934065
GCF_037694985.1.fna,GCF_031728495.1.fna,0.021709323,0.9782907
GCF_022690185.1.fna,GCF_031728495.1.fna,0.007967472,0.9920325
GCF_031728335.1.fna,GCF_031728495.1.fna,0.020747006,0.979253
GCF_031728095.1.fna,GCF_031728495.1.fna,0.007967472,0.9920325
GCF_022690385.1.fna,GCF_031728495.1.fna,0.021499872,0.9785001
GCF_022690425.1.fna,GCF_031728495.1.fna,0.02088219,0.9791178
GCF_022690375.1.fna,GCF_031728495.1.fna,0.0074132085,0.9925868
GCF_022689675.1.fna,GCF_031728495.1.fna,0.019821286,0.9801787
GCF_022690245.1.fna,GCF_031728495.1.fna,0.021086395,0.9789136
GCF_037700295.1.fna,GCF_031728495.1.fna,0.020412326,0.9795877
GCF_015274535.1.fna,GCF_031728495.1.fna,0.020545602,0.9794544
GCF_022689845.1.fna,GCF_031728495.1.fna,0.02115482,0.9788452
GCF_022689745.1.fna,GCF_031728495.1.fna,0.019821286,0.9801787
GCF_022689925.1.fna,GCF_031728495.1.fna,0.023602009,0.976398
GCF_015274655.1.fna,GCF_031728495.1.fna,0.020545602,0.9794544
GCF_022690325.1.fna,GCF_031728495.1.fna,0.007892609,0.9921074
GCF_022689785.1.fna,GCF_031728495.1.fna,0.0068392754,0.9931607
GCF_031728155.1.fna,GCF_031728495.1.fna,0.020612597,0.9793874
GCF_037700455.1.fna,GCF_031728495.1.fna,0.0063854456,0.99361455
GCF_022689905.1.fna,GCF_031728495.1.fna,0.020545602,0.9794544
GCF_022690105.1.fna,GCF_031728495.1.fna,0.020345926,0.9796541
GCF_022689975.1.fna,GCF_031728495.1.fna,0.021223426,0.9787766
GCF_022689705.1.fna,GCF_031728495.1.fna,0.008538067,0.99146193
GCF_031728835.1.fna,GCF_031728495.1.fna,0.020412326,0.9795877
GCF_031728115.1.fna,GCF_031728495.1.fna,0.020478904,0.9795211
GCF_022689775.1.fna,GCF_031728495.1.fna,0.008499503,0.9915005
GCF_031728455.1.fna,GCF_031728495.1.fna,0.0033144355,0.99668556
GCF_025143615.1.fna,GCF_031728495.1.fna,0.00823164,0.99176836
GCF_052950835.1.fna,GCF_031728495.1.fna,0.011847079,0.9881529
GCF_040947125.1.fna,GCF_031728495.1.fna,0.00628227,0.99371773
GCF_017315645.1.fna,GCF_031728495.1.fna,0.020082176,0.9799178
GCF_040947645.1.fna,GCF_031728495.1.fna,0.020478904,0.9795211
GCF_022690345.1.fna,GCF_031728495.1.fna,0.020545602,0.9794544
GCF_022689645.1.fna,GCF_031728495.1.fna,0.00823164,0.99176836
GCF_022690295.1.fna,GCF_031728495.1.fna,0.021292329,0.9787077
GCF_031728715.1.fna,GCF_031728495.1.fna,0.0071959496,0.99280405
GCF_031728295.1.fna,GCF_031728495.1.fna,0.020612597,0.9793874
GCF_040947065.1.fna,GCF_031728495.1.fna,0.011264324,0.9887357
GCF_037695175.1.fna,GCF_031728495.1.fna,0.0067335367,0.99326646
GCF_031728475.1.fna,GCF_031728495.1.fna,0.020545602,0.9794544
GCF_022690045.1.fna,GCF_964211265.1.fna,0.009086072,0.9909139
GCF_017315625.1.fna,GCF_964211265.1.fna,0.019691885,0.9803081
GCF_900458635.1.fna,GCF_964211265.1.fna,0.006350994,0.993649
GCF_022689565.1.fna,GCF_964211265.1.fna,0.021223426,0.9787766
GCF_029926905.1.fna,GCF_964211265.1.fna,0.022637784,0.9773622
GCF_040947025.1.fna,GCF_964211265.1.fna,0.022348404,0.9776516
GCF_022690065.1.fna,GCF_964211265.1.fna,0.022204995,0.977795
GCF_022689765.1.fna,GCF_964211265.1.fna,0.023152411,0.9768476
GCF_022690265.1.fna,GCF_964211265.1.fna,0.022204995,0.977795
GCF_022689615.1.fna,GCF_964211265.1.fna,0.02156949,0.9784305
GCF_031728745.1.fna,GCF_964211265.1.fna,0.020950079,0.9790499
GCF_022690275.1.fna,GCF_964211265.1.fna,0.022565126,0.9774349
GCF_047653515.1.fna,GCF_964211265.1.fna,0.02213347,0.97786653
GCF_031728275.1.fna,GCF_964211265.1.fna,0.009406269,0.99059373
GCF_022690115.1.fna,GCF_964211265.1.fna,0.023753703,0.9762463
GCF_031728735.1.fna,GCF_964211265.1.fna,0.021991313,0.9780087
GCF_036419895.1.fna,GCF_964211265.1.fna,0.008615434,0.99138457
GCF_000269685.1.fna,GCF_964211265.1.fna,0.023677707,0.9763223
GCF_031728515.1.fna,GCF_964211265.1.fna,0.024525821,0.9754742
GCF_037700155.1.fna,GCF_964211265.1.fna,0.021709323,0.9782907
GCF_022690225.1.fna,GCF_964211265.1.fna,0.012214124,0.9877859
GCF_022689945.1.fna,GCF_964211265.1.fna,0.023602009,0.976398
GCF_015274585.1.fna,GCF_964211265.1.fna,0.020612597,0.9793874
GCF_031728415.1.fna,GCF_964211265.1.fna,0.009568274,0.9904317
GCF_031729015.1.fna,GCF_964211265.1.fna,0.009006858,0.99099314
GCF_037700315.1.fna,GCF_964211265.1.fna,0.009325743,0.99067426
GCF_031728795.1.fna,GCF_964211265.1.fna,0.009979129,0.9900209
GCF_031728555.1.fna,GCF_964211265.1.fna,0.02227658,0.9777234
GCF_029926865.1.fna,GCF_964211265.1.fna,0.022637784,0.9773622
GCF_040947225.1.fna,GCF_964211265.1.fna,0.009325743,0.99067426
GCF_031728695.1.fna,GCF_964211265.1.fna,0.008654237,0.99134576
GCF_022689665.1.fna,GCF_964211265.1.fna,0.007818103,0.9921819
GCF_029926915.1.fna,GCF_964211265.1.fna,0.021430492,0.9785695
GCF_031728315.1.fna,GCF_964211265.1.fna,0.021223426,0.9787766
GCF_031727255.1.fna,GCF_964211265.1.fna,0.023451328,0.9765487
GCF_022690205.1.fna,GCF_964211265.1.fna,0.009527624,0.9904724
GCF_031727455.1.fna,GCF_964211265.1.fna,0.025000513,0.9749995
GCF_022690025.1.fna,GCF_964211265.1.fna,0.008117974,0.991882
GCF_031727075.1.fna,GCF_964211265.1.fna,0.021499872,0.9785001
GCF_022690145.1.fna,GCF_964211265.1.fna,0.022348404,0.9776516
GCF_002901845.1.fna,GCF_964211265.1.fna,0.006316602,0.9936834
GCF_022689825.1.fna,GCF_964211265.1.fna,0.023152411,0.9768476
GCF_031728675.1.fna,GCF_964211265.1.fna,0.0077809095,0.9922191
GCF_047653525.1.fna,GCF_964211265.1.fna,0.021361291,0.9786387
GCF_022690085.1.fna,GCF_964211265.1.fna,0.024214208,0.9757858
GCF_037700135.1.fna,GCF_964211265.1.fna,0.023226798,0.9767732
GCF_025143205.1.fna,GCF_964211265.1.fna,0.02213347,0.97786653
GCF_031728895.1.fna,GCF_964211265.1.fna,0.009406269,0.99059373
GCF_040947605.1.fna,GCF_964211265.1.fna,0.021639287,0.9783607
GCF_031727355.1.fna,GCF_964211265.1.fna,0.021223426,0.9787766
GCF_015274675.1.fna,GCF_964211265.1.fna,0.023376226,0.9766238
GCF_036420075.1.fna,GCF_964211265.1.fna,0.023376226,0.9766238
GCF_013267575.1.fna,GCF_964211265.1.fna,0.0077438354,0.99225616
GCF_031727055.1.fna,GCF_964211265.1.fna,0.010145903,0.9898541
GCF_037700375.1.fna,GCF_964211265.1.fna,0.0070524216,0.9929476
GCF_022690005.1.fna,GCF_964211265.1.fna,0.009125829,0.9908742
GCF_031631055.1.fna,GCF_964211265.1.fna,0.011847079,0.9881529
GCF_031728495.1.fna,GCF_964211265.1.fna,0.0071240664,0.99287593
GCF_964211265.1.fna,GCF_964211265.1.fna,0.0,1.0
GCF_031727535.1.fna,GCF_964211265.1.fna,0.007522762,0.99247724
GCF_025143445.1.fna,GCF_964211265.1.fna,0.008732021,0.991268
GCF_022689855.1.fna,GCF_964211265.1.fna,0.008693099,0.9913069
GCF_022689725.1.fna,GCF_964211265.1.fna,0.007818103,0.9921819
GCF_031727275.1.fna,GCF_964211265.1.fna,0.008538067,0.99146193
GCF_031728235.1.fna,GCF_964211265.1.fna,0.024291694,0.9757083
GCF_040947205.1.fna,GCF_964211265.1.fna,0.021991313,0.9780087
GCF_031727235.1.fna,GCF_964211265.1.fna,0.008654237,0.99134576
GCF_022690165.1.fna,GCF_964211265.1.fna,0.022348404,0.9776516
GCF_031728075.1.fna,GCF_964211265.1.fna,0.022565126,0.9774349
GCF_022689965.1.fna,GCF_964211265.1.fna,0.021223426,0.9787766
GCF_022689575.1.fna,GCF_964211265.1.fna,0.007818103,0.9921819
GCF_037694985.1.fna,GCF_964211265.1.fna,0.023376226,0.9766238
GCF_022690185.1.fna,GCF_964211265.1.fna,0.008576691,0.9914233
GCF_031728335.1.fna,GCF_964211265.1.fna,0.02184987,0.9781501
GCF_031728095.1.fna,GCF_964211265.1.fna,0.008345962,0.99165404
GCF_022690385.1.fna,GCF_964211265.1.fna,0.023301423,0.9766986
GCF_022690425.1.fna,GCF_964211265.1.fna,0.022492707,0.9775073
GCF_022690375.1.fna,GCF_964211265.1.fna,0.007818103,0.9921819
GCF_022689675.1.fna,GCF_964211265.1.fna,0.021639287,0.9783607
GCF_022690245.1.fna,GCF_964211265.1.fna,0.02213347,0.97786653
GCF_037700295.1.fna,GCF_964211265.1.fna,0.021430492,0.9785695
GCF_015274535.1.fna,GCF_964211265.1.fna,0.020612597,0.9793874
GCF_022689845.1.fna,GCF_964211265.1.fna,0.022930622,0.9770694
GCF_022689745.1.fna,GCF_964211265.1.fna,0.021499872,0.9785001
GCF_022689925.1.fna,GCF_964211265.1.fna,0.025647223,0.9743528
GCF_015274655.1.fna,GCF_964211265.1.fna,0.020612597,0.9793874
GCF_022690325.1.fna,GCF_964211265.1.fna,0.00920558,0.9907944
GCF_022689785.1.fna,GCF_964211265.1.fna,0.007304251,0.99269575
GCF_031728155.1.fna,GCF_964211265.1.fna,0.022204995,0.977795
GCF_037700455.1.fna,GCF_964211265.1.fna,0.007088244,0.99291176
GCF_022689905.1.fna,GCF_964211265.1.fna,0.021223426,0.9787766
GCF_022690105.1.fna,GCF_964211265.1.fna,0.02115482,0.9788452
GCF_022689975.1.fna,GCF_964211265.1.fna,0.023078203,0.9769218
GCF_022689705.1.fna,GCF_964211265.1.fna,0.009568274,0.9904317
GCF_031728835.1.fna,GCF_964211265.1.fna,0.02184987,0.9781501
GCF_031728115.1.fna,GCF_964211265.1.fna,0.021499872,0.9785001
GCF_022689775.1.fna,GCF_964211265.1.fna,0.009086072,0.9909139
GCF_031728455.1.fna,GCF_964211265.1.fna,0.007929981,0.99207
GCF_025143615.1.fna,GCF_964211265.1.fna,0.009285569,0.99071443
GCF_052950835.1.fna,GCF_964211265.1.fna,0.012260377,0.9877396
GCF_040947125.1.fna,GCF_964211265.1.fna,0.007522762,0.99247724
GCF_017315645.1.fna,GCF_964211265.1.fna,0.021292329,0.9787077
GCF_040947645.1.fna,GCF_964211265.1.fna,0.021639287,0.9783607
GCF_022690345.1.fna,GCF_964211265.1.fna,0.021991313,0.9780087
GCF_022689645.1.fna,GCF_964211265.1.fna,0.009406269,0.99059373
GCF_022690295.1.fna,GCF_964211265.1.fna,0.023451328,0.9765487
GCF_031728715.1.fna,GCF_964211265.1.fna,0.007929981,0.99207
GCF_031728295.1.fna,GCF_964211265.1.fna,0.021499872,0.9785001
GCF_040947065.1.fna,GCF_964211265.1.fna,0.012121677,0.9878783
GCF_037695175.1.fna,GCF_964211265.1.fna,0.007855296,0.9921447
GCF_031728475.1.fna,GCF_964211265.1.fna,0.02227658,0.9777234
GCF_022690045.1.fna,GCF_031727535.1.fna,0.008384287,0.9916157
GCF_017315625.1.fna,GCF_031727535.1.fna,0.020747006,0.979253
GCF_900458635.1.fna,GCF_031727535.1.fna,0.0061455965,0.9938544
GCF_022689565.1.fna,GCF_031727535.1.fna,0.022565126,0.9774349
GCF_029926905.1.fna,GCF_031727535.1.fna,0.023677707,0.9763223
GCF_040947025.1.fna,GCF_031727535.1.fna,0.023301423,0.9766986
GCF_022690065.1.fna,GCF_031727535.1.fna,0.022348404,0.9776516
GCF_022689765.1.fna,GCF_031727535.1.fna,0.023451328,0.9765487
GCF_022690265.1.fna,GCF_031727535.1.fna,0.02213347,0.97786653
GCF_022689615.1.fna,GCF_031727535.1.fna,0.022420406,0.9775796
GCF_031728745.1.fna,GCF_031727535.1.fna,0.021709323,0.9782907
GCF_022690275.1.fna,GCF_031727535.1.fna,0.023602009,0.976398
GCF_047653515.1.fna,GCF_031727535.1.fna,0.022710681,0.9772893
GCF_031728275.1.fna,GCF_031727535.1.fna,0.008576691,0.9914233
GCF_022690115.1.fna,GCF_031727535.1.fna,0.025080502,0.9749195
GCF_031728735.1.fna,GCF_031727535.1.fna,0.023004293,0.9769957
GCF_036419895.1.fna,GCF_031727535.1.fna,0.007929981,0.99207
GCF_000269685.1.fna,GCF_031727535.1.fna,0.0244475,0.9755525
GCF_031728515.1.fna,GCF_031727535.1.fna,0.0244475,0.9755525
GCF_037700155.1.fna,GCF_031727535.1.fna,0.022783816,0.9772162
GCF_022690225.1.fna,GCF_031727535.1.fna,0.012587488,0.9874125
GCF_022689945.1.fna,GCF_031727535.1.fna,0.02352649,0.9764735
GCF_015274585.1.fna,GCF_031727535.1.fna,0.02184987,0.9781501
GCF_031728415.1.fna,GCF_031727535.1.fna,0.008384287,0.9916157
GCF_031729015.1.fna,GCF_031727535.1.fna,0.008576691,0.9914233
GCF_037700315.1.fna,GCF_031727535.1.fna,0.009365916,0.9906341
GCF_031728795.1.fna,GCF_031727535.1.fna,0.010271788,0.9897282
GCF_031728555.1.fna,GCF_031727535.1.fna,0.022420406,0.9775796
GCF_029926865.1.fna,GCF_031727535.1.fna,0.023677707,0.9763223
GCF_040947225.1.fna,GCF_031727535.1.fna,0.009285569,0.99071443
GCF_031728695.1.fna,GCF_031727535.1.fna,0.007522762,0.99247724
GCF_022689665.1.fna,GCF_031727535.1.fna,0.0035485625,0.99645144
GCF_029926915.1.fna,GCF_031727535.1.fna,0.022637784,0.9773622
GCF_031728315.1.fna,GCF_031727535.1.fna,0.021779478,0.9782205
GCF_031727255.1.fna,GCF_031727535.1.fna,0.023376226,0.9766238
GCF_022690205.1.fna,GCF_031727535.1.fna,0.009325743,0.99067426
GCF_031727455.1.fna,GCF_031727535.1.fna,0.024762094,0.9752379
GCF_022690025.1.fna,GCF_031727535.1.fna,0.004148066,0.99585193
GCF_031727075.1.fna,GCF_031727535.1.fna,0.022420406,0.9775796
GCF_022690145.1.fna,GCF_031727535.1.fna,0.022492707,0.9775073
GCF_002901845.1.fna,GCF_031727535.1.fna,0.0060775876,0.9939224
GCF_022689825.1.fna,GCF_031727535.1.fna,0.023451328,0.9765487
GCF_031728675.1.fna,GCF_031727535.1.fna,0.0069811344,0.99301887
GCF_047653525.1.fna,GCF_031727535.1.fna,0.02352649,0.9764735
GCF_022690085.1.fna,GCF_031727535.1.fna,0.024291694,0.9757083
GCF_037700135.1.fna,GCF_031727535.1.fna,0.023602009,0.976398
GCF_025143205.1.fna,GCF_031727535.1.fna,0.021639287,0.9783607
GCF_031728895.1.fna,GCF_031727535.1.fna,0.00920558,0.9907944
GCF_040947605.1.fna,GCF_031727535.1.fna,0.02184987,0.9781501
GCF_031727355.1.fna,GCF_031727535.1.fna,0.022492707,0.9775073
GCF_015274675.1.fna,GCF_031727535.1.fna,0.024136782,0.9758632
GCF_036420075.1.fna,GCF_031727535.1.fna,0.023376226,0.9766238
GCF_013267575.1.fna,GCF_031727535.1.fna,0.0071599483,0.99284005
GCF_031727055.1.fna,GCF_031727535.1.fna,0.008269668,0.99173033
GCF_037700375.1.fna,GCF_031727535.1.fna,0.0061796308,0.99382037
GCF_022690005.1.fna,GCF_031727535.1.fna,0.008422613,0.9915774
GCF_031631055.1.fna,GCF_031727535.1.fna,0.011666119,0.9883339
GCF_031728495.1.fna,GCF_031727535.1.fna,0.00628227,0.99371773
GCF_964211265.1.fna,GCF_031727535.1.fna,0.007522762,0.99247724
GCF_031727535.1.fna,GCF_031727535.1.fna,0.0,1.0
GCF_025143445.1.fna,GCF_031727535.1.fna,0.008422613,0.9915774
GCF_022689855.1.fna,GCF_031727535.1.fna,0.008193672,0.9918063
GCF_022689725.1.fna,GCF_031727535.1.fna,0.0035485625,0.99645144
GCF_031727275.1.fna,GCF_031727535.1.fna,0.0067335367,0.99326646
GCF_031728235.1.fna,GCF_031727535.1.fna,0.024762094,0.9752379
GCF_040947205.1.fna,GCF_031727535.1.fna,0.022710681,0.9772893
GCF_031727235.1.fna,GCF_031727535.1.fna,0.008155823,0.9918442
GCF_022690165.1.fna,GCF_031727535.1.fna,0.022492707,0.9775073
GCF_031728075.1.fna,GCF_031727535.1.fna,0.02285707,0.97714293
GCF_022689965.1.fna,GCF_031727535.1.fna,0.02213347,0.97786653
GCF_022689575.1.fna,GCF_031727535.1.fna,0.0035780668,0.99642193
GCF_037694985.1.fna,GCF_031727535.1.fna,0.023982882,0.9760171
GCF_022690185.1.fna,GCF_031727535.1.fna,0.007967472,0.9920325
GCF_031728335.1.fna,GCF_031727535.1.fna,0.023226798,0.9767732
GCF_031728095.1.fna,GCF_031727535.1.fna,0.009086072,0.9909139
GCF_022690385.1.fna,GCF_031727535.1.fna,0.023602009,0.976398
GCF_022690425.1.fna,GCF_031727535.1.fna,0.022783816,0.9772162
GCF_022690375.1.fna,GCF_031727535.1.fna,0.007016778,0.9929832
GCF_022689675.1.fna,GCF_031727535.1.fna,0.02227658,0.9777234
GCF_022690245.1.fna,GCF_031727535.1.fna,0.022637784,0.9773622
GCF_037700295.1.fna,GCF_031727535.1.fna,0.022637784,0.9773622
GCF_015274535.1.fna,GCF_031727535.1.fna,0.02184987,0.9781501
GCF_022689845.1.fna,GCF_031727535.1.fna,0.023376226,0.9766238
GCF_022689745.1.fna,GCF_031727535.1.fna,0.022420406,0.9775796
GCF_022689925.1.fna,GCF_031727535.1.fna,0.025976717,0.9740233
GCF_015274655.1.fna,GCF_031727535.1.fna,0.02184987,0.9781501
GCF_022690325.1.fna,GCF_031727535.1.fna,0.009245515,0.9907545
GCF_022689785.1.fna,GCF_031727535.1.fna,0.0077438354,0.99225616
GCF_031728155.1.fna,GCF_031727535.1.fna,0.02285707,0.97714293
GCF_037700455.1.fna,GCF_031727535.1.fna,0.0062479973,0.993752
GCF_022689905.1.fna,GCF_031727535.1.fna,0.02184987,0.9781501
GCF_022690105.1.fna,GCF_031727535.1.fna,0.022420406,0.9775796
GCF_022689975.1.fna,GCF_031727535.1.fna,0.023451328,0.9765487
GCF_022689705.1.fna,GCF_031727535.1.fna,0.0074132085,0.9925868
GCF_031728835.1.fna,GCF_031727535.1.fna,0.021920502,0.9780795
GCF_031728115.1.fna,GCF_031727535.1.fna,0.022348404,0.9776516
GCF_022689775.1.fna,GCF_031727535.1.fna,0.008538067,0.99146193
GCF_031728455.1.fna,GCF_031727535.1.fna,0.0061796308,0.99382037
GCF_025143615.1.fna,GCF_031727535.1.fna,0.008732021,0.991268
GCF_052950835.1.fna,GCF_031727535.1.fna,0.012260377,0.9877396
GCF_040947125.1.fna,GCF_031727535.1.fna,0.0052161217,0.9947839
GCF_017315645.1.fna,GCF_031727535.1.fna,0.022204995,0.977795
GCF_040947645.1.fna,GCF_031727535.1.fna,0.02184987,0.9781501
GCF_022690345.1.fna,GCF_031727535.1.fna,0.022710681,0.9772893
GCF_022689645.1.fna,GCF_031727535.1.fna,0.007016778,0.9929832
GCF_022690295.1.fna,GCF_031727535.1.fna,0.023376226,0.9766238
GCF_031728715.1.fna,GCF_031727535.1.fna,0.0074861646,0.99251384
GCF_031728295.1.fna,GCF_031727535.1.fna,0.022565126,0.9774349
GCF_040947065.1.fna,GCF_031727535.1.fna,0.011983991,0.988016
GCF_037695175.1.fna,GCF_031727535.1.fna,0.0043628216,0.9956372
GCF_031728475.1.fna,GCF_031727535.1.fna,0.023451328,0.9765487
GCF_022690045.1.fna,GCF_025143445.1.fna,0.007855296,0.9921447
GCF_017315625.1.fna,GCF_025143445.1.fna,0.019691885,0.9803081
GCF_900458635.1.fna,GCF_025143445.1.fna,0.007268071,0.9927319
GCF_022689565.1.fna,GCF_025143445.1.fna,0.02088219,0.9791178
GCF_029926905.1.fna,GCF_025143445.1.fna,0.023078203,0.9769218
GCF_040947025.1.fna,GCF_025143445.1.fna,0.02184987,0.9781501
GCF_022690065.1.fna,GCF_025143445.1.fna,0.022348404,0.9776516
GCF_022689765.1.fna,GCF_025143445.1.fna,0.021991313,0.9780087
GCF_022690265.1.fna,GCF_025143445.1.fna,0.02213347,0.97786653
GCF_022689615.1.fna,GCF_025143445.1.fna,0.021018088,0.9789819
GCF_031728745.1.fna,GCF_025143445.1.fna,0.019951403,0.9800486
GCF_022690275.1.fna,GCF_025143445.1.fna,0.02352649,0.9764735
GCF_047653515.1.fna,GCF_025143445.1.fna,0.02184987,0.9781501
GCF_031728275.1.fna,GCF_025143445.1.fna,0.007929981,0.99207
GCF_022690115.1.fna,GCF_025143445.1.fna,0.025241077,0.9747589
GCF_031728735.1.fna,GCF_025143445.1.fna,0.021991313,0.9780087
GCF_036419895.1.fna,GCF_025143445.1.fna,0.007632971,0.992367
GCF_000269685.1.fna,GCF_025143445.1.fna,0.022420406,0.9775796
GCF_031728515.1.fna,GCF_025143445.1.fna,0.02516067,0.9748393
GCF_037700155.1.fna,GCF_025143445.1.fna,0.021361291,0.9786387
GCF_022690225.1.fna,GCF_025143445.1.fna,0.011220098,0.9887799
GCF_022689945.1.fna,GCF_025143445.1.fna,0.024059713,0.9759403
GCF_015274585.1.fna,GCF_025143445.1.fna,0.021499872,0.9785001
GCF_031728415.1.fna,GCF_025143445.1.fna,0.010020673,0.9899793
GCF_031729015.1.fna,GCF_025143445.1.fna,0.008042574,0.9919574
GCF_037700315.1.fna,GCF_025143445.1.fna,0.008460999,0.991539
GCF_031728795.1.fna,GCF_025143445.1.fna,0.007929981,0.99207
GCF_031728555.1.fna,GCF_025143445.1.fna,0.022420406,0.9775796
GCF_029926865.1.fna,GCF_025143445.1.fna,0.023078203,0.9769218
GCF_040947225.1.fna,GCF_025143445.1.fna,0.008576691,0.9914233
GCF_031728695.1.fna,GCF_025143445.1.fna,0.007706821,0.9922932
GCF_022689665.1.fna,GCF_025143445.1.fna,0.008654237,0.99134576
GCF_029926915.1.fna,GCF_025143445.1.fna,0.021991313,0.9780087
GCF_031728315.1.fna,GCF_025143445.1.fna,0.020679712,0.9793203
GCF_031727255.1.fna,GCF_025143445.1.fna,0.023982882,0.9760171
GCF_022690205.1.fna,GCF_025143445.1.fna,0.008080244,0.99191976
GCF_031727455.1.fna,GCF_025143445.1.fna,0.024369478,0.9756305
GCF_022690025.1.fna,GCF_025143445.1.fna,0.008849382,0.9911506
GCF_031727075.1.fna,GCF_025143445.1.fna,0.021018088,0.9789819
GCF_022690145.1.fna,GCF_025143445.1.fna,0.022204995,0.977795
GCF_002901845.1.fna,GCF_025143445.1.fna,0.0071959496,0.99280405
GCF_022689825.1.fna,GCF_025143445.1.fna,0.021991313,0.9780087
GCF_031728675.1.fna,GCF_025143445.1.fna,0.0071240664,0.99287593
GCF_047653525.1.fna,GCF_025143445.1.fna,0.021018088,0.9789819
GCF_022690085.1.fna,GCF_025143445.1.fna,0.02352649,0.9764735
GCF_037700135.1.fna,GCF_025143445.1.fna,0.021639287,0.9783607
GCF_025143205.1.fna,GCF_025143445.1.fna,0.021991313,0.9780087
GCF_031728895.1.fna,GCF_025143445.1.fna,0.007016778,0.9929832
GCF_040947605.1.fna,GCF_025143445.1.fna,0.021430492,0.9785695
GCF_031727355.1.fna,GCF_025143445.1.fna,0.02088219,0.9791178
GCF_015274675.1.fna,GCF_025143445.1.fna,0.02285707,0.97714293
GCF_036420075.1.fna,GCF_025143445.1.fna,0.024059713,0.9759403
GCF_013267575.1.fna,GCF_025143445.1.fna,0.0071240664,0.99287593
GCF_031727055.1.fna,GCF_025143445.1.fna,0.011044383,0.9889556
GCF_037700375.1.fna,GCF_025143445.1.fna,0.008155823,0.9918442
GCF_022690005.1.fna,GCF_025143445.1.fna,0.007855296,0.9921447
GCF_031631055.1.fna,GCF_025143445.1.fna,0.011983991,0.988016
GCF_031728495.1.fna,GCF_025143445.1.fna,0.008080244,0.99191976
GCF_964211265.1.fna,GCF_025143445.1.fna,0.008732021,0.991268
GCF_031727535.1.fna,GCF_025143445.1.fna,0.008422613,0.9915774
GCF_025143445.1.fna,GCF_025143445.1.fna,0.0,1.0
GCF_022689855.1.fna,GCF_025143445.1.fna,0.009046435,0.99095356
GCF_022689725.1.fna,GCF_025143445.1.fna,0.008654237,0.99134576
GCF_031727275.1.fna,GCF_025143445.1.fna,0.009406269,0.99059373
GCF_031728235.1.fna,GCF_025143445.1.fna,0.024214208,0.9757858
GCF_040947205.1.fna,GCF_025143445.1.fna,0.021086395,0.9789136
GCF_031727235.1.fna,GCF_025143445.1.fna,0.009006858,0.99099314
GCF_022690165.1.fna,GCF_025143445.1.fna,0.022420406,0.9775796
GCF_031728075.1.fna,GCF_025143445.1.fna,0.022710681,0.9772893
GCF_022689965.1.fna,GCF_025143445.1.fna,0.020545602,0.9794544
GCF_022689575.1.fna,GCF_025143445.1.fna,0.008693099,0.9913069
GCF_037694985.1.fna,GCF_025143445.1.fna,0.02285707,0.97714293
GCF_022690185.1.fna,GCF_025143445.1.fna,0.0077809095,0.9922191
GCF_031728335.1.fna,GCF_025143445.1.fna,0.022783816,0.9772162
GCF_031728095.1.fna,GCF_025143445.1.fna,0.007818103,0.9921819
GCF_022690385.1.fna,GCF_025143445.1.fna,0.021920502,0.9780795
GCF_022690425.1.fna,GCF_025143445.1.fna,0.022637784,0.9773622
GCF_022690375.1.fna,GCF_025143445.1.fna,0.008888602,0.9911114
GCF_022689675.1.fna,GCF_025143445.1.fna,0.021086395,0.9789136
GCF_022690245.1.fna,GCF_025143445.1.fna,0.02213347,0.97786653
GCF_037700295.1.fna,GCF_025143445.1.fna,0.021639287,0.9783607
GCF_015274535.1.fna,GCF_025143445.1.fna,0.021499872,0.9785001
GCF_022689845.1.fna,GCF_025143445.1.fna,0.021223426,0.9787766
GCF_022689745.1.fna,GCF_025143445.1.fna,0.021018088,0.9789819
GCF_022689925.1.fna,GCF_025143445.1.fna,0.024920821,0.9750792
GCF_015274655.1.fna,GCF_025143445.1.fna,0.021499872,0.9785001
GCF_022690325.1.fna,GCF_025143445.1.fna,0.0074132085,0.9925868
GCF_022689785.1.fna,GCF_025143445.1.fna,0.0068392754,0.9931607
GCF_031728155.1.fna,GCF_025143445.1.fna,0.021779478,0.9782205
GCF_037700455.1.fna,GCF_025143445.1.fna,0.00823164,0.99176836
GCF_022689905.1.fna,GCF_025143445.1.fna,0.020679712,0.9793203
GCF_022690105.1.fna,GCF_025143445.1.fna,0.022348404,0.9776516
GCF_022689975.1.fna,GCF_025143445.1.fna,0.021991313,0.9780087
GCF_022689705.1.fna,GCF_025143445.1.fna,0.010062277,0.9899377
GCF_031728835.1.fna,GCF_025143445.1.fna,0.021920502,0.9780795
GCF_031728115.1.fna,GCF_025143445.1.fna,0.020612597,0.9793874
GCF_022689775.1.fna,GCF_025143445.1.fna,0.007929981,0.99207
GCF_031728455.1.fna,GCF_025143445.1.fna,0.008615434,0.99138457
GCF_025143615.1.fna,GCF_025143445.1.fna,0.0075594783,0.9924405
GCF_052950835.1.fna,GCF_025143445.1.fna,0.012306809,0.9876932
GCF_040947125.1.fna,GCF_025143445.1.fna,0.008345962,0.99165404
GCF_017315645.1.fna,GCF_025143445.1.fna,0.020950079,0.9790499
GCF_040947645.1.fna,GCF_025143445.1.fna,0.021430492,0.9785695
GCF_022690345.1.fna,GCF_025143445.1.fna,0.021639287,0.9783607
GCF_022689645.1.fna,GCF_025143445.1.fna,0.009731591,0.9902684
GCF_022690295.1.fna,GCF_025143445.1.fna,0.023982882,0.9760171
GCF_031728715.1.fna,GCF_025143445.1.fna,0.0071599483,0.99284005
GCF_031728295.1.fna,GCF_025143445.1.fna,0.021018088,0.9789819
GCF_040947065.1.fna,GCF_025143445.1.fna,0.011264324,0.9887357
GCF_037695175.1.fna,GCF_025143445.1.fna,0.008810163,0.99118984
GCF_031728475.1.fna,GCF_025143445.1.fna,0.022204995,0.977795
GCF_022690045.1.fna,GCF_022689855.1.fna,0.009245515,0.9907545
GCF_017315625.1.fna,GCF_022689855.1.fna,0.020082176,0.9799178
GCF_900458635.1.fna,GCF_022689855.1.fna,0.007818103,0.9921819
GCF_022689565.1.fna,GCF_022689855.1.fna,0.02115482,0.9788452
GCF_029926905.1.fna,GCF_022689855.1.fna,0.02352649,0.9764735
GCF_040947025.1.fna,GCF_022689855.1.fna,0.021639287,0.9783607
GCF_022690065.1.fna,GCF_022689855.1.fna,0.02156949,0.9784305
GCF_022689765.1.fna,GCF_022689855.1.fna,0.022565126,0.9774349
GCF_022690265.1.fna,GCF_022689855.1.fna,0.021361291,0.9786387
GCF_022689615.1.fna,GCF_022689855.1.fna,0.021779478,0.9782205
GCF_031728745.1.fna,GCF_022689855.1.fna,0.020814478,0.9791855
GCF_022690275.1.fna,GCF_022689855.1.fna,0.022637784,0.9773622
GCF_047653515.1.fna,GCF_022689855.1.fna,0.021709323,0.9782907
GCF_031728275.1.fna,GCF_022689855.1.fna,0.009446621,0.9905534
GCF_022690115.1.fna,GCF_022689855.1.fna,0.024841309,0.9751587
GCF_031728735.1.fna,GCF_022689855.1.fna,0.022348404,0.9776516
GCF_036419895.1.fna,GCF_022689855.1.fna,0.009325743,0.99067426
GCF_000269685.1.fna,GCF_022689855.1.fna,0.022637784,0.9773622
GCF_031728515.1.fna,GCF_022689855.1.fna,0.023078203,0.9769218
GCF_037700155.1.fna,GCF_022689855.1.fna,0.021292329,0.9787077
GCF_022690225.1.fna,GCF_022689855.1.fna,0.0124467015,0.9875533
GCF_022689945.1.fna,GCF_022689855.1.fna,0.022710681,0.9772893
GCF_015274585.1.fna,GCF_022689855.1.fna,0.020950079,0.9790499
GCF_031728415.1.fna,GCF_022689855.1.fna,0.009568274,0.9904317
GCF_031729015.1.fna,GCF_022689855.1.fna,0.009813786,0.9901862
GCF_037700315.1.fna,GCF_022689855.1.fna,0.009608984,0.990391
GCF_031728795.1.fna,GCF_022689855.1.fna,0.010526121,0.9894739
GCF_031728555.1.fna,GCF_022689855.1.fna,0.021639287,0.9783607
GCF_029926865.1.fna,GCF_022689855.1.fna,0.02352649,0.9764735
GCF_040947225.1.fna,GCF_022689855.1.fna,0.009325743,0.99067426
GCF_031728695.1.fna,GCF_022689855.1.fna,0.008927941,0.99107206
GCF_022689665.1.fna,GCF_022689855.1.fna,0.008460999,0.991539
GCF_029926915.1.fna,GCF_022689855.1.fna,0.022420406,0.9775796
GCF_031728315.1.fna,GCF_022689855.1.fna,0.02088219,0.9791178
GCF_031727255.1.fna,GCF_022689855.1.fna,0.022420406,0.9775796
GCF_022690205.1.fna,GCF_022689855.1.fna,0.009446621,0.9905534
GCF_031727455.1.fna,GCF_022689855.1.fna,0.02390629,0.9760937
GCF_022690025.1.fna,GCF_022689855.1.fna,0.008576691,0.9914233
GCF_031727075.1.fna,GCF_022689855.1.fna,0.021639287,0.9783607
GCF_022690145.1.fna,GCF_022689855.1.fna,0.02156949,0.9784305
GCF_002901845.1.fna,GCF_022689855.1.fna,0.007855296,0.9921447
GCF_022689825.1.fna,GCF_022689855.1.fna,0.022565126,0.9774349
GCF_031728675.1.fna,GCF_022689855.1.fna,0.008117974,0.991882
GCF_047653525.1.fna,GCF_022689855.1.fna,0.022565126,0.9774349
GCF_022690085.1.fna,GCF_022689855.1.fna,0.023829877,0.9761701
GCF_037700135.1.fna,GCF_022689855.1.fna,0.022204995,0.977795
GCF_025143205.1.fna,GCF_022689855.1.fna,0.021086395,0.9789136
GCF_031728895.1.fna,GCF_022689855.1.fna,0.009896278,0.9901037
GCF_040947605.1.fna,GCF_022689855.1.fna,0.020082176,0.9799178
GCF_031727355.1.fna,GCF_022689855.1.fna,0.021086395,0.9789136
GCF_015274675.1.fna,GCF_022689855.1.fna,0.023152411,0.9768476
GCF_036420075.1.fna,GCF_022689855.1.fna,0.022637784,0.9773622
GCF_013267575.1.fna,GCF_022689855.1.fna,0.007892609,0.9921074
GCF_031727055.1.fna,GCF_022689855.1.fna,0.010020673,0.9899793
GCF_037700375.1.fna,GCF_022689855.1.fna,0.008384287,0.9916157
GCF_022690005.1.fna,GCF_022689855.1.fna,0.00920558,0.9907944
GCF_031631055.1.fna,GCF_022689855.1.fna,0.012634695,0.9873653
GCF_031728495.1.fna,GCF_022689855.1.fna,0.0077809095,0.9922191
GCF_964211265.1.fna,GCF_022689855.1.fna,0.008693099,0.9913069
GCF_031727535.1.fna,GCF_022689855.1.fna,0.008193672,0.9918063
GCF_025143445.1.fna,GCF_022689855.1.fna,0.009046435,0.99095356
GCF_022689855.1.fna,GCF_022689855.1.fna,0.0,1.0
GCF_022689725.1.fna,GCF_022689855.1.fna,0.008460999,0.991539
GCF_031727275.1.fna,GCF_022689855.1.fna,0.009006858,0.99099314
GCF_031728235.1.fna,GCF_022689855.1.fna,0.023829877,0.9761701
GCF_040947205.1.fna,GCF_022689855.1.fna,0.021499872,0.9785001
GCF_031727235.1.fna,GCF_022689855.1.fna,2.3841858e-05,0.99997616
GCF_022690165.1.fna,GCF_022689855.1.fna,0.021639287,0.9783607
GCF_031728075.1.fna,GCF_022689855.1.fna,0.021920502,0.9780795
GCF_022689965.1.fna,GCF_022689855.1.fna,0.020478904,0.9795211
GCF_022689575.1.fna,GCF_022689855.1.fna,0.008460999,0.991539
GCF_037694985.1.fna,GCF_022689855.1.fna,0.023078203,0.9769218
GCF_022690185.1.fna,GCF_022689855.1.fna,0.009406269,0.99059373
GCF_031728335.1.fna,GCF_022689855.1.fna,0.02184987,0.9781501
GCF_031728095.1.fna,GCF_022689855.1.fna,0.008927941,0.99107206
GCF_022690385.1.fna,GCF_022689855.1.fna,0.02184987,0.9781501
GCF_022690425.1.fna,GCF_022689855.1.fna,0.02184987,0.9781501
GCF_022690375.1.fna,GCF_022689855.1.fna,0.009325743,0.99067426
GCF_022689675.1.fna,GCF_022689855.1.fna,0.02156949,0.9784305
GCF_022690245.1.fna,GCF_022689855.1.fna,0.02227658,0.9777234
GCF_037700295.1.fna,GCF_022689855.1.fna,0.021709323,0.9782907
GCF_015274535.1.fna,GCF_022689855.1.fna,0.020950079,0.9790499
GCF_022689845.1.fna,GCF_022689855.1.fna,0.02184987,0.9781501
GCF_022689745.1.fna,GCF_022689855.1.fna,0.021639287,0.9783607
GCF_022689925.1.fna,GCF_022689855.1.fna,0.024762094,0.9752379
GCF_015274655.1.fna,GCF_022689855.1.fna,0.020950079,0.9790499
GCF_022690325.1.fna,GCF_022689855.1.fna,0.009979129,0.9900209
GCF_022689785.1.fna,GCF_022689855.1.fna,0.007855296,0.9921447
GCF_031728155.1.fna,GCF_022689855.1.fna,0.021639287,0.9783607
GCF_037700455.1.fna,GCF_022689855.1.fna,0.008460999,0.991539
GCF_022689905.1.fna,GCF_022689855.1.fna,0.020950079,0.9790499
GCF_022690105.1.fna,GCF_022689855.1.fna,0.021292329,0.9787077
GCF_022689975.1.fna,GCF_022689855.1.fna,0.022565126,0.9774349
GCF_022689705.1.fna,GCF_022689855.1.fna,0.009406269,0.99059373
GCF_031728835.1.fna,GCF_022689855.1.fna,0.021292329,0.9787077
GCF_031728115.1.fna,GCF_022689855.1.fna,0.021086395,0.9789136
GCF_022689775.1.fna,GCF_022689855.1.fna,0.009365916,0.9906341
GCF_031728455.1.fna,GCF_022689855.1.fna,0.008422613,0.9915774
GCF_025143615.1.fna,GCF_022689855.1.fna,0.009446621,0.9905534
GCF_052950835.1.fna,GCF_022689855.1.fna,0.013112009,0.986888
GCF_040947125.1.fna,GCF_022689855.1.fna,0.0077438354,0.99225616
GCF_017315645.1.fna,GCF_022689855.1.fna,0.021086395,0.9789136
GCF_040947645.1.fna,GCF_022689855.1.fna,0.020082176,0.9799178
GCF_022690345.1.fna,GCF_022689855.1.fna,0.02156949,0.9784305
GCF_022689645.1.fna,GCF_022689855.1.fna,0.008538067,0.99146193
GCF_022690295.1.fna,GCF_022689855.1.fna,0.022420406,0.9775796
GCF_031728715.1.fna,GCF_022689855.1.fna,0.008615434,0.99138457
GCF_031728295.1.fna,GCF_022689855.1.fna,0.021086395,0.9789136
GCF_040947065.1.fna,GCF_022689855.1.fna,0.013112009,0.986888
GCF_037695175.1.fna,GCF_022689855.1.fna,0.008538067,0.99146193
GCF_031728475.1.fna,GCF_022689855.1.fna,0.022420406,0.9775796
GCF_022690045.1.fna,GCF_022689725.1.fna,0.008771062,0.99122894
GCF_017315625.1.fna,GCF_022689725.1.fna,0.019886196,0.9801138
GCF_900458635.1.fna,GCF_022689725.1.fna,0.0063854456,0.99361455
GCF_022689565.1.fna,GCF_022689725.1.fna,0.022062302,0.9779377
GCF_029926905.1.fna,GCF_022689725.1.fna,0.023301423,0.9766986
GCF_040947025.1.fna,GCF_022689725.1.fna,0.022565126,0.9774349
GCF_022690065.1.fna,GCF_022689725.1.fna,0.02213347,0.97786653
GCF_022689765.1.fna,GCF_022689725.1.fna,0.02285707,0.97714293
GCF_022690265.1.fna,GCF_022689725.1.fna,0.021920502,0.9780795
GCF_022689615.1.fna,GCF_022689725.1.fna,0.02227658,0.9777234
GCF_031728745.1.fna,GCF_022689725.1.fna,0.021499872,0.9785001
GCF_022690275.1.fna,GCF_022689725.1.fna,0.022420406,0.9775796
GCF_047653515.1.fna,GCF_022689725.1.fna,0.02213347,0.97786653
GCF_031728275.1.fna,GCF_022689725.1.fna,0.0089674,0.9910326
GCF_022690115.1.fna,GCF_022689725.1.fna,0.024683118,0.9753169
GCF_031728735.1.fna,GCF_022689725.1.fna,0.022420406,0.9775796
GCF_036419895.1.fna,GCF_022689725.1.fna,0.008460999,0.991539
GCF_000269685.1.fna,GCF_022689725.1.fna,0.023301423,0.9766986
GCF_031728515.1.fna,GCF_022689725.1.fna,0.02390629,0.9760937
GCF_037700155.1.fna,GCF_022689725.1.fna,0.022348404,0.9776516
GCF_022690225.1.fna,GCF_022689725.1.fna,0.012587488,0.9874125
GCF_022689945.1.fna,GCF_022689725.1.fna,0.023152411,0.9768476
GCF_015274585.1.fna,GCF_022689725.1.fna,0.021639287,0.9783607
GCF_031728415.1.fna,GCF_022689725.1.fna,0.008538067,0.99146193
GCF_031729015.1.fna,GCF_022689725.1.fna,0.008810163,0.99118984
GCF_037700315.1.fna,GCF_022689725.1.fna,0.008810163,0.99118984
GCF_031728795.1.fna,GCF_022689725.1.fna,0.010145903,0.9898541
GCF_031728555.1.fna,GCF_022689725.1.fna,0.02213347,0.97786653
GCF_029926865.1.fna,GCF_022689725.1.fna,0.023301423,0.9766986
GCF_040947225.1.fna,GCF_022689725.1.fna,0.009165645,0.99083436
GCF_031728695.1.fna,GCF_022689725.1.fna,0.0077809095,0.9922191
GCF_022689665.1.fna,GCF_022689725.1.fna,0.0,1.0
GCF_029926915.1.fna,GCF_022689725.1.fna,0.02213347,0.97786653
GCF_031728315.1.fna,GCF_022689725.1.fna,0.021499872,0.9785001
GCF_031727255.1.fna,GCF_022689725.1.fna,0.02285707,0.97714293
GCF_022690205.1.fna,GCF_022689725.1.fna,0.009125829,0.9908742
GCF_031727455.1.fna,GCF_022689725.1.fna,0.025000513,0.9749995
GCF_022690025.1.fna,GCF_022689725.1.fna,0.0025746226,0.9974254
GCF_031727075.1.fna,GCF_022689725.1.fna,0.022204995,0.977795
GCF_022690145.1.fna,GCF_022689725.1.fna,0.02213347,0.97786653
GCF_002901845.1.fna,GCF_022689725.1.fna,0.006316602,0.9936834
GCF_022689825.1.fna,GCF_022689725.1.fna,0.02285707,0.97714293
GCF_031728675.1.fna,GCF_022689725.1.fna,0.007669866,0.99233013
GCF_047653525.1.fna,GCF_022689725.1.fna,0.022637784,0.9773622
GCF_022690085.1.fna,GCF_022689725.1.fna,0.024291694,0.9757083
GCF_037700135.1.fna,GCF_022689725.1.fna,0.023226798,0.9767732
GCF_025143205.1.fna,GCF_022689725.1.fna,0.021709323,0.9782907
GCF_031728895.1.fna,GCF_022689725.1.fna,0.009446621,0.9905534
GCF_040947605.1.fna,GCF_022689725.1.fna,0.021499872,0.9785001
GCF_031727355.1.fna,GCF_022689725.1.fna,0.022062302,0.9779377
GCF_015274675.1.fna,GCF_022689725.1.fna,0.023226798,0.9767732
GCF_036420075.1.fna,GCF_022689725.1.fna,0.023078203,0.9769218
GCF_013267575.1.fna,GCF_022689725.1.fna,0.007304251,0.99269575
GCF_031727055.1.fna,GCF_022689725.1.fna,0.008499503,0.9915005
GCF_037700375.1.fna,GCF_022689725.1.fna,0.0061455965,0.9938544
GCF_022690005.1.fna,GCF_022689725.1.fna,0.008810163,0.99118984
GCF_031631055.1.fna,GCF_022689725.1.fna,0.011397421,0.9886026
GCF_031728495.1.fna,GCF_022689725.1.fna,0.0065935254,0.9934065
GCF_964211265.1.fna,GCF_022689725.1.fna,0.007818103,0.9921819
GCF_031727535.1.fna,GCF_022689725.1.fna,0.0035485625,0.99645144
GCF_025143445.1.fna,GCF_022689725.1.fna,0.008654237,0.99134576
GCF_022689855.1.fna,GCF_022689725.1.fna,0.008460999,0.991539
GCF_022689725.1.fna,GCF_022689725.1.fna,0.0,1.0
GCF_031727275.1.fna,GCF_022689725.1.fna,0.007088244,0.99291176
GCF_031728235.1.fna,GCF_022689725.1.fna,0.023982882,0.9760171
GCF_040947205.1.fna,GCF_022689725.1.fna,0.022420406,0.9775796
GCF_031727235.1.fna,GCF_022689725.1.fna,0.008422613,0.9915774
GCF_022690165.1.fna,GCF_022689725.1.fna,0.02213347,0.97786653
GCF_031728075.1.fna,GCF_022689725.1.fna,0.022204995,0.977795
GCF_022689965.1.fna,GCF_022689725.1.fna,0.021991313,0.9780087
GCF_022689575.1.fna,GCF_022689725.1.fna,2.3841858e-05,0.99997616
GCF_037694985.1.fna,GCF_022689725.1.fna,0.023152411,0.9768476
GCF_022690185.1.fna,GCF_022689725.1.fna,0.008499503,0.9915005
GCF_031728335.1.fna,GCF_022689725.1.fna,0.02227658,0.9777234
GCF_031728095.1.fna,GCF_022689725.1.fna,0.008927941,0.99107206
GCF_022690385.1.fna,GCF_022689725.1.fna,0.022783816,0.9772162
GCF_022690425.1.fna,GCF_022689725.1.fna,0.022204995,0.977795
GCF_022690375.1.fna,GCF_022689725.1.fna,0.0071959496,0.99280405
GCF_022689675.1.fna,GCF_022689725.1.fna,0.022062302,0.9779377
GCF_022690245.1.fna,GCF_022689725.1.fna,0.022204995,0.977795
GCF_037700295.1.fna,GCF_022689725.1.fna,0.022204995,0.977795
GCF_015274535.1.fna,GCF_022689725.1.fna,0.021639287,0.9783607
GCF_022689845.1.fna,GCF_022689725.1.fna,0.022930622,0.9770694
GCF_022689745.1.fna,GCF_022689725.1.fna,0.022204995,0.977795
GCF_022689925.1.fna,GCF_022689725.1.fna,0.02572918,0.9742708
GCF_015274655.1.fna,GCF_022689725.1.fna,0.021639287,0.9783607
GCF_022690325.1.fna,GCF_022689725.1.fna,0.0089674,0.9910326
GCF_022689785.1.fna,GCF_022689725.1.fna,0.0075594783,0.9924405
GCF_031728155.1.fna,GCF_022689725.1.fna,0.021430492,0.9785695
GCF_037700455.1.fna,GCF_022689725.1.fna,0.0061796308,0.99382037
GCF_022689905.1.fna,GCF_022689725.1.fna,0.021499872,0.9785001
GCF_022690105.1.fna,GCF_022689725.1.fna,0.021430492,0.9785695
GCF_022689975.1.fna,GCF_022689725.1.fna,0.022783816,0.9772162
GCF_022689705.1.fna,GCF_022689725.1.fna,0.007929981,0.99207
GCF_031728835.1.fna,GCF_022689725.1.fna,0.02156949,0.9784305
GCF_031728115.1.fna,GCF_022689725.1.fna,0.02156949,0.9784305
GCF_022689775.1.fna,GCF_022689725.1.fna,0.008849382,0.9911506
GCF_031728455.1.fna,GCF_022689725.1.fna,0.006523907,0.9934761
GCF_025143615.1.fna,GCF_022689725.1.fna,0.008771062,0.99122894
GCF_052950835.1.fna,GCF_022689725.1.fna,0.012075722,0.9879243
GCF_040947125.1.fna,GCF_022689725.1.fna,0.005183816,0.9948162
GCF_017315645.1.fna,GCF_022689725.1.fna,0.022204995,0.977795
GCF_040947645.1.fna,GCF_022689725.1.fna,0.021499872,0.9785001
GCF_022690345.1.fna,GCF_022689725.1.fna,0.021430492,0.9785695
GCF_022689645.1.fna,GCF_022689725.1.fna,0.00737679,0.9926232
GCF_022690295.1.fna,GCF_022689725.1.fna,0.022783816,0.9772162
GCF_031728715.1.fna,GCF_022689725.1.fna,0.007632971,0.992367
GCF_031728295.1.fna,GCF_022689725.1.fna,0.022565126,0.9774349
GCF_040947065.1.fna,GCF_022689725.1.fna,0.011666119,0.9883339
GCF_037695175.1.fna,GCF_022689725.1.fna,0.004270494,0.9957295
GCF_031728475.1.fna,GCF_022689725.1.fna,0.02285707,0.97714293
GCF_022690045.1.fna,GCF_031727275.1.fna,0.0075961947,0.9924038
GCF_017315625.1.fna,GCF_031727275.1.fna,0.0201478,0.9798522
GCF_900458635.1.fna,GCF_031727275.1.fna,0.008193672,0.9918063
GCF_022689565.1.fna,GCF_031727275.1.fna,0.02156949,0.9784305
GCF_029926905.1.fna,GCF_031727275.1.fna,0.022420406,0.9775796
GCF_040947025.1.fna,GCF_031727275.1.fna,0.021361291,0.9786387
GCF_022690065.1.fna,GCF_031727275.1.fna,0.022062302,0.9779377
GCF_022689765.1.fna,GCF_031727275.1.fna,0.02227658,0.9777234
GCF_022690265.1.fna,GCF_031727275.1.fna,0.021991313,0.9780087
GCF_022689615.1.fna,GCF_031727275.1.fna,0.02115482,0.9788452
GCF_031728745.1.fna,GCF_031727275.1.fna,0.021292329,0.9787077
GCF_022690275.1.fna,GCF_031727275.1.fna,0.021991313,0.9780087
GCF_047653515.1.fna,GCF_031727275.1.fna,0.021018088,0.9789819
GCF_031728275.1.fna,GCF_031727275.1.fna,0.008927941,0.99107206
GCF_022690115.1.fna,GCF_031727275.1.fna,0.024841309,0.9751587
GCF_031728735.1.fna,GCF_031727275.1.fna,0.021639287,0.9783607
GCF_036419895.1.fna,GCF_031727275.1.fna,0.008693099,0.9913069
GCF_000269685.1.fna,GCF_031727275.1.fna,0.02227658,0.9777234
GCF_031728515.1.fna,GCF_031727275.1.fna,0.023376226,0.9766238
GCF_037700155.1.fna,GCF_031727275.1.fna,0.02156949,0.9784305
GCF_022690225.1.fna,GCF_031727275.1.fna,0.012587488,0.9874125
GCF_022689945.1.fna,GCF_031727275.1.fna,0.022637784,0.9773622
GCF_015274585.1.fna,GCF_031727275.1.fna,0.021086395,0.9789136
GCF_031728415.1.fna,GCF_031727275.1.fna,0.004270494,0.9957295
GCF_031729015.1.fna,GCF_031727275.1.fna,0.009325743,0.99067426
GCF_037700315.1.fna,GCF_031727275.1.fna,0.009165645,0.99083436
GCF_031728795.1.fna,GCF_031727275.1.fna,0.009937644,0.99006236
GCF_031728555.1.fna,GCF_031727275.1.fna,0.02213347,0.97786653
GCF_029926865.1.fna,GCF_031727275.1.fna,0.022420406,0.9775796
GCF_040947225.1.fna,GCF_031727275.1.fna,0.0065935254,0.9934065
GCF_031728695.1.fna,GCF_031727275.1.fna,0.00823164,0.99176836
GCF_022689665.1.fna,GCF_031727275.1.fna,0.007088244,0.99291176
GCF_029926915.1.fna,GCF_031727275.1.fna,0.021361291,0.9786387
GCF_031728315.1.fna,GCF_031727275.1.fna,0.02156949,0.9784305
GCF_031727255.1.fna,GCF_031727275.1.fna,0.022420406,0.9775796
GCF_022690205.1.fna,GCF_031727275.1.fna,0.009813786,0.9901862
GCF_031727455.1.fna,GCF_031727275.1.fna,0.0244475,0.9755525
GCF_022690025.1.fna,GCF_031727275.1.fna,0.00737679,0.9926232
GCF_031727075.1.fna,GCF_031727275.1.fna,0.021018088,0.9789819
GCF_022690145.1.fna,GCF_031727275.1.fna,0.022062302,0.9779377
GCF_002901845.1.fna,GCF_031727275.1.fna,0.008155823,0.9918442
GCF_022689825.1.fna,GCF_031727275.1.fna,0.02227658,0.9777234
GCF_031728675.1.fna,GCF_031727275.1.fna,0.007632971,0.992367
GCF_047653525.1.fna,GCF_031727275.1.fna,0.021991313,0.9780087
GCF_022690085.1.fna,GCF_031727275.1.fna,0.023829877,0.9761701
GCF_037700135.1.fna,GCF_031727275.1.fna,0.022637784,0.9773622
GCF_025143205.1.fna,GCF_031727275.1.fna,0.021709323,0.9782907
GCF_031728895.1.fna,GCF_031727275.1.fna,0.009731591,0.9902684
GCF_040947605.1.fna,GCF_031727275.1.fna,0.02115482,0.9788452
GCF_031727355.1.fna,GCF_031727275.1.fna,0.021499872,0.9785001
GCF_015274675.1.fna,GCF_031727275.1.fna,0.022062302,0.9779377
GCF_036420075.1.fna,GCF_031727275.1.fna,0.022492707,0.9775073
GCF_013267575.1.fna,GCF_031727275.1.fna,0.008080244,0.99191976
GCF_031727055.1.fna,GCF_031727275.1.fna,0.011000693,0.9889993
GCF_037700375.1.fna,GCF_031727275.1.fna,0.007304251,0.99269575
GCF_022690005.1.fna,GCF_031727275.1.fna,0.0075594783,0.9924405
GCF_031631055.1.fna,GCF_031727275.1.fna,0.012919784,0.9870802
GCF_031728495.1.fna,GCF_031727275.1.fna,0.0033726692,0.99662733
GCF_964211265.1.fna,GCF_031727275.1.fna,0.008538067,0.99146193
GCF_031727535.1.fna,GCF_031727275.1.fna,0.0067335367,0.99326646
GCF_025143445.1.fna,GCF_031727275.1.fna,0.009406269,0.99059373
GCF_022689855.1.fna,GCF_031727275.1.fna,0.009006858,0.99099314
GCF_022689725.1.fna,GCF_031727275.1.fna,0.007088244,0.99291176
GCF_031727275.1.fna,GCF_031727275.1.fna,0.0,1.0
GCF_031728235.1.fna,GCF_031727275.1.fna,0.023451328,0.9765487
GCF_040947205.1.fna,GCF_031727275.1.fna,0.022062302,0.9779377
GCF_031727235.1.fna,GCF_031727275.1.fna,0.0089674,0.9910326
GCF_022690165.1.fna,GCF_031727275.1.fna,0.022204995,0.977795
GCF_031728075.1.fna,GCF_031727275.1.fna,0.021430492,0.9785695
GCF_022689965.1.fna,GCF_031727275.1.fna,0.02115482,0.9788452
GCF_022689575.1.fna,GCF_031727275.1.fna,0.0071240664,0.99287593
GCF_037694985.1.fna,GCF_031727275.1.fna,0.023301423,0.9766986
GCF_022690185.1.fna,GCF_031727275.1.fna,0.008732021,0.991268
GCF_031728335.1.fna,GCF_031727275.1.fna,0.02184987,0.9781501
GCF_031728095.1.fna,GCF_031727275.1.fna,0.008654237,0.99134576
GCF_022690385.1.fna,GCF_031727275.1.fna,0.022930622,0.9770694
GCF_022690425.1.fna,GCF_031727275.1.fna,0.021361291,0.9786387
GCF_022690375.1.fna,GCF_031727275.1.fna,0.008269668,0.99173033
GCF_022689675.1.fna,GCF_031727275.1.fna,0.020950079,0.9790499
GCF_022690245.1.fna,GCF_031727275.1.fna,0.021991313,0.9780087
GCF_037700295.1.fna,GCF_031727275.1.fna,0.021779478,0.9782205
GCF_015274535.1.fna,GCF_031727275.1.fna,0.021086395,0.9789136
GCF_022689845.1.fna,GCF_031727275.1.fna,0.02213347,0.97786653
GCF_022689745.1.fna,GCF_031727275.1.fna,0.021018088,0.9789819
GCF_022689925.1.fna,GCF_031727275.1.fna,0.025080502,0.9749195
GCF_015274655.1.fna,GCF_031727275.1.fna,0.021086395,0.9789136
GCF_022690325.1.fna,GCF_031727275.1.fna,0.008499503,0.9915005
GCF_022689785.1.fna,GCF_031727275.1.fna,0.0069811344,0.99301887
GCF_031728155.1.fna,GCF_031727275.1.fna,0.021361291,0.9786387
GCF_037700455.1.fna,GCF_031727275.1.fna,0.0074132085,0.9925868
GCF_022689905.1.fna,GCF_031727275.1.fna,0.02156949,0.9784305
GCF_022690105.1.fna,GCF_031727275.1.fna,0.021361291,0.9786387
GCF_022689975.1.fna,GCF_031727275.1.fna,0.02227658,0.9777234
GCF_022689705.1.fna,GCF_031727275.1.fna,0.009854972,0.990145
GCF_031728835.1.fna,GCF_031727275.1.fna,0.021499872,0.9785001
GCF_031728115.1.fna,GCF_031727275.1.fna,0.021499872,0.9785001
GCF_022689775.1.fna,GCF_031727275.1.fna,0.008888602,0.9911114
GCF_031728455.1.fna,GCF_031727275.1.fna,0.0021077394,0.99789226
GCF_025143615.1.fna,GCF_031727275.1.fna,0.009006858,0.99099314
GCF_052950835.1.fna,GCF_031727275.1.fna,0.0130156875,0.9869843
GCF_040947125.1.fna,GCF_031727275.1.fna,0.008042574,0.9919574
GCF_017315645.1.fna,GCF_031727275.1.fna,0.021292329,0.9787077
GCF_040947645.1.fna,GCF_031727275.1.fna,0.02115482,0.9788452
GCF_022690345.1.fna,GCF_031727275.1.fna,0.021361291,0.9786387
GCF_022689645.1.fna,GCF_031727275.1.fna,0.009285569,0.99071443
GCF_022690295.1.fna,GCF_031727275.1.fna,0.022348404,0.9776516
GCF_031728715.1.fna,GCF_031727275.1.fna,0.008307815,0.9916922
GCF_031728295.1.fna,GCF_031727275.1.fna,0.021430492,0.9785695
GCF_040947065.1.fna,GCF_031727275.1.fna,0.012729287,0.9872707
GCF_037695175.1.fna,GCF_031727275.1.fna,0.0075961947,0.9924038
GCF_031728475.1.fna,GCF_031727275.1.fna,0.022348404,0.9776516
GCF_022690045.1.fna,GCF_031728235.1.fna,0.023004293,0.9769957
GCF_017315625.1.fna,GCF_031728235.1.fna,0.011847079,0.9881529
GCF_900458635.1.fna,GCF_031728235.1.fna,0.023078203,0.9769218
GCF_022689565.1.fna,GCF_031728235.1.fna,0.010062277,0.9899377
GCF_029926905.1.fna,GCF_031728235.1.fna,0.011441886,0.9885581
GCF_040947025.1.fna,GCF_031728235.1.fna,0.010187805,0.9898122
GCF_022690065.1.fna,GCF_031728235.1.fna,0.009813786,0.9901862
GCF_022689765.1.fna,GCF_031728235.1.fna,0.009608984,0.990391
GCF_022690265.1.fna,GCF_031728235.1.fna,0.009772658,0.99022734
GCF_022689615.1.fna,GCF_031728235.1.fna,0.01010412,0.9898959
GCF_031728745.1.fna,GCF_031728235.1.fna,0.010826886,0.9891731
GCF_022690275.1.fna,GCF_031728235.1.fna,0.009125829,0.9908742
GCF_047653515.1.fna,GCF_031728235.1.fna,0.010398626,0.9896014
GCF_031728275.1.fna,GCF_031728235.1.fna,0.024369478,0.9756305
GCF_022690115.1.fna,GCF_031728235.1.fna,0.015347004,0.984653
GCF_031728735.1.fna,GCF_031728235.1.fna,0.011176109,0.9888239
GCF_036419895.1.fna,GCF_031728235.1.fna,0.0244475,0.9755525
GCF_000269685.1.fna,GCF_031728235.1.fna,0.010826886,0.9891731
GCF_031728515.1.fna,GCF_031728235.1.fna,0.012681901,0.9873181
GCF_037700155.1.fna,GCF_031728235.1.fna,0.010783613,0.9892164
GCF_022690225.1.fna,GCF_031728235.1.fna,0.0244475,0.9755525
GCF_022689945.1.fna,GCF_031728235.1.fna,0.011486471,0.9885135
GCF_015274585.1.fna,GCF_031728235.1.fna,0.010568798,0.9894312
GCF_031728415.1.fna,GCF_031728235.1.fna,0.024214208,0.9757858
GCF_031729015.1.fna,GCF_031728235.1.fna,0.024291694,0.9757083
GCF_037700315.1.fna,GCF_031728235.1.fna,0.024841309,0.9751587
GCF_031728795.1.fna,GCF_031728235.1.fna,0.022420406,0.9775796
GCF_031728555.1.fna,GCF_031728235.1.fna,0.009772658,0.99022734
GCF_029926865.1.fna,GCF_031728235.1.fna,0.011441886,0.9885581
GCF_040947225.1.fna,GCF_031728235.1.fna,0.021639287,0.9783607
GCF_031728695.1.fna,GCF_031728235.1.fna,0.024683118,0.9753169
GCF_022689665.1.fna,GCF_031728235.1.fna,0.023982882,0.9760171
GCF_029926915.1.fna,GCF_031728235.1.fna,0.010611594,0.9893884
GCF_031728315.1.fna,GCF_031728235.1.fna,0.009979129,0.9900209
GCF_031727255.1.fna,GCF_031728235.1.fna,0.01180172,0.9881983
GCF_022690205.1.fna,GCF_031728235.1.fna,0.025241077,0.9747589
GCF_031727455.1.fna,GCF_031728235.1.fna,0.02904892,0.9709511
GCF_022690025.1.fna,GCF_031728235.1.fna,0.024920821,0.9750792
GCF_031727075.1.fna,GCF_031728235.1.fna,0.01010412,0.9898959
GCF_022690145.1.fna,GCF_031728235.1.fna,0.009854972,0.990145
GCF_002901845.1.fna,GCF_031728235.1.fna,0.023004293,0.9769957
GCF_022689825.1.fna,GCF_031728235.1.fna,0.009608984,0.990391
GCF_031728675.1.fna,GCF_031728235.1.fna,0.0244475,0.9755525
GCF_047653525.1.fna,GCF_031728235.1.fna,0.01091361,0.9890864
GCF_022690085.1.fna,GCF_031728235.1.fna,0.029235482,0.9707645
GCF_037700135.1.fna,GCF_031728235.1.fna,0.010870218,0.9891298
GCF_025143205.1.fna,GCF_031728235.1.fna,0.010398626,0.9896014
GCF_031728895.1.fna,GCF_031728235.1.fna,0.024059713,0.9759403
GCF_040947605.1.fna,GCF_031728235.1.fna,0.011397421,0.9886026
GCF_031727355.1.fna,GCF_031728235.1.fna,0.01010412,0.9898959
GCF_015274675.1.fna,GCF_031728235.1.fna,0.009896278,0.9901037
GCF_036420075.1.fna,GCF_031728235.1.fna,0.011486471,0.9885135
GCF_013267575.1.fna,GCF_031728235.1.fna,0.024525821,0.9754742
GCF_031727055.1.fna,GCF_031728235.1.fna,0.02460432,0.9753957
GCF_037700375.1.fna,GCF_031728235.1.fna,0.024214208,0.9757858
GCF_022690005.1.fna,GCF_031728235.1.fna,0.022930622,0.9770694
GCF_031631055.1.fna,GCF_031728235.1.fna,0.022710681,0.9772893
GCF_031728495.1.fna,GCF_031728235.1.fna,0.023152411,0.9768476
GCF_964211265.1.fna,GCF_031728235.1.fna,0.024291694,0.9757083
GCF_031727535.1.fna,GCF_031728235.1.fna,0.024762094,0.9752379
GCF_025143445.1.fna,GCF_031728235.1.fna,0.024214208,0.9757858
GCF_022689855.1.fna,GCF_031728235.1.fna,0.023829877,0.9761701
GCF_022689725.1.fna,GCF_031728235.1.fna,0.023982882,0.9760171
GCF_031727275.1.fna,GCF_031728235.1.fna,0.023451328,0.9765487
GCF_031728235.1.fna,GCF_031728235.1.fna,0.0,1.0
GCF_040947205.1.fna,GCF_031728235.1.fna,0.010020673,0.9899793
GCF_031727235.1.fna,GCF_031728235.1.fna,0.023753703,0.9762463
GCF_022690165.1.fna,GCF_031728235.1.fna,0.009813786,0.9901862
GCF_031728075.1.fna,GCF_031728235.1.fna,0.009690642,0.99030936
GCF_022689965.1.fna,GCF_031728235.1.fna,0.010483503,0.9895165
GCF_022689575.1.fna,GCF_031728235.1.fna,0.023982882,0.9760171
GCF_037694985.1.fna,GCF_031728235.1.fna,0.011620998,0.988379
GCF_022690185.1.fna,GCF_031728235.1.fna,0.0244475,0.9755525
GCF_031728335.1.fna,GCF_031728235.1.fna,0.009896278,0.9901037
GCF_031728095.1.fna,GCF_031728235.1.fna,0.024525821,0.9754742
GCF_022690385.1.fna,GCF_031728235.1.fna,0.010957122,0.9890429
GCF_022690425.1.fna,GCF_031728235.1.fna,0.009608984,0.990391
GCF_022690375.1.fna,GCF_031728235.1.fna,0.023982882,0.9760171
GCF_022689675.1.fna,GCF_031728235.1.fna,0.010271788,0.9897282
GCF_022690245.1.fna,GCF_031728235.1.fna,0.008460999,0.991539
GCF_037700295.1.fna,GCF_031728235.1.fna,0.010697424,0.9893026
GCF_015274535.1.fna,GCF_031728235.1.fna,0.010568798,0.9894312
GCF_022689845.1.fna,GCF_031728235.1.fna,0.010145903,0.9898541
GCF_022689745.1.fna,GCF_031728235.1.fna,0.01010412,0.9898959
GCF_022689925.1.fna,GCF_031728235.1.fna,0.028863609,0.9711364
GCF_015274655.1.fna,GCF_031728235.1.fna,0.010568798,0.9894312
GCF_022690325.1.fna,GCF_031728235.1.fna,0.023753703,0.9762463
GCF_022689785.1.fna,GCF_031728235.1.fna,0.023753703,0.9762463
GCF_031728155.1.fna,GCF_031728235.1.fna,0.009406269,0.99059373
GCF_037700455.1.fna,GCF_031728235.1.fna,0.024214208,0.9757858
GCF_022689905.1.fna,GCF_031728235.1.fna,0.010020673,0.9899793
GCF_022690105.1.fna,GCF_031728235.1.fna,0.009896278,0.9901037
GCF_022689975.1.fna,GCF_031728235.1.fna,0.009649754,0.99035025
GCF_022689705.1.fna,GCF_031728235.1.fna,0.024762094,0.9752379
GCF_031728835.1.fna,GCF_031728235.1.fna,0.009245515,0.9907545
GCF_031728115.1.fna,GCF_031728235.1.fna,0.011176109,0.9888239
GCF_022689775.1.fna,GCF_031728235.1.fna,0.024841309,0.9751587
GCF_031728455.1.fna,GCF_031728235.1.fna,0.022930622,0.9770694
GCF_025143615.1.fna,GCF_031728235.1.fna,0.024683118,0.9753169
GCF_052950835.1.fna,GCF_031728235.1.fna,0.022783816,0.9772162
GCF_040947125.1.fna,GCF_031728235.1.fna,0.024214208,0.9757858
GCF_017315645.1.fna,GCF_031728235.1.fna,0.010398626,0.9896014
GCF_040947645.1.fna,GCF_031728235.1.fna,0.011486471,0.9885135
GCF_022690345.1.fna,GCF_031728235.1.fna,0.009527624,0.9904724
GCF_022689645.1.fna,GCF_031728235.1.fna,0.024762094,0.9752379
GCF_022690295.1.fna,GCF_031728235.1.fna,0.01180172,0.9881983
GCF_031728715.1.fna,GCF_031728235.1.fna,0.023753703,0.9762463
GCF_031728295.1.fna,GCF_031728235.1.fna,0.010568798,0.9894312
GCF_040947065.1.fna,GCF_031728235.1.fna,0.023301423,0.9766986
GCF_037695175.1.fna,GCF_031728235.1.fna,0.024291694,0.9757083
GCF_031728475.1.fna,GCF_031728235.1.fna,0.010483503,0.9895165
GCF_022690045.1.fna,GCF_040947205.1.fna,0.020213723,0.9797863
GCF_017315625.1.fna,GCF_040947205.1.fna,0.009165645,0.99083436
GCF_900458635.1.fna,GCF_040947205.1.fna,0.020679712,0.9793203
GCF_022689565.1.fna,GCF_040947205.1.fna,0.00737679,0.9926232
GCF_029926905.1.fna,GCF_040947205.1.fna,0.009608984,0.990391
GCF_040947025.1.fna,GCF_040947205.1.fna,0.008499503,0.9915005
GCF_022690065.1.fna,GCF_040947205.1.fna,0.007632971,0.992367
GCF_022689765.1.fna,GCF_040947205.1.fna,0.007855296,0.9921447
GCF_022690265.1.fna,GCF_040947205.1.fna,0.007340491,0.9926595
GCF_022689615.1.fna,GCF_040947205.1.fna,0.0075594783,0.9924405
GCF_031728745.1.fna,GCF_040947205.1.fna,0.007967472,0.9920325
GCF_022690275.1.fna,GCF_040947205.1.fna,0.007967472,0.9920325
GCF_047653515.1.fna,GCF_040947205.1.fna,0.008810163,0.99118984
GCF_031728275.1.fna,GCF_040947205.1.fna,0.021292329,0.9787077
GCF_022690115.1.fna,GCF_040947205.1.fna,0.014200926,0.9857991
GCF_031728735.1.fna,GCF_040947205.1.fna,0.009165645,0.99083436
GCF_036419895.1.fna,GCF_040947205.1.fna,0.02115482,0.9788452
GCF_000269685.1.fna,GCF_040947205.1.fna,0.009245515,0.9907545
GCF_031728515.1.fna,GCF_040947205.1.fna,0.010870218,0.9891298
GCF_037700155.1.fna,GCF_040947205.1.fna,0.006663382,0.9933366
GCF_022690225.1.fna,GCF_040947205.1.fna,0.020950079,0.9790499
GCF_022689945.1.fna,GCF_040947205.1.fna,0.010271788,0.9897282
GCF_015274585.1.fna,GCF_040947205.1.fna,0.009649754,0.99035025
GCF_031728415.1.fna,GCF_040947205.1.fna,0.022565126,0.9774349
GCF_031729015.1.fna,GCF_040947205.1.fna,0.021223426,0.9787766
GCF_037700315.1.fna,GCF_040947205.1.fna,0.022637784,0.9773622
GCF_031728795.1.fna,GCF_040947205.1.fna,0.020747006,0.979253
GCF_031728555.1.fna,GCF_040947205.1.fna,0.007669866,0.99233013
GCF_029926865.1.fna,GCF_040947205.1.fna,0.009608984,0.990391
GCF_040947225.1.fna,GCF_040947205.1.fna,0.019821286,0.9801787
GCF_031728695.1.fna,GCF_040947205.1.fna,0.021639287,0.9783607
GCF_022689665.1.fna,GCF_040947205.1.fna,0.022420406,0.9775796
GCF_029926915.1.fna,GCF_040947205.1.fna,0.008888602,0.9911114
GCF_031728315.1.fna,GCF_040947205.1.fna,0.006874621,0.9931254
GCF_031727255.1.fna,GCF_040947205.1.fna,0.010568798,0.9894312
GCF_022690205.1.fna,GCF_040947205.1.fna,0.021920502,0.9780795
GCF_031727455.1.fna,GCF_040947205.1.fna,0.028134704,0.9718653
GCF_022690025.1.fna,GCF_040947205.1.fna,0.022492707,0.9775073
GCF_031727075.1.fna,GCF_040947205.1.fna,0.007632971,0.992367
GCF_022690145.1.fna,GCF_040947205.1.fna,0.007522762,0.99247724
GCF_002901845.1.fna,GCF_040947205.1.fna,0.020679712,0.9793203
GCF_022689825.1.fna,GCF_040947205.1.fna,0.007855296,0.9921447
GCF_031728675.1.fna,GCF_040947205.1.fna,0.020950079,0.9790499
GCF_047653525.1.fna,GCF_040947205.1.fna,0.008004963,0.99199504
GCF_022690085.1.fna,GCF_040947205.1.fna,0.026904702,0.9730953
GCF_037700135.1.fna,GCF_040947205.1.fna,0.00823164,0.99176836
GCF_025143205.1.fna,GCF_040947205.1.fna,0.008345962,0.99165404
GCF_031728895.1.fna,GCF_040947205.1.fna,0.020747006,0.979253
GCF_040947605.1.fna,GCF_040947205.1.fna,0.008460999,0.991539
GCF_031727355.1.fna,GCF_040947205.1.fna,0.0074132085,0.9925868
GCF_015274675.1.fna,GCF_040947205.1.fna,0.008810163,0.99118984
GCF_036420075.1.fna,GCF_040947205.1.fna,0.010229826,0.9897702
GCF_013267575.1.fna,GCF_040947205.1.fna,0.021018088,0.9789819
GCF_031727055.1.fna,GCF_040947205.1.fna,0.02390629,0.9760937
GCF_037700375.1.fna,GCF_040947205.1.fna,0.02156949,0.9784305
GCF_022690005.1.fna,GCF_040947205.1.fna,0.020213723,0.9797863
GCF_031631055.1.fna,GCF_040947205.1.fna,0.019181192,0.9808188
GCF_031728495.1.fna,GCF_040947205.1.fna,0.020679712,0.9793203
GCF_964211265.1.fna,GCF_040947205.1.fna,0.021991313,0.9780087
GCF_031727535.1.fna,GCF_040947205.1.fna,0.022710681,0.9772893
GCF_025143445.1.fna,GCF_040947205.1.fna,0.021086395,0.9789136
GCF_022689855.1.fna,GCF_040947205.1.fna,0.021499872,0.9785001
GCF_022689725.1.fna,GCF_040947205.1.fna,0.022420406,0.9775796
GCF_031727275.1.fna,GCF_040947205.1.fna,0.022062302,0.9779377
GCF_031728235.1.fna,GCF_040947205.1.fna,0.010020673,0.9899793
GCF_040947205.1.fna,GCF_040947205.1.fna,0.0,1.0
GCF_031727235.1.fna,GCF_040947205.1.fna,0.021430492,0.9785695
GCF_022690165.1.fna,GCF_040947205.1.fna,0.007706821,0.9922932
GCF_031728075.1.fna,GCF_040947205.1.fna,0.008384287,0.9916157
GCF_022689965.1.fna,GCF_040947205.1.fna,0.0071240664,0.99287593
GCF_022689575.1.fna,GCF_040947205.1.fna,0.022420406,0.9775796
GCF_037694985.1.fna,GCF_040947205.1.fna,0.008269668,0.99173033
GCF_022690185.1.fna,GCF_040947205.1.fna,0.021223426,0.9787766
GCF_031728335.1.fna,GCF_040947205.1.fna,0.009854972,0.990145
GCF_031728095.1.fna,GCF_040947205.1.fna,0.022204995,0.977795
GCF_022690385.1.fna,GCF_040947205.1.fna,0.008117974,0.991882
GCF_022690425.1.fna,GCF_040947205.1.fna,0.008384287,0.9916157
GCF_022690375.1.fna,GCF_040947205.1.fna,0.021639287,0.9783607
GCF_022689675.1.fna,GCF_040947205.1.fna,0.007706821,0.9922932
GCF_022690245.1.fna,GCF_040947205.1.fna,0.007818103,0.9921819
GCF_037700295.1.fna,GCF_040947205.1.fna,0.0066284537,0.99337155
GCF_015274535.1.fna,GCF_040947205.1.fna,0.009649754,0.99035025
GCF_022689845.1.fna,GCF_040947205.1.fna,0.0075961947,0.9924038
GCF_022689745.1.fna,GCF_040947205.1.fna,0.007632971,0.992367
GCF_022689925.1.fna,GCF_040947205.1.fna,0.028956115,0.9710439
GCF_015274655.1.fna,GCF_040947205.1.fna,0.009649754,0.99035025
GCF_022690325.1.fna,GCF_040947205.1.fna,0.020814478,0.9791855
GCF_022689785.1.fna,GCF_040947205.1.fna,0.020478904,0.9795211
GCF_031728155.1.fna,GCF_040947205.1.fna,0.008615434,0.99138457
GCF_037700455.1.fna,GCF_040947205.1.fna,0.021499872,0.9785001
GCF_022689905.1.fna,GCF_040947205.1.fna,0.006910026,0.99309
GCF_022690105.1.fna,GCF_040947205.1.fna,0.009896278,0.9901037
GCF_022689975.1.fna,GCF_040947205.1.fna,0.007855296,0.9921447
GCF_022689705.1.fna,GCF_040947205.1.fna,0.022710681,0.9772893
GCF_031728835.1.fna,GCF_040947205.1.fna,0.007632971,0.992367
GCF_031728115.1.fna,GCF_040947205.1.fna,0.009979129,0.9900209
GCF_022689775.1.fna,GCF_040947205.1.fna,0.02115482,0.9788452
GCF_031728455.1.fna,GCF_040947205.1.fna,0.021639287,0.9783607
GCF_025143615.1.fna,GCF_040947205.1.fna,0.021292329,0.9787077
GCF_052950835.1.fna,GCF_040947205.1.fna,0.021086395,0.9789136
GCF_040947125.1.fna,GCF_040947205.1.fna,0.022420406,0.9775796
GCF_017315645.1.fna,GCF_040947205.1.fna,0.0064892173,0.9935108
GCF_040947645.1.fna,GCF_040947205.1.fna,0.008460999,0.991539
GCF_022690345.1.fna,GCF_040947205.1.fna,0.008499503,0.9915005
GCF_022689645.1.fna,GCF_040947205.1.fna,0.022565126,0.9774349
GCF_022690295.1.fna,GCF_040947205.1.fna,0.010483503,0.9895165
GCF_031728715.1.fna,GCF_040947205.1.fna,0.019951403,0.9800486
GCF_031728295.1.fna,GCF_040947205.1.fna,0.006213784,0.9937862
GCF_040947065.1.fna,GCF_040947205.1.fna,0.020082176,0.9799178
GCF_037695175.1.fna,GCF_040947205.1.fna,0.022710681,0.9772893
GCF_031728475.1.fna,GCF_040947205.1.fna,0.008849382,0.9911506
GCF_022690045.1.fna,GCF_031727235.1.fna,0.00920558,0.9907944
GCF_017315625.1.fna,GCF_031727235.1.fna,0.02001667,0.9799833
GCF_900458635.1.fna,GCF_031727235.1.fna,0.0077809095,0.9922191
GCF_022689565.1.fna,GCF_031727235.1.fna,0.02115482,0.9788452
GCF_029926905.1.fna,GCF_031727235.1.fna,0.023451328,0.9765487
GCF_040947025.1.fna,GCF_031727235.1.fna,0.02156949,0.9784305
GCF_022690065.1.fna,GCF_031727235.1.fna,0.021499872,0.9785001
GCF_022689765.1.fna,GCF_031727235.1.fna,0.022492707,0.9775073
GCF_022690265.1.fna,GCF_031727235.1.fna,0.021292329,0.9787077
GCF_022689615.1.fna,GCF_031727235.1.fna,0.021709323,0.9782907
GCF_031728745.1.fna,GCF_031727235.1.fna,0.020747006,0.979253
GCF_022690275.1.fna,GCF_031727235.1.fna,0.022565126,0.9774349
GCF_047653515.1.fna,GCF_031727235.1.fna,0.021639287,0.9783607
GCF_031728275.1.fna,GCF_031727235.1.fna,0.009406269,0.99059373
GCF_022690115.1.fna,GCF_031727235.1.fna,0.024762094,0.9752379
GCF_031728735.1.fna,GCF_031727235.1.fna,0.02227658,0.9777234
GCF_036419895.1.fna,GCF_031727235.1.fna,0.009285569,0.99071443
GCF_000269685.1.fna,GCF_031727235.1.fna,0.022565126,0.9774349
GCF_031728515.1.fna,GCF_031727235.1.fna,0.023152411,0.9768476
GCF_037700155.1.fna,GCF_031727235.1.fna,0.021223426,0.9787766
GCF_022690225.1.fna,GCF_031727235.1.fna,0.0123999715,0.9876
GCF_022689945.1.fna,GCF_031727235.1.fna,0.022710681,0.9772893
GCF_015274585.1.fna,GCF_031727235.1.fna,0.02088219,0.9791178
GCF_031728415.1.fna,GCF_031727235.1.fna,0.009527624,0.9904724
GCF_031729015.1.fna,GCF_031727235.1.fna,0.009772658,0.99022734
GCF_037700315.1.fna,GCF_031727235.1.fna,0.009568274,0.9904317
GCF_031728795.1.fna,GCF_031727235.1.fna,0.010483503,0.9895165
GCF_031728555.1.fna,GCF_031727235.1.fna,0.02156949,0.9784305
GCF_029926865.1.fna,GCF_031727235.1.fna,0.023451328,0.9765487
GCF_040947225.1.fna,GCF_031727235.1.fna,0.009285569,0.99071443
GCF_031728695.1.fna,GCF_031727235.1.fna,0.008888602,0.9911114
GCF_022689665.1.fna,GCF_031727235.1.fna,0.008422613,0.9915774
GCF_029926915.1.fna,GCF_031727235.1.fna,0.022348404,0.9776516
GCF_031728315.1.fna,GCF_031727235.1.fna,0.020814478,0.9791855
GCF_031727255.1.fna,GCF_031727235.1.fna,0.022492707,0.9775073
GCF_022690205.1.fna,GCF_031727235.1.fna,0.009406269,0.99059373
GCF_031727455.1.fna,GCF_031727235.1.fna,0.023829877,0.9761701
GCF_022690025.1.fna,GCF_031727235.1.fna,0.008615434,0.99138457
GCF_031727075.1.fna,GCF_031727235.1.fna,0.02156949,0.9784305
GCF_022690145.1.fna,GCF_031727235.1.fna,0.021499872,0.9785001
GCF_002901845.1.fna,GCF_031727235.1.fna,0.007818103,0.9921819
GCF_022689825.1.fna,GCF_031727235.1.fna,0.022492707,0.9775073
GCF_031728675.1.fna,GCF_031727235.1.fna,0.008080244,0.99191976
GCF_047653525.1.fna,GCF_031727235.1.fna,0.022492707,0.9775073
GCF_022690085.1.fna,GCF_031727235.1.fna,0.023753703,0.9762463
GCF_037700135.1.fna,GCF_031727235.1.fna,0.02213347,0.97786653
GCF_025143205.1.fna,GCF_031727235.1.fna,0.021018088,0.9789819
GCF_031728895.1.fna,GCF_031727235.1.fna,0.009854972,0.990145
GCF_040947605.1.fna,GCF_031727235.1.fna,0.02001667,0.9799833
GCF_031727355.1.fna,GCF_031727235.1.fna,0.021086395,0.9789136
GCF_015274675.1.fna,GCF_031727235.1.fna,0.023078203,0.9769218
GCF_036420075.1.fna,GCF_031727235.1.fna,0.022637784,0.9773622
GCF_013267575.1.fna,GCF_031727235.1.fna,0.007855296,0.9921447
GCF_031727055.1.fna,GCF_031727235.1.fna,0.009979129,0.9900209
GCF_037700375.1.fna,GCF_031727235.1.fna,0.008345962,0.99165404
GCF_022690005.1.fna,GCF_031727235.1.fna,0.009165645,0.99083436
GCF_031631055.1.fna,GCF_031727235.1.fna,0.012587488,0.9874125
GCF_031728495.1.fna,GCF_031727235.1.fna,0.0077438354,0.99225616
GCF_964211265.1.fna,GCF_031727235.1.fna,0.008654237,0.99134576
GCF_031727535.1.fna,GCF_031727235.1.fna,0.008155823,0.9918442
GCF_025143445.1.fna,GCF_031727235.1.fna,0.009006858,0.99099314
GCF_022689855.1.fna,GCF_031727235.1.fna,2.3841858e-05,0.99997616
GCF_022689725.1.fna,GCF_031727235.1.fna,0.008422613,0.9915774
GCF_031727275.1.fna,GCF_031727235.1.fna,0.0089674,0.9910326
GCF_031728235.1.fna,GCF_031727235.1.fna,0.023753703,0.9762463
GCF_040947205.1.fna,GCF_031727235.1.fna,0.021430492,0.9785695
GCF_031727235.1.fna,GCF_031727235.1.fna,0.0,1.0
GCF_022690165.1.fna,GCF_031727235.1.fna,0.02156949,0.9784305
GCF_031728075.1.fna,GCF_031727235.1.fna,0.02184987,0.9781501
GCF_022689965.1.fna,GCF_031727235.1.fna,0.020412326,0.9795877
GCF_022689575.1.fna,GCF_031727235.1.fna,0.008422613,0.9915774
GCF_037694985.1.fna,GCF_031727235.1.fna,0.023004293,0.9769957
GCF_022690185.1.fna,GCF_031727235.1.fna,0.009365916,0.9906341
GCF_031728335.1.fna,GCF_031727235.1.fna,0.021779478,0.9782205
GCF_031728095.1.fna,GCF_031727235.1.fna,0.008888602,0.9911114
GCF_022690385.1.fna,GCF_031727235.1.fna,0.021779478,0.9782205
GCF_022690425.1.fna,GCF_031727235.1.fna,0.021779478,0.9782205
GCF_022690375.1.fna,GCF_031727235.1.fna,0.009285569,0.99071443
GCF_022689675.1.fna,GCF_031727235.1.fna,0.021499872,0.9785001
GCF_022690245.1.fna,GCF_031727235.1.fna,0.022204995,0.977795
GCF_037700295.1.fna,GCF_031727235.1.fna,0.021639287,0.9783607
GCF_015274535.1.fna,GCF_031727235.1.fna,0.02088219,0.9791178
GCF_022689845.1.fna,GCF_031727235.1.fna,0.021779478,0.9782205
GCF_022689745.1.fna,GCF_031727235.1.fna,0.02156949,0.9784305
GCF_022689925.1.fna,GCF_031727235.1.fna,0.024683118,0.9753169
GCF_015274655.1.fna,GCF_031727235.1.fna,0.02088219,0.9791178
GCF_022690325.1.fna,GCF_031727235.1.fna,0.009937644,0.99006236
GCF_022689785.1.fna,GCF_031727235.1.fna,0.007818103,0.9921819
GCF_031728155.1.fna,GCF_031727235.1.fna,0.02156949,0.9784305
GCF_037700455.1.fna,GCF_031727235.1.fna,0.008422613,0.9915774
GCF_022689905.1.fna,GCF_031727235.1.fna,0.02088219,0.9791178
GCF_022690105.1.fna,GCF_031727235.1.fna,0.021223426,0.9787766
GCF_022689975.1.fna,GCF_031727235.1.fna,0.022492707,0.9775073
GCF_022689705.1.fna,GCF_031727235.1.fna,0.009365916,0.9906341
GCF_031728835.1.fna,GCF_031727235.1.fna,0.021223426,0.9787766
GCF_031728115.1.fna,GCF_031727235.1.fna,0.021018088,0.9789819
GCF_022689775.1.fna,GCF_031727235.1.fna,0.009325743,0.99067426
GCF_031728455.1.fna,GCF_031727235.1.fna,0.008384287,0.9916157
GCF_025143615.1.fna,GCF_031727235.1.fna,0.009406269,0.99059373
GCF_052950835.1.fna,GCF_031727235.1.fna,0.013063788,0.9869362
GCF_040947125.1.fna,GCF_031727235.1.fna,0.007706821,0.9922932
GCF_017315645.1.fna,GCF_031727235.1.fna,0.021018088,0.9789819
GCF_040947645.1.fna,GCF_031727235.1.fna,0.02001667,0.9799833
GCF_022690345.1.fna,GCF_031727235.1.fna,0.021499872,0.9785001
GCF_022689645.1.fna,GCF_031727235.1.fna,0.008499503,0.9915005
GCF_022690295.1.fna,GCF_031727235.1.fna,0.022420406,0.9775796
GCF_031728715.1.fna,GCF_031727235.1.fna,0.008576691,0.9914233
GCF_031728295.1.fna,GCF_031727235.1.fna,0.021018088,0.9789819
GCF_040947065.1.fna,GCF_031727235.1.fna,0.013063788,0.9869362
GCF_037695175.1.fna,GCF_031727235.1.fna,0.008499503,0.9915005
GCF_031728475.1.fna,GCF_031727235.1.fna,0.022348404,0.9776516
GCF_022690045.1.fna,GCF_022690165.1.fna,0.021639287,0.9783607
GCF_017315625.1.fna,GCF_022690165.1.fna,0.009446621,0.9905534
GCF_900458635.1.fna,GCF_022690165.1.fna,0.020747006,0.979253
GCF_022689565.1.fna,GCF_022690165.1.fna,0.00737679,0.9926232
GCF_029926905.1.fna,GCF_022690165.1.fna,0.009365916,0.9906341
GCF_040947025.1.fna,GCF_022690165.1.fna,0.008927941,0.99107206
GCF_022690065.1.fna,GCF_022690165.1.fna,4.7683716e-05,0.9999523
GCF_022689765.1.fna,GCF_022690165.1.fna,0.007892609,0.9921074
GCF_022690265.1.fna,GCF_022690165.1.fna,0.00058192015,0.9994181
GCF_022689615.1.fna,GCF_022690165.1.fna,0.007268071,0.9927319
GCF_031728745.1.fna,GCF_022690165.1.fna,0.008810163,0.99118984
GCF_022690275.1.fna,GCF_022690165.1.fna,0.007929981,0.99207
GCF_047653515.1.fna,GCF_022690165.1.fna,0.008771062,0.99122894
GCF_031728275.1.fna,GCF_022690165.1.fna,0.022637784,0.9773622
GCF_022690115.1.fna,GCF_022690165.1.fna,0.013354719,0.9866453
GCF_031728735.1.fna,GCF_022690165.1.fna,0.008849382,0.9911506
GCF_036419895.1.fna,GCF_022690165.1.fna,0.022348404,0.9776516
GCF_000269685.1.fna,GCF_022690165.1.fna,0.009568274,0.9904317
GCF_031728515.1.fna,GCF_022690165.1.fna,0.009690642,0.99030936
GCF_037700155.1.fna,GCF_022690165.1.fna,0.00737679,0.9926232
GCF_022690225.1.fna,GCF_022690165.1.fna,0.02184987,0.9781501
GCF_022689945.1.fna,GCF_022690165.1.fna,0.008771062,0.99122894
GCF_015274585.1.fna,GCF_022690165.1.fna,0.009006858,0.99099314
GCF_031728415.1.fna,GCF_022690165.1.fna,0.023078203,0.9769218
GCF_031729015.1.fna,GCF_022690165.1.fna,0.022637784,0.9773622
GCF_037700315.1.fna,GCF_022690165.1.fna,0.024136782,0.9758632
GCF_031728795.1.fna,GCF_022690165.1.fna,0.02115482,0.9788452
GCF_031728555.1.fna,GCF_022690165.1.fna,4.7683716e-05,0.9999523
GCF_029926865.1.fna,GCF_022690165.1.fna,0.009365916,0.9906341
GCF_040947225.1.fna,GCF_022690165.1.fna,0.020345926,0.9796541
GCF_031728695.1.fna,GCF_022690165.1.fna,0.022492707,0.9775073
GCF_022689665.1.fna,GCF_022690165.1.fna,0.02213347,0.97786653
GCF_029926915.1.fna,GCF_022690165.1.fna,0.008499503,0.9915005
GCF_031728315.1.fna,GCF_022690165.1.fna,0.007268071,0.9927319
GCF_031727255.1.fna,GCF_022690165.1.fna,0.008538067,0.99146193
GCF_022690205.1.fna,GCF_022690165.1.fna,0.023226798,0.9767732
GCF_031727455.1.fna,GCF_022690165.1.fna,0.027777493,0.9722225
GCF_022690025.1.fna,GCF_022690165.1.fna,0.022348404,0.9776516
GCF_031727075.1.fna,GCF_022690165.1.fna,0.007268071,0.9927319
GCF_022690145.1.fna,GCF_022690165.1.fna,0.00011950731,0.9998805
GCF_002901845.1.fna,GCF_022690165.1.fna,0.020679712,0.9793203
GCF_022689825.1.fna,GCF_022690165.1.fna,0.007892609,0.9921074
GCF_031728675.1.fna,GCF_022690165.1.fna,0.022348404,0.9776516
GCF_047653525.1.fna,GCF_022690165.1.fna,0.009446621,0.9905534
GCF_022690085.1.fna,GCF_022690165.1.fna,0.026733518,0.9732665
GCF_037700135.1.fna,GCF_022690165.1.fna,0.008155823,0.9918442
GCF_025143205.1.fna,GCF_022690165.1.fna,0.0027144551,0.99728554
GCF_031728895.1.fna,GCF_022690165.1.fna,0.021709323,0.9782907
GCF_040947605.1.fna,GCF_022690165.1.fna,0.009046435,0.99095356
GCF_031727355.1.fna,GCF_022690165.1.fna,0.007340491,0.9926595
GCF_015274675.1.fna,GCF_022690165.1.fna,0.008654237,0.99134576
GCF_036420075.1.fna,GCF_022690165.1.fna,0.008732021,0.991268
GCF_013267575.1.fna,GCF_022690165.1.fna,0.022204995,0.977795
GCF_031727055.1.fna,GCF_022690165.1.fna,0.023301423,0.9766986
GCF_037700375.1.fna,GCF_022690165.1.fna,0.021709323,0.9782907
GCF_022690005.1.fna,GCF_022690165.1.fna,0.021639287,0.9783607
GCF_031631055.1.fna,GCF_022690165.1.fna,0.020412326,0.9795877
GCF_031728495.1.fna,GCF_022690165.1.fna,0.020950079,0.9790499
GCF_964211265.1.fna,GCF_022690165.1.fna,0.022348404,0.9776516
GCF_031727535.1.fna,GCF_022690165.1.fna,0.022492707,0.9775073
GCF_025143445.1.fna,GCF_022690165.1.fna,0.022420406,0.9775796
GCF_022689855.1.fna,GCF_022690165.1.fna,0.021639287,0.9783607
GCF_022689725.1.fna,GCF_022690165.1.fna,0.02213347,0.97786653
GCF_031727275.1.fna,GCF_022690165.1.fna,0.022204995,0.977795
GCF_031728235.1.fna,GCF_022690165.1.fna,0.009813786,0.9901862
GCF_040947205.1.fna,GCF_022690165.1.fna,0.007706821,0.9922932
GCF_031727235.1.fna,GCF_022690165.1.fna,0.02156949,0.9784305
GCF_022690165.1.fna,GCF_022690165.1.fna,0.0,1.0
GCF_031728075.1.fna,GCF_022690165.1.fna,0.008042574,0.9919574
GCF_022689965.1.fna,GCF_022690165.1.fna,0.007340491,0.9926595
GCF_022689575.1.fna,GCF_022690165.1.fna,0.02213347,0.97786653
GCF_037694985.1.fna,GCF_022690165.1.fna,0.009325743,0.99067426
GCF_022690185.1.fna,GCF_022690165.1.fna,0.022348404,0.9776516
GCF_031728335.1.fna,GCF_022690165.1.fna,0.009365916,0.9906341
GCF_031728095.1.fna,GCF_022690165.1.fna,0.022420406,0.9775796
GCF_022690385.1.fna,GCF_022690165.1.fna,0.008422613,0.9915774
GCF_022690425.1.fna,GCF_022690165.1.fna,0.008042574,0.9919574
GCF_022690375.1.fna,GCF_022690165.1.fna,0.021499872,0.9785001
GCF_022689675.1.fna,GCF_022690165.1.fna,0.007340491,0.9926595
GCF_022690245.1.fna,GCF_022690165.1.fna,0.007669866,0.99233013
GCF_037700295.1.fna,GCF_022690165.1.fna,0.007304251,0.99269575
GCF_015274535.1.fna,GCF_022690165.1.fna,0.009006858,0.99099314
GCF_022689845.1.fna,GCF_022690165.1.fna,0.007706821,0.9922932
GCF_022689745.1.fna,GCF_022690165.1.fna,0.007268071,0.9927319
GCF_022689925.1.fna,GCF_022690165.1.fna,0.028315127,0.9716849
GCF_015274655.1.fna,GCF_022690165.1.fna,0.009006858,0.99099314
GCF_022690325.1.fna,GCF_022690165.1.fna,0.021639287,0.9783607
GCF_022689785.1.fna,GCF_022690165.1.fna,0.021991313,0.9780087
GCF_031728155.1.fna,GCF_022690165.1.fna,0.008042574,0.9919574
GCF_037700455.1.fna,GCF_022690165.1.fna,0.021709323,0.9782907
GCF_022689905.1.fna,GCF_022690165.1.fna,0.00737679,0.9926232
GCF_022690105.1.fna,GCF_022690165.1.fna,0.009086072,0.9909139
GCF_022689975.1.fna,GCF_022690165.1.fna,0.007929981,0.99207
GCF_022689705.1.fna,GCF_022690165.1.fna,0.022930622,0.9770694
GCF_031728835.1.fna,GCF_022690165.1.fna,0.0018923879,0.9981076
GCF_031728115.1.fna,GCF_022690165.1.fna,0.010229826,0.9897702
GCF_022689775.1.fna,GCF_022690165.1.fna,0.022930622,0.9770694
GCF_031728455.1.fna,GCF_022690165.1.fna,0.021361291,0.9786387
GCF_025143615.1.fna,GCF_022690165.1.fna,0.02285707,0.97714293
GCF_052950835.1.fna,GCF_022690165.1.fna,0.021292329,0.9787077
GCF_040947125.1.fna,GCF_022690165.1.fna,0.02213347,0.97786653
GCF_017315645.1.fna,GCF_022690165.1.fna,0.0074861646,0.99251384
GCF_040947645.1.fna,GCF_022690165.1.fna,0.009086072,0.9909139
GCF_022690345.1.fna,GCF_022690165.1.fna,0.008080244,0.99191976
GCF_022689645.1.fna,GCF_022690165.1.fna,0.022204995,0.977795
GCF_022690295.1.fna,GCF_022690165.1.fna,0.008499503,0.9915005
GCF_031728715.1.fna,GCF_022690165.1.fna,0.02156949,0.9784305
GCF_031728295.1.fna,GCF_022690165.1.fna,0.007268071,0.9927319
GCF_040947065.1.fna,GCF_022690165.1.fna,0.021292329,0.9787077
GCF_037695175.1.fna,GCF_022690165.1.fna,0.022492707,0.9775073
GCF_031728475.1.fna,GCF_022690165.1.fna,0.00823164,0.99176836
GCF_022690045.1.fna,GCF_031728075.1.fna,0.021292329,0.9787077
GCF_017315625.1.fna,GCF_031728075.1.fna,0.011000693,0.9889993
GCF_900458635.1.fna,GCF_031728075.1.fna,0.02156949,0.9784305
GCF_022689565.1.fna,GCF_031728075.1.fna,0.009245515,0.9907545
GCF_029926905.1.fna,GCF_031728075.1.fna,0.008810163,0.99118984
GCF_040947025.1.fna,GCF_031728075.1.fna,0.00920558,0.9907944
GCF_022690065.1.fna,GCF_031728075.1.fna,0.008117974,0.991882
GCF_022689765.1.fna,GCF_031728075.1.fna,0.00920558,0.9907944
GCF_022690265.1.fna,GCF_031728075.1.fna,0.007632971,0.992367
GCF_022689615.1.fna,GCF_031728075.1.fna,0.0077438354,0.99225616
GCF_031728745.1.fna,GCF_031728075.1.fna,0.010187805,0.9898122
GCF_022690275.1.fna,GCF_031728075.1.fna,0.009125829,0.9908742
GCF_047653515.1.fna,GCF_031728075.1.fna,0.009365916,0.9906341
GCF_031728275.1.fna,GCF_031728075.1.fna,0.02227658,0.9777234
GCF_022690115.1.fna,GCF_031728075.1.fna,0.014662623,0.9853374
GCF_031728735.1.fna,GCF_031728075.1.fna,0.009854972,0.990145
GCF_036419895.1.fna,GCF_031728075.1.fna,0.022492707,0.9775073
GCF_000269685.1.fna,GCF_031728075.1.fna,0.009690642,0.99030936
GCF_031728515.1.fna,GCF_031728075.1.fna,0.008615434,0.99138457
GCF_037700155.1.fna,GCF_031728075.1.fna,0.008693099,0.9913069
GCF_022690225.1.fna,GCF_031728075.1.fna,0.02227658,0.9777234
GCF_022689945.1.fna,GCF_031728075.1.fna,0.009406269,0.99059373
GCF_015274585.1.fna,GCF_031728075.1.fna,0.010568798,0.9894312
GCF_031728415.1.fna,GCF_031728075.1.fna,0.022930622,0.9770694
GCF_031729015.1.fna,GCF_031728075.1.fna,0.022930622,0.9770694
GCF_037700315.1.fna,GCF_031728075.1.fna,0.024214208,0.9757858
GCF_031728795.1.fna,GCF_031728075.1.fna,0.021779478,0.9782205
GCF_031728555.1.fna,GCF_031728075.1.fna,0.008080244,0.99191976
GCF_029926865.1.fna,GCF_031728075.1.fna,0.008810163,0.99118984
GCF_040947225.1.fna,GCF_031728075.1.fna,0.020082176,0.9799178
GCF_031728695.1.fna,GCF_031728075.1.fna,0.023301423,0.9766986
GCF_022689665.1.fna,GCF_031728075.1.fna,0.022204995,0.977795
GCF_029926915.1.fna,GCF_031728075.1.fna,0.008080244,0.99191976
GCF_031728315.1.fna,GCF_031728075.1.fna,0.009125829,0.9908742
GCF_031727255.1.fna,GCF_031728075.1.fna,0.009690642,0.99030936
GCF_022690205.1.fna,GCF_031728075.1.fna,0.02285707,0.97714293
GCF_031727455.1.fna,GCF_031728075.1.fna,0.028956115,0.9710439
GCF_022690025.1.fna,GCF_031728075.1.fna,0.022348404,0.9776516
GCF_031727075.1.fna,GCF_031728075.1.fna,0.0077438354,0.99225616
GCF_022690145.1.fna,GCF_031728075.1.fna,0.008155823,0.9918442
GCF_002901845.1.fna,GCF_031728075.1.fna,0.021499872,0.9785001
GCF_022689825.1.fna,GCF_031728075.1.fna,0.00920558,0.9907944
GCF_031728675.1.fna,GCF_031728075.1.fna,0.02285707,0.97714293
GCF_047653525.1.fna,GCF_031728075.1.fna,0.010229826,0.9897702
GCF_022690085.1.fna,GCF_031728075.1.fna,0.02804488,0.9719551
GCF_037700135.1.fna,GCF_031728075.1.fna,0.009896278,0.9901037
GCF_025143205.1.fna,GCF_031728075.1.fna,0.008810163,0.99118984
GCF_031728895.1.fna,GCF_031728075.1.fna,0.022420406,0.9775796
GCF_040947605.1.fna,GCF_031728075.1.fna,0.009608984,0.990391
GCF_031727355.1.fna,GCF_031728075.1.fna,0.009285569,0.99071443
GCF_015274675.1.fna,GCF_031728075.1.fna,0.009446621,0.9905534
GCF_036420075.1.fna,GCF_031728075.1.fna,0.009365916,0.9906341
GCF_013267575.1.fna,GCF_031728075.1.fna,0.02285707,0.97714293
GCF_031727055.1.fna,GCF_031728075.1.fna,0.023677707,0.9763223
GCF_037700375.1.fna,GCF_031728075.1.fna,0.022783816,0.9772162
GCF_022690005.1.fna,GCF_031728075.1.fna,0.021223426,0.9787766
GCF_031631055.1.fna,GCF_031728075.1.fna,0.02115482,0.9788452
GCF_031728495.1.fna,GCF_031728075.1.fna,0.02088219,0.9791178
GCF_964211265.1.fna,GCF_031728075.1.fna,0.022565126,0.9774349
GCF_031727535.1.fna,GCF_031728075.1.fna,0.02285707,0.97714293
GCF_025143445.1.fna,GCF_031728075.1.fna,0.022710681,0.9772893
GCF_022689855.1.fna,GCF_031728075.1.fna,0.021920502,0.9780795
GCF_022689725.1.fna,GCF_031728075.1.fna,0.022204995,0.977795
GCF_031727275.1.fna,GCF_031728075.1.fna,0.021430492,0.9785695
GCF_031728235.1.fna,GCF_031728075.1.fna,0.009690642,0.99030936
GCF_040947205.1.fna,GCF_031728075.1.fna,0.008384287,0.9916157
GCF_031727235.1.fna,GCF_031728075.1.fna,0.02184987,0.9781501
GCF_022690165.1.fna,GCF_031728075.1.fna,0.008042574,0.9919574
GCF_031728075.1.fna,GCF_031728075.1.fna,0.0,1.0
GCF_022689965.1.fna,GCF_031728075.1.fna,0.00920558,0.9907944
GCF_022689575.1.fna,GCF_031728075.1.fna,0.022204995,0.977795
GCF_037694985.1.fna,GCF_031728075.1.fna,0.010870218,0.9891298
GCF_022690185.1.fna,GCF_031728075.1.fna,0.022492707,0.9775073
GCF_031728335.1.fna,GCF_031728075.1.fna,0.01091361,0.9890864
GCF_031728095.1.fna,GCF_031728075.1.fna,0.023376226,0.9766238
GCF_022690385.1.fna,GCF_031728075.1.fna,0.0077809095,0.9922191
GCF_022690425.1.fna,GCF_031728075.1.fna,4.7683716e-05,0.9999523
GCF_022690375.1.fna,GCF_031728075.1.fna,0.021991313,0.9780087
GCF_022689675.1.fna,GCF_031728075.1.fna,0.007892609,0.9921074
GCF_022690245.1.fna,GCF_031728075.1.fna,0.009406269,0.99059373
GCF_037700295.1.fna,GCF_031728075.1.fna,0.008810163,0.99118984
GCF_015274535.1.fna,GCF_031728075.1.fna,0.010568798,0.9894312
GCF_022689845.1.fna,GCF_031728075.1.fna,0.009690642,0.99030936
GCF_022689745.1.fna,GCF_031728075.1.fna,0.0077438354,0.99225616
GCF_022689925.1.fna,GCF_031728075.1.fna,0.029517889,0.9704821
GCF_015274655.1.fna,GCF_031728075.1.fna,0.010568798,0.9894312
GCF_022690325.1.fna,GCF_031728075.1.fna,0.021361291,0.9786387
GCF_022689785.1.fna,GCF_031728075.1.fna,0.021430492,0.9785695
GCF_031728155.1.fna,GCF_031728075.1.fna,0.008732021,0.991268
GCF_037700455.1.fna,GCF_031728075.1.fna,0.022710681,0.9772893
GCF_022689905.1.fna,GCF_031728075.1.fna,0.00920558,0.9907944
GCF_022690105.1.fna,GCF_031728075.1.fna,0.010654509,0.9893455
GCF_022689975.1.fna,GCF_031728075.1.fna,0.009245515,0.9907545
GCF_022689705.1.fna,GCF_031728075.1.fna,0.022062302,0.9779377
GCF_031728835.1.fna,GCF_031728075.1.fna,0.007669866,0.99233013
GCF_031728115.1.fna,GCF_031728075.1.fna,0.010654509,0.9893455
GCF_022689775.1.fna,GCF_031728075.1.fna,0.022348404,0.9776516
GCF_031728455.1.fna,GCF_031728075.1.fna,0.020545602,0.9794544
GCF_025143615.1.fna,GCF_031728075.1.fna,0.021920502,0.9780795
GCF_052950835.1.fna,GCF_031728075.1.fna,0.022204995,0.977795
GCF_040947125.1.fna,GCF_031728075.1.fna,0.02285707,0.97714293
GCF_017315645.1.fna,GCF_031728075.1.fna,0.009165645,0.99083436
GCF_040947645.1.fna,GCF_031728075.1.fna,0.009649754,0.99035025
GCF_022690345.1.fna,GCF_031728075.1.fna,0.008771062,0.99122894
GCF_022689645.1.fna,GCF_031728075.1.fna,0.022710681,0.9772893
GCF_022690295.1.fna,GCF_031728075.1.fna,0.009690642,0.99030936
GCF_031728715.1.fna,GCF_031728075.1.fna,0.021499872,0.9785001
GCF_031728295.1.fna,GCF_031728075.1.fna,0.008849382,0.9911506
GCF_040947065.1.fna,GCF_031728075.1.fna,0.02227658,0.9777234
GCF_037695175.1.fna,GCF_031728075.1.fna,0.023376226,0.9766238
GCF_031728475.1.fna,GCF_031728075.1.fna,0.010145903,0.9898541
GCF_022690045.1.fna,GCF_022689965.1.fna,0.019691885,0.9803081
GCF_017315625.1.fna,GCF_022689965.1.fna,0.010062277,0.9899377
GCF_900458635.1.fna,GCF_022689965.1.fna,0.020679712,0.9793203
GCF_022689565.1.fna,GCF_022689965.1.fna,0.0033435225,0.9966565
GCF_029926905.1.fna,GCF_022689965.1.fna,0.010187805,0.9898122
GCF_040947025.1.fna,GCF_022689965.1.fna,0.009125829,0.9908742
GCF_022690065.1.fna,GCF_022689965.1.fna,0.00737679,0.9926232
GCF_022689765.1.fna,GCF_022689965.1.fna,0.008499503,0.9915005
GCF_022690265.1.fna,GCF_022689965.1.fna,0.0072319508,0.99276805
GCF_022689615.1.fna,GCF_022689965.1.fna,0.008307815,0.9916922
GCF_031728745.1.fna,GCF_022689965.1.fna,0.009046435,0.99095356
GCF_022690275.1.fna,GCF_022689965.1.fna,0.008888602,0.9911114
GCF_047653515.1.fna,GCF_022689965.1.fna,0.0094870925,0.9905129
GCF_031728275.1.fna,GCF_022689965.1.fna,0.020950079,0.9790499
GCF_022690115.1.fna,GCF_022689965.1.fna,0.01360023,0.98639977
GCF_031728735.1.fna,GCF_022689965.1.fna,0.010062277,0.9899377
GCF_036419895.1.fna,GCF_022689965.1.fna,0.020747006,0.979253
GCF_000269685.1.fna,GCF_022689965.1.fna,0.009896278,0.9901037
GCF_031728515.1.fna,GCF_022689965.1.fna,0.010697424,0.9893026
GCF_037700155.1.fna,GCF_022689965.1.fna,0.0077809095,0.9922191
GCF_022690225.1.fna,GCF_022689965.1.fna,0.021292329,0.9787077
GCF_022689945.1.fna,GCF_022689965.1.fna,0.009446621,0.9905534
GCF_015274585.1.fna,GCF_022689965.1.fna,0.009285569,0.99071443
GCF_031728415.1.fna,GCF_022689965.1.fna,0.021991313,0.9780087
GCF_031729015.1.fna,GCF_022689965.1.fna,0.021018088,0.9789819
GCF_037700315.1.fna,GCF_022689965.1.fna,0.021779478,0.9782205
GCF_031728795.1.fna,GCF_022689965.1.fna,0.019691885,0.9803081
GCF_031728555.1.fna,GCF_022689965.1.fna,0.007340491,0.9926595
GCF_029926865.1.fna,GCF_022689965.1.fna,0.010187805,0.9898122
GCF_040947225.1.fna,GCF_022689965.1.fna,0.019307911,0.9806921
GCF_031728695.1.fna,GCF_022689965.1.fna,0.021018088,0.9789819
GCF_022689665.1.fna,GCF_022689965.1.fna,0.021991313,0.9780087
GCF_029926915.1.fna,GCF_022689965.1.fna,0.009406269,0.99059373
GCF_031728315.1.fna,GCF_022689965.1.fna,0.0075961947,0.9924038
GCF_031727255.1.fna,GCF_022689965.1.fna,0.009813786,0.9901862
GCF_022690205.1.fna,GCF_022689965.1.fna,0.021920502,0.9780795
GCF_031727455.1.fna,GCF_022689965.1.fna,0.027424872,0.9725751
GCF_022690025.1.fna,GCF_022689965.1.fna,0.02227658,0.9777234
GCF_031727075.1.fna,GCF_022689965.1.fna,0.008384287,0.9916157
GCF_022690145.1.fna,GCF_022689965.1.fna,0.0074496865,0.9925503
GCF_002901845.1.fna,GCF_022689965.1.fna,0.020612597,0.9793874
GCF_022689825.1.fna,GCF_022689965.1.fna,0.008499503,0.9915005
GCF_031728675.1.fna,GCF_022689965.1.fna,0.020747006,0.979253
GCF_047653525.1.fna,GCF_022689965.1.fna,0.009406269,0.99059373
GCF_022690085.1.fna,GCF_022689965.1.fna,0.02707702,0.972923
GCF_037700135.1.fna,GCF_022689965.1.fna,0.009608984,0.990391
GCF_025143205.1.fna,GCF_022689965.1.fna,0.008155823,0.9918442
GCF_031728895.1.fna,GCF_022689965.1.fna,0.019756496,0.9802435
GCF_040947605.1.fna,GCF_022689965.1.fna,0.009772658,0.99022734
GCF_031727355.1.fna,GCF_022689965.1.fna,0.0034018755,0.9965981
GCF_015274675.1.fna,GCF_022689965.1.fna,0.009006858,0.99099314
GCF_036420075.1.fna,GCF_022689965.1.fna,0.009325743,0.99067426
GCF_013267575.1.fna,GCF_022689965.1.fna,0.020747006,0.979253
GCF_031727055.1.fna,GCF_022689965.1.fna,0.022930622,0.9770694
GCF_037700375.1.fna,GCF_022689965.1.fna,0.021430492,0.9785695
GCF_022690005.1.fna,GCF_022689965.1.fna,0.019691885,0.9803081
GCF_031631055.1.fna,GCF_022689965.1.fna,0.020279706,0.9797203
GCF_031728495.1.fna,GCF_022689965.1.fna,0.020213723,0.9797863
GCF_964211265.1.fna,GCF_022689965.1.fna,0.021223426,0.9787766
GCF_031727535.1.fna,GCF_022689965.1.fna,0.02213347,0.97786653
GCF_025143445.1.fna,GCF_022689965.1.fna,0.020545602,0.9794544
GCF_022689855.1.fna,GCF_022689965.1.fna,0.020478904,0.9795211
GCF_022689725.1.fna,GCF_022689965.1.fna,0.021991313,0.9780087
GCF_031727275.1.fna,GCF_022689965.1.fna,0.02115482,0.9788452
GCF_031728235.1.fna,GCF_022689965.1.fna,0.010483503,0.9895165
GCF_040947205.1.fna,GCF_022689965.1.fna,0.0071240664,0.99287593
GCF_031727235.1.fna,GCF_022689965.1.fna,0.020412326,0.9795877
GCF_022690165.1.fna,GCF_022689965.1.fna,0.007340491,0.9926595
GCF_031728075.1.fna,GCF_022689965.1.fna,0.00920558,0.9907944
GCF_022689965.1.fna,GCF_022689965.1.fna,0.0,1.0
GCF_022689575.1.fna,GCF_022689965.1.fna,0.021991313,0.9780087
GCF_037694985.1.fna,GCF_022689965.1.fna,0.0094870925,0.9905129
GCF_022690185.1.fna,GCF_022689965.1.fna,0.020814478,0.9791855
GCF_031728335.1.fna,GCF_022689965.1.fna,0.01091361,0.9890864
GCF_031728095.1.fna,GCF_022689965.1.fna,0.020612597,0.9793874
GCF_022690385.1.fna,GCF_022689965.1.fna,0.00920558,0.9907944
GCF_022690425.1.fna,GCF_022689965.1.fna,0.00920558,0.9907944
GCF_022690375.1.fna,GCF_022689965.1.fna,0.020950079,0.9790499
GCF_022689675.1.fna,GCF_022689965.1.fna,0.008460999,0.991539
GCF_022690245.1.fna,GCF_022689965.1.fna,0.008771062,0.99122894
GCF_037700295.1.fna,GCF_022689965.1.fna,0.007669866,0.99233013
GCF_015274535.1.fna,GCF_022689965.1.fna,0.009285569,0.99071443
GCF_022689845.1.fna,GCF_022689965.1.fna,0.009086072,0.9909139
GCF_022689745.1.fna,GCF_022689965.1.fna,0.008384287,0.9916157
GCF_022689925.1.fna,GCF_022689965.1.fna,0.028224707,0.9717753
GCF_015274655.1.fna,GCF_022689965.1.fna,0.009285569,0.99071443
GCF_022690325.1.fna,GCF_022689965.1.fna,0.019756496,0.9802435
GCF_022689785.1.fna,GCF_022689965.1.fna,0.019951403,0.9800486
GCF_031728155.1.fna,GCF_022689965.1.fna,0.008810163,0.99118984
GCF_037700455.1.fna,GCF_022689965.1.fna,0.021430492,0.9785695
GCF_022689905.1.fna,GCF_022689965.1.fna,0.007669866,0.99233013
GCF_022690105.1.fna,GCF_022689965.1.fna,0.010783613,0.9892164
GCF_022689975.1.fna,GCF_022689965.1.fna,0.008538067,0.99146193
GCF_022689705.1.fna,GCF_022689965.1.fna,0.022420406,0.9775796
GCF_031728835.1.fna,GCF_022689965.1.fna,0.007088244,0.99291176
GCF_031728115.1.fna,GCF_022689965.1.fna,0.010740519,0.9892595
GCF_022689775.1.fna,GCF_022689965.1.fna,0.021292329,0.9787077
GCF_031728455.1.fna,GCF_022689965.1.fna,0.020545602,0.9794544
GCF_025143615.1.fna,GCF_022689965.1.fna,0.02115482,0.9788452
GCF_052950835.1.fna,GCF_022689965.1.fna,0.021430492,0.9785695
GCF_040947125.1.fna,GCF_022689965.1.fna,0.021920502,0.9780795
GCF_017315645.1.fna,GCF_022689965.1.fna,0.0077438354,0.99225616
GCF_040947645.1.fna,GCF_022689965.1.fna,0.009813786,0.9901862
GCF_022690345.1.fna,GCF_022689965.1.fna,0.008849382,0.9911506
GCF_022689645.1.fna,GCF_022689965.1.fna,0.021779478,0.9782205
GCF_022690295.1.fna,GCF_022689965.1.fna,0.009731591,0.9902684
GCF_031728715.1.fna,GCF_022689965.1.fna,0.019821286,0.9801787
GCF_031728295.1.fna,GCF_022689965.1.fna,0.0074132085,0.9925868
GCF_040947065.1.fna,GCF_022689965.1.fna,0.020478904,0.9795211
GCF_037695175.1.fna,GCF_022689965.1.fna,0.02227658,0.9777234
GCF_031728475.1.fna,GCF_022689965.1.fna,0.009527624,0.9904724
GCF_022690045.1.fna,GCF_022689575.1.fna,0.008810163,0.99118984
GCF_017315625.1.fna,GCF_022689575.1.fna,0.019951403,0.9800486
GCF_900458635.1.fna,GCF_022689575.1.fna,0.0063854456,0.99361455
GCF_022689565.1.fna,GCF_022689575.1.fna,0.022062302,0.9779377
GCF_029926905.1.fna,GCF_022689575.1.fna,0.023301423,0.9766986
GCF_040947025.1.fna,GCF_022689575.1.fna,0.022565126,0.9774349
GCF_022690065.1.fna,GCF_022689575.1.fna,0.02213347,0.97786653
GCF_022689765.1.fna,GCF_022689575.1.fna,0.02285707,0.97714293
GCF_022690265.1.fna,GCF_022689575.1.fna,0.021920502,0.9780795
GCF_022689615.1.fna,GCF_022689575.1.fna,0.02227658,0.9777234
GCF_031728745.1.fna,GCF_022689575.1.fna,0.021499872,0.9785001
GCF_022690275.1.fna,GCF_022689575.1.fna,0.022420406,0.9775796
GCF_047653515.1.fna,GCF_022689575.1.fna,0.02213347,0.97786653
GCF_031728275.1.fna,GCF_022689575.1.fna,0.009006858,0.99099314
GCF_022690115.1.fna,GCF_022689575.1.fna,0.024683118,0.9753169
GCF_031728735.1.fna,GCF_022689575.1.fna,0.022420406,0.9775796
GCF_036419895.1.fna,GCF_022689575.1.fna,0.008499503,0.9915005
GCF_000269685.1.fna,GCF_022689575.1.fna,0.023301423,0.9766986
GCF_031728515.1.fna,GCF_022689575.1.fna,0.02390629,0.9760937
GCF_037700155.1.fna,GCF_022689575.1.fna,0.022348404,0.9776516
GCF_022690225.1.fna,GCF_022689575.1.fna,0.012634695,0.9873653
GCF_022689945.1.fna,GCF_022689575.1.fna,0.023152411,0.9768476
GCF_015274585.1.fna,GCF_022689575.1.fna,0.021639287,0.9783607
GCF_031728415.1.fna,GCF_022689575.1.fna,0.008538067,0.99146193
GCF_031729015.1.fna,GCF_022689575.1.fna,0.008849382,0.9911506
GCF_037700315.1.fna,GCF_022689575.1.fna,0.008849382,0.9911506
GCF_031728795.1.fna,GCF_022689575.1.fna,0.010187805,0.9898122
GCF_031728555.1.fna,GCF_022689575.1.fna,0.02213347,0.97786653
GCF_029926865.1.fna,GCF_022689575.1.fna,0.023301423,0.9766986
GCF_040947225.1.fna,GCF_022689575.1.fna,0.00920558,0.9907944
GCF_031728695.1.fna,GCF_022689575.1.fna,0.0077809095,0.9922191
GCF_022689665.1.fna,GCF_022689575.1.fna,2.3841858e-05,0.99997616
GCF_029926915.1.fna,GCF_022689575.1.fna,0.02213347,0.97786653
GCF_031728315.1.fna,GCF_022689575.1.fna,0.021499872,0.9785001
GCF_031727255.1.fna,GCF_022689575.1.fna,0.02285707,0.97714293
GCF_022690205.1.fna,GCF_022689575.1.fna,0.009165645,0.99083436
GCF_031727455.1.fna,GCF_022689575.1.fna,0.025000513,0.9749995
GCF_022690025.1.fna,GCF_022689575.1.fna,0.0026025176,0.9973975
GCF_031727075.1.fna,GCF_022689575.1.fna,0.022204995,0.977795
GCF_022690145.1.fna,GCF_022689575.1.fna,0.02213347,0.97786653
GCF_002901845.1.fna,GCF_022689575.1.fna,0.006350994,0.993649
GCF_022689825.1.fna,GCF_022689575.1.fna,0.02285707,0.97714293
GCF_031728675.1.fna,GCF_022689575.1.fna,0.007706821,0.9922932
GCF_047653525.1.fna,GCF_022689575.1.fna,0.022637784,0.9773622
GCF_022690085.1.fna,GCF_022689575.1.fna,0.024291694,0.9757083
GCF_037700135.1.fna,GCF_022689575.1.fna,0.023226798,0.9767732
GCF_025143205.1.fna,GCF_022689575.1.fna,0.021709323,0.9782907
GCF_031728895.1.fna,GCF_022689575.1.fna,0.009446621,0.9905534
GCF_040947605.1.fna,GCF_022689575.1.fna,0.021499872,0.9785001
GCF_031727355.1.fna,GCF_022689575.1.fna,0.022062302,0.9779377
GCF_015274675.1.fna,GCF_022689575.1.fna,0.023226798,0.9767732
GCF_036420075.1.fna,GCF_022689575.1.fna,0.023078203,0.9769218
GCF_013267575.1.fna,GCF_022689575.1.fna,0.007340491,0.9926595
GCF_031727055.1.fna,GCF_022689575.1.fna,0.008538067,0.99146193
GCF_037700375.1.fna,GCF_022689575.1.fna,0.0061455965,0.9938544
GCF_022690005.1.fna,GCF_022689575.1.fna,0.008849382,0.9911506
GCF_031631055.1.fna,GCF_022689575.1.fna,0.011441886,0.9885581
GCF_031728495.1.fna,GCF_022689575.1.fna,0.0065935254,0.9934065
GCF_964211265.1.fna,GCF_022689575.1.fna,0.007818103,0.9921819
GCF_031727535.1.fna,GCF_022689575.1.fna,0.0035780668,0.99642193
GCF_025143445.1.fna,GCF_022689575.1.fna,0.008693099,0.9913069
GCF_022689855.1.fna,GCF_022689575.1.fna,0.008460999,0.991539
GCF_022689725.1.fna,GCF_022689575.1.fna,2.3841858e-05,0.99997616
GCF_031727275.1.fna,GCF_022689575.1.fna,0.0071240664,0.99287593
GCF_031728235.1.fna,GCF_022689575.1.fna,0.023982882,0.9760171
GCF_040947205.1.fna,GCF_022689575.1.fna,0.022420406,0.9775796
GCF_031727235.1.fna,GCF_022689575.1.fna,0.008422613,0.9915774
GCF_022690165.1.fna,GCF_022689575.1.fna,0.02213347,0.97786653
GCF_031728075.1.fna,GCF_022689575.1.fna,0.022204995,0.977795
GCF_022689965.1.fna,GCF_022689575.1.fna,0.021991313,0.9780087
GCF_022689575.1.fna,GCF_022689575.1.fna,0.0,1.0
GCF_037694985.1.fna,GCF_022689575.1.fna,0.023152411,0.9768476
GCF_022690185.1.fna,GCF_022689575.1.fna,0.008538067,0.99146193
GCF_031728335.1.fna,GCF_022689575.1.fna,0.02227658,0.9777234
GCF_031728095.1.fna,GCF_022689575.1.fna,0.0089674,0.9910326
GCF_022690385.1.fna,GCF_022689575.1.fna,0.022783816,0.9772162
GCF_022690425.1.fna,GCF_022689575.1.fna,0.022204995,0.977795
GCF_022690375.1.fna,GCF_022689575.1.fna,0.0072319508,0.99276805
GCF_022689675.1.fna,GCF_022689575.1.fna,0.022062302,0.9779377
GCF_022690245.1.fna,GCF_022689575.1.fna,0.022204995,0.977795
GCF_037700295.1.fna,GCF_022689575.1.fna,0.022204995,0.977795
GCF_015274535.1.fna,GCF_022689575.1.fna,0.021639287,0.9783607
GCF_022689845.1.fna,GCF_022689575.1.fna,0.022930622,0.9770694
GCF_022689745.1.fna,GCF_022689575.1.fna,0.022204995,0.977795
GCF_022689925.1.fna,GCF_022689575.1.fna,0.02572918,0.9742708
GCF_015274655.1.fna,GCF_022689575.1.fna,0.021639287,0.9783607
GCF_022690325.1.fna,GCF_022689575.1.fna,0.009006858,0.99099314
GCF_022689785.1.fna,GCF_022689575.1.fna,0.0075961947,0.9924038
GCF_031728155.1.fna,GCF_022689575.1.fna,0.021430492,0.9785695
GCF_037700455.1.fna,GCF_022689575.1.fna,0.0061796308,0.99382037
GCF_022689905.1.fna,GCF_022689575.1.fna,0.021499872,0.9785001
GCF_022690105.1.fna,GCF_022689575.1.fna,0.021430492,0.9785695
GCF_022689975.1.fna,GCF_022689575.1.fna,0.022783816,0.9772162
GCF_022689705.1.fna,GCF_022689575.1.fna,0.007967472,0.9920325
GCF_031728835.1.fna,GCF_022689575.1.fna,0.02156949,0.9784305
GCF_031728115.1.fna,GCF_022689575.1.fna,0.02156949,0.9784305
GCF_022689775.1.fna,GCF_022689575.1.fna,0.008888602,0.9911114
GCF_031728455.1.fna,GCF_022689575.1.fna,0.006523907,0.9934761
GCF_025143615.1.fna,GCF_022689575.1.fna,0.008810163,0.99118984
GCF_052950835.1.fna,GCF_022689575.1.fna,0.012075722,0.9879243
GCF_040947125.1.fna,GCF_022689575.1.fna,0.005183816,0.9948162
GCF_017315645.1.fna,GCF_022689575.1.fna,0.022204995,0.977795
GCF_040947645.1.fna,GCF_022689575.1.fna,0.021499872,0.9785001
GCF_022690345.1.fna,GCF_022689575.1.fna,0.021430492,0.9785695
GCF_022689645.1.fna,GCF_022689575.1.fna,0.00737679,0.9926232
GCF_022690295.1.fna,GCF_022689575.1.fna,0.022783816,0.9772162
GCF_031728715.1.fna,GCF_022689575.1.fna,0.007632971,0.992367
GCF_031728295.1.fna,GCF_022689575.1.fna,0.022565126,0.9774349
GCF_040947065.1.fna,GCF_022689575.1.fna,0.01171118,0.9882888
GCF_037695175.1.fna,GCF_022689575.1.fna,0.0043011904,0.9956988
GCF_031728475.1.fna,GCF_022689575.1.fna,0.02285707,0.97714293
GCF_022690045.1.fna,GCF_037694985.1.fna,0.021991313,0.9780087
GCF_017315625.1.fna,GCF_037694985.1.fna,0.009937644,0.99006236
GCF_900458635.1.fna,GCF_037694985.1.fna,0.022062302,0.9779377
GCF_022689565.1.fna,GCF_037694985.1.fna,0.009772658,0.99022734
GCF_029926905.1.fna,GCF_037694985.1.fna,0.01091361,0.9890864
GCF_040947025.1.fna,GCF_037694985.1.fna,0.010441005,0.989559
GCF_022690065.1.fna,GCF_037694985.1.fna,0.009325743,0.99067426
GCF_022689765.1.fna,GCF_037694985.1.fna,0.0071599483,0.99284005
GCF_022690265.1.fna,GCF_037694985.1.fna,0.009325743,0.99067426
GCF_022689615.1.fna,GCF_037694985.1.fna,0.008771062,0.99122894
GCF_031728745.1.fna,GCF_037694985.1.fna,0.010870218,0.9891298
GCF_022690275.1.fna,GCF_037694985.1.fna,0.010229826,0.9897702
GCF_047653515.1.fna,GCF_037694985.1.fna,0.009731591,0.9902684
GCF_031728275.1.fna,GCF_037694985.1.fna,0.023226798,0.9767732
GCF_022690115.1.fna,GCF_037694985.1.fna,0.015507996,0.984492
GCF_031728735.1.fna,GCF_037694985.1.fna,0.011000693,0.9889993
GCF_036419895.1.fna,GCF_037694985.1.fna,0.022710681,0.9772893
GCF_000269685.1.fna,GCF_037694985.1.fna,0.009813786,0.9901862
GCF_031728515.1.fna,GCF_037694985.1.fna,0.012353301,0.9876467
GCF_037700155.1.fna,GCF_037694985.1.fna,0.009046435,0.99095356
GCF_022690225.1.fna,GCF_037694985.1.fna,0.023078203,0.9769218
GCF_022689945.1.fna,GCF_037694985.1.fna,0.01130861,0.9886914
GCF_015274585.1.fna,GCF_037694985.1.fna,0.010740519,0.9892595
GCF_031728415.1.fna,GCF_037694985.1.fna,0.02390629,0.9760937
GCF_031729015.1.fna,GCF_037694985.1.fna,0.022783816,0.9772162
GCF_037700315.1.fna,GCF_037694985.1.fna,0.023753703,0.9762463
GCF_031728795.1.fna,GCF_037694985.1.fna,0.02227658,0.9777234
GCF_031728555.1.fna,GCF_037694985.1.fna,0.009285569,0.99071443
GCF_029926865.1.fna,GCF_037694985.1.fna,0.01091361,0.9890864
GCF_040947225.1.fna,GCF_037694985.1.fna,0.021920502,0.9780795
GCF_031728695.1.fna,GCF_037694985.1.fna,0.022420406,0.9775796
GCF_022689665.1.fna,GCF_037694985.1.fna,0.023152411,0.9768476
GCF_029926915.1.fna,GCF_037694985.1.fna,0.010145903,0.9898541
GCF_031728315.1.fna,GCF_037694985.1.fna,0.0024083853,0.9975916
GCF_031727255.1.fna,GCF_037694985.1.fna,0.011620998,0.988379
GCF_022690205.1.fna,GCF_037694985.1.fna,0.023677707,0.9763223
GCF_031727455.1.fna,GCF_037694985.1.fna,0.028956115,0.9710439
GCF_022690025.1.fna,GCF_037694985.1.fna,0.023004293,0.9769957
GCF_031727075.1.fna,GCF_037694985.1.fna,0.008849382,0.9911506
GCF_022690145.1.fna,GCF_037694985.1.fna,0.009285569,0.99071443
GCF_002901845.1.fna,GCF_037694985.1.fna,0.021991313,0.9780087
GCF_022689825.1.fna,GCF_037694985.1.fna,0.0071599483,0.99284005
GCF_031728675.1.fna,GCF_037694985.1.fna,0.022492707,0.9775073
GCF_047653525.1.fna,GCF_037694985.1.fna,0.010187805,0.9898122
GCF_022690085.1.fna,GCF_037694985.1.fna,0.02804488,0.9719551
GCF_037700135.1.fna,GCF_037694985.1.fna,0.008771062,0.99122894
GCF_025143205.1.fna,GCF_037694985.1.fna,0.009937644,0.99006236
GCF_031728895.1.fna,GCF_037694985.1.fna,0.022710681,0.9772893
GCF_040947605.1.fna,GCF_037694985.1.fna,0.011044383,0.9889556
GCF_031727355.1.fna,GCF_037694985.1.fna,0.009813786,0.9901862
GCF_015274675.1.fna,GCF_037694985.1.fna,0.009365916,0.9906341
GCF_036420075.1.fna,GCF_037694985.1.fna,0.011220098,0.9887799
GCF_013267575.1.fna,GCF_037694985.1.fna,0.022492707,0.9775073
GCF_031727055.1.fna,GCF_037694985.1.fna,0.025080502,0.9749195
GCF_037700375.1.fna,GCF_037694985.1.fna,0.023152411,0.9768476
GCF_022690005.1.fna,GCF_037694985.1.fna,0.021991313,0.9780087
GCF_031631055.1.fna,GCF_037694985.1.fna,0.02184987,0.9781501
GCF_031728495.1.fna,GCF_037694985.1.fna,0.021709323,0.9782907
GCF_964211265.1.fna,GCF_037694985.1.fna,0.023376226,0.9766238
GCF_031727535.1.fna,GCF_037694985.1.fna,0.023982882,0.9760171
GCF_025143445.1.fna,GCF_037694985.1.fna,0.02285707,0.97714293
GCF_022689855.1.fna,GCF_037694985.1.fna,0.023078203,0.9769218
GCF_022689725.1.fna,GCF_037694985.1.fna,0.023152411,0.9768476
GCF_031727275.1.fna,GCF_037694985.1.fna,0.023301423,0.9766986
GCF_031728235.1.fna,GCF_037694985.1.fna,0.011620998,0.988379
GCF_040947205.1.fna,GCF_037694985.1.fna,0.008269668,0.99173033
GCF_031727235.1.fna,GCF_037694985.1.fna,0.023004293,0.9769957
GCF_022690165.1.fna,GCF_037694985.1.fna,0.009325743,0.99067426
GCF_031728075.1.fna,GCF_037694985.1.fna,0.010870218,0.9891298
GCF_022689965.1.fna,GCF_037694985.1.fna,0.0094870925,0.9905129
GCF_022689575.1.fna,GCF_037694985.1.fna,0.023152411,0.9768476
GCF_037694985.1.fna,GCF_037694985.1.fna,0.0,1.0
GCF_022690185.1.fna,GCF_037694985.1.fna,0.02285707,0.97714293
GCF_031728335.1.fna,GCF_037694985.1.fna,0.012075722,0.9879243
GCF_031728095.1.fna,GCF_037694985.1.fna,0.023226798,0.9767732
GCF_022690385.1.fna,GCF_037694985.1.fna,0.007088244,0.99291176
GCF_022690425.1.fna,GCF_037694985.1.fna,0.010783613,0.9892164
GCF_022690375.1.fna,GCF_037694985.1.fna,0.023301423,0.9766986
GCF_022689675.1.fna,GCF_037694985.1.fna,0.008927941,0.99107206
GCF_022690245.1.fna,GCF_037694985.1.fna,0.008345962,0.99165404
GCF_037700295.1.fna,GCF_037694985.1.fna,0.009006858,0.99099314
GCF_015274535.1.fna,GCF_037694985.1.fna,0.010740519,0.9892595
GCF_022689845.1.fna,GCF_037694985.1.fna,0.008042574,0.9919574
GCF_022689745.1.fna,GCF_037694985.1.fna,0.008849382,0.9911506
GCF_022689925.1.fna,GCF_037694985.1.fna,0.029142082,0.9708579
GCF_015274655.1.fna,GCF_037694985.1.fna,0.010740519,0.9892595
GCF_022690325.1.fna,GCF_037694985.1.fna,0.021639287,0.9783607
GCF_022689785.1.fna,GCF_037694985.1.fna,0.02213347,0.97786653
GCF_031728155.1.fna,GCF_037694985.1.fna,0.009649754,0.99035025
GCF_037700455.1.fna,GCF_037694985.1.fna,0.023004293,0.9769957
GCF_022689905.1.fna,GCF_037694985.1.fna,0.0024912953,0.9975087
GCF_022690105.1.fna,GCF_037694985.1.fna,0.011983991,0.988016
GCF_022689975.1.fna,GCF_037694985.1.fna,0.0071959496,0.99280405
GCF_022689705.1.fna,GCF_037694985.1.fna,0.0244475,0.9755525
GCF_031728835.1.fna,GCF_037694985.1.fna,0.008927941,0.99107206
GCF_031728115.1.fna,GCF_037694985.1.fna,0.011666119,0.9883339
GCF_022689775.1.fna,GCF_037694985.1.fna,0.023376226,0.9766238
GCF_031728455.1.fna,GCF_037694985.1.fna,0.022710681,0.9772893
GCF_025143615.1.fna,GCF_037694985.1.fna,0.023301423,0.9766986
GCF_052950835.1.fna,GCF_037694985.1.fna,0.022783816,0.9772162
GCF_040947125.1.fna,GCF_037694985.1.fna,0.023451328,0.9765487
GCF_017315645.1.fna,GCF_037694985.1.fna,0.008155823,0.9918442
GCF_040947645.1.fna,GCF_037694985.1.fna,0.011044383,0.9889556
GCF_022690345.1.fna,GCF_037694985.1.fna,0.009690642,0.99030936
GCF_022689645.1.fna,GCF_037694985.1.fna,0.024136782,0.9758632
GCF_022690295.1.fna,GCF_037694985.1.fna,0.011620998,0.988379
GCF_031728715.1.fna,GCF_037694985.1.fna,0.02184987,0.9781501
GCF_031728295.1.fna,GCF_037694985.1.fna,0.0077438354,0.99225616
GCF_040947065.1.fna,GCF_037694985.1.fna,0.021499872,0.9785001
GCF_037695175.1.fna,GCF_037694985.1.fna,0.023602009,0.976398
GCF_031728475.1.fna,GCF_037694985.1.fna,0.010568798,0.9894312
GCF_022690045.1.fna,GCF_022690185.1.fna,0.00448668,0.9955133
GCF_017315625.1.fna,GCF_022690185.1.fna,0.019691885,0.9803081
GCF_900458635.1.fna,GCF_022690185.1.fna,0.007967472,0.9920325
GCF_022689565.1.fna,GCF_022690185.1.fna,0.020747006,0.979253
GCF_029926905.1.fna,GCF_022690185.1.fna,0.02285707,0.97714293
GCF_040947025.1.fna,GCF_022690185.1.fna,0.021779478,0.9782205
GCF_022690065.1.fna,GCF_022690185.1.fna,0.02227658,0.9777234
GCF_022689765.1.fna,GCF_022690185.1.fna,0.02227658,0.9777234
GCF_022690265.1.fna,GCF_022690185.1.fna,0.021920502,0.9780795
GCF_022689615.1.fna,GCF_022690185.1.fna,0.020950079,0.9790499
GCF_031728745.1.fna,GCF_022690185.1.fna,0.020747006,0.979253
GCF_022690275.1.fna,GCF_022690185.1.fna,0.023451328,0.9765487
GCF_047653515.1.fna,GCF_022690185.1.fna,0.02184987,0.9781501
GCF_031728275.1.fna,GCF_022690185.1.fna,0.007632971,0.992367
GCF_022690115.1.fna,GCF_022690185.1.fna,0.025000513,0.9749995
GCF_031728735.1.fna,GCF_022690185.1.fna,0.021499872,0.9785001
GCF_036419895.1.fna,GCF_022690185.1.fna,0.0011344552,0.99886554
GCF_000269685.1.fna,GCF_022690185.1.fna,0.023301423,0.9766986
GCF_031728515.1.fna,GCF_022690185.1.fna,0.024291694,0.9757083
GCF_037700155.1.fna,GCF_022690185.1.fna,0.020679712,0.9793203
GCF_022690225.1.fna,GCF_022690185.1.fna,0.012353301,0.9876467
GCF_022689945.1.fna,GCF_022690185.1.fna,0.023677707,0.9763223
GCF_015274585.1.fna,GCF_022690185.1.fna,0.021779478,0.9782205
GCF_031728415.1.fna,GCF_022690185.1.fna,0.008693099,0.9913069
GCF_031729015.1.fna,GCF_022690185.1.fna,0.0026863813,0.9973136
GCF_037700315.1.fna,GCF_022690185.1.fna,0.006316602,0.9936834
GCF_031728795.1.fna,GCF_022690185.1.fna,0.009285569,0.99071443
GCF_031728555.1.fna,GCF_022690185.1.fna,0.022348404,0.9776516
GCF_029926865.1.fna,GCF_022690185.1.fna,0.02285707,0.97714293
GCF_040947225.1.fna,GCF_022690185.1.fna,0.0075594783,0.9924405
GCF_031728695.1.fna,GCF_022690185.1.fna,0.006043732,0.99395627
GCF_022689665.1.fna,GCF_022690185.1.fna,0.008499503,0.9915005
GCF_029926915.1.fna,GCF_022690185.1.fna,0.021709323,0.9782907
GCF_031728315.1.fna,GCF_022690185.1.fna,0.020814478,0.9791855
GCF_031727255.1.fna,GCF_022690185.1.fna,0.023677707,0.9763223
GCF_022690205.1.fna,GCF_022690185.1.fna,0.0029405355,0.99705946
GCF_031727455.1.fna,GCF_022690185.1.fna,0.023152411,0.9768476
GCF_022690025.1.fna,GCF_022690185.1.fna,0.0089674,0.9910326
GCF_031727075.1.fna,GCF_022690185.1.fna,0.02088219,0.9791178
GCF_022690145.1.fna,GCF_022690185.1.fna,0.02227658,0.9777234
GCF_002901845.1.fna,GCF_022690185.1.fna,0.007892609,0.9921074
GCF_022689825.1.fna,GCF_022690185.1.fna,0.02227658,0.9777234
GCF_031728675.1.fna,GCF_022690185.1.fna,0.0067687035,0.9932313
GCF_047653525.1.fna,GCF_022690185.1.fna,0.021920502,0.9780795
GCF_022690085.1.fna,GCF_022690185.1.fna,0.022492707,0.9775073
GCF_037700135.1.fna,GCF_022690185.1.fna,0.022930622,0.9770694
GCF_025143205.1.fna,GCF_022690185.1.fna,0.021779478,0.9782205
GCF_031728895.1.fna,GCF_022690185.1.fna,0.008654237,0.99134576
GCF_040947605.1.fna,GCF_022690185.1.fna,0.021292329,0.9787077
GCF_031727355.1.fna,GCF_022690185.1.fna,0.020747006,0.979253
GCF_015274675.1.fna,GCF_022690185.1.fna,0.022783816,0.9772162
GCF_036420075.1.fna,GCF_022690185.1.fna,0.023677707,0.9763223
GCF_013267575.1.fna,GCF_022690185.1.fna,0.0068392754,0.9931607
GCF_031727055.1.fna,GCF_022690185.1.fna,0.011176109,0.9888239
GCF_037700375.1.fna,GCF_022690185.1.fna,0.008345962,0.99165404
GCF_022690005.1.fna,GCF_022690185.1.fna,0.0045177937,0.9954822
GCF_031631055.1.fna,GCF_022690185.1.fna,0.0130156875,0.9869843
GCF_031728495.1.fna,GCF_022690185.1.fna,0.007967472,0.9920325
GCF_964211265.1.fna,GCF_022690185.1.fna,0.008576691,0.9914233
GCF_031727535.1.fna,GCF_022690185.1.fna,0.007967472,0.9920325
GCF_025143445.1.fna,GCF_022690185.1.fna,0.0077809095,0.9922191
GCF_022689855.1.fna,GCF_022690185.1.fna,0.009406269,0.99059373
GCF_022689725.1.fna,GCF_022690185.1.fna,0.008499503,0.9915005
GCF_031727275.1.fna,GCF_022690185.1.fna,0.008732021,0.991268
GCF_031728235.1.fna,GCF_022690185.1.fna,0.0244475,0.9755525
GCF_040947205.1.fna,GCF_022690185.1.fna,0.021223426,0.9787766
GCF_031727235.1.fna,GCF_022690185.1.fna,0.009365916,0.9906341
GCF_022690165.1.fna,GCF_022690185.1.fna,0.022348404,0.9776516
GCF_031728075.1.fna,GCF_022690185.1.fna,0.022492707,0.9775073
GCF_022689965.1.fna,GCF_022690185.1.fna,0.020814478,0.9791855
GCF_022689575.1.fna,GCF_022690185.1.fna,0.008538067,0.99146193
GCF_037694985.1.fna,GCF_022690185.1.fna,0.02285707,0.97714293
GCF_022690185.1.fna,GCF_022690185.1.fna,0.0,1.0
GCF_031728335.1.fna,GCF_022690185.1.fna,0.022710681,0.9772893
GCF_031728095.1.fna,GCF_022690185.1.fna,0.006910026,0.99309
GCF_022690385.1.fna,GCF_022690185.1.fna,0.022420406,0.9775796
GCF_022690425.1.fna,GCF_022690185.1.fna,0.022492707,0.9775073
GCF_022690375.1.fna,GCF_022690185.1.fna,0.008888602,0.9911114
GCF_022689675.1.fna,GCF_022690185.1.fna,0.02088219,0.9791178
GCF_022690245.1.fna,GCF_022690185.1.fna,0.021430492,0.9785695
GCF_037700295.1.fna,GCF_022690185.1.fna,0.020679712,0.9793203
GCF_015274535.1.fna,GCF_022690185.1.fna,0.021779478,0.9782205
GCF_022689845.1.fna,GCF_022690185.1.fna,0.022783816,0.9772162
GCF_022689745.1.fna,GCF_022690185.1.fna,0.02088219,0.9791178
GCF_022689925.1.fna,GCF_022690185.1.fna,0.023677707,0.9763223
GCF_015274655.1.fna,GCF_022690185.1.fna,0.021779478,0.9782205
GCF_022690325.1.fna,GCF_022690185.1.fna,0.007892609,0.9921074
GCF_022689785.1.fna,GCF_022690185.1.fna,0.0048002005,0.9951998
GCF_031728155.1.fna,GCF_022690185.1.fna,0.021430492,0.9785695
GCF_037700455.1.fna,GCF_022690185.1.fna,0.008460999,0.991539
GCF_022689905.1.fna,GCF_022690185.1.fna,0.020814478,0.9791855
GCF_022690105.1.fna,GCF_022690185.1.fna,0.022062302,0.9779377
GCF_022689975.1.fna,GCF_022690185.1.fna,0.02227658,0.9777234
GCF_022689705.1.fna,GCF_022690185.1.fna,0.0089674,0.9910326
GCF_031728835.1.fna,GCF_022690185.1.fna,0.02213347,0.97786653
GCF_031728115.1.fna,GCF_022690185.1.fna,0.021920502,0.9780795
GCF_022689775.1.fna,GCF_022690185.1.fna,0.0016534328,0.99834657
GCF_031728455.1.fna,GCF_022690185.1.fna,0.007967472,0.9920325
GCF_025143615.1.fna,GCF_022690185.1.fna,0.002827108,0.9971729
GCF_052950835.1.fna,GCF_022690185.1.fna,0.013160288,0.9868397
GCF_040947125.1.fna,GCF_022690185.1.fna,0.008538067,0.99146193
GCF_017315645.1.fna,GCF_022690185.1.fna,0.02088219,0.9791178
GCF_040947645.1.fna,GCF_022690185.1.fna,0.021292329,0.9787077
GCF_022690345.1.fna,GCF_022690185.1.fna,0.021223426,0.9787766
GCF_022689645.1.fna,GCF_022690185.1.fna,0.00823164,0.99176836
GCF_022690295.1.fna,GCF_022690185.1.fna,0.023602009,0.976398
GCF_031728715.1.fna,GCF_022690185.1.fna,0.0015745163,0.9984255
GCF_031728295.1.fna,GCF_022690185.1.fna,0.021361291,0.9786387
GCF_040947065.1.fna,GCF_022690185.1.fna,0.0124467015,0.9875533
GCF_037695175.1.fna,GCF_022690185.1.fna,0.008810163,0.99118984
GCF_031728475.1.fna,GCF_022690185.1.fna,0.02156949,0.9784305
GCF_022690045.1.fna,GCF_031728335.1.fna,0.021779478,0.9782205
GCF_017315625.1.fna,GCF_031728335.1.fna,0.010187805,0.9898122
GCF_900458635.1.fna,GCF_031728335.1.fna,0.021086395,0.9789136
GCF_022689565.1.fna,GCF_031728335.1.fna,0.011264324,0.9887357
GCF_029926905.1.fna,GCF_031728335.1.fna,0.01171118,0.9882888
GCF_040947025.1.fna,GCF_031728335.1.fna,0.010020673,0.9899793
GCF_022690065.1.fna,GCF_031728335.1.fna,0.009406269,0.99059373
GCF_022689765.1.fna,GCF_031728335.1.fna,0.010271788,0.9897282
GCF_022690265.1.fna,GCF_031728335.1.fna,0.009325743,0.99067426
GCF_022689615.1.fna,GCF_031728335.1.fna,0.009608984,0.990391
GCF_031728745.1.fna,GCF_031728335.1.fna,0.0074132085,0.9925868
GCF_022690275.1.fna,GCF_031728335.1.fna,0.008422613,0.9915774
GCF_047653515.1.fna,GCF_031728335.1.fna,0.009937644,0.99006236
GCF_031728275.1.fna,GCF_031728335.1.fna,0.023152411,0.9768476
GCF_022690115.1.fna,GCF_031728335.1.fna,0.015347004,0.984653
GCF_031728735.1.fna,GCF_031728335.1.fna,0.010826886,0.9891731
GCF_036419895.1.fna,GCF_031728335.1.fna,0.022637784,0.9773622
GCF_000269685.1.fna,GCF_031728335.1.fna,0.010229826,0.9897702
GCF_031728515.1.fna,GCF_031728335.1.fna,0.012634695,0.9873653
GCF_037700155.1.fna,GCF_031728335.1.fna,0.010229826,0.9897702
GCF_022690225.1.fna,GCF_031728335.1.fna,0.022710681,0.9772893
GCF_022689945.1.fna,GCF_031728335.1.fna,0.011000693,0.9889993
GCF_015274585.1.fna,GCF_031728335.1.fna,0.0089674,0.9910326
GCF_031728415.1.fna,GCF_031728335.1.fna,0.022930622,0.9770694
GCF_031729015.1.fna,GCF_031728335.1.fna,0.02285707,0.97714293
GCF_037700315.1.fna,GCF_031728335.1.fna,0.023753703,0.9762463
GCF_031728795.1.fna,GCF_031728335.1.fna,0.021639287,0.9783607
GCF_031728555.1.fna,GCF_031728335.1.fna,0.009365916,0.9906341
GCF_029926865.1.fna,GCF_031728335.1.fna,0.01171118,0.9882888
GCF_040947225.1.fna,GCF_031728335.1.fna,0.020612597,0.9793874
GCF_031728695.1.fna,GCF_031728335.1.fna,0.023226798,0.9767732
GCF_022689665.1.fna,GCF_031728335.1.fna,0.02227658,0.9777234
GCF_029926915.1.fna,GCF_031728335.1.fna,0.011000693,0.9889993
GCF_031728315.1.fna,GCF_031728335.1.fna,0.010740519,0.9892595
GCF_031727255.1.fna,GCF_031728335.1.fna,0.011264324,0.9887357
GCF_022690205.1.fna,GCF_031728335.1.fna,0.023152411,0.9768476
GCF_031727455.1.fna,GCF_031728335.1.fna,0.028496683,0.9715033
GCF_022690025.1.fna,GCF_031728335.1.fna,0.022637784,0.9773622
GCF_031727075.1.fna,GCF_031728335.1.fna,0.009690642,0.99030936
GCF_022690145.1.fna,GCF_031728335.1.fna,0.009285569,0.99071443
GCF_002901845.1.fna,GCF_031728335.1.fna,0.021018088,0.9789819
GCF_022689825.1.fna,GCF_031728335.1.fna,0.010271788,0.9897282
GCF_031728675.1.fna,GCF_031728335.1.fna,0.022710681,0.9772893
GCF_047653525.1.fna,GCF_031728335.1.fna,0.011044383,0.9889556
GCF_022690085.1.fna,GCF_031728335.1.fna,0.027600586,0.9723994
GCF_037700135.1.fna,GCF_031728335.1.fna,0.010568798,0.9894312
GCF_025143205.1.fna,GCF_031728335.1.fna,0.010145903,0.9898541
GCF_031728895.1.fna,GCF_031728335.1.fna,0.021920502,0.9780795
GCF_040947605.1.fna,GCF_031728335.1.fna,0.011000693,0.9889993
GCF_031727355.1.fna,GCF_031728335.1.fna,0.011352897,0.9886471
GCF_015274675.1.fna,GCF_031728335.1.fna,0.009608984,0.990391
GCF_036420075.1.fna,GCF_031728335.1.fna,0.010957122,0.9890429
GCF_013267575.1.fna,GCF_031728335.1.fna,0.022710681,0.9772893
GCF_031727055.1.fna,GCF_031728335.1.fna,0.023376226,0.9766238
GCF_037700375.1.fna,GCF_031728335.1.fna,0.022204995,0.977795
GCF_022690005.1.fna,GCF_031728335.1.fna,0.02184987,0.9781501
GCF_031631055.1.fna,GCF_031728335.1.fna,0.020082176,0.9799178
GCF_031728495.1.fna,GCF_031728335.1.fna,0.020747006,0.979253
GCF_964211265.1.fna,GCF_031728335.1.fna,0.02184987,0.9781501
GCF_031727535.1.fna,GCF_031728335.1.fna,0.023226798,0.9767732
GCF_025143445.1.fna,GCF_031728335.1.fna,0.022783816,0.9772162
GCF_022689855.1.fna,GCF_031728335.1.fna,0.02184987,0.9781501
GCF_022689725.1.fna,GCF_031728335.1.fna,0.02227658,0.9777234
GCF_031727275.1.fna,GCF_031728335.1.fna,0.02184987,0.9781501
GCF_031728235.1.fna,GCF_031728335.1.fna,0.009896278,0.9901037
GCF_040947205.1.fna,GCF_031728335.1.fna,0.009854972,0.990145
GCF_031727235.1.fna,GCF_031728335.1.fna,0.021779478,0.9782205
GCF_022690165.1.fna,GCF_031728335.1.fna,0.009365916,0.9906341
GCF_031728075.1.fna,GCF_031728335.1.fna,0.01091361,0.9890864
GCF_022689965.1.fna,GCF_031728335.1.fna,0.01091361,0.9890864
GCF_022689575.1.fna,GCF_031728335.1.fna,0.02227658,0.9777234
GCF_037694985.1.fna,GCF_031728335.1.fna,0.012075722,0.9879243
GCF_022690185.1.fna,GCF_031728335.1.fna,0.022710681,0.9772893
GCF_031728335.1.fna,GCF_031728335.1.fna,0.0,1.0
GCF_031728095.1.fna,GCF_031728335.1.fna,0.023226798,0.9767732
GCF_022690385.1.fna,GCF_031728335.1.fna,0.011441886,0.9885581
GCF_022690425.1.fna,GCF_031728335.1.fna,0.010826886,0.9891731
GCF_022690375.1.fna,GCF_031728335.1.fna,0.022420406,0.9775796
GCF_022689675.1.fna,GCF_031728335.1.fna,0.009772658,0.99022734
GCF_022690245.1.fna,GCF_031728335.1.fna,0.008888602,0.9911114
GCF_037700295.1.fna,GCF_031728335.1.fna,0.010271788,0.9897282
GCF_015274535.1.fna,GCF_031728335.1.fna,0.0089674,0.9910326
GCF_022689845.1.fna,GCF_031728335.1.fna,0.010229826,0.9897702
GCF_022689745.1.fna,GCF_031728335.1.fna,0.009690642,0.99030936
GCF_022689925.1.fna,GCF_031728335.1.fna,0.02804488,0.9719551
GCF_015274655.1.fna,GCF_031728335.1.fna,0.0089674,0.9910326
GCF_022690325.1.fna,GCF_031728335.1.fna,0.02184987,0.9781501
GCF_022689785.1.fna,GCF_031728335.1.fna,0.02213347,0.97786653
GCF_031728155.1.fna,GCF_031728335.1.fna,0.009046435,0.99095356
GCF_037700455.1.fna,GCF_031728335.1.fna,0.02213347,0.97786653
GCF_022689905.1.fna,GCF_031728335.1.fna,0.010870218,0.9891298
GCF_022690105.1.fna,GCF_031728335.1.fna,0.0005572438,0.99944276
GCF_022689975.1.fna,GCF_031728335.1.fna,0.010313988,0.989686
GCF_022689705.1.fna,GCF_031728335.1.fna,0.022930622,0.9770694
GCF_031728835.1.fna,GCF_031728335.1.fna,0.009165645,0.99083436
GCF_031728115.1.fna,GCF_031728335.1.fna,0.0077809095,0.9922191
GCF_022689775.1.fna,GCF_031728335.1.fna,0.023301423,0.9766986
GCF_031728455.1.fna,GCF_031728335.1.fna,0.021086395,0.9789136
GCF_025143615.1.fna,GCF_031728335.1.fna,0.022565126,0.9774349
GCF_052950835.1.fna,GCF_031728335.1.fna,0.021361291,0.9786387
GCF_040947125.1.fna,GCF_031728335.1.fna,0.022348404,0.9776516
GCF_017315645.1.fna,GCF_031728335.1.fna,0.009406269,0.99059373
GCF_040947645.1.fna,GCF_031728335.1.fna,0.011132121,0.9888679
GCF_022690345.1.fna,GCF_031728335.1.fna,0.009086072,0.9909139
GCF_022689645.1.fna,GCF_031728335.1.fna,0.022420406,0.9775796
GCF_022690295.1.fna,GCF_031728335.1.fna,0.011264324,0.9887357
GCF_031728715.1.fna,GCF_031728335.1.fna,0.021430492,0.9785695
GCF_031728295.1.fna,GCF_031728335.1.fna,0.009979129,0.9900209
GCF_040947065.1.fna,GCF_031728335.1.fna,0.021920502,0.9780795
GCF_037695175.1.fna,GCF_031728335.1.fna,0.022637784,0.9773622
GCF_031728475.1.fna,GCF_031728335.1.fna,0.010826886,0.9891731
GCF_022690045.1.fna,GCF_031728095.1.fna,0.007088244,0.99291176
GCF_017315625.1.fna,GCF_031728095.1.fna,0.020747006,0.979253
GCF_900458635.1.fna,GCF_031728095.1.fna,0.007892609,0.9921074
GCF_022689565.1.fna,GCF_031728095.1.fna,0.020814478,0.9791855
GCF_029926905.1.fna,GCF_031728095.1.fna,0.023829877,0.9761701
GCF_040947025.1.fna,GCF_031728095.1.fna,0.022637784,0.9773622
GCF_022690065.1.fna,GCF_031728095.1.fna,0.022420406,0.9775796
GCF_022689765.1.fna,GCF_031728095.1.fna,0.022710681,0.9772893
GCF_022690265.1.fna,GCF_031728095.1.fna,0.022420406,0.9775796
GCF_022689615.1.fna,GCF_031728095.1.fna,0.02227658,0.9777234
GCF_031728745.1.fna,GCF_031728095.1.fna,0.021361291,0.9786387
GCF_022690275.1.fna,GCF_031728095.1.fna,0.023152411,0.9768476
GCF_047653515.1.fna,GCF_031728095.1.fna,0.021709323,0.9782907
GCF_031728275.1.fna,GCF_031728095.1.fna,0.00823164,0.99176836
GCF_022690115.1.fna,GCF_031728095.1.fna,0.025000513,0.9749995
GCF_031728735.1.fna,GCF_031728095.1.fna,0.021991313,0.9780087
GCF_036419895.1.fna,GCF_031728095.1.fna,0.006910026,0.99309
GCF_000269685.1.fna,GCF_031728095.1.fna,0.024059713,0.9759403
GCF_031728515.1.fna,GCF_031728095.1.fna,0.025241077,0.9747589
GCF_037700155.1.fna,GCF_031728095.1.fna,0.022062302,0.9779377
GCF_022690225.1.fna,GCF_031728095.1.fna,0.012540519,0.9874595
GCF_022689945.1.fna,GCF_031728095.1.fna,0.024291694,0.9757083
GCF_015274585.1.fna,GCF_031728095.1.fna,0.02184987,0.9781501
GCF_031728415.1.fna,GCF_031728095.1.fna,0.009365916,0.9906341
GCF_031729015.1.fna,GCF_031728095.1.fna,0.0070524216,0.9929476
GCF_037700315.1.fna,GCF_031728095.1.fna,0.0064199567,0.99358004
GCF_031728795.1.fna,GCF_031728095.1.fna,0.008849382,0.9911506
GCF_031728555.1.fna,GCF_031728095.1.fna,0.022420406,0.9775796
GCF_029926865.1.fna,GCF_031728095.1.fna,0.023829877,0.9761701
GCF_040947225.1.fna,GCF_031728095.1.fna,0.008117974,0.991882
GCF_031728695.1.fna,GCF_031728095.1.fna,0.0061115623,0.99388844
GCF_022689665.1.fna,GCF_031728095.1.fna,0.008927941,0.99107206
GCF_029926915.1.fna,GCF_031728095.1.fna,0.022710681,0.9772893
GCF_031728315.1.fna,GCF_031728095.1.fna,0.021292329,0.9787077
GCF_031727255.1.fna,GCF_031728095.1.fna,0.024369478,0.9756305
GCF_022690205.1.fna,GCF_031728095.1.fna,0.007855296,0.9921447
GCF_031727455.1.fna,GCF_031728095.1.fna,0.024214208,0.9757858
GCF_022690025.1.fna,GCF_031728095.1.fna,0.009245515,0.9907545
GCF_031727075.1.fna,GCF_031728095.1.fna,0.02227658,0.9777234
GCF_022690145.1.fna,GCF_031728095.1.fna,0.022420406,0.9775796
GCF_002901845.1.fna,GCF_031728095.1.fna,0.007892609,0.9921074
GCF_022689825.1.fna,GCF_031728095.1.fna,0.022710681,0.9772893
GCF_031728675.1.fna,GCF_031728095.1.fna,0.005774796,0.9942252
GCF_047653525.1.fna,GCF_031728095.1.fna,0.021779478,0.9782205
GCF_022690085.1.fna,GCF_031728095.1.fna,0.023602009,0.976398
GCF_037700135.1.fna,GCF_031728095.1.fna,0.023226798,0.9767732
GCF_025143205.1.fna,GCF_031728095.1.fna,0.022420406,0.9775796
GCF_031728895.1.fna,GCF_031728095.1.fna,0.008193672,0.9918063
GCF_040947605.1.fna,GCF_031728095.1.fna,0.022565126,0.9774349
GCF_031727355.1.fna,GCF_031728095.1.fna,0.020747006,0.979253
GCF_015274675.1.fna,GCF_031728095.1.fna,0.023004293,0.9769957
GCF_036420075.1.fna,GCF_031728095.1.fna,0.024214208,0.9757858
GCF_013267575.1.fna,GCF_031728095.1.fna,0.0055097938,0.9944902
GCF_031727055.1.fna,GCF_031728095.1.fna,0.01130861,0.9886914
GCF_037700375.1.fna,GCF_031728095.1.fna,0.008460999,0.991539
GCF_022690005.1.fna,GCF_031728095.1.fna,0.0071240664,0.99287593
GCF_031631055.1.fna,GCF_031728095.1.fna,0.012729287,0.9872707
GCF_031728495.1.fna,GCF_031728095.1.fna,0.007967472,0.9920325
GCF_964211265.1.fna,GCF_031728095.1.fna,0.008345962,0.99165404
GCF_031727535.1.fna,GCF_031728095.1.fna,0.009086072,0.9909139
GCF_025143445.1.fna,GCF_031728095.1.fna,0.007818103,0.9921819
GCF_022689855.1.fna,GCF_031728095.1.fna,0.008927941,0.99107206
GCF_022689725.1.fna,GCF_031728095.1.fna,0.008927941,0.99107206
GCF_031727275.1.fna,GCF_031728095.1.fna,0.008654237,0.99134576
GCF_031728235.1.fna,GCF_031728095.1.fna,0.024525821,0.9754742
GCF_040947205.1.fna,GCF_031728095.1.fna,0.022204995,0.977795
GCF_031727235.1.fna,GCF_031728095.1.fna,0.008888602,0.9911114
GCF_022690165.1.fna,GCF_031728095.1.fna,0.022420406,0.9775796
GCF_031728075.1.fna,GCF_031728095.1.fna,0.023376226,0.9766238
GCF_022689965.1.fna,GCF_031728095.1.fna,0.020612597,0.9793874
GCF_022689575.1.fna,GCF_031728095.1.fna,0.0089674,0.9910326
GCF_037694985.1.fna,GCF_031728095.1.fna,0.023226798,0.9767732
GCF_022690185.1.fna,GCF_031728095.1.fna,0.006910026,0.99309
GCF_031728335.1.fna,GCF_031728095.1.fna,0.023226798,0.9767732
GCF_031728095.1.fna,GCF_031728095.1.fna,0.0,1.0
GCF_022690385.1.fna,GCF_031728095.1.fna,0.023078203,0.9769218
GCF_022690425.1.fna,GCF_031728095.1.fna,0.023301423,0.9766986
GCF_022690375.1.fna,GCF_031728095.1.fna,0.009854972,0.990145
GCF_022689675.1.fna,GCF_031728095.1.fna,0.022348404,0.9776516
GCF_022690245.1.fna,GCF_031728095.1.fna,0.02213347,0.97786653
GCF_037700295.1.fna,GCF_031728095.1.fna,0.021991313,0.9780087
GCF_015274535.1.fna,GCF_031728095.1.fna,0.02184987,0.9781501
GCF_022689845.1.fna,GCF_031728095.1.fna,0.022930622,0.9770694
GCF_022689745.1.fna,GCF_031728095.1.fna,0.02227658,0.9777234
GCF_022689925.1.fna,GCF_031728095.1.fna,0.024214208,0.9757858
GCF_015274655.1.fna,GCF_031728095.1.fna,0.02184987,0.9781501
GCF_022690325.1.fna,GCF_031728095.1.fna,0.008042574,0.9919574
GCF_022689785.1.fna,GCF_031728095.1.fna,0.004990995,0.995009
GCF_031728155.1.fna,GCF_031728095.1.fna,0.022420406,0.9775796
GCF_037700455.1.fna,GCF_031728095.1.fna,0.008576691,0.9914233
GCF_022689905.1.fna,GCF_031728095.1.fna,0.021361291,0.9786387
GCF_022690105.1.fna,GCF_031728095.1.fna,0.022565126,0.9774349
GCF_022689975.1.fna,GCF_031728095.1.fna,0.022637784,0.9773622
GCF_022689705.1.fna,GCF_031728095.1.fna,0.010229826,0.9897702
GCF_031728835.1.fna,GCF_031728095.1.fna,0.022348404,0.9776516
GCF_031728115.1.fna,GCF_031728095.1.fna,0.022783816,0.9772162
GCF_022689775.1.fna,GCF_031728095.1.fna,0.0069811344,0.99301887
GCF_031728455.1.fna,GCF_031728095.1.fna,0.007967472,0.9920325
GCF_025143615.1.fna,GCF_031728095.1.fna,0.007340491,0.9926595
GCF_052950835.1.fna,GCF_031728095.1.fna,0.013649583,0.9863504
GCF_040947125.1.fna,GCF_031728095.1.fna,0.0089674,0.9910326
GCF_017315645.1.fna,GCF_031728095.1.fna,0.02184987,0.9781501
GCF_040947645.1.fna,GCF_031728095.1.fna,0.022565126,0.9774349
GCF_022690345.1.fna,GCF_031728095.1.fna,0.022204995,0.977795
GCF_022689645.1.fna,GCF_031728095.1.fna,0.010020673,0.9899793
GCF_022690295.1.fna,GCF_031728095.1.fna,0.024291694,0.9757083
GCF_031728715.1.fna,GCF_031728095.1.fna,0.0061455965,0.9938544
GCF_031728295.1.fna,GCF_031728095.1.fna,0.02227658,0.9777234
GCF_040947065.1.fna,GCF_031728095.1.fna,0.011983991,0.988016
GCF_037695175.1.fna,GCF_031728095.1.fna,0.009165645,0.99083436
GCF_031728475.1.fna,GCF_031728095.1.fna,0.022492707,0.9775073
GCF_022690045.1.fna,GCF_022690385.1.fna,0.021639287,0.9783607
GCF_017315625.1.fna,GCF_022690385.1.fna,0.010313988,0.989686
GCF_900458635.1.fna,GCF_022690385.1.fna,0.02227658,0.9777234
GCF_022689565.1.fna,GCF_022690385.1.fna,0.008927941,0.99107206
GCF_029926905.1.fna,GCF_022690385.1.fna,0.010313988,0.989686
GCF_040947025.1.fna,GCF_022690385.1.fna,0.009813786,0.9901862
GCF_022690065.1.fna,GCF_022690385.1.fna,0.008422613,0.9915774
GCF_022689765.1.fna,GCF_022690385.1.fna,0.0053786635,0.99462134
GCF_022690265.1.fna,GCF_022690385.1.fna,0.008155823,0.9918442
GCF_022689615.1.fna,GCF_022690385.1.fna,0.00823164,0.99176836
GCF_031728745.1.fna,GCF_022690385.1.fna,0.010483503,0.9895165
GCF_022690275.1.fna,GCF_022690385.1.fna,0.009937644,0.99006236
GCF_047653515.1.fna,GCF_022690385.1.fna,0.009006858,0.99099314
GCF_031728275.1.fna,GCF_022690385.1.fna,0.022420406,0.9775796
GCF_022690115.1.fna,GCF_022690385.1.fna,0.015134215,0.9848658
GCF_031728735.1.fna,GCF_022690385.1.fna,0.010783613,0.9892164
GCF_036419895.1.fna,GCF_022690385.1.fna,0.022420406,0.9775796
GCF_000269685.1.fna,GCF_022690385.1.fna,0.009406269,0.99059373
GCF_031728515.1.fna,GCF_022690385.1.fna,0.0094870925,0.9905129
GCF_037700155.1.fna,GCF_022690385.1.fna,0.008080244,0.99191976
GCF_022690225.1.fna,GCF_022690385.1.fna,0.022783816,0.9772162
GCF_022689945.1.fna,GCF_022690385.1.fna,0.010062277,0.9899377
GCF_015274585.1.fna,GCF_022690385.1.fna,0.010611594,0.9893884
GCF_031728415.1.fna,GCF_022690385.1.fna,0.024059713,0.9759403
GCF_031729015.1.fna,GCF_022690385.1.fna,0.02285707,0.97714293
GCF_037700315.1.fna,GCF_022690385.1.fna,0.024136782,0.9758632
GCF_031728795.1.fna,GCF_022690385.1.fna,0.021920502,0.9780795
GCF_031728555.1.fna,GCF_022690385.1.fna,0.008422613,0.9915774
GCF_029926865.1.fna,GCF_022690385.1.fna,0.010313988,0.989686
GCF_040947225.1.fna,GCF_022690385.1.fna,0.02115482,0.9788452
GCF_031728695.1.fna,GCF_022690385.1.fna,0.022565126,0.9774349
GCF_022689665.1.fna,GCF_022690385.1.fna,0.022783816,0.9772162
GCF_029926915.1.fna,GCF_022690385.1.fna,0.0094870925,0.9905129
GCF_031728315.1.fna,GCF_022690385.1.fna,0.0054441094,0.9945559
GCF_031727255.1.fna,GCF_022690385.1.fna,0.010654509,0.9893455
GCF_022690205.1.fna,GCF_022690385.1.fna,0.022783816,0.9772162
GCF_031727455.1.fna,GCF_022690385.1.fna,0.028863609,0.9711364
GCF_022690025.1.fna,GCF_022690385.1.fna,0.022637784,0.9773622
GCF_031727075.1.fna,GCF_022690385.1.fna,0.008269668,0.99173033
GCF_022690145.1.fna,GCF_022690385.1.fna,0.008307815,0.9916922
GCF_002901845.1.fna,GCF_022690385.1.fna,0.02213347,0.97786653
GCF_022689825.1.fna,GCF_022690385.1.fna,0.0053786635,0.99462134
GCF_031728675.1.fna,GCF_022690385.1.fna,0.022637784,0.9773622
GCF_047653525.1.fna,GCF_022690385.1.fna,0.010398626,0.9896014
GCF_022690085.1.fna,GCF_022690385.1.fna,0.027955472,0.9720445
GCF_037700135.1.fna,GCF_022690385.1.fna,0.0061115623,0.99388844
GCF_025143205.1.fna,GCF_022690385.1.fna,0.009086072,0.9909139
GCF_031728895.1.fna,GCF_022690385.1.fna,0.022348404,0.9776516
GCF_040947605.1.fna,GCF_022690385.1.fna,0.01010412,0.9898959
GCF_031727355.1.fna,GCF_022690385.1.fna,0.0089674,0.9910326
GCF_015274675.1.fna,GCF_022690385.1.fna,0.009365916,0.9906341
GCF_036420075.1.fna,GCF_022690385.1.fna,0.009979129,0.9900209
GCF_013267575.1.fna,GCF_022690385.1.fna,0.022710681,0.9772893
GCF_031727055.1.fna,GCF_022690385.1.fna,0.024920821,0.9750792
GCF_037700375.1.fna,GCF_022690385.1.fna,0.023677707,0.9763223
GCF_022690005.1.fna,GCF_022690385.1.fna,0.021639287,0.9783607
GCF_031631055.1.fna,GCF_022690385.1.fna,0.021709323,0.9782907
GCF_031728495.1.fna,GCF_022690385.1.fna,0.021499872,0.9785001
GCF_964211265.1.fna,GCF_022690385.1.fna,0.023301423,0.9766986
GCF_031727535.1.fna,GCF_022690385.1.fna,0.023602009,0.976398
GCF_025143445.1.fna,GCF_022690385.1.fna,0.021920502,0.9780795
GCF_022689855.1.fna,GCF_022690385.1.fna,0.02184987,0.9781501
GCF_022689725.1.fna,GCF_022690385.1.fna,0.022783816,0.9772162
GCF_031727275.1.fna,GCF_022690385.1.fna,0.022930622,0.9770694
GCF_031728235.1.fna,GCF_022690385.1.fna,0.010957122,0.9890429
GCF_040947205.1.fna,GCF_022690385.1.fna,0.008117974,0.991882
GCF_031727235.1.fna,GCF_022690385.1.fna,0.021779478,0.9782205
GCF_022690165.1.fna,GCF_022690385.1.fna,0.008422613,0.9915774
GCF_031728075.1.fna,GCF_022690385.1.fna,0.0077809095,0.9922191
GCF_022689965.1.fna,GCF_022690385.1.fna,0.00920558,0.9907944
GCF_022689575.1.fna,GCF_022690385.1.fna,0.022783816,0.9772162
GCF_037694985.1.fna,GCF_022690385.1.fna,0.007088244,0.99291176
GCF_022690185.1.fna,GCF_022690385.1.fna,0.022420406,0.9775796
GCF_031728335.1.fna,GCF_022690385.1.fna,0.011441886,0.9885581
GCF_031728095.1.fna,GCF_022690385.1.fna,0.023078203,0.9769218
GCF_022690385.1.fna,GCF_022690385.1.fna,0.0,1.0
GCF_022690425.1.fna,GCF_022690385.1.fna,0.007706821,0.9922932
GCF_022690375.1.fna,GCF_022690385.1.fna,0.023004293,0.9769957
GCF_022689675.1.fna,GCF_022690385.1.fna,0.008269668,0.99173033
GCF_022690245.1.fna,GCF_022690385.1.fna,0.008269668,0.99173033
GCF_037700295.1.fna,GCF_022690385.1.fna,0.008269668,0.99173033
GCF_015274535.1.fna,GCF_022690385.1.fna,0.010611594,0.9893884
GCF_022689845.1.fna,GCF_022690385.1.fna,0.005808234,0.99419177
GCF_022689745.1.fna,GCF_022690385.1.fna,0.008269668,0.99173033
GCF_022689925.1.fna,GCF_022690385.1.fna,0.0293293,0.9706707
GCF_015274655.1.fna,GCF_022690385.1.fna,0.010611594,0.9893884
GCF_022690325.1.fna,GCF_022690385.1.fna,0.02156949,0.9784305
GCF_022689785.1.fna,GCF_022690385.1.fna,0.021991313,0.9780087
GCF_031728155.1.fna,GCF_022690385.1.fna,0.008927941,0.99107206
GCF_037700455.1.fna,GCF_022690385.1.fna,0.02352649,0.9764735
GCF_022689905.1.fna,GCF_022690385.1.fna,0.005476892,0.9945231
GCF_022690105.1.fna,GCF_022690385.1.fna,0.011220098,0.9887799
GCF_022689975.1.fna,GCF_022690385.1.fna,0.00534606,0.99465394
GCF_022689705.1.fna,GCF_022690385.1.fna,0.023376226,0.9766238
GCF_031728835.1.fna,GCF_022690385.1.fna,0.008117974,0.991882
GCF_031728115.1.fna,GCF_022690385.1.fna,0.010441005,0.989559
GCF_022689775.1.fna,GCF_022690385.1.fna,0.022637784,0.9773622
GCF_031728455.1.fna,GCF_022690385.1.fna,0.021920502,0.9780795
GCF_025143615.1.fna,GCF_022690385.1.fna,0.022565126,0.9774349
GCF_052950835.1.fna,GCF_022690385.1.fna,0.021920502,0.9780795
GCF_040947125.1.fna,GCF_022690385.1.fna,0.023376226,0.9766238
GCF_017315645.1.fna,GCF_022690385.1.fna,0.0074132085,0.9925868
GCF_040947645.1.fna,GCF_022690385.1.fna,0.010062277,0.9899377
GCF_022690345.1.fna,GCF_022690385.1.fna,0.008888602,0.9911114
GCF_022689645.1.fna,GCF_022690385.1.fna,0.023602009,0.976398
GCF_022690295.1.fna,GCF_022690385.1.fna,0.010568798,0.9894312
GCF_031728715.1.fna,GCF_022690385.1.fna,0.02184987,0.9781501
GCF_031728295.1.fna,GCF_022690385.1.fna,0.0067687035,0.9932313
GCF_040947065.1.fna,GCF_022690385.1.fna,0.021709323,0.9782907
GCF_037695175.1.fna,GCF_022690385.1.fna,0.023301423,0.9766986
GCF_031728475.1.fna,GCF_022690385.1.fna,0.010313988,0.989686
GCF_022690045.1.fna,GCF_022690425.1.fna,0.021223426,0.9787766
GCF_017315625.1.fna,GCF_022690425.1.fna,0.010957122,0.9890429
GCF_900458635.1.fna,GCF_022690425.1.fna,0.021499872,0.9785001
GCF_022689565.1.fna,GCF_022690425.1.fna,0.009285569,0.99071443
GCF_029926905.1.fna,GCF_022690425.1.fna,0.008732021,0.991268
GCF_040947025.1.fna,GCF_022690425.1.fna,0.009165645,0.99083436
GCF_022690065.1.fna,GCF_022690425.1.fna,0.008042574,0.9919574
GCF_022689765.1.fna,GCF_022690425.1.fna,0.009165645,0.99083436
GCF_022690265.1.fna,GCF_022690425.1.fna,0.007632971,0.992367
GCF_022689615.1.fna,GCF_022690425.1.fna,0.0077809095,0.9922191
GCF_031728745.1.fna,GCF_022690425.1.fna,0.010229826,0.9897702
GCF_022690275.1.fna,GCF_022690425.1.fna,0.009086072,0.9909139
GCF_047653515.1.fna,GCF_022690425.1.fna,0.009285569,0.99071443
GCF_031728275.1.fna,GCF_022690425.1.fna,0.022204995,0.977795
GCF_022690115.1.fna,GCF_022690425.1.fna,0.014610827,0.9853892
GCF_031728735.1.fna,GCF_022690425.1.fna,0.009772658,0.99022734
GCF_036419895.1.fna,GCF_022690425.1.fna,0.022420406,0.9775796
GCF_000269685.1.fna,GCF_022690425.1.fna,0.009649754,0.99035025
GCF_031728515.1.fna,GCF_022690425.1.fna,0.008538067,0.99146193
GCF_037700155.1.fna,GCF_022690425.1.fna,0.008732021,0.991268
GCF_022690225.1.fna,GCF_022690425.1.fna,0.02227658,0.9777234
GCF_022689945.1.fna,GCF_022690425.1.fna,0.009325743,0.99067426
GCF_015274585.1.fna,GCF_022690425.1.fna,0.010526121,0.9894739
GCF_031728415.1.fna,GCF_022690425.1.fna,0.02285707,0.97714293
GCF_031729015.1.fna,GCF_022690425.1.fna,0.02285707,0.97714293
GCF_037700315.1.fna,GCF_022690425.1.fna,0.024136782,0.9758632
GCF_031728795.1.fna,GCF_022690425.1.fna,0.021709323,0.9782907
GCF_031728555.1.fna,GCF_022690425.1.fna,0.008004963,0.99199504
GCF_029926865.1.fna,GCF_022690425.1.fna,0.008732021,0.991268
GCF_040947225.1.fna,GCF_022690425.1.fna,0.02001667,0.9799833
GCF_031728695.1.fna,GCF_022690425.1.fna,0.023301423,0.9766986
GCF_022689665.1.fna,GCF_022690425.1.fna,0.022204995,0.977795
GCF_029926915.1.fna,GCF_022690425.1.fna,0.008042574,0.9919574
GCF_031728315.1.fna,GCF_022690425.1.fna,0.009086072,0.9909139
GCF_031727255.1.fna,GCF_022690425.1.fna,0.009690642,0.99030936
GCF_022690205.1.fna,GCF_022690425.1.fna,0.02285707,0.97714293
GCF_031727455.1.fna,GCF_022690425.1.fna,0.028956115,0.9710439
GCF_022690025.1.fna,GCF_022690425.1.fna,0.022348404,0.9776516
GCF_031727075.1.fna,GCF_022690425.1.fna,0.0077438354,0.99225616
GCF_022690145.1.fna,GCF_022690425.1.fna,0.008080244,0.99191976
GCF_002901845.1.fna,GCF_022690425.1.fna,0.021499872,0.9785001
GCF_022689825.1.fna,GCF_022690425.1.fna,0.009165645,0.99083436
GCF_031728675.1.fna,GCF_022690425.1.fna,0.02285707,0.97714293
GCF_047653525.1.fna,GCF_022690425.1.fna,0.010229826,0.9897702
GCF_022690085.1.fna,GCF_022690425.1.fna,0.027955472,0.9720445
GCF_037700135.1.fna,GCF_022690425.1.fna,0.009854972,0.990145
GCF_025143205.1.fna,GCF_022690425.1.fna,0.008810163,0.99118984
GCF_031728895.1.fna,GCF_022690425.1.fna,0.022348404,0.9776516
GCF_040947605.1.fna,GCF_022690425.1.fna,0.009568274,0.9904317
GCF_031727355.1.fna,GCF_022690425.1.fna,0.009285569,0.99071443
GCF_015274675.1.fna,GCF_022690425.1.fna,0.009406269,0.99059373
GCF_036420075.1.fna,GCF_022690425.1.fna,0.009325743,0.99067426
GCF_013267575.1.fna,GCF_022690425.1.fna,0.02285707,0.97714293
GCF_031727055.1.fna,GCF_022690425.1.fna,0.023602009,0.976398
GCF_037700375.1.fna,GCF_022690425.1.fna,0.022710681,0.9772893
GCF_022690005.1.fna,GCF_022690425.1.fna,0.02115482,0.9788452
GCF_031631055.1.fna,GCF_022690425.1.fna,0.02115482,0.9788452
GCF_031728495.1.fna,GCF_022690425.1.fna,0.02088219,0.9791178
GCF_964211265.1.fna,GCF_022690425.1.fna,0.022492707,0.9775073
GCF_031727535.1.fna,GCF_022690425.1.fna,0.022783816,0.9772162
GCF_025143445.1.fna,GCF_022690425.1.fna,0.022637784,0.9773622
GCF_022689855.1.fna,GCF_022690425.1.fna,0.02184987,0.9781501
GCF_022689725.1.fna,GCF_022690425.1.fna,0.022204995,0.977795
GCF_031727275.1.fna,GCF_022690425.1.fna,0.021361291,0.9786387
GCF_031728235.1.fna,GCF_022690425.1.fna,0.009608984,0.990391
GCF_040947205.1.fna,GCF_022690425.1.fna,0.008384287,0.9916157
GCF_031727235.1.fna,GCF_022690425.1.fna,0.021779478,0.9782205
GCF_022690165.1.fna,GCF_022690425.1.fna,0.008042574,0.9919574
GCF_031728075.1.fna,GCF_022690425.1.fna,4.7683716e-05,0.9999523
GCF_022689965.1.fna,GCF_022690425.1.fna,0.00920558,0.9907944
GCF_022689575.1.fna,GCF_022690425.1.fna,0.022204995,0.977795
GCF_037694985.1.fna,GCF_022690425.1.fna,0.010783613,0.9892164
GCF_022690185.1.fna,GCF_022690425.1.fna,0.022492707,0.9775073
GCF_031728335.1.fna,GCF_022690425.1.fna,0.010826886,0.9891731
GCF_031728095.1.fna,GCF_022690425.1.fna,0.023301423,0.9766986
GCF_022690385.1.fna,GCF_022690425.1.fna,0.007706821,0.9922932
GCF_022690425.1.fna,GCF_022690425.1.fna,0.0,1.0
GCF_022690375.1.fna,GCF_022690425.1.fna,0.021991313,0.9780087
GCF_022689675.1.fna,GCF_022690425.1.fna,0.007892609,0.9921074
GCF_022690245.1.fna,GCF_022690425.1.fna,0.009406269,0.99059373
GCF_037700295.1.fna,GCF_022690425.1.fna,0.008849382,0.9911506
GCF_015274535.1.fna,GCF_022690425.1.fna,0.010526121,0.9894739
GCF_022689845.1.fna,GCF_022690425.1.fna,0.009608984,0.990391
GCF_022689745.1.fna,GCF_022690425.1.fna,0.0077438354,0.99225616
GCF_022689925.1.fna,GCF_022690425.1.fna,0.029517889,0.9704821
GCF_015274655.1.fna,GCF_022690425.1.fna,0.010526121,0.9894739
GCF_022690325.1.fna,GCF_022690425.1.fna,0.021361291,0.9786387
GCF_022689785.1.fna,GCF_022690425.1.fna,0.021361291,0.9786387
GCF_031728155.1.fna,GCF_022690425.1.fna,0.008693099,0.9913069
GCF_037700455.1.fna,GCF_022690425.1.fna,0.022637784,0.9773622
GCF_022689905.1.fna,GCF_022690425.1.fna,0.009165645,0.99083436
GCF_022690105.1.fna,GCF_022690425.1.fna,0.010611594,0.9893884
GCF_022689975.1.fna,GCF_022690425.1.fna,0.00920558,0.9907944
GCF_022689705.1.fna,GCF_022690425.1.fna,0.021991313,0.9780087
GCF_031728835.1.fna,GCF_022690425.1.fna,0.0075961947,0.9924038
GCF_031728115.1.fna,GCF_022690425.1.fna,0.010654509,0.9893455
GCF_022689775.1.fna,GCF_022690425.1.fna,0.022348404,0.9776516
GCF_031728455.1.fna,GCF_022690425.1.fna,0.020478904,0.9795211
GCF_025143615.1.fna,GCF_022690425.1.fna,0.02184987,0.9781501
GCF_052950835.1.fna,GCF_022690425.1.fna,0.022204995,0.977795
GCF_040947125.1.fna,GCF_022690425.1.fna,0.02285707,0.97714293
GCF_017315645.1.fna,GCF_022690425.1.fna,0.009086072,0.9909139
GCF_040947645.1.fna,GCF_022690425.1.fna,0.009608984,0.990391
GCF_022690345.1.fna,GCF_022690425.1.fna,0.008771062,0.99122894
GCF_022689645.1.fna,GCF_022690425.1.fna,0.022637784,0.9773622
GCF_022690295.1.fna,GCF_022690425.1.fna,0.009649754,0.99035025
GCF_031728715.1.fna,GCF_022690425.1.fna,0.021430492,0.9785695
GCF_031728295.1.fna,GCF_022690425.1.fna,0.008771062,0.99122894
GCF_040947065.1.fna,GCF_022690425.1.fna,0.022204995,0.977795
GCF_037695175.1.fna,GCF_022690425.1.fna,0.023376226,0.9766238
GCF_031728475.1.fna,GCF_022690425.1.fna,0.01010412,0.9898959
GCF_022690045.1.fna,GCF_022690375.1.fna,0.008810163,0.99118984
GCF_017315625.1.fna,GCF_022690375.1.fna,0.020279706,0.9797203
GCF_900458635.1.fna,GCF_022690375.1.fna,0.0064892173,0.9935108
GCF_022689565.1.fna,GCF_022690375.1.fna,0.02156949,0.9784305
GCF_029926905.1.fna,GCF_022690375.1.fna,0.022492707,0.9775073
GCF_040947025.1.fna,GCF_022690375.1.fna,0.021292329,0.9787077
GCF_022690065.1.fna,GCF_022690375.1.fna,0.021499872,0.9785001
GCF_022689765.1.fna,GCF_022690375.1.fna,0.022930622,0.9770694
GCF_022690265.1.fna,GCF_022690375.1.fna,0.021779478,0.9782205
GCF_022689615.1.fna,GCF_022690375.1.fna,0.02156949,0.9784305
GCF_031728745.1.fna,GCF_022690375.1.fna,0.021018088,0.9789819
GCF_022690275.1.fna,GCF_022690375.1.fna,0.023078203,0.9769218
GCF_047653515.1.fna,GCF_022690375.1.fna,0.022062302,0.9779377
GCF_031728275.1.fna,GCF_022690375.1.fna,0.009527624,0.9904724
GCF_022690115.1.fna,GCF_022690375.1.fna,0.024525821,0.9754742
GCF_031728735.1.fna,GCF_022690375.1.fna,0.021709323,0.9782907
GCF_036419895.1.fna,GCF_022690375.1.fna,0.008771062,0.99122894
GCF_000269685.1.fna,GCF_022690375.1.fna,0.022783816,0.9772162
GCF_031728515.1.fna,GCF_022690375.1.fna,0.0244475,0.9755525
GCF_037700155.1.fna,GCF_022690375.1.fna,0.02156949,0.9784305
GCF_022690225.1.fna,GCF_022690375.1.fna,0.011352897,0.9886471
GCF_022689945.1.fna,GCF_022690375.1.fna,0.023602009,0.976398
GCF_015274585.1.fna,GCF_022690375.1.fna,0.021361291,0.9786387
GCF_031728415.1.fna,GCF_022690375.1.fna,0.009245515,0.9907545
GCF_031729015.1.fna,GCF_022690375.1.fna,0.009006858,0.99099314
GCF_037700315.1.fna,GCF_022690375.1.fna,0.009854972,0.990145
GCF_031728795.1.fna,GCF_022690375.1.fna,0.010229826,0.9897702
GCF_031728555.1.fna,GCF_022690375.1.fna,0.021499872,0.9785001
GCF_029926865.1.fna,GCF_022690375.1.fna,0.022492707,0.9775073
GCF_040947225.1.fna,GCF_022690375.1.fna,0.009086072,0.9909139
GCF_031728695.1.fna,GCF_022690375.1.fna,0.008615434,0.99138457
GCF_022689665.1.fna,GCF_022690375.1.fna,0.0071959496,0.99280405
GCF_029926915.1.fna,GCF_022690375.1.fna,0.021292329,0.9787077
GCF_031728315.1.fna,GCF_022690375.1.fna,0.021086395,0.9789136
GCF_031727255.1.fna,GCF_022690375.1.fna,0.023152411,0.9768476
GCF_022690205.1.fna,GCF_022690375.1.fna,0.009649754,0.99035025
GCF_031727455.1.fna,GCF_022690375.1.fna,0.024059713,0.9759403
GCF_022690025.1.fna,GCF_022690375.1.fna,0.007706821,0.9922932
GCF_031727075.1.fna,GCF_022690375.1.fna,0.02156949,0.9784305
GCF_022690145.1.fna,GCF_022690375.1.fna,0.021499872,0.9785001
GCF_002901845.1.fna,GCF_022690375.1.fna,0.0064892173,0.9935108
GCF_022689825.1.fna,GCF_022690375.1.fna,0.022930622,0.9770694
GCF_031728675.1.fna,GCF_022690375.1.fna,0.007706821,0.9922932
GCF_047653525.1.fna,GCF_022690375.1.fna,0.021361291,0.9786387
GCF_022690085.1.fna,GCF_022690375.1.fna,0.023376226,0.9766238
GCF_037700135.1.fna,GCF_022690375.1.fna,0.023078203,0.9769218
GCF_025143205.1.fna,GCF_022690375.1.fna,0.021499872,0.9785001
GCF_031728895.1.fna,GCF_022690375.1.fna,0.009006858,0.99099314
GCF_040947605.1.fna,GCF_022690375.1.fna,0.021292329,0.9787077
GCF_031727355.1.fna,GCF_022690375.1.fna,0.02156949,0.9784305
GCF_015274675.1.fna,GCF_022690375.1.fna,0.022637784,0.9773622
GCF_036420075.1.fna,GCF_022690375.1.fna,0.023451328,0.9765487
GCF_013267575.1.fna,GCF_022690375.1.fna,0.0075961947,0.9924038
GCF_031727055.1.fna,GCF_022690375.1.fna,0.0094870925,0.9905129
GCF_037700375.1.fna,GCF_022690375.1.fna,0.006663382,0.9933366
GCF_022690005.1.fna,GCF_022690375.1.fna,0.008849382,0.9911506
GCF_031631055.1.fna,GCF_022690375.1.fna,0.01175642,0.9882436
GCF_031728495.1.fna,GCF_022690375.1.fna,0.0074132085,0.9925868
GCF_964211265.1.fna,GCF_022690375.1.fna,0.007818103,0.9921819
GCF_031727535.1.fna,GCF_022690375.1.fna,0.007016778,0.9929832
GCF_025143445.1.fna,GCF_022690375.1.fna,0.008888602,0.9911114
GCF_022689855.1.fna,GCF_022690375.1.fna,0.009325743,0.99067426
GCF_022689725.1.fna,GCF_022690375.1.fna,0.0071959496,0.99280405
GCF_031727275.1.fna,GCF_022690375.1.fna,0.008269668,0.99173033
GCF_031728235.1.fna,GCF_022690375.1.fna,0.023982882,0.9760171
GCF_040947205.1.fna,GCF_022690375.1.fna,0.021639287,0.9783607
GCF_031727235.1.fna,GCF_022690375.1.fna,0.009285569,0.99071443
GCF_022690165.1.fna,GCF_022690375.1.fna,0.021499872,0.9785001
GCF_031728075.1.fna,GCF_022690375.1.fna,0.021991313,0.9780087
GCF_022689965.1.fna,GCF_022690375.1.fna,0.020950079,0.9790499
GCF_022689575.1.fna,GCF_022690375.1.fna,0.0072319508,0.99276805
GCF_037694985.1.fna,GCF_022690375.1.fna,0.023301423,0.9766986
GCF_022690185.1.fna,GCF_022690375.1.fna,0.008888602,0.9911114
GCF_031728335.1.fna,GCF_022690375.1.fna,0.022420406,0.9775796
GCF_031728095.1.fna,GCF_022690375.1.fna,0.009854972,0.990145
GCF_022690385.1.fna,GCF_022690375.1.fna,0.023004293,0.9769957
GCF_022690425.1.fna,GCF_022690375.1.fna,0.021991313,0.9780087
GCF_022690375.1.fna,GCF_022690375.1.fna,0.0,1.0
GCF_022689675.1.fna,GCF_022690375.1.fna,0.021430492,0.9785695
GCF_022690245.1.fna,GCF_022690375.1.fna,0.021499872,0.9785001
GCF_037700295.1.fna,GCF_022690375.1.fna,0.021430492,0.9785695
GCF_015274535.1.fna,GCF_022690375.1.fna,0.021361291,0.9786387
GCF_022689845.1.fna,GCF_022690375.1.fna,0.022420406,0.9775796
GCF_022689745.1.fna,GCF_022690375.1.fna,0.02156949,0.9784305
GCF_022689925.1.fna,GCF_022690375.1.fna,0.024841309,0.9751587
GCF_015274655.1.fna,GCF_022690375.1.fna,0.021361291,0.9786387
GCF_022690325.1.fna,GCF_022690375.1.fna,0.009649754,0.99035025
GCF_022689785.1.fna,GCF_022690375.1.fna,0.007929981,0.99207
GCF_031728155.1.fna,GCF_022690375.1.fna,0.021639287,0.9783607
GCF_037700455.1.fna,GCF_022690375.1.fna,0.0067687035,0.9932313
GCF_022689905.1.fna,GCF_022690375.1.fna,0.021086395,0.9789136
GCF_022690105.1.fna,GCF_022690375.1.fna,0.022204995,0.977795
GCF_022689975.1.fna,GCF_022690375.1.fna,0.022930622,0.9770694
GCF_022689705.1.fna,GCF_022690375.1.fna,0.009446621,0.9905534
GCF_031728835.1.fna,GCF_022690375.1.fna,0.021499872,0.9785001
GCF_031728115.1.fna,GCF_022690375.1.fna,0.021709323,0.9782907
GCF_022689775.1.fna,GCF_022690375.1.fna,0.009325743,0.99067426
GCF_031728455.1.fna,GCF_022690375.1.fna,0.0075961947,0.9924038
GCF_025143615.1.fna,GCF_022690375.1.fna,0.009285569,0.99071443
GCF_052950835.1.fna,GCF_022690375.1.fna,0.012493491,0.9875065
GCF_040947125.1.fna,GCF_022690375.1.fna,0.0074132085,0.9925868
GCF_017315645.1.fna,GCF_022690375.1.fna,0.020814478,0.9791855
GCF_040947645.1.fna,GCF_022690375.1.fna,0.021292329,0.9787077
GCF_022690345.1.fna,GCF_022690375.1.fna,0.021430492,0.9785695
GCF_022689645.1.fna,GCF_022690375.1.fna,0.009245515,0.9907545
GCF_022690295.1.fna,GCF_022690375.1.fna,0.023152411,0.9768476
GCF_031728715.1.fna,GCF_022690375.1.fna,0.007967472,0.9920325
GCF_031728295.1.fna,GCF_022690375.1.fna,0.021499872,0.9785001
GCF_040947065.1.fna,GCF_022690375.1.fna,0.011441886,0.9885581
GCF_037695175.1.fna,GCF_022690375.1.fna,0.0072319508,0.99276805
GCF_031728475.1.fna,GCF_022690375.1.fna,0.022420406,0.9775796
GCF_022690045.1.fna,GCF_022689675.1.fna,0.020345926,0.9796541
GCF_017315625.1.fna,GCF_022689675.1.fna,0.009325743,0.99067426
GCF_900458635.1.fna,GCF_022689675.1.fna,0.021086395,0.9789136
GCF_022689565.1.fna,GCF_022689675.1.fna,0.008117974,0.991882
GCF_029926905.1.fna,GCF_022689675.1.fna,0.009325743,0.99067426
GCF_040947025.1.fna,GCF_022689675.1.fna,0.008771062,0.99122894
GCF_022690065.1.fna,GCF_022689675.1.fna,0.007340491,0.9926595
GCF_022689765.1.fna,GCF_022689675.1.fna,0.007268071,0.9927319
GCF_022690265.1.fna,GCF_022689675.1.fna,0.006910026,0.99309
GCF_022689615.1.fna,GCF_022689675.1.fna,9.5546246e-05,0.99990445
GCF_031728745.1.fna,GCF_022689675.1.fna,0.008004963,0.99199504
GCF_022690275.1.fna,GCF_022689675.1.fna,0.008269668,0.99173033
GCF_047653515.1.fna,GCF_022689675.1.fna,0.008654237,0.99134576
GCF_031728275.1.fna,GCF_022689675.1.fna,0.020747006,0.979253
GCF_022690115.1.fna,GCF_022689675.1.fna,0.0144562125,0.9855438
GCF_031728735.1.fna,GCF_022689675.1.fna,0.010356188,0.9896438
GCF_036419895.1.fna,GCF_022689675.1.fna,0.020950079,0.9790499
GCF_000269685.1.fna,GCF_022689675.1.fna,0.009527624,0.9904724
GCF_031728515.1.fna,GCF_022689675.1.fna,0.010020673,0.9899793
GCF_037700155.1.fna,GCF_022689675.1.fna,0.0059087873,0.9940912
GCF_022690225.1.fna,GCF_022689675.1.fna,0.02156949,0.9784305
GCF_022689945.1.fna,GCF_022689675.1.fna,0.009649754,0.99035025
GCF_015274585.1.fna,GCF_022689675.1.fna,0.008849382,0.9911506
GCF_031728415.1.fna,GCF_022689675.1.fna,0.022062302,0.9779377
GCF_031729015.1.fna,GCF_022689675.1.fna,0.02156949,0.9784305
GCF_037700315.1.fna,GCF_022689675.1.fna,0.02285707,0.97714293
GCF_031728795.1.fna,GCF_022689675.1.fna,0.0201478,0.9798522
GCF_031728555.1.fna,GCF_022689675.1.fna,0.007304251,0.99269575
GCF_029926865.1.fna,GCF_022689675.1.fna,0.009325743,0.99067426
GCF_040947225.1.fna,GCF_022689675.1.fna,0.019691885,0.9803081
GCF_031728695.1.fna,GCF_022689675.1.fna,0.02184987,0.9781501
GCF_022689665.1.fna,GCF_022689675.1.fna,0.022062302,0.9779377
GCF_029926915.1.fna,GCF_022689675.1.fna,0.008422613,0.9915774
GCF_031728315.1.fna,GCF_022689675.1.fna,0.007522762,0.99247724
GCF_031727255.1.fna,GCF_022689675.1.fna,0.009568274,0.9904317
GCF_022690205.1.fna,GCF_022689675.1.fna,0.02184987,0.9781501
GCF_031727455.1.fna,GCF_022689675.1.fna,0.02707702,0.972923
GCF_022690025.1.fna,GCF_022689675.1.fna,0.02213347,0.97786653
GCF_031727075.1.fna,GCF_022689675.1.fna,0.00011950731,0.9998805
GCF_022690145.1.fna,GCF_022689675.1.fna,0.0072319508,0.99276805
GCF_002901845.1.fna,GCF_022689675.1.fna,0.021086395,0.9789136
GCF_022689825.1.fna,GCF_022689675.1.fna,0.007268071,0.9927319
GCF_031728675.1.fna,GCF_022689675.1.fna,0.021430492,0.9785695
GCF_047653525.1.fna,GCF_022689675.1.fna,0.008888602,0.9911114
GCF_022690085.1.fna,GCF_022689675.1.fna,0.025811493,0.9741885
GCF_037700135.1.fna,GCF_022689675.1.fna,0.0077809095,0.9922191
GCF_025143205.1.fna,GCF_022689675.1.fna,0.007818103,0.9921819
GCF_031728895.1.fna,GCF_022689675.1.fna,0.020545602,0.9794544
GCF_040947605.1.fna,GCF_022689675.1.fna,0.008810163,0.99118984
GCF_031727355.1.fna,GCF_022689675.1.fna,0.008117974,0.991882
GCF_015274675.1.fna,GCF_022689675.1.fna,0.009325743,0.99067426
GCF_036420075.1.fna,GCF_022689675.1.fna,0.009649754,0.99035025
GCF_013267575.1.fna,GCF_022689675.1.fna,0.021499872,0.9785001
GCF_031727055.1.fna,GCF_022689675.1.fna,0.024059713,0.9759403
GCF_037700375.1.fna,GCF_022689675.1.fna,0.021709323,0.9782907
GCF_022690005.1.fna,GCF_022689675.1.fna,0.020412326,0.9795877
GCF_031631055.1.fna,GCF_022689675.1.fna,0.020412326,0.9795877
GCF_031728495.1.fna,GCF_022689675.1.fna,0.019821286,0.9801787
GCF_964211265.1.fna,GCF_022689675.1.fna,0.021639287,0.9783607
GCF_031727535.1.fna,GCF_022689675.1.fna,0.02227658,0.9777234
GCF_025143445.1.fna,GCF_022689675.1.fna,0.021086395,0.9789136
GCF_022689855.1.fna,GCF_022689675.1.fna,0.02156949,0.9784305
GCF_022689725.1.fna,GCF_022689675.1.fna,0.022062302,0.9779377
GCF_031727275.1.fna,GCF_022689675.1.fna,0.020950079,0.9790499
GCF_031728235.1.fna,GCF_022689675.1.fna,0.010271788,0.9897282
GCF_040947205.1.fna,GCF_022689675.1.fna,0.007706821,0.9922932
GCF_031727235.1.fna,GCF_022689675.1.fna,0.021499872,0.9785001
GCF_022690165.1.fna,GCF_022689675.1.fna,0.007340491,0.9926595
GCF_031728075.1.fna,GCF_022689675.1.fna,0.007892609,0.9921074
GCF_022689965.1.fna,GCF_022689675.1.fna,0.008460999,0.991539
GCF_022689575.1.fna,GCF_022689675.1.fna,0.022062302,0.9779377
GCF_037694985.1.fna,GCF_022689675.1.fna,0.008927941,0.99107206
GCF_022690185.1.fna,GCF_022689675.1.fna,0.02088219,0.9791178
GCF_031728335.1.fna,GCF_022689675.1.fna,0.009772658,0.99022734
GCF_031728095.1.fna,GCF_022689675.1.fna,0.022348404,0.9776516
GCF_022690385.1.fna,GCF_022689675.1.fna,0.008269668,0.99173033
GCF_022690425.1.fna,GCF_022689675.1.fna,0.007892609,0.9921074
GCF_022690375.1.fna,GCF_022689675.1.fna,0.021430492,0.9785695
GCF_022689675.1.fna,GCF_022689675.1.fna,0.0,1.0
GCF_022690245.1.fna,GCF_022689675.1.fna,0.007855296,0.9921447
GCF_037700295.1.fna,GCF_022689675.1.fna,0.0060775876,0.9939224
GCF_015274535.1.fna,GCF_022689675.1.fna,0.008849382,0.9911506
GCF_022689845.1.fna,GCF_022689675.1.fna,0.007522762,0.99247724
GCF_022689745.1.fna,GCF_022689675.1.fna,9.5546246e-05,0.99990445
GCF_022689925.1.fna,GCF_022689675.1.fna,0.02768892,0.9723111
GCF_015274655.1.fna,GCF_022689675.1.fna,0.008849382,0.9911506
GCF_022690325.1.fna,GCF_022689675.1.fna,0.020279706,0.9797203
GCF_022689785.1.fna,GCF_022689675.1.fna,0.020213723,0.9797863
GCF_031728155.1.fna,GCF_022689675.1.fna,0.007967472,0.9920325
GCF_037700455.1.fna,GCF_022689675.1.fna,0.021639287,0.9783607
GCF_022689905.1.fna,GCF_022689675.1.fna,0.007632971,0.992367
GCF_022690105.1.fna,GCF_022689675.1.fna,0.009365916,0.9906341
GCF_022689975.1.fna,GCF_022689675.1.fna,0.007304251,0.99269575
GCF_022689705.1.fna,GCF_022689675.1.fna,0.022565126,0.9774349
GCF_031728835.1.fna,GCF_022689675.1.fna,0.006663382,0.9933366
GCF_031728115.1.fna,GCF_022689675.1.fna,0.009285569,0.99071443
GCF_022689775.1.fna,GCF_022689675.1.fna,0.02088219,0.9791178
GCF_031728455.1.fna,GCF_022689675.1.fna,0.020412326,0.9795877
GCF_025143615.1.fna,GCF_022689675.1.fna,0.021223426,0.9787766
GCF_052950835.1.fna,GCF_022689675.1.fna,0.020279706,0.9797203
GCF_040947125.1.fna,GCF_022689675.1.fna,0.022062302,0.9779377
GCF_017315645.1.fna,GCF_022689675.1.fna,0.007304251,0.99269575
GCF_040947645.1.fna,GCF_022689675.1.fna,0.008849382,0.9911506
GCF_022690345.1.fna,GCF_022689675.1.fna,0.008004963,0.99199504
GCF_022689645.1.fna,GCF_022689675.1.fna,0.02184987,0.9781501
GCF_022690295.1.fna,GCF_022689675.1.fna,0.0094870925,0.9905129
GCF_031728715.1.fna,GCF_022689675.1.fna,0.020478904,0.9795211
GCF_031728295.1.fna,GCF_022689675.1.fna,0.007304251,0.99269575
GCF_040947065.1.fna,GCF_022689675.1.fna,0.020478904,0.9795211
GCF_037695175.1.fna,GCF_022689675.1.fna,0.022420406,0.9775796
GCF_031728475.1.fna,GCF_022689675.1.fna,0.008460999,0.991539
GCF_022690045.1.fna,GCF_022690245.1.fna,0.02115482,0.9788452
GCF_017315625.1.fna,GCF_022690245.1.fna,0.009046435,0.99095356
GCF_900458635.1.fna,GCF_022690245.1.fna,0.021361291,0.9786387
GCF_022689565.1.fna,GCF_022690245.1.fna,0.008269668,0.99173033
GCF_029926905.1.fna,GCF_022690245.1.fna,0.010568798,0.9894312
GCF_040947025.1.fna,GCF_022690245.1.fna,0.008615434,0.99138457
GCF_022690065.1.fna,GCF_022690245.1.fna,0.007669866,0.99233013
GCF_022689765.1.fna,GCF_022690245.1.fna,0.0077809095,0.9922191
GCF_022690265.1.fna,GCF_022690245.1.fna,0.0075594783,0.9924405
GCF_022689615.1.fna,GCF_022690245.1.fna,0.007706821,0.9922932
GCF_031728745.1.fna,GCF_022690245.1.fna,0.008345962,0.99165404
GCF_022690275.1.fna,GCF_022690245.1.fna,0.007268071,0.9927319
GCF_047653515.1.fna,GCF_022690245.1.fna,0.007632971,0.992367
GCF_031728275.1.fna,GCF_022690245.1.fna,0.02227658,0.9777234
GCF_022690115.1.fna,GCF_022690245.1.fna,0.0139988065,0.9860012
GCF_031728735.1.fna,GCF_022690245.1.fna,0.008499503,0.9915005
GCF_036419895.1.fna,GCF_022690245.1.fna,0.021430492,0.9785695
GCF_000269685.1.fna,GCF_022690245.1.fna,0.009245515,0.9907545
GCF_031728515.1.fna,GCF_022690245.1.fna,0.010740519,0.9892595
GCF_037700155.1.fna,GCF_022690245.1.fna,0.0077438354,0.99225616
GCF_022690225.1.fna,GCF_022690245.1.fna,0.02156949,0.9784305
GCF_022689945.1.fna,GCF_022690245.1.fna,0.010062277,0.9899377
GCF_015274585.1.fna,GCF_022690245.1.fna,0.008384287,0.9916157
GCF_031728415.1.fna,GCF_022690245.1.fna,0.023226798,0.9767732
GCF_031729015.1.fna,GCF_022690245.1.fna,0.021709323,0.9782907
GCF_037700315.1.fna,GCF_022690245.1.fna,0.023152411,0.9768476
GCF_031728795.1.fna,GCF_022690245.1.fna,0.020279706,0.9797203
GCF_031728555.1.fna,GCF_022690245.1.fna,0.007632971,0.992367
GCF_029926865.1.fna,GCF_022690245.1.fna,0.010568798,0.9894312
GCF_040947225.1.fna,GCF_022690245.1.fna,0.021018088,0.9789819
GCF_031728695.1.fna,GCF_022690245.1.fna,0.021709323,0.9782907
GCF_022689665.1.fna,GCF_022690245.1.fna,0.022204995,0.977795
GCF_029926915.1.fna,GCF_022690245.1.fna,0.009731591,0.9902684
GCF_031728315.1.fna,GCF_022690245.1.fna,0.006523907,0.9934761
GCF_031727255.1.fna,GCF_022690245.1.fna,0.010526121,0.9894739
GCF_022690205.1.fna,GCF_022690245.1.fna,0.022710681,0.9772893
GCF_031727455.1.fna,GCF_022690245.1.fna,0.027600586,0.9723994
GCF_022690025.1.fna,GCF_022690245.1.fna,0.022420406,0.9775796
GCF_031727075.1.fna,GCF_022690245.1.fna,0.0077809095,0.9922191
GCF_022690145.1.fna,GCF_022690245.1.fna,0.0077438354,0.99225616
GCF_002901845.1.fna,GCF_022690245.1.fna,0.021292329,0.9787077
GCF_022689825.1.fna,GCF_022690245.1.fna,0.0077809095,0.9922191
GCF_031728675.1.fna,GCF_022690245.1.fna,0.022204995,0.977795
GCF_047653525.1.fna,GCF_022690245.1.fna,0.0089674,0.9910326
GCF_022690085.1.fna,GCF_022690245.1.fna,0.026478827,0.9735212
GCF_037700135.1.fna,GCF_022690245.1.fna,0.007340491,0.9926595
GCF_025143205.1.fna,GCF_022690245.1.fna,0.008499503,0.9915005
GCF_031728895.1.fna,GCF_022690245.1.fna,0.021639287,0.9783607
GCF_040947605.1.fna,GCF_022690245.1.fna,0.010229826,0.9897702
GCF_031727355.1.fna,GCF_022690245.1.fna,0.008307815,0.9916922
GCF_015274675.1.fna,GCF_022690245.1.fna,0.0077438354,0.99225616
GCF_036420075.1.fna,GCF_022690245.1.fna,0.010020673,0.9899793
GCF_013267575.1.fna,GCF_022690245.1.fna,0.02213347,0.97786653
GCF_031727055.1.fna,GCF_022690245.1.fna,0.02390629,0.9760937
GCF_037700375.1.fna,GCF_022690245.1.fna,0.02213347,0.97786653
GCF_022690005.1.fna,GCF_022690245.1.fna,0.021223426,0.9787766
GCF_031631055.1.fna,GCF_022690245.1.fna,0.020747006,0.979253
GCF_031728495.1.fna,GCF_022690245.1.fna,0.021086395,0.9789136
GCF_964211265.1.fna,GCF_022690245.1.fna,0.02213347,0.97786653
GCF_031727535.1.fna,GCF_022690245.1.fna,0.022637784,0.9773622
GCF_025143445.1.fna,GCF_022690245.1.fna,0.02213347,0.97786653
GCF_022689855.1.fna,GCF_022690245.1.fna,0.02227658,0.9777234
GCF_022689725.1.fna,GCF_022690245.1.fna,0.022204995,0.977795
GCF_031727275.1.fna,GCF_022690245.1.fna,0.021991313,0.9780087
GCF_031728235.1.fna,GCF_022690245.1.fna,0.008460999,0.991539
GCF_040947205.1.fna,GCF_022690245.1.fna,0.007818103,0.9921819
GCF_031727235.1.fna,GCF_022690245.1.fna,0.022204995,0.977795
GCF_022690165.1.fna,GCF_022690245.1.fna,0.007669866,0.99233013
GCF_031728075.1.fna,GCF_022690245.1.fna,0.009406269,0.99059373
GCF_022689965.1.fna,GCF_022690245.1.fna,0.008771062,0.99122894
GCF_022689575.1.fna,GCF_022690245.1.fna,0.022204995,0.977795
GCF_037694985.1.fna,GCF_022690245.1.fna,0.008345962,0.99165404
GCF_022690185.1.fna,GCF_022690245.1.fna,0.021430492,0.9785695
GCF_031728335.1.fna,GCF_022690245.1.fna,0.008888602,0.9911114
GCF_031728095.1.fna,GCF_022690245.1.fna,0.02213347,0.97786653
GCF_022690385.1.fna,GCF_022690245.1.fna,0.008269668,0.99173033
GCF_022690425.1.fna,GCF_022690245.1.fna,0.009406269,0.99059373
GCF_022690375.1.fna,GCF_022690245.1.fna,0.021499872,0.9785001
GCF_022689675.1.fna,GCF_022690245.1.fna,0.007855296,0.9921447
GCF_022690245.1.fna,GCF_022690245.1.fna,0.0,1.0
GCF_037700295.1.fna,GCF_022690245.1.fna,0.007669866,0.99233013
GCF_015274535.1.fna,GCF_022690245.1.fna,0.008384287,0.9916157
GCF_022689845.1.fna,GCF_022690245.1.fna,0.0071240664,0.99287593
GCF_022689745.1.fna,GCF_022690245.1.fna,0.0077809095,0.9922191
GCF_022689925.1.fna,GCF_022690245.1.fna,0.026904702,0.9730953
GCF_015274655.1.fna,GCF_022690245.1.fna,0.008384287,0.9916157
GCF_022690325.1.fna,GCF_022690245.1.fna,0.021430492,0.9785695
GCF_022689785.1.fna,GCF_022690245.1.fna,0.02156949,0.9784305
GCF_031728155.1.fna,GCF_022690245.1.fna,0.0075594783,0.9924405
GCF_037700455.1.fna,GCF_022690245.1.fna,0.022062302,0.9779377
GCF_022689905.1.fna,GCF_022690245.1.fna,0.0065935254,0.9934065
GCF_022690105.1.fna,GCF_022690245.1.fna,0.008499503,0.9915005
GCF_022689975.1.fna,GCF_022690245.1.fna,0.007818103,0.9921819
GCF_022689705.1.fna,GCF_022690245.1.fna,0.023004293,0.9769957
GCF_031728835.1.fna,GCF_022690245.1.fna,0.0071599483,0.99284005
GCF_031728115.1.fna,GCF_022690245.1.fna,0.008155823,0.9918442
GCF_022689775.1.fna,GCF_022690245.1.fna,0.02213347,0.97786653
GCF_031728455.1.fna,GCF_022690245.1.fna,0.021292329,0.9787077
GCF_025143615.1.fna,GCF_022690245.1.fna,0.021709323,0.9782907
GCF_052950835.1.fna,GCF_022690245.1.fna,0.021086395,0.9789136
GCF_040947125.1.fna,GCF_022690245.1.fna,0.022492707,0.9775073
GCF_017315645.1.fna,GCF_022690245.1.fna,0.0075961947,0.9924038
GCF_040947645.1.fna,GCF_022690245.1.fna,0.010271788,0.9897282
GCF_022690345.1.fna,GCF_022690245.1.fna,0.0075961947,0.9924038
GCF_022689645.1.fna,GCF_022690245.1.fna,0.022710681,0.9772893
GCF_022690295.1.fna,GCF_022690245.1.fna,0.010441005,0.989559
GCF_031728715.1.fna,GCF_022690245.1.fna,0.020545602,0.9794544
GCF_031728295.1.fna,GCF_022690245.1.fna,0.008117974,0.991882
GCF_040947065.1.fna,GCF_022690245.1.fna,0.020814478,0.9791855
GCF_037695175.1.fna,GCF_022690245.1.fna,0.022420406,0.9775796
GCF_031728475.1.fna,GCF_022690245.1.fna,0.009006858,0.99099314
GCF_022690045.1.fna,GCF_037700295.1.fna,0.020545602,0.9794544
GCF_017315625.1.fna,GCF_037700295.1.fna,0.009608984,0.990391
GCF_900458635.1.fna,GCF_037700295.1.fna,0.021223426,0.9787766
GCF_022689565.1.fna,GCF_037700295.1.fna,0.007522762,0.99247724
GCF_029926905.1.fna,GCF_037700295.1.fna,0.009527624,0.9904724
GCF_040947025.1.fna,GCF_037700295.1.fna,0.008888602,0.9911114
GCF_022690065.1.fna,GCF_037700295.1.fna,0.007304251,0.99269575
GCF_022689765.1.fna,GCF_037700295.1.fna,0.0077438354,0.99225616
GCF_022690265.1.fna,GCF_037700295.1.fna,0.007088244,0.99291176
GCF_022689615.1.fna,GCF_037700295.1.fna,0.0059424043,0.9940576
GCF_031728745.1.fna,GCF_037700295.1.fna,0.0077809095,0.9922191
GCF_022690275.1.fna,GCF_037700295.1.fna,0.008080244,0.99191976
GCF_047653515.1.fna,GCF_037700295.1.fna,0.008193672,0.9918063
GCF_031728275.1.fna,GCF_037700295.1.fna,0.021292329,0.9787077
GCF_022690115.1.fna,GCF_037700295.1.fna,0.0144562125,0.9855438
GCF_031728735.1.fna,GCF_037700295.1.fna,0.009446621,0.9905534
GCF_036419895.1.fna,GCF_037700295.1.fna,0.020747006,0.979253
GCF_000269685.1.fna,GCF_037700295.1.fna,0.009086072,0.9909139
GCF_031728515.1.fna,GCF_037700295.1.fna,0.010697424,0.9893026
GCF_037700155.1.fna,GCF_037700295.1.fna,0.001185596,0.9988144
GCF_022690225.1.fna,GCF_037700295.1.fna,0.021709323,0.9782907
GCF_022689945.1.fna,GCF_037700295.1.fna,0.010483503,0.9895165
GCF_015274585.1.fna,GCF_037700295.1.fna,0.009365916,0.9906341
GCF_031728415.1.fna,GCF_037700295.1.fna,0.022637784,0.9773622
GCF_031729015.1.fna,GCF_037700295.1.fna,0.02156949,0.9784305
GCF_037700315.1.fna,GCF_037700295.1.fna,0.022637784,0.9773622
GCF_031728795.1.fna,GCF_037700295.1.fna,0.02088219,0.9791178
GCF_031728555.1.fna,GCF_037700295.1.fna,0.007268071,0.9927319
GCF_029926865.1.fna,GCF_037700295.1.fna,0.009527624,0.9904724
GCF_040947225.1.fna,GCF_037700295.1.fna,0.019951403,0.9800486
GCF_031728695.1.fna,GCF_037700295.1.fna,0.021430492,0.9785695
GCF_022689665.1.fna,GCF_037700295.1.fna,0.022204995,0.977795
GCF_029926915.1.fna,GCF_037700295.1.fna,0.008693099,0.9913069
GCF_031728315.1.fna,GCF_037700295.1.fna,0.007088244,0.99291176
GCF_031727255.1.fna,GCF_037700295.1.fna,0.010740519,0.9892595
GCF_022690205.1.fna,GCF_037700295.1.fna,0.022062302,0.9779377
GCF_031727455.1.fna,GCF_037700295.1.fna,0.027600586,0.9723994
GCF_022690025.1.fna,GCF_037700295.1.fna,0.022710681,0.9772893
GCF_031727075.1.fna,GCF_037700295.1.fna,0.0060098767,0.9939901
GCF_022690145.1.fna,GCF_037700295.1.fna,0.00737679,0.9926232
GCF_002901845.1.fna,GCF_037700295.1.fna,0.02115482,0.9788452
GCF_022689825.1.fna,GCF_037700295.1.fna,0.0077438354,0.99225616
GCF_031728675.1.fna,GCF_037700295.1.fna,0.021292329,0.9787077
GCF_047653525.1.fna,GCF_037700295.1.fna,0.00823164,0.99176836
GCF_022690085.1.fna,GCF_037700295.1.fna,0.026310384,0.9736896
GCF_037700135.1.fna,GCF_037700295.1.fna,0.007967472,0.9920325
GCF_025143205.1.fna,GCF_037700295.1.fna,0.007818103,0.9921819
GCF_031728895.1.fna,GCF_037700295.1.fna,0.021292329,0.9787077
GCF_040947605.1.fna,GCF_037700295.1.fna,0.009527624,0.9904724
GCF_031727355.1.fna,GCF_037700295.1.fna,0.0075961947,0.9924038
GCF_015274675.1.fna,GCF_037700295.1.fna,0.008384287,0.9916157
GCF_036420075.1.fna,GCF_037700295.1.fna,0.010483503,0.9895165
GCF_013267575.1.fna,GCF_037700295.1.fna,0.021086395,0.9789136
GCF_031727055.1.fna,GCF_037700295.1.fna,0.02352649,0.9764735
GCF_037700375.1.fna,GCF_037700295.1.fna,0.02156949,0.9784305
GCF_022690005.1.fna,GCF_037700295.1.fna,0.020545602,0.9794544
GCF_031631055.1.fna,GCF_037700295.1.fna,0.0201478,0.9798522
GCF_031728495.1.fna,GCF_037700295.1.fna,0.020412326,0.9795877
GCF_964211265.1.fna,GCF_037700295.1.fna,0.021430492,0.9785695
GCF_031727535.1.fna,GCF_037700295.1.fna,0.022637784,0.9773622
GCF_025143445.1.fna,GCF_037700295.1.fna,0.021639287,0.9783607
GCF_022689855.1.fna,GCF_037700295.1.fna,0.021709323,0.9782907
GCF_022689725.1.fna,GCF_037700295.1.fna,0.022204995,0.977795
GCF_031727275.1.fna,GCF_037700295.1.fna,0.021779478,0.9782205
GCF_031728235.1.fna,GCF_037700295.1.fna,0.010697424,0.9893026
GCF_040947205.1.fna,GCF_037700295.1.fna,0.0066284537,0.99337155
GCF_031727235.1.fna,GCF_037700295.1.fna,0.021639287,0.9783607
GCF_022690165.1.fna,GCF_037700295.1.fna,0.007304251,0.99269575
GCF_031728075.1.fna,GCF_037700295.1.fna,0.008810163,0.99118984
GCF_022689965.1.fna,GCF_037700295.1.fna,0.007669866,0.99233013
GCF_022689575.1.fna,GCF_037700295.1.fna,0.022204995,0.977795
GCF_037694985.1.fna,GCF_037700295.1.fna,0.009006858,0.99099314
GCF_022690185.1.fna,GCF_037700295.1.fna,0.020679712,0.9793203
GCF_031728335.1.fna,GCF_037700295.1.fna,0.010271788,0.9897282
GCF_031728095.1.fna,GCF_037700295.1.fna,0.021991313,0.9780087
GCF_022690385.1.fna,GCF_037700295.1.fna,0.008269668,0.99173033
GCF_022690425.1.fna,GCF_037700295.1.fna,0.008849382,0.9911506
GCF_022690375.1.fna,GCF_037700295.1.fna,0.021430492,0.9785695
GCF_022689675.1.fna,GCF_037700295.1.fna,0.0060775876,0.9939224
GCF_022690245.1.fna,GCF_037700295.1.fna,0.007669866,0.99233013
GCF_037700295.1.fna,GCF_037700295.1.fna,0.0,1.0
GCF_015274535.1.fna,GCF_037700295.1.fna,0.009365916,0.9906341
GCF_022689845.1.fna,GCF_037700295.1.fna,0.007632971,0.992367
GCF_022689745.1.fna,GCF_037700295.1.fna,0.0060098767,0.9939901
GCF_022689925.1.fna,GCF_037700295.1.fna,0.02804488,0.9719551
GCF_015274655.1.fna,GCF_037700295.1.fna,0.009365916,0.9906341
GCF_022690325.1.fna,GCF_037700295.1.fna,0.020747006,0.979253
GCF_022689785.1.fna,GCF_037700295.1.fna,0.020612597,0.9793874
GCF_031728155.1.fna,GCF_037700295.1.fna,0.008193672,0.9918063
GCF_037700455.1.fna,GCF_037700295.1.fna,0.021499872,0.9785001
GCF_022689905.1.fna,GCF_037700295.1.fna,0.0071959496,0.99280405
GCF_022690105.1.fna,GCF_037700295.1.fna,0.009813786,0.9901862
GCF_022689975.1.fna,GCF_037700295.1.fna,0.0077809095,0.9922191
GCF_022689705.1.fna,GCF_037700295.1.fna,0.022348404,0.9776516
GCF_031728835.1.fna,GCF_037700295.1.fna,0.0071240664,0.99287593
GCF_031728115.1.fna,GCF_037700295.1.fna,0.010020673,0.9899793
GCF_022689775.1.fna,GCF_037700295.1.fna,0.021292329,0.9787077
GCF_031728455.1.fna,GCF_037700295.1.fna,0.020747006,0.979253
GCF_025143615.1.fna,GCF_037700295.1.fna,0.021709323,0.9782907
GCF_052950835.1.fna,GCF_037700295.1.fna,0.020679712,0.9793203
GCF_040947125.1.fna,GCF_037700295.1.fna,0.022204995,0.977795
GCF_017315645.1.fna,GCF_037700295.1.fna,0.0069455504,0.99305445
GCF_040947645.1.fna,GCF_037700295.1.fna,0.009568274,0.9904317
GCF_022690345.1.fna,GCF_037700295.1.fna,0.008155823,0.9918442
GCF_022689645.1.fna,GCF_037700295.1.fna,0.021779478,0.9782205
GCF_022690295.1.fna,GCF_037700295.1.fna,0.010654509,0.9893455
GCF_031728715.1.fna,GCF_037700295.1.fna,0.020279706,0.9797203
GCF_031728295.1.fna,GCF_037700295.1.fna,0.0057082176,0.9942918
GCF_040947065.1.fna,GCF_037700295.1.fna,0.020950079,0.9790499
GCF_037695175.1.fna,GCF_037700295.1.fna,0.02227658,0.9777234
GCF_031728475.1.fna,GCF_037700295.1.fna,0.009086072,0.9909139
GCF_022690045.1.fna,GCF_015274535.1.fna,0.021086395,0.9789136
GCF_017315625.1.fna,GCF_015274535.1.fna,0.010654509,0.9893455
GCF_900458635.1.fna,GCF_015274535.1.fna,0.020612597,0.9793874
GCF_022689565.1.fna,GCF_015274535.1.fna,0.009854972,0.990145
GCF_029926905.1.fna,GCF_015274535.1.fna,0.011044383,0.9889556
GCF_040947025.1.fna,GCF_015274535.1.fna,0.010229826,0.9897702
GCF_022690065.1.fna,GCF_015274535.1.fna,0.009006858,0.99099314
GCF_022689765.1.fna,GCF_015274535.1.fna,0.009649754,0.99035025
GCF_022690265.1.fna,GCF_015274535.1.fna,0.008771062,0.99122894
GCF_022689615.1.fna,GCF_015274535.1.fna,0.008771062,0.99122894
GCF_031728745.1.fna,GCF_015274535.1.fna,0.009649754,0.99035025
GCF_022690275.1.fna,GCF_015274535.1.fna,0.008384287,0.9916157
GCF_047653515.1.fna,GCF_015274535.1.fna,0.0089674,0.9910326
GCF_031728275.1.fna,GCF_015274535.1.fna,0.02156949,0.9784305
GCF_022690115.1.fna,GCF_015274535.1.fna,0.0144562125,0.9855438
GCF_031728735.1.fna,GCF_015274535.1.fna,0.009937644,0.99006236
GCF_036419895.1.fna,GCF_015274535.1.fna,0.021499872,0.9785001
GCF_000269685.1.fna,GCF_015274535.1.fna,0.009527624,0.9904724
GCF_031728515.1.fna,GCF_015274535.1.fna,0.011088192,0.9889118
GCF_037700155.1.fna,GCF_015274535.1.fna,0.009365916,0.9906341
GCF_022690225.1.fna,GCF_015274535.1.fna,0.020747006,0.979253
GCF_022689945.1.fna,GCF_015274535.1.fna,0.01010412,0.9898959
GCF_015274585.1.fna,GCF_015274535.1.fna,2.3841858e-05,0.99997616
GCF_031728415.1.fna,GCF_015274535.1.fna,0.022710681,0.9772893
GCF_031729015.1.fna,GCF_015274535.1.fna,0.021991313,0.9780087
GCF_037700315.1.fna,GCF_015274535.1.fna,0.023078203,0.9769218
GCF_031728795.1.fna,GCF_015274535.1.fna,0.020279706,0.9797203
GCF_031728555.1.fna,GCF_015274535.1.fna,0.0089674,0.9910326
GCF_029926865.1.fna,GCF_015274535.1.fna,0.011044383,0.9889556
GCF_040947225.1.fna,GCF_015274535.1.fna,0.019886196,0.9801138
GCF_031728695.1.fna,GCF_015274535.1.fna,0.021499872,0.9785001
GCF_022689665.1.fna,GCF_015274535.1.fna,0.021639287,0.9783607
GCF_029926915.1.fna,GCF_015274535.1.fna,0.010145903,0.9898541
GCF_031728315.1.fna,GCF_015274535.1.fna,0.009006858,0.99099314
GCF_031727255.1.fna,GCF_015274535.1.fna,0.010826886,0.9891731
GCF_022690205.1.fna,GCF_015274535.1.fna,0.02285707,0.97714293
GCF_031727455.1.fna,GCF_015274535.1.fna,0.027337492,0.9726625
GCF_022690025.1.fna,GCF_015274535.1.fna,0.021499872,0.9785001
GCF_031727075.1.fna,GCF_015274535.1.fna,0.008771062,0.99122894
GCF_022690145.1.fna,GCF_015274535.1.fna,0.0089674,0.9910326
GCF_002901845.1.fna,GCF_015274535.1.fna,0.020412326,0.9795877
GCF_022689825.1.fna,GCF_015274535.1.fna,0.009649754,0.99035025
GCF_031728675.1.fna,GCF_015274535.1.fna,0.021430492,0.9785695
GCF_047653525.1.fna,GCF_015274535.1.fna,0.01010412,0.9898959
GCF_022690085.1.fna,GCF_015274535.1.fna,0.026478827,0.9735212
GCF_037700135.1.fna,GCF_015274535.1.fna,0.009568274,0.9904317
GCF_025143205.1.fna,GCF_015274535.1.fna,0.009649754,0.99035025
GCF_031728895.1.fna,GCF_015274535.1.fna,0.021223426,0.9787766
GCF_040947605.1.fna,GCF_015274535.1.fna,0.010441005,0.989559
GCF_031727355.1.fna,GCF_015274535.1.fna,0.009854972,0.990145
GCF_015274675.1.fna,GCF_015274535.1.fna,0.008927941,0.99107206
GCF_036420075.1.fna,GCF_015274535.1.fna,0.01010412,0.9898959
GCF_013267575.1.fna,GCF_015274535.1.fna,0.02115482,0.9788452
GCF_031727055.1.fna,GCF_015274535.1.fna,0.022637784,0.9773622
GCF_037700375.1.fna,GCF_015274535.1.fna,0.02156949,0.9784305
GCF_022690005.1.fna,GCF_015274535.1.fna,0.02115482,0.9788452
GCF_031631055.1.fna,GCF_015274535.1.fna,0.019244492,0.9807555
GCF_031728495.1.fna,GCF_015274535.1.fna,0.020545602,0.9794544
GCF_964211265.1.fna,GCF_015274535.1.fna,0.020612597,0.9793874
GCF_031727535.1.fna,GCF_015274535.1.fna,0.02184987,0.9781501
GCF_025143445.1.fna,GCF_015274535.1.fna,0.021499872,0.9785001
GCF_022689855.1.fna,GCF_015274535.1.fna,0.020950079,0.9790499
GCF_022689725.1.fna,GCF_015274535.1.fna,0.021639287,0.9783607
GCF_031727275.1.fna,GCF_015274535.1.fna,0.021086395,0.9789136
GCF_031728235.1.fna,GCF_015274535.1.fna,0.010568798,0.9894312
GCF_040947205.1.fna,GCF_015274535.1.fna,0.009649754,0.99035025
GCF_031727235.1.fna,GCF_015274535.1.fna,0.02088219,0.9791178
GCF_022690165.1.fna,GCF_015274535.1.fna,0.009006858,0.99099314
GCF_031728075.1.fna,GCF_015274535.1.fna,0.010568798,0.9894312
GCF_022689965.1.fna,GCF_015274535.1.fna,0.009285569,0.99071443
GCF_022689575.1.fna,GCF_015274535.1.fna,0.021639287,0.9783607
GCF_037694985.1.fna,GCF_015274535.1.fna,0.010740519,0.9892595
GCF_022690185.1.fna,GCF_015274535.1.fna,0.021779478,0.9782205
GCF_031728335.1.fna,GCF_015274535.1.fna,0.0089674,0.9910326
GCF_031728095.1.fna,GCF_015274535.1.fna,0.02184987,0.9781501
GCF_022690385.1.fna,GCF_015274535.1.fna,0.010611594,0.9893884
GCF_022690425.1.fna,GCF_015274535.1.fna,0.010526121,0.9894739
GCF_022690375.1.fna,GCF_015274535.1.fna,0.021361291,0.9786387
GCF_022689675.1.fna,GCF_015274535.1.fna,0.008849382,0.9911506
GCF_022690245.1.fna,GCF_015274535.1.fna,0.008384287,0.9916157
GCF_037700295.1.fna,GCF_015274535.1.fna,0.009365916,0.9906341
GCF_015274535.1.fna,GCF_015274535.1.fna,0.0,1.0
GCF_022689845.1.fna,GCF_015274535.1.fna,0.009446621,0.9905534
GCF_022689745.1.fna,GCF_015274535.1.fna,0.008771062,0.99122894
GCF_022689925.1.fna,GCF_015274535.1.fna,0.026648402,0.9733516
GCF_015274655.1.fna,GCF_015274535.1.fna,2.3841858e-05,0.99997616
GCF_022690325.1.fna,GCF_015274535.1.fna,0.020545602,0.9794544
GCF_022689785.1.fna,GCF_015274535.1.fna,0.021086395,0.9789136
GCF_031728155.1.fna,GCF_015274535.1.fna,0.009406269,0.99059373
GCF_037700455.1.fna,GCF_015274535.1.fna,0.021499872,0.9785001
GCF_022689905.1.fna,GCF_015274535.1.fna,0.009125829,0.9908742
GCF_022690105.1.fna,GCF_015274535.1.fna,0.008615434,0.99138457
GCF_022689975.1.fna,GCF_015274535.1.fna,0.009690642,0.99030936
GCF_022689705.1.fna,GCF_015274535.1.fna,0.02227658,0.9777234
GCF_031728835.1.fna,GCF_015274535.1.fna,0.008384287,0.9916157
GCF_031728115.1.fna,GCF_015274535.1.fna,0.009245515,0.9907545
GCF_022689775.1.fna,GCF_015274535.1.fna,0.02213347,0.97786653
GCF_031728455.1.fna,GCF_015274535.1.fna,0.020478904,0.9795211
GCF_025143615.1.fna,GCF_015274535.1.fna,0.02184987,0.9781501
GCF_052950835.1.fna,GCF_015274535.1.fna,0.019244492,0.9807555
GCF_040947125.1.fna,GCF_015274535.1.fna,0.02184987,0.9781501
GCF_017315645.1.fna,GCF_015274535.1.fna,0.009446621,0.9905534
GCF_040947645.1.fna,GCF_015274535.1.fna,0.010483503,0.9895165
GCF_022690345.1.fna,GCF_015274535.1.fna,0.009446621,0.9905534
GCF_022689645.1.fna,GCF_015274535.1.fna,0.021499872,0.9785001
GCF_022690295.1.fna,GCF_015274535.1.fna,0.010826886,0.9891731
GCF_031728715.1.fna,GCF_015274535.1.fna,0.020950079,0.9790499
GCF_031728295.1.fna,GCF_015274535.1.fna,0.009365916,0.9906341
GCF_040947065.1.fna,GCF_015274535.1.fna,0.020345926,0.9796541
GCF_037695175.1.fna,GCF_015274535.1.fna,0.021779478,0.9782205
GCF_031728475.1.fna,GCF_015274535.1.fna,0.009731591,0.9902684
GCF_022690045.1.fna,GCF_022689845.1.fna,0.021639287,0.9783607
GCF_017315625.1.fna,GCF_022689845.1.fna,0.009731591,0.9902684
GCF_900458635.1.fna,GCF_022689845.1.fna,0.021430492,0.9785695
GCF_022689565.1.fna,GCF_022689845.1.fna,0.009406269,0.99059373
GCF_029926905.1.fna,GCF_022689845.1.fna,0.010356188,0.9896438
GCF_040947025.1.fna,GCF_022689845.1.fna,0.008771062,0.99122894
GCF_022690065.1.fna,GCF_022689845.1.fna,0.007632971,0.992367
GCF_022689765.1.fna,GCF_022689845.1.fna,0.0061115623,0.99388844
GCF_022690265.1.fna,GCF_022689845.1.fna,0.007669866,0.99233013
GCF_022689615.1.fna,GCF_022689845.1.fna,0.0074132085,0.9925868
GCF_031728745.1.fna,GCF_022689845.1.fna,0.008771062,0.99122894
GCF_022690275.1.fna,GCF_022689845.1.fna,0.009125829,0.9908742
GCF_047653515.1.fna,GCF_022689845.1.fna,0.008615434,0.99138457
GCF_031728275.1.fna,GCF_022689845.1.fna,0.02227658,0.9777234
GCF_022690115.1.fna,GCF_022689845.1.fna,0.0144562125,0.9855438
GCF_031728735.1.fna,GCF_022689845.1.fna,0.010062277,0.9899377
GCF_036419895.1.fna,GCF_022689845.1.fna,0.022783816,0.9772162
GCF_000269685.1.fna,GCF_022689845.1.fna,0.008693099,0.9913069
GCF_031728515.1.fna,GCF_022689845.1.fna,0.01010412,0.9898959
GCF_037700155.1.fna,GCF_022689845.1.fna,0.0074496865,0.9925503
GCF_022690225.1.fna,GCF_022689845.1.fna,0.022348404,0.9776516
GCF_022689945.1.fna,GCF_022689845.1.fna,0.009568274,0.9904317
GCF_015274585.1.fna,GCF_022689845.1.fna,0.009446621,0.9905534
GCF_031728415.1.fna,GCF_022689845.1.fna,0.023376226,0.9766238
GCF_031729015.1.fna,GCF_022689845.1.fna,0.022710681,0.9772893
GCF_037700315.1.fna,GCF_022689845.1.fna,0.02390629,0.9760937
GCF_031728795.1.fna,GCF_022689845.1.fna,0.021018088,0.9789819
GCF_031728555.1.fna,GCF_022689845.1.fna,0.007669866,0.99233013
GCF_029926865.1.fna,GCF_022689845.1.fna,0.010356188,0.9896438
GCF_040947225.1.fna,GCF_022689845.1.fna,0.021223426,0.9787766
GCF_031728695.1.fna,GCF_022689845.1.fna,0.02213347,0.97786653
GCF_022689665.1.fna,GCF_022689845.1.fna,0.022930622,0.9770694
GCF_029926915.1.fna,GCF_022689845.1.fna,0.0094870925,0.9905129
GCF_031728315.1.fna,GCF_022689845.1.fna,0.006316602,0.9936834
GCF_031727255.1.fna,GCF_022689845.1.fna,0.010020673,0.9899793
GCF_022690205.1.fna,GCF_022689845.1.fna,0.022710681,0.9772893
GCF_031727455.1.fna,GCF_022689845.1.fna,0.028405726,0.9715943
GCF_022690025.1.fna,GCF_022689845.1.fna,0.022637784,0.9773622
GCF_031727075.1.fna,GCF_022689845.1.fna,0.0074496865,0.9925503
GCF_022690145.1.fna,GCF_022689845.1.fna,0.007522762,0.99247724
GCF_002901845.1.fna,GCF_022689845.1.fna,0.021361291,0.9786387
GCF_022689825.1.fna,GCF_022689845.1.fna,0.0061115623,0.99388844
GCF_031728675.1.fna,GCF_022689845.1.fna,0.021920502,0.9780795
GCF_047653525.1.fna,GCF_022689845.1.fna,0.009813786,0.9901862
GCF_022690085.1.fna,GCF_022689845.1.fna,0.027424872,0.9725751
GCF_037700135.1.fna,GCF_022689845.1.fna,0.0014438629,0.99855614
GCF_025143205.1.fna,GCF_022689845.1.fna,0.008654237,0.99134576
GCF_031728895.1.fna,GCF_022689845.1.fna,0.021430492,0.9785695
GCF_040947605.1.fna,GCF_022689845.1.fna,0.009979129,0.9900209
GCF_031727355.1.fna,GCF_022689845.1.fna,0.0094870925,0.9905129
GCF_015274675.1.fna,GCF_022689845.1.fna,0.008810163,0.99118984
GCF_036420075.1.fna,GCF_022689845.1.fna,0.009527624,0.9904724
GCF_013267575.1.fna,GCF_022689845.1.fna,0.021991313,0.9780087
GCF_031727055.1.fna,GCF_022689845.1.fna,0.024059713,0.9759403
GCF_037700375.1.fna,GCF_022689845.1.fna,0.022783816,0.9772162
GCF_022690005.1.fna,GCF_022689845.1.fna,0.021639287,0.9783607
GCF_031631055.1.fna,GCF_022689845.1.fna,0.020747006,0.979253
GCF_031728495.1.fna,GCF_022689845.1.fna,0.02115482,0.9788452
GCF_964211265.1.fna,GCF_022689845.1.fna,0.022930622,0.9770694
GCF_031727535.1.fna,GCF_022689845.1.fna,0.023376226,0.9766238
GCF_025143445.1.fna,GCF_022689845.1.fna,0.021223426,0.9787766
GCF_022689855.1.fna,GCF_022689845.1.fna,0.02184987,0.9781501
GCF_022689725.1.fna,GCF_022689845.1.fna,0.022930622,0.9770694
GCF_031727275.1.fna,GCF_022689845.1.fna,0.02213347,0.97786653
GCF_031728235.1.fna,GCF_022689845.1.fna,0.010145903,0.9898541
GCF_040947205.1.fna,GCF_022689845.1.fna,0.0075961947,0.9924038
GCF_031727235.1.fna,GCF_022689845.1.fna,0.021779478,0.9782205
GCF_022690165.1.fna,GCF_022689845.1.fna,0.007706821,0.9922932
GCF_031728075.1.fna,GCF_022689845.1.fna,0.009690642,0.99030936
GCF_022689965.1.fna,GCF_022689845.1.fna,0.009086072,0.9909139
GCF_022689575.1.fna,GCF_022689845.1.fna,0.022930622,0.9770694
GCF_037694985.1.fna,GCF_022689845.1.fna,0.008042574,0.9919574
GCF_022690185.1.fna,GCF_022689845.1.fna,0.022783816,0.9772162
GCF_031728335.1.fna,GCF_022689845.1.fna,0.010229826,0.9897702
GCF_031728095.1.fna,GCF_022689845.1.fna,0.022930622,0.9770694
GCF_022690385.1.fna,GCF_022689845.1.fna,0.005808234,0.99419177
GCF_022690425.1.fna,GCF_022689845.1.fna,0.009608984,0.990391
GCF_022690375.1.fna,GCF_022689845.1.fna,0.022420406,0.9775796
GCF_022689675.1.fna,GCF_022689845.1.fna,0.007522762,0.99247724
GCF_022690245.1.fna,GCF_022689845.1.fna,0.0071240664,0.99287593
GCF_037700295.1.fna,GCF_022689845.1.fna,0.007632971,0.992367
GCF_015274535.1.fna,GCF_022689845.1.fna,0.009446621,0.9905534
GCF_022689845.1.fna,GCF_022689845.1.fna,0.0,1.0
GCF_022689745.1.fna,GCF_022689845.1.fna,0.0074496865,0.9925503
GCF_022689925.1.fna,GCF_022689845.1.fna,0.029517889,0.9704821
GCF_015274655.1.fna,GCF_022689845.1.fna,0.009446621,0.9905534
GCF_022690325.1.fna,GCF_022689845.1.fna,0.021779478,0.9782205
GCF_022689785.1.fna,GCF_022689845.1.fna,0.021639287,0.9783607
GCF_031728155.1.fna,GCF_022689845.1.fna,0.008538067,0.99146193
GCF_037700455.1.fna,GCF_022689845.1.fna,0.022710681,0.9772893
GCF_022689905.1.fna,GCF_022689845.1.fna,0.006350994,0.993649
GCF_022690105.1.fna,GCF_022689845.1.fna,0.009979129,0.9900209
GCF_022689975.1.fna,GCF_022689845.1.fna,0.0060775876,0.9939224
GCF_022689705.1.fna,GCF_022689845.1.fna,0.024059713,0.9759403
GCF_031728835.1.fna,GCF_022689845.1.fna,0.00737679,0.9926232
GCF_031728115.1.fna,GCF_022689845.1.fna,0.010145903,0.9898541
GCF_022689775.1.fna,GCF_022689845.1.fna,0.022637784,0.9773622
GCF_031728455.1.fna,GCF_022689845.1.fna,0.021430492,0.9785695
GCF_025143615.1.fna,GCF_022689845.1.fna,0.022492707,0.9775073
GCF_052950835.1.fna,GCF_022689845.1.fna,0.02227658,0.9777234
GCF_040947125.1.fna,GCF_022689845.1.fna,0.022565126,0.9774349
GCF_017315645.1.fna,GCF_022689845.1.fna,0.0066984296,0.9933016
GCF_040947645.1.fna,GCF_022689845.1.fna,0.009937644,0.99006236
GCF_022690345.1.fna,GCF_022689845.1.fna,0.008499503,0.9915005
GCF_022689645.1.fna,GCF_022689845.1.fna,0.023301423,0.9766986
GCF_022690295.1.fna,GCF_022689845.1.fna,0.009937644,0.99006236
GCF_031728715.1.fna,GCF_022689845.1.fna,0.021639287,0.9783607
GCF_031728295.1.fna,GCF_022689845.1.fna,0.0069811344,0.99301887
GCF_040947065.1.fna,GCF_022689845.1.fna,0.02088219,0.9791178
GCF_037695175.1.fna,GCF_022689845.1.fna,0.023602009,0.976398
GCF_031728475.1.fna,GCF_022689845.1.fna,0.009896278,0.9901037
GCF_022690045.1.fna,GCF_022689745.1.fna,0.020412326,0.9795877
GCF_017315625.1.fna,GCF_022689745.1.fna,0.009245515,0.9907545
GCF_900458635.1.fna,GCF_022689745.1.fna,0.021086395,0.9789136
GCF_022689565.1.fna,GCF_022689745.1.fna,0.008042574,0.9919574
GCF_029926905.1.fna,GCF_022689745.1.fna,0.009245515,0.9907545
GCF_040947025.1.fna,GCF_022689745.1.fna,0.008615434,0.99138457
GCF_022690065.1.fna,GCF_022689745.1.fna,0.007268071,0.9927319
GCF_022689765.1.fna,GCF_022689745.1.fna,0.0071959496,0.99280405
GCF_022690265.1.fna,GCF_022689745.1.fna,0.0068392754,0.9931607
GCF_022689615.1.fna,GCF_022689745.1.fna,4.7683716e-05,0.9999523
GCF_031728745.1.fna,GCF_022689745.1.fna,0.007855296,0.9921447
GCF_022690275.1.fna,GCF_022689745.1.fna,0.008193672,0.9918063
GCF_047653515.1.fna,GCF_022689745.1.fna,0.008576691,0.9914233
GCF_031728275.1.fna,GCF_022689745.1.fna,0.020814478,0.9791855
GCF_022690115.1.fna,GCF_022689745.1.fna,0.014404893,0.9855951
GCF_031728735.1.fna,GCF_022689745.1.fna,0.010271788,0.9897282
GCF_036419895.1.fna,GCF_022689745.1.fna,0.020950079,0.9790499
GCF_000269685.1.fna,GCF_022689745.1.fna,0.009446621,0.9905534
GCF_031728515.1.fna,GCF_022689745.1.fna,0.010020673,0.9899793
GCF_037700155.1.fna,GCF_022689745.1.fna,0.0058416724,0.9941583
GCF_022690225.1.fna,GCF_022689745.1.fna,0.021499872,0.9785001
GCF_022689945.1.fna,GCF_022689745.1.fna,0.009527624,0.9904724
GCF_015274585.1.fna,GCF_022689745.1.fna,0.008771062,0.99122894
GCF_031728415.1.fna,GCF_022689745.1.fna,0.02213347,0.97786653
GCF_031729015.1.fna,GCF_022689745.1.fna,0.021709323,0.9782907
GCF_037700315.1.fna,GCF_022689745.1.fna,0.022930622,0.9770694
GCF_031728795.1.fna,GCF_022689745.1.fna,0.02001667,0.9799833
GCF_031728555.1.fna,GCF_022689745.1.fna,0.0072319508,0.99276805
GCF_029926865.1.fna,GCF_022689745.1.fna,0.009245515,0.9907545
GCF_040947225.1.fna,GCF_022689745.1.fna,0.019821286,0.9801787
GCF_031728695.1.fna,GCF_022689745.1.fna,0.021709323,0.9782907
GCF_022689665.1.fna,GCF_022689745.1.fna,0.022204995,0.977795
GCF_029926915.1.fna,GCF_022689745.1.fna,0.008345962,0.99165404
GCF_031728315.1.fna,GCF_022689745.1.fna,0.0074496865,0.9925503
GCF_031727255.1.fna,GCF_022689745.1.fna,0.009406269,0.99059373
GCF_022690205.1.fna,GCF_022689745.1.fna,0.021991313,0.9780087
GCF_031727455.1.fna,GCF_022689745.1.fna,0.027163506,0.9728365
GCF_022690025.1.fna,GCF_022689745.1.fna,0.02227658,0.9777234
GCF_031727075.1.fna,GCF_022689745.1.fna,2.3841858e-05,0.99997616
GCF_022690145.1.fna,GCF_022689745.1.fna,0.0071599483,0.99284005
GCF_002901845.1.fna,GCF_022689745.1.fna,0.021086395,0.9789136
GCF_022689825.1.fna,GCF_022689745.1.fna,0.0071959496,0.99280405
GCF_031728675.1.fna,GCF_022689745.1.fna,0.021499872,0.9785001
GCF_047653525.1.fna,GCF_022689745.1.fna,0.008810163,0.99118984
GCF_022690085.1.fna,GCF_022689745.1.fna,0.025811493,0.9741885
GCF_037700135.1.fna,GCF_022689745.1.fna,0.007706821,0.9922932
GCF_025143205.1.fna,GCF_022689745.1.fna,0.007818103,0.9921819
GCF_031728895.1.fna,GCF_022689745.1.fna,0.020679712,0.9793203
GCF_040947605.1.fna,GCF_022689745.1.fna,0.008654237,0.99134576
GCF_031727355.1.fna,GCF_022689745.1.fna,0.008042574,0.9919574
GCF_015274675.1.fna,GCF_022689745.1.fna,0.009245515,0.9907545
GCF_036420075.1.fna,GCF_022689745.1.fna,0.0094870925,0.9905129
GCF_013267575.1.fna,GCF_022689745.1.fna,0.02156949,0.9784305
GCF_031727055.1.fna,GCF_022689745.1.fna,0.024059713,0.9759403
GCF_037700375.1.fna,GCF_022689745.1.fna,0.021779478,0.9782205
GCF_022690005.1.fna,GCF_022689745.1.fna,0.020345926,0.9796541
GCF_031631055.1.fna,GCF_022689745.1.fna,0.020345926,0.9796541
GCF_031728495.1.fna,GCF_022689745.1.fna,0.019821286,0.9801787
GCF_964211265.1.fna,GCF_022689745.1.fna,0.021499872,0.9785001
GCF_031727535.1.fna,GCF_022689745.1.fna,0.022420406,0.9775796
GCF_025143445.1.fna,GCF_022689745.1.fna,0.021018088,0.9789819
GCF_022689855.1.fna,GCF_022689745.1.fna,0.021639287,0.9783607
GCF_022689725.1.fna,GCF_022689745.1.fna,0.022204995,0.977795
GCF_031727275.1.fna,GCF_022689745.1.fna,0.021018088,0.9789819
GCF_031728235.1.fna,GCF_022689745.1.fna,0.01010412,0.9898959
GCF_040947205.1.fna,GCF_022689745.1.fna,0.007632971,0.992367
GCF_031727235.1.fna,GCF_022689745.1.fna,0.02156949,0.9784305
GCF_022690165.1.fna,GCF_022689745.1.fna,0.007268071,0.9927319
GCF_031728075.1.fna,GCF_022689745.1.fna,0.0077438354,0.99225616
GCF_022689965.1.fna,GCF_022689745.1.fna,0.008384287,0.9916157
GCF_022689575.1.fna,GCF_022689745.1.fna,0.022204995,0.977795
GCF_037694985.1.fna,GCF_022689745.1.fna,0.008849382,0.9911506
GCF_022690185.1.fna,GCF_022689745.1.fna,0.02088219,0.9791178
GCF_031728335.1.fna,GCF_022689745.1.fna,0.009690642,0.99030936
GCF_031728095.1.fna,GCF_022689745.1.fna,0.02227658,0.9777234
GCF_022690385.1.fna,GCF_022689745.1.fna,0.008269668,0.99173033
GCF_022690425.1.fna,GCF_022689745.1.fna,0.0077438354,0.99225616
GCF_022690375.1.fna,GCF_022689745.1.fna,0.02156949,0.9784305
GCF_022689675.1.fna,GCF_022689745.1.fna,9.5546246e-05,0.99990445
GCF_022690245.1.fna,GCF_022689745.1.fna,0.0077809095,0.9922191
GCF_037700295.1.fna,GCF_022689745.1.fna,0.0060098767,0.9939901
GCF_015274535.1.fna,GCF_022689745.1.fna,0.008771062,0.99122894
GCF_022689845.1.fna,GCF_022689745.1.fna,0.0074496865,0.9925503
GCF_022689745.1.fna,GCF_022689745.1.fna,0.0,1.0
GCF_022689925.1.fna,GCF_022689745.1.fna,0.02768892,0.9723111
GCF_015274655.1.fna,GCF_022689745.1.fna,0.008771062,0.99122894
GCF_022690325.1.fna,GCF_022689745.1.fna,0.020412326,0.9795877
GCF_022689785.1.fna,GCF_022689745.1.fna,0.020345926,0.9796541
GCF_031728155.1.fna,GCF_022689745.1.fna,0.007818103,0.9921819
GCF_037700455.1.fna,GCF_022689745.1.fna,0.021779478,0.9782205
GCF_022689905.1.fna,GCF_022689745.1.fna,0.0075594783,0.9924405
GCF_022690105.1.fna,GCF_022689745.1.fna,0.009285569,0.99071443
GCF_022689975.1.fna,GCF_022689745.1.fna,0.0072319508,0.99276805
GCF_022689705.1.fna,GCF_022689745.1.fna,0.022637784,0.9773622
GCF_031728835.1.fna,GCF_022689745.1.fna,0.0065935254,0.9934065
GCF_031728115.1.fna,GCF_022689745.1.fna,0.009285569,0.99071443
GCF_022689775.1.fna,GCF_022689745.1.fna,0.021018088,0.9789819
GCF_031728455.1.fna,GCF_022689745.1.fna,0.020345926,0.9796541
GCF_025143615.1.fna,GCF_022689745.1.fna,0.021361291,0.9786387
GCF_052950835.1.fna,GCF_022689745.1.fna,0.020412326,0.9795877
GCF_040947125.1.fna,GCF_022689745.1.fna,0.02227658,0.9777234
GCF_017315645.1.fna,GCF_022689745.1.fna,0.0072319508,0.99276805
GCF_040947645.1.fna,GCF_022689745.1.fna,0.008693099,0.9913069
GCF_022690345.1.fna,GCF_022689745.1.fna,0.007929981,0.99207
GCF_022689645.1.fna,GCF_022689745.1.fna,0.021920502,0.9780795
GCF_022690295.1.fna,GCF_022689745.1.fna,0.009325743,0.99067426
GCF_031728715.1.fna,GCF_022689745.1.fna,0.020545602,0.9794544
GCF_031728295.1.fna,GCF_022689745.1.fna,0.0072319508,0.99276805
GCF_040947065.1.fna,GCF_022689745.1.fna,0.020612597,0.9793874
GCF_037695175.1.fna,GCF_022689745.1.fna,0.022492707,0.9775073
GCF_031728475.1.fna,GCF_022689745.1.fna,0.008384287,0.9916157
GCF_022690045.1.fna,GCF_022689925.1.fna,0.023753703,0.9762463
GCF_017315625.1.fna,GCF_022689925.1.fna,0.027337492,0.9726625
GCF_900458635.1.fna,GCF_022689925.1.fna,0.023829877,0.9761701
GCF_022689565.1.fna,GCF_022689925.1.fna,0.027866304,0.9721337
GCF_029926905.1.fna,GCF_022689925.1.fna,0.030188084,0.9698119
GCF_040947025.1.fna,GCF_022689925.1.fna,0.027600586,0.9723994
GCF_022690065.1.fna,GCF_022689925.1.fna,0.028315127,0.9716849
GCF_022689765.1.fna,GCF_022689925.1.fna,0.028405726,0.9715943
GCF_022690265.1.fna,GCF_022689925.1.fna,0.028315127,0.9716849
GCF_022689615.1.fna,GCF_022689925.1.fna,0.027777493,0.9722225
GCF_031728745.1.fna,GCF_022689925.1.fna,0.027866304,0.9721337
GCF_022690275.1.fna,GCF_022689925.1.fna,0.027600586,0.9723994
GCF_047653515.1.fna,GCF_022689925.1.fna,0.027600586,0.9723994
GCF_031728275.1.fna,GCF_022689925.1.fna,0.024841309,0.9751587
GCF_022690115.1.fna,GCF_022689925.1.fna,0.029994905,0.9700051
GCF_031728735.1.fna,GCF_022689925.1.fna,0.027337492,0.9726625
GCF_036419895.1.fna,GCF_022689925.1.fna,0.023451328,0.9765487
GCF_000269685.1.fna,GCF_022689925.1.fna,0.028496683,0.9715033
GCF_031728515.1.fna,GCF_022689925.1.fna,0.03067702,0.969323
GCF_037700155.1.fna,GCF_022689925.1.fna,0.028315127,0.9716849
GCF_022690225.1.fna,GCF_022689925.1.fna,0.025484025,0.974516
GCF_022689945.1.fna,GCF_022689925.1.fna,0.029898822,0.9701012
GCF_015274585.1.fna,GCF_022689925.1.fna,0.026648402,0.9733516
GCF_031728415.1.fna,GCF_022689925.1.fna,0.025484025,0.974516
GCF_031729015.1.fna,GCF_022689925.1.fna,0.023753703,0.9762463
GCF_037700315.1.fna,GCF_022689925.1.fna,0.024683118,0.9753169
GCF_031728795.1.fna,GCF_022689925.1.fna,0.023829877,0.9761701
GCF_031728555.1.fna,GCF_022689925.1.fna,0.028315127,0.9716849
GCF_029926865.1.fna,GCF_022689925.1.fna,0.030188084,0.9698119
GCF_040947225.1.fna,GCF_022689925.1.fna,0.024525821,0.9754742
GCF_031728695.1.fna,GCF_022689925.1.fna,0.024762094,0.9752379
GCF_022689665.1.fna,GCF_022689925.1.fna,0.02572918,0.9742708
GCF_029926915.1.fna,GCF_022689925.1.fna,0.0296126,0.9703874
GCF_031728315.1.fna,GCF_022689925.1.fna,0.027424872,0.9725751
GCF_031727255.1.fna,GCF_022689925.1.fna,0.030091286,0.9699087
GCF_022690205.1.fna,GCF_022689925.1.fna,0.024525821,0.9754742
GCF_031727455.1.fna,GCF_022689925.1.fna,0.0036371946,0.9963628
GCF_022690025.1.fna,GCF_022689925.1.fna,0.025565505,0.9744345
GCF_031727075.1.fna,GCF_022689925.1.fna,0.02768892,0.9723111
GCF_022690145.1.fna,GCF_022689925.1.fna,0.028315127,0.9716849
GCF_002901845.1.fna,GCF_022689925.1.fna,0.023753703,0.9762463
GCF_022689825.1.fna,GCF_022689925.1.fna,0.028405726,0.9715943
GCF_031728675.1.fna,GCF_022689925.1.fna,0.025080502,0.9749195
GCF_047653525.1.fna,GCF_022689925.1.fna,0.029235482,0.9707645
GCF_022690085.1.fna,GCF_022689925.1.fna,0.0035191178,0.9964809
GCF_037700135.1.fna,GCF_022689925.1.fna,0.029517889,0.9704821
GCF_025143205.1.fna,GCF_022689925.1.fna,0.02804488,0.9719551
GCF_031728895.1.fna,GCF_022689925.1.fna,0.023982882,0.9760171
GCF_040947605.1.fna,GCF_022689925.1.fna,0.02970767,0.9702923
GCF_031727355.1.fna,GCF_022689925.1.fna,0.027777493,0.9722225
GCF_015274675.1.fna,GCF_022689925.1.fna,0.02768892,0.9723111
GCF_036420075.1.fna,GCF_022689925.1.fna,0.029898822,0.9701012
GCF_013267575.1.fna,GCF_022689925.1.fna,0.025000513,0.9749995
GCF_031727055.1.fna,GCF_022689925.1.fna,0.024841309,0.9751587
GCF_037700375.1.fna,GCF_022689925.1.fna,0.025241077,0.9747589
GCF_022690005.1.fna,GCF_022689925.1.fna,0.023829877,0.9761701
GCF_031631055.1.fna,GCF_022689925.1.fna,0.025647223,0.9743528
GCF_031728495.1.fna,GCF_022689925.1.fna,0.023602009,0.976398
GCF_964211265.1.fna,GCF_022689925.1.fna,0.025647223,0.9743528
GCF_031727535.1.fna,GCF_022689925.1.fna,0.025976717,0.9740233
GCF_025143445.1.fna,GCF_022689925.1.fna,0.024920821,0.9750792
GCF_022689855.1.fna,GCF_022689925.1.fna,0.024762094,0.9752379
GCF_022689725.1.fna,GCF_022689925.1.fna,0.02572918,0.9742708
GCF_031727275.1.fna,GCF_022689925.1.fna,0.025080502,0.9749195
GCF_031728235.1.fna,GCF_022689925.1.fna,0.028863609,0.9711364
GCF_040947205.1.fna,GCF_022689925.1.fna,0.028956115,0.9710439
GCF_031727235.1.fna,GCF_022689925.1.fna,0.024683118,0.9753169
GCF_022690165.1.fna,GCF_022689925.1.fna,0.028315127,0.9716849
GCF_031728075.1.fna,GCF_022689925.1.fna,0.029517889,0.9704821
GCF_022689965.1.fna,GCF_022689925.1.fna,0.028224707,0.9717753
GCF_022689575.1.fna,GCF_022689925.1.fna,0.02572918,0.9742708
GCF_037694985.1.fna,GCF_022689925.1.fna,0.029142082,0.9708579
GCF_022690185.1.fna,GCF_022689925.1.fna,0.023677707,0.9763223
GCF_031728335.1.fna,GCF_022689925.1.fna,0.02804488,0.9719551
GCF_031728095.1.fna,GCF_022689925.1.fna,0.024214208,0.9757858
GCF_022690385.1.fna,GCF_022689925.1.fna,0.0293293,0.9706707
GCF_022690425.1.fna,GCF_022689925.1.fna,0.029517889,0.9704821
GCF_022690375.1.fna,GCF_022689925.1.fna,0.024841309,0.9751587
GCF_022689675.1.fna,GCF_022689925.1.fna,0.02768892,0.9723111
GCF_022690245.1.fna,GCF_022689925.1.fna,0.026904702,0.9730953
GCF_037700295.1.fna,GCF_022689925.1.fna,0.02804488,0.9719551
GCF_015274535.1.fna,GCF_022689925.1.fna,0.026648402,0.9733516
GCF_022689845.1.fna,GCF_022689925.1.fna,0.029517889,0.9704821
GCF_022689745.1.fna,GCF_022689925.1.fna,0.02768892,0.9723111
GCF_022689925.1.fna,GCF_022689925.1.fna,0.0,1.0
GCF_015274655.1.fna,GCF_022689925.1.fna,0.026648402,0.9733516
GCF_022690325.1.fna,GCF_022689925.1.fna,0.023753703,0.9762463
GCF_022689785.1.fna,GCF_022689925.1.fna,0.023078203,0.9769218
GCF_031728155.1.fna,GCF_022689925.1.fna,0.026733518,0.9732665
GCF_037700455.1.fna,GCF_022689925.1.fna,0.025080502,0.9749195
GCF_022689905.1.fna,GCF_022689925.1.fna,0.027424872,0.9725751
GCF_022690105.1.fna,GCF_022689925.1.fna,0.027424872,0.9725751
GCF_022689975.1.fna,GCF_022689925.1.fna,0.028405726,0.9715943
GCF_022689705.1.fna,GCF_022689925.1.fna,0.024762094,0.9752379
GCF_031728835.1.fna,GCF_022689925.1.fna,0.027600586,0.9723994
GCF_031728115.1.fna,GCF_022689925.1.fna,0.026990712,0.9730093
GCF_022689775.1.fna,GCF_022689925.1.fna,0.024525821,0.9754742
GCF_031728455.1.fna,GCF_022689925.1.fna,0.024214208,0.9757858
GCF_025143615.1.fna,GCF_022689925.1.fna,0.023982882,0.9760171
GCF_052950835.1.fna,GCF_022689925.1.fna,0.026563525,0.9734365
GCF_040947125.1.fna,GCF_022689925.1.fna,0.026059687,0.9739403
GCF_017315645.1.fna,GCF_022689925.1.fna,0.02804488,0.9719551
GCF_040947645.1.fna,GCF_022689925.1.fna,0.029803097,0.9701969
GCF_022690345.1.fna,GCF_022689925.1.fna,0.026648402,0.9733516
GCF_022689645.1.fna,GCF_022689925.1.fna,0.024291694,0.9757083
GCF_022690295.1.fna,GCF_022689925.1.fna,0.030091286,0.9699087
GCF_031728715.1.fna,GCF_022689925.1.fna,0.022783816,0.9772162
GCF_031728295.1.fna,GCF_022689925.1.fna,0.028496683,0.9715033
GCF_040947065.1.fna,GCF_022689925.1.fna,0.024920821,0.9750792
GCF_037695175.1.fna,GCF_022689925.1.fna,0.025080502,0.9749195
GCF_031728475.1.fna,GCF_022689925.1.fna,0.02681899,0.973181
GCF_022690045.1.fna,GCF_015274655.1.fna,0.021086395,0.9789136
GCF_017315625.1.fna,GCF_015274655.1.fna,0.010654509,0.9893455
GCF_900458635.1.fna,GCF_015274655.1.fna,0.020612597,0.9793874
GCF_022689565.1.fna,GCF_015274655.1.fna,0.009854972,0.990145
GCF_029926905.1.fna,GCF_015274655.1.fna,0.011044383,0.9889556
GCF_040947025.1.fna,GCF_015274655.1.fna,0.010229826,0.9897702
GCF_022690065.1.fna,GCF_015274655.1.fna,0.009006858,0.99099314
GCF_022689765.1.fna,GCF_015274655.1.fna,0.009649754,0.99035025
GCF_022690265.1.fna,GCF_015274655.1.fna,0.008771062,0.99122894
GCF_022689615.1.fna,GCF_015274655.1.fna,0.008771062,0.99122894
GCF_031728745.1.fna,GCF_015274655.1.fna,0.009649754,0.99035025
GCF_022690275.1.fna,GCF_015274655.1.fna,0.008384287,0.9916157
GCF_047653515.1.fna,GCF_015274655.1.fna,0.0089674,0.9910326
GCF_031728275.1.fna,GCF_015274655.1.fna,0.02156949,0.9784305
GCF_022690115.1.fna,GCF_015274655.1.fna,0.0144562125,0.9855438
GCF_031728735.1.fna,GCF_015274655.1.fna,0.009937644,0.99006236
GCF_036419895.1.fna,GCF_015274655.1.fna,0.021499872,0.9785001
GCF_000269685.1.fna,GCF_015274655.1.fna,0.009527624,0.9904724
GCF_031728515.1.fna,GCF_015274655.1.fna,0.011088192,0.9889118
GCF_037700155.1.fna,GCF_015274655.1.fna,0.009365916,0.9906341
GCF_022690225.1.fna,GCF_015274655.1.fna,0.020747006,0.979253
GCF_022689945.1.fna,GCF_015274655.1.fna,0.01010412,0.9898959
GCF_015274585.1.fna,GCF_015274655.1.fna,0.0,1.0
GCF_031728415.1.fna,GCF_015274655.1.fna,0.022710681,0.9772893
GCF_031729015.1.fna,GCF_015274655.1.fna,0.021991313,0.9780087
GCF_037700315.1.fna,GCF_015274655.1.fna,0.023078203,0.9769218
GCF_031728795.1.fna,GCF_015274655.1.fna,0.020279706,0.9797203
GCF_031728555.1.fna,GCF_015274655.1.fna,0.0089674,0.9910326
GCF_029926865.1.fna,GCF_015274655.1.fna,0.011044383,0.9889556
GCF_040947225.1.fna,GCF_015274655.1.fna,0.019886196,0.9801138
GCF_031728695.1.fna,GCF_015274655.1.fna,0.021499872,0.9785001
GCF_022689665.1.fna,GCF_015274655.1.fna,0.021639287,0.9783607
GCF_029926915.1.fna,GCF_015274655.1.fna,0.010145903,0.9898541
GCF_031728315.1.fna,GCF_015274655.1.fna,0.009006858,0.99099314
GCF_031727255.1.fna,GCF_015274655.1.fna,0.010826886,0.9891731
GCF_022690205.1.fna,GCF_015274655.1.fna,0.02285707,0.97714293
GCF_031727455.1.fna,GCF_015274655.1.fna,0.027337492,0.9726625
GCF_022690025.1.fna,GCF_015274655.1.fna,0.021499872,0.9785001
GCF_031727075.1.fna,GCF_015274655.1.fna,0.008771062,0.99122894
GCF_022690145.1.fna,GCF_015274655.1.fna,0.0089674,0.9910326
GCF_002901845.1.fna,GCF_015274655.1.fna,0.020412326,0.9795877
GCF_022689825.1.fna,GCF_015274655.1.fna,0.009649754,0.99035025
GCF_031728675.1.fna,GCF_015274655.1.fna,0.021430492,0.9785695
GCF_047653525.1.fna,GCF_015274655.1.fna,0.01010412,0.9898959
GCF_022690085.1.fna,GCF_015274655.1.fna,0.026478827,0.9735212
GCF_037700135.1.fna,GCF_015274655.1.fna,0.009568274,0.9904317
GCF_025143205.1.fna,GCF_015274655.1.fna,0.009649754,0.99035025
GCF_031728895.1.fna,GCF_015274655.1.fna,0.021223426,0.9787766
GCF_040947605.1.fna,GCF_015274655.1.fna,0.010441005,0.989559
GCF_031727355.1.fna,GCF_015274655.1.fna,0.009854972,0.990145
GCF_015274675.1.fna,GCF_015274655.1.fna,0.008927941,0.99107206
GCF_036420075.1.fna,GCF_015274655.1.fna,0.01010412,0.9898959
GCF_013267575.1.fna,GCF_015274655.1.fna,0.02115482,0.9788452
GCF_031727055.1.fna,GCF_015274655.1.fna,0.022637784,0.9773622
GCF_037700375.1.fna,GCF_015274655.1.fna,0.02156949,0.9784305
GCF_022690005.1.fna,GCF_015274655.1.fna,0.02115482,0.9788452
GCF_031631055.1.fna,GCF_015274655.1.fna,0.019244492,0.9807555
GCF_031728495.1.fna,GCF_015274655.1.fna,0.020545602,0.9794544
GCF_964211265.1.fna,GCF_015274655.1.fna,0.020612597,0.9793874
GCF_031727535.1.fna,GCF_015274655.1.fna,0.02184987,0.9781501
GCF_025143445.1.fna,GCF_015274655.1.fna,0.021499872,0.9785001
GCF_022689855.1.fna,GCF_015274655.1.fna,0.020950079,0.9790499
GCF_022689725.1.fna,GCF_015274655.1.fna,0.021639287,0.9783607
GCF_031727275.1.fna,GCF_015274655.1.fna,0.021086395,0.9789136
GCF_031728235.1.fna,GCF_015274655.1.fna,0.010568798,0.9894312
GCF_040947205.1.fna,GCF_015274655.1.fna,0.009649754,0.99035025
GCF_031727235.1.fna,GCF_015274655.1.fna,0.02088219,0.9791178
GCF_022690165.1.fna,GCF_015274655.1.fna,0.009006858,0.99099314
GCF_031728075.1.fna,GCF_015274655.1.fna,0.010568798,0.9894312
GCF_022689965.1.fna,GCF_015274655.1.fna,0.009285569,0.99071443
GCF_022689575.1.fna,GCF_015274655.1.fna,0.021639287,0.9783607
GCF_037694985.1.fna,GCF_015274655.1.fna,0.010740519,0.9892595
GCF_022690185.1.fna,GCF_015274655.1.fna,0.021779478,0.9782205
GCF_031728335.1.fna,GCF_015274655.1.fna,0.0089674,0.9910326
GCF_031728095.1.fna,GCF_015274655.1.fna,0.02184987,0.9781501
GCF_022690385.1.fna,GCF_015274655.1.fna,0.010611594,0.9893884
GCF_022690425.1.fna,GCF_015274655.1.fna,0.010526121,0.9894739
GCF_022690375.1.fna,GCF_015274655.1.fna,0.021361291,0.9786387
GCF_022689675.1.fna,GCF_015274655.1.fna,0.008849382,0.9911506
GCF_022690245.1.fna,GCF_015274655.1.fna,0.008384287,0.9916157
GCF_037700295.1.fna,GCF_015274655.1.fna,0.009365916,0.9906341
GCF_015274535.1.fna,GCF_015274655.1.fna,2.3841858e-05,0.99997616
GCF_022689845.1.fna,GCF_015274655.1.fna,0.009446621,0.9905534
GCF_022689745.1.fna,GCF_015274655.1.fna,0.008771062,0.99122894
GCF_022689925.1.fna,GCF_015274655.1.fna,0.026648402,0.9733516
GCF_015274655.1.fna,GCF_015274655.1.fna,0.0,1.0
GCF_022690325.1.fna,GCF_015274655.1.fna,0.020545602,0.9794544
GCF_022689785.1.fna,GCF_015274655.1.fna,0.021086395,0.9789136
GCF_031728155.1.fna,GCF_015274655.1.fna,0.009406269,0.99059373
GCF_037700455.1.fna,GCF_015274655.1.fna,0.021499872,0.9785001
GCF_022689905.1.fna,GCF_015274655.1.fna,0.009125829,0.9908742
GCF_022690105.1.fna,GCF_015274655.1.fna,0.008615434,0.99138457
GCF_022689975.1.fna,GCF_015274655.1.fna,0.009690642,0.99030936
GCF_022689705.1.fna,GCF_015274655.1.fna,0.02227658,0.9777234
GCF_031728835.1.fna,GCF_015274655.1.fna,0.008384287,0.9916157
GCF_031728115.1.fna,GCF_015274655.1.fna,0.009245515,0.9907545
GCF_022689775.1.fna,GCF_015274655.1.fna,0.02213347,0.97786653
GCF_031728455.1.fna,GCF_015274655.1.fna,0.020478904,0.9795211
GCF_025143615.1.fna,GCF_015274655.1.fna,0.02184987,0.9781501
GCF_052950835.1.fna,GCF_015274655.1.fna,0.019244492,0.9807555
GCF_040947125.1.fna,GCF_015274655.1.fna,0.02184987,0.9781501
GCF_017315645.1.fna,GCF_015274655.1.fna,0.009446621,0.9905534
GCF_040947645.1.fna,GCF_015274655.1.fna,0.010483503,0.9895165
GCF_022690345.1.fna,GCF_015274655.1.fna,0.009446621,0.9905534
GCF_022689645.1.fna,GCF_015274655.1.fna,0.021499872,0.9785001
GCF_022690295.1.fna,GCF_015274655.1.fna,0.010826886,0.9891731
GCF_031728715.1.fna,GCF_015274655.1.fna,0.020950079,0.9790499
GCF_031728295.1.fna,GCF_015274655.1.fna,0.009365916,0.9906341
GCF_040947065.1.fna,GCF_015274655.1.fna,0.020345926,0.9796541
GCF_037695175.1.fna,GCF_015274655.1.fna,0.021779478,0.9782205
GCF_031728475.1.fna,GCF_015274655.1.fna,0.009731591,0.9902684
GCF_022690045.1.fna,GCF_022690325.1.fna,0.007929981,0.99207
GCF_017315625.1.fna,GCF_022690325.1.fna,0.018131316,0.9818687
GCF_900458635.1.fna,GCF_022690325.1.fna,0.008307815,0.9916922
GCF_022689565.1.fna,GCF_022690325.1.fna,0.019756496,0.9802435
GCF_029926905.1.fna,GCF_022690325.1.fna,0.021920502,0.9780795
GCF_040947025.1.fna,GCF_022690325.1.fna,0.0201478,0.9798522
GCF_022690065.1.fna,GCF_022690325.1.fna,0.02156949,0.9784305
GCF_022689765.1.fna,GCF_022690325.1.fna,0.021639287,0.9783607
GCF_022690265.1.fna,GCF_022690325.1.fna,0.021430492,0.9785695
GCF_022689615.1.fna,GCF_022690325.1.fna,0.020478904,0.9795211
GCF_031728745.1.fna,GCF_022690325.1.fna,0.020279706,0.9797203
GCF_022690275.1.fna,GCF_022690325.1.fna,0.02156949,0.9784305
GCF_047653515.1.fna,GCF_022690325.1.fna,0.020345926,0.9796541
GCF_031728275.1.fna,GCF_022690325.1.fna,0.009006858,0.99099314
GCF_022690115.1.fna,GCF_022690325.1.fna,0.023982882,0.9760171
GCF_031728735.1.fna,GCF_022690325.1.fna,0.020814478,0.9791855
GCF_036419895.1.fna,GCF_022690325.1.fna,0.007818103,0.9921819
GCF_000269685.1.fna,GCF_022690325.1.fna,0.02184987,0.9781501
GCF_031728515.1.fna,GCF_022690325.1.fna,0.023677707,0.9763223
GCF_037700155.1.fna,GCF_022690325.1.fna,0.020747006,0.979253
GCF_022690225.1.fna,GCF_022690325.1.fna,0.01175642,0.9882436
GCF_022689945.1.fna,GCF_022690325.1.fna,0.022565126,0.9774349
GCF_015274585.1.fna,GCF_022690325.1.fna,0.020545602,0.9794544
GCF_031728415.1.fna,GCF_022690325.1.fna,0.009165645,0.99083436
GCF_031729015.1.fna,GCF_022690325.1.fna,0.007892609,0.9921074
GCF_037700315.1.fna,GCF_022690325.1.fna,0.008422613,0.9915774
GCF_031728795.1.fna,GCF_022690325.1.fna,0.0070524216,0.9929476
GCF_031728555.1.fna,GCF_022690325.1.fna,0.02156949,0.9784305
GCF_029926865.1.fna,GCF_022690325.1.fna,0.021920502,0.9780795
GCF_040947225.1.fna,GCF_022690325.1.fna,0.0074132085,0.9925868
GCF_031728695.1.fna,GCF_022690325.1.fna,0.008269668,0.99173033
GCF_022689665.1.fna,GCF_022690325.1.fna,0.0089674,0.9910326
GCF_029926915.1.fna,GCF_022690325.1.fna,0.020747006,0.979253
GCF_031728315.1.fna,GCF_022690325.1.fna,0.02001667,0.9799833
GCF_031727255.1.fna,GCF_022690325.1.fna,0.02213347,0.97786653
GCF_022690205.1.fna,GCF_022690325.1.fna,0.008849382,0.9911506
GCF_031727455.1.fna,GCF_022690325.1.fna,0.023301423,0.9766986
GCF_022690025.1.fna,GCF_022690325.1.fna,0.009568274,0.9904317
GCF_031727075.1.fna,GCF_022690325.1.fna,0.020412326,0.9795877
GCF_022690145.1.fna,GCF_022690325.1.fna,0.021639287,0.9783607
GCF_002901845.1.fna,GCF_022690325.1.fna,0.008269668,0.99173033
GCF_022689825.1.fna,GCF_022690325.1.fna,0.021639287,0.9783607
GCF_031728675.1.fna,GCF_022690325.1.fna,0.007855296,0.9921447
GCF_047653525.1.fna,GCF_022690325.1.fna,0.0201478,0.9798522
GCF_022690085.1.fna,GCF_022690325.1.fna,0.02285707,0.97714293
GCF_037700135.1.fna,GCF_022690325.1.fna,0.021920502,0.9780795
GCF_025143205.1.fna,GCF_022690325.1.fna,0.02156949,0.9784305
GCF_031728895.1.fna,GCF_022690325.1.fna,0.00628227,0.99371773
GCF_040947605.1.fna,GCF_022690325.1.fna,0.020679712,0.9793203
GCF_031727355.1.fna,GCF_022690325.1.fna,0.019756496,0.9802435
GCF_015274675.1.fna,GCF_022690325.1.fna,0.021430492,0.9785695
GCF_036420075.1.fna,GCF_022690325.1.fna,0.022492707,0.9775073
GCF_013267575.1.fna,GCF_022690325.1.fna,0.007632971,0.992367
GCF_031727055.1.fna,GCF_022690325.1.fna,0.011576116,0.9884239
GCF_037700375.1.fna,GCF_022690325.1.fna,0.009165645,0.99083436
GCF_022690005.1.fna,GCF_022690325.1.fna,0.007967472,0.9920325
GCF_031631055.1.fna,GCF_022690325.1.fna,0.01175642,0.9882436
GCF_031728495.1.fna,GCF_022690325.1.fna,0.007892609,0.9921074
GCF_964211265.1.fna,GCF_022690325.1.fna,0.00920558,0.9907944
GCF_031727535.1.fna,GCF_022690325.1.fna,0.009245515,0.9907545
GCF_025143445.1.fna,GCF_022690325.1.fna,0.0074132085,0.9925868
GCF_022689855.1.fna,GCF_022690325.1.fna,0.009979129,0.9900209
GCF_022689725.1.fna,GCF_022690325.1.fna,0.0089674,0.9910326
GCF_031727275.1.fna,GCF_022690325.1.fna,0.008499503,0.9915005
GCF_031728235.1.fna,GCF_022690325.1.fna,0.023753703,0.9762463
GCF_040947205.1.fna,GCF_022690325.1.fna,0.020814478,0.9791855
GCF_031727235.1.fna,GCF_022690325.1.fna,0.009937644,0.99006236
GCF_022690165.1.fna,GCF_022690325.1.fna,0.021639287,0.9783607
GCF_031728075.1.fna,GCF_022690325.1.fna,0.021361291,0.9786387
GCF_022689965.1.fna,GCF_022690325.1.fna,0.019756496,0.9802435
GCF_022689575.1.fna,GCF_022690325.1.fna,0.009006858,0.99099314
GCF_037694985.1.fna,GCF_022690325.1.fna,0.021639287,0.9783607
GCF_022690185.1.fna,GCF_022690325.1.fna,0.007892609,0.9921074
GCF_031728335.1.fna,GCF_022690325.1.fna,0.02184987,0.9781501
GCF_031728095.1.fna,GCF_022690325.1.fna,0.008042574,0.9919574
GCF_022690385.1.fna,GCF_022690325.1.fna,0.02156949,0.9784305
GCF_022690425.1.fna,GCF_022690325.1.fna,0.021361291,0.9786387
GCF_022690375.1.fna,GCF_022690325.1.fna,0.009649754,0.99035025
GCF_022689675.1.fna,GCF_022690325.1.fna,0.020279706,0.9797203
GCF_022690245.1.fna,GCF_022690325.1.fna,0.021430492,0.9785695
GCF_037700295.1.fna,GCF_022690325.1.fna,0.020747006,0.979253
GCF_015274535.1.fna,GCF_022690325.1.fna,0.020545602,0.9794544
GCF_022689845.1.fna,GCF_022690325.1.fna,0.021779478,0.9782205
GCF_022689745.1.fna,GCF_022690325.1.fna,0.020412326,0.9795877
GCF_022689925.1.fna,GCF_022690325.1.fna,0.023753703,0.9762463
GCF_015274655.1.fna,GCF_022690325.1.fna,0.020545602,0.9794544
GCF_022690325.1.fna,GCF_022690325.1.fna,0.0,1.0
GCF_022689785.1.fna,GCF_022690325.1.fna,0.00680393,0.99319607
GCF_031728155.1.fna,GCF_022690325.1.fna,0.019886196,0.9801138
GCF_037700455.1.fna,GCF_022690325.1.fna,0.009285569,0.99071443
GCF_022689905.1.fna,GCF_022690325.1.fna,0.02001667,0.9799833
GCF_022690105.1.fna,GCF_022690325.1.fna,0.021086395,0.9789136
GCF_022689975.1.fna,GCF_022690325.1.fna,0.02156949,0.9784305
GCF_022689705.1.fna,GCF_022690325.1.fna,0.009854972,0.990145
GCF_031728835.1.fna,GCF_022690325.1.fna,0.021292329,0.9787077
GCF_031728115.1.fna,GCF_022690325.1.fna,0.020747006,0.979253
GCF_022689775.1.fna,GCF_022690325.1.fna,0.008576691,0.9914233
GCF_031728455.1.fna,GCF_022690325.1.fna,0.007855296,0.9921447
GCF_025143615.1.fna,GCF_022690325.1.fna,0.007929981,0.99207
GCF_052950835.1.fna,GCF_022690325.1.fna,0.012167871,0.9878321
GCF_040947125.1.fna,GCF_022690325.1.fna,0.009649754,0.99035025
GCF_017315645.1.fna,GCF_022690325.1.fna,0.019691885,0.9803081
GCF_040947645.1.fna,GCF_022690325.1.fna,0.020679712,0.9793203
GCF_022690345.1.fna,GCF_022690325.1.fna,0.019756496,0.9802435
GCF_022689645.1.fna,GCF_022690325.1.fna,0.009896278,0.9901037
GCF_022690295.1.fna,GCF_022690325.1.fna,0.02213347,0.97786653
GCF_031728715.1.fna,GCF_022690325.1.fna,0.007016778,0.9929832
GCF_031728295.1.fna,GCF_022690325.1.fna,0.020082176,0.9799178
GCF_040947065.1.fna,GCF_022690325.1.fna,0.011176109,0.9888239
GCF_037695175.1.fna,GCF_022690325.1.fna,0.009006858,0.99099314
GCF_031728475.1.fna,GCF_022690325.1.fna,0.021292329,0.9787077
GCF_022690045.1.fna,GCF_022689785.1.fna,0.005575657,0.99442434
GCF_017315625.1.fna,GCF_022689785.1.fna,0.019055188,0.9809448
GCF_900458635.1.fna,GCF_022689785.1.fna,0.006663382,0.9933366
GCF_022689565.1.fna,GCF_022689785.1.fna,0.019627512,0.9803725
GCF_029926905.1.fna,GCF_022689785.1.fna,0.022204995,0.977795
GCF_040947025.1.fna,GCF_022689785.1.fna,0.020612597,0.9793874
GCF_022690065.1.fna,GCF_022689785.1.fna,0.02184987,0.9781501
GCF_022689765.1.fna,GCF_022689785.1.fna,0.021430492,0.9785695
GCF_022690265.1.fna,GCF_022689785.1.fna,0.02156949,0.9784305
GCF_022689615.1.fna,GCF_022689785.1.fna,0.020345926,0.9796541
GCF_031728745.1.fna,GCF_022689785.1.fna,0.0201478,0.9798522
GCF_022690275.1.fna,GCF_022689785.1.fna,0.022204995,0.977795
GCF_047653515.1.fna,GCF_022689785.1.fna,0.020950079,0.9790499
GCF_031728275.1.fna,GCF_022689785.1.fna,0.006663382,0.9933366
GCF_022690115.1.fna,GCF_022689785.1.fna,0.02460432,0.9753957
GCF_031728735.1.fna,GCF_022689785.1.fna,0.021223426,0.9787766
GCF_036419895.1.fna,GCF_022689785.1.fna,0.004737079,0.9952629
GCF_000269685.1.fna,GCF_022689785.1.fna,0.021991313,0.9780087
GCF_031728515.1.fna,GCF_022689785.1.fna,0.023829877,0.9761701
GCF_037700155.1.fna,GCF_022689785.1.fna,0.020612597,0.9793874
GCF_022690225.1.fna,GCF_022689785.1.fna,0.010957122,0.9890429
GCF_022689945.1.fna,GCF_022689785.1.fna,0.023301423,0.9766986
GCF_015274585.1.fna,GCF_022689785.1.fna,0.021086395,0.9789136
GCF_031728415.1.fna,GCF_022689785.1.fna,0.007855296,0.9921447
GCF_031729015.1.fna,GCF_022689785.1.fna,0.0048002005,0.9951998
GCF_037700315.1.fna,GCF_022689785.1.fna,0.004895389,0.9951046
GCF_031728795.1.fna,GCF_022689785.1.fna,0.007706821,0.9922932
GCF_031728555.1.fna,GCF_022689785.1.fna,0.021920502,0.9780795
GCF_029926865.1.fna,GCF_022689785.1.fna,0.022204995,0.977795
GCF_040947225.1.fna,GCF_022689785.1.fna,0.0066284537,0.99337155
GCF_031728695.1.fna,GCF_022689785.1.fna,0.0057082176,0.9942918
GCF_022689665.1.fna,GCF_022689785.1.fna,0.0075594783,0.9924405
GCF_029926915.1.fna,GCF_022689785.1.fna,0.021086395,0.9789136
GCF_031728315.1.fna,GCF_022689785.1.fna,0.020612597,0.9793874
GCF_031727255.1.fna,GCF_022689785.1.fna,0.023301423,0.9766986
GCF_022690205.1.fna,GCF_022689785.1.fna,0.005183816,0.9948162
GCF_031727455.1.fna,GCF_022689785.1.fna,0.022565126,0.9774349
GCF_022690025.1.fna,GCF_022689785.1.fna,0.007632971,0.992367
GCF_031727075.1.fna,GCF_022689785.1.fna,0.020345926,0.9796541
GCF_022690145.1.fna,GCF_022689785.1.fna,0.021709323,0.9782907
GCF_002901845.1.fna,GCF_022689785.1.fna,0.006663382,0.9933366
GCF_022689825.1.fna,GCF_022689785.1.fna,0.021430492,0.9785695
GCF_031728675.1.fna,GCF_022689785.1.fna,0.0052485466,0.99475145
GCF_047653525.1.fna,GCF_022689785.1.fna,0.02115482,0.9788452
GCF_022690085.1.fna,GCF_022689785.1.fna,0.022204995,0.977795
GCF_037700135.1.fna,GCF_022689785.1.fna,0.022062302,0.9779377
GCF_025143205.1.fna,GCF_022689785.1.fna,0.02156949,0.9784305
GCF_031728895.1.fna,GCF_022689785.1.fna,0.0071599483,0.99284005
GCF_040947605.1.fna,GCF_022689785.1.fna,0.020747006,0.979253
GCF_031727355.1.fna,GCF_022689785.1.fna,0.019563198,0.9804368
GCF_015274675.1.fna,GCF_022689785.1.fna,0.021920502,0.9780795
GCF_036420075.1.fna,GCF_022689785.1.fna,0.023152411,0.9768476
GCF_013267575.1.fna,GCF_022689785.1.fna,0.005183816,0.9948162
GCF_031727055.1.fna,GCF_022689785.1.fna,0.010187805,0.9898122
GCF_037700375.1.fna,GCF_022689785.1.fna,0.007016778,0.9929832
GCF_022690005.1.fna,GCF_022689785.1.fna,0.005575657,0.99442434
GCF_031631055.1.fna,GCF_022689785.1.fna,0.012214124,0.9877859
GCF_031728495.1.fna,GCF_022689785.1.fna,0.0068392754,0.9931607
GCF_964211265.1.fna,GCF_022689785.1.fna,0.007304251,0.99269575
GCF_031727535.1.fna,GCF_022689785.1.fna,0.0077438354,0.99225616
GCF_025143445.1.fna,GCF_022689785.1.fna,0.0068392754,0.9931607
GCF_022689855.1.fna,GCF_022689785.1.fna,0.007855296,0.9921447
GCF_022689725.1.fna,GCF_022689785.1.fna,0.0075594783,0.9924405
GCF_031727275.1.fna,GCF_022689785.1.fna,0.0069811344,0.99301887
GCF_031728235.1.fna,GCF_022689785.1.fna,0.023753703,0.9762463
GCF_040947205.1.fna,GCF_022689785.1.fna,0.020478904,0.9795211
GCF_031727235.1.fna,GCF_022689785.1.fna,0.007818103,0.9921819
GCF_022690165.1.fna,GCF_022689785.1.fna,0.021991313,0.9780087
GCF_031728075.1.fna,GCF_022689785.1.fna,0.021430492,0.9785695
GCF_022689965.1.fna,GCF_022689785.1.fna,0.019951403,0.9800486
GCF_022689575.1.fna,GCF_022689785.1.fna,0.0075961947,0.9924038
GCF_037694985.1.fna,GCF_022689785.1.fna,0.02213347,0.97786653
GCF_022690185.1.fna,GCF_022689785.1.fna,0.0048002005,0.9951998
GCF_031728335.1.fna,GCF_022689785.1.fna,0.02213347,0.97786653
GCF_031728095.1.fna,GCF_022689785.1.fna,0.004990995,0.995009
GCF_022690385.1.fna,GCF_022689785.1.fna,0.021991313,0.9780087
GCF_022690425.1.fna,GCF_022689785.1.fna,0.021361291,0.9786387
GCF_022690375.1.fna,GCF_022689785.1.fna,0.007929981,0.99207
GCF_022689675.1.fna,GCF_022689785.1.fna,0.020213723,0.9797863
GCF_022690245.1.fna,GCF_022689785.1.fna,0.02156949,0.9784305
GCF_037700295.1.fna,GCF_022689785.1.fna,0.020612597,0.9793874
GCF_015274535.1.fna,GCF_022689785.1.fna,0.021086395,0.9789136
GCF_022689845.1.fna,GCF_022689785.1.fna,0.021639287,0.9783607
GCF_022689745.1.fna,GCF_022689785.1.fna,0.020345926,0.9796541
GCF_022689925.1.fna,GCF_022689785.1.fna,0.023078203,0.9769218
GCF_015274655.1.fna,GCF_022689785.1.fna,0.021086395,0.9789136
GCF_022690325.1.fna,GCF_022689785.1.fna,0.00680393,0.99319607
GCF_022689785.1.fna,GCF_022689785.1.fna,0.0,1.0
GCF_031728155.1.fna,GCF_022689785.1.fna,0.020747006,0.979253
GCF_037700455.1.fna,GCF_022689785.1.fna,0.007088244,0.99291176
GCF_022689905.1.fna,GCF_022689785.1.fna,0.020612597,0.9793874
GCF_022690105.1.fna,GCF_022689785.1.fna,0.021361291,0.9786387
GCF_022689975.1.fna,GCF_022689785.1.fna,0.021361291,0.9786387
GCF_022689705.1.fna,GCF_022689785.1.fna,0.008307815,0.9916922
GCF_031728835.1.fna,GCF_022689785.1.fna,0.021292329,0.9787077
GCF_031728115.1.fna,GCF_022689785.1.fna,0.021223426,0.9787766
GCF_022689775.1.fna,GCF_022689785.1.fna,0.004990995,0.995009
GCF_031728455.1.fna,GCF_022689785.1.fna,0.0066284537,0.99337155
GCF_025143615.1.fna,GCF_022689785.1.fna,0.0051515102,0.9948485
GCF_052950835.1.fna,GCF_022689785.1.fna,0.012306809,0.9876932
GCF_040947125.1.fna,GCF_022689785.1.fna,0.007706821,0.9922932
GCF_017315645.1.fna,GCF_022689785.1.fna,0.020279706,0.9797203
GCF_040947645.1.fna,GCF_022689785.1.fna,0.020747006,0.979253
GCF_022690345.1.fna,GCF_022689785.1.fna,0.020679712,0.9793203
GCF_022689645.1.fna,GCF_022689785.1.fna,0.008538067,0.99146193
GCF_022690295.1.fna,GCF_022689785.1.fna,0.023226798,0.9767732
GCF_031728715.1.fna,GCF_022689785.1.fna,0.003756106,0.9962439
GCF_031728295.1.fna,GCF_022689785.1.fna,0.020545602,0.9794544
GCF_040947065.1.fna,GCF_022689785.1.fna,0.011088192,0.9889118
GCF_037695175.1.fna,GCF_022689785.1.fna,0.007818103,0.9921819
GCF_031728475.1.fna,GCF_022689785.1.fna,0.02115482,0.9788452
GCF_022690045.1.fna,GCF_031728155.1.fna,0.020747006,0.979253
GCF_017315625.1.fna,GCF_031728155.1.fna,0.009527624,0.9904724
GCF_900458635.1.fna,GCF_031728155.1.fna,0.02156949,0.9784305
GCF_022689565.1.fna,GCF_031728155.1.fna,0.008384287,0.9916157
GCF_029926905.1.fna,GCF_031728155.1.fna,0.010740519,0.9892595
GCF_040947025.1.fna,GCF_031728155.1.fna,0.0027144551,0.99728554
GCF_022690065.1.fna,GCF_031728155.1.fna,0.008042574,0.9919574
GCF_022689765.1.fna,GCF_031728155.1.fna,0.007706821,0.9922932
GCF_022690265.1.fna,GCF_031728155.1.fna,0.0077438354,0.99225616
GCF_022689615.1.fna,GCF_031728155.1.fna,0.007892609,0.9921074
GCF_031728745.1.fna,GCF_031728155.1.fna,0.009937644,0.99006236
GCF_022690275.1.fna,GCF_031728155.1.fna,0.007669866,0.99233013
GCF_047653515.1.fna,GCF_031728155.1.fna,0.0067687035,0.9932313
GCF_031728275.1.fna,GCF_031728155.1.fna,0.021018088,0.9789819
GCF_022690115.1.fna,GCF_031728155.1.fna,0.014975905,0.9850241
GCF_031728735.1.fna,GCF_031728155.1.fna,0.009046435,0.99095356
GCF_036419895.1.fna,GCF_031728155.1.fna,0.021361291,0.9786387
GCF_000269685.1.fna,GCF_031728155.1.fna,0.0075961947,0.9924038
GCF_031728515.1.fna,GCF_031728155.1.fna,0.010826886,0.9891731
GCF_037700155.1.fna,GCF_031728155.1.fna,0.00823164,0.99176836
GCF_022690225.1.fna,GCF_031728155.1.fna,0.021920502,0.9780795
GCF_022689945.1.fna,GCF_031728155.1.fna,0.009608984,0.990391
GCF_015274585.1.fna,GCF_031728155.1.fna,0.009406269,0.99059373
GCF_031728415.1.fna,GCF_031728155.1.fna,0.022637784,0.9773622
GCF_031729015.1.fna,GCF_031728155.1.fna,0.021709323,0.9782907
GCF_037700315.1.fna,GCF_031728155.1.fna,0.022420406,0.9775796
GCF_031728795.1.fna,GCF_031728155.1.fna,0.019563198,0.9804368
GCF_031728555.1.fna,GCF_031728155.1.fna,0.008004963,0.99199504
GCF_029926865.1.fna,GCF_031728155.1.fna,0.010740519,0.9892595
GCF_040947225.1.fna,GCF_031728155.1.fna,0.019181192,0.9808188
GCF_031728695.1.fna,GCF_031728155.1.fna,0.022062302,0.9779377
GCF_022689665.1.fna,GCF_031728155.1.fna,0.021430492,0.9785695
GCF_029926915.1.fna,GCF_031728155.1.fna,0.009854972,0.990145
GCF_031728315.1.fna,GCF_031728155.1.fna,0.007855296,0.9921447
GCF_031727255.1.fna,GCF_031728155.1.fna,0.010020673,0.9899793
GCF_022690205.1.fna,GCF_031728155.1.fna,0.022492707,0.9775073
GCF_031727455.1.fna,GCF_031728155.1.fna,0.026904702,0.9730953
GCF_022690025.1.fna,GCF_031728155.1.fna,0.021920502,0.9780795
GCF_031727075.1.fna,GCF_031728155.1.fna,0.007818103,0.9921819
GCF_022690145.1.fna,GCF_031728155.1.fna,0.007929981,0.99207
GCF_002901845.1.fna,GCF_031728155.1.fna,0.02156949,0.9784305
GCF_022689825.1.fna,GCF_031728155.1.fna,0.007706821,0.9922932
GCF_031728675.1.fna,GCF_031728155.1.fna,0.022062302,0.9779377
GCF_047653525.1.fna,GCF_031728155.1.fna,0.008810163,0.99118984
GCF_022690085.1.fna,GCF_031728155.1.fna,0.026059687,0.9739403
GCF_037700135.1.fna,GCF_031728155.1.fna,0.008771062,0.99122894
GCF_025143205.1.fna,GCF_031728155.1.fna,0.008888602,0.9911114
GCF_031728895.1.fna,GCF_031728155.1.fna,0.020679712,0.9793203
GCF_040947605.1.fna,GCF_031728155.1.fna,0.01010412,0.9898959
GCF_031727355.1.fna,GCF_031728155.1.fna,0.008384287,0.9916157
GCF_015274675.1.fna,GCF_031728155.1.fna,0.0070524216,0.9929476
GCF_036420075.1.fna,GCF_031728155.1.fna,0.009568274,0.9904317
GCF_013267575.1.fna,GCF_031728155.1.fna,0.021920502,0.9780795
GCF_031727055.1.fna,GCF_031728155.1.fna,0.0244475,0.9755525
GCF_037700375.1.fna,GCF_031728155.1.fna,0.022565126,0.9774349
GCF_022690005.1.fna,GCF_031728155.1.fna,0.020679712,0.9793203
GCF_031631055.1.fna,GCF_031728155.1.fna,0.020213723,0.9797863
GCF_031728495.1.fna,GCF_031728155.1.fna,0.020612597,0.9793874
GCF_964211265.1.fna,GCF_031728155.1.fna,0.022204995,0.977795
GCF_031727535.1.fna,GCF_031728155.1.fna,0.02285707,0.97714293
GCF_025143445.1.fna,GCF_031728155.1.fna,0.021779478,0.9782205
GCF_022689855.1.fna,GCF_031728155.1.fna,0.021639287,0.9783607
GCF_022689725.1.fna,GCF_031728155.1.fna,0.021430492,0.9785695
GCF_031727275.1.fna,GCF_031728155.1.fna,0.021361291,0.9786387
GCF_031728235.1.fna,GCF_031728155.1.fna,0.009406269,0.99059373
GCF_040947205.1.fna,GCF_031728155.1.fna,0.008615434,0.99138457
GCF_031727235.1.fna,GCF_031728155.1.fna,0.02156949,0.9784305
GCF_022690165.1.fna,GCF_031728155.1.fna,0.008042574,0.9919574
GCF_031728075.1.fna,GCF_031728155.1.fna,0.008732021,0.991268
GCF_022689965.1.fna,GCF_031728155.1.fna,0.008810163,0.99118984
GCF_022689575.1.fna,GCF_031728155.1.fna,0.021430492,0.9785695
GCF_037694985.1.fna,GCF_031728155.1.fna,0.009649754,0.99035025
GCF_022690185.1.fna,GCF_031728155.1.fna,0.021430492,0.9785695
GCF_031728335.1.fna,GCF_031728155.1.fna,0.009046435,0.99095356
GCF_031728095.1.fna,GCF_031728155.1.fna,0.022420406,0.9775796
GCF_022690385.1.fna,GCF_031728155.1.fna,0.008927941,0.99107206
GCF_022690425.1.fna,GCF_031728155.1.fna,0.008693099,0.9913069
GCF_022690375.1.fna,GCF_031728155.1.fna,0.021639287,0.9783607
GCF_022689675.1.fna,GCF_031728155.1.fna,0.007967472,0.9920325
GCF_022690245.1.fna,GCF_031728155.1.fna,0.0075594783,0.9924405
GCF_037700295.1.fna,GCF_031728155.1.fna,0.008193672,0.9918063
GCF_015274535.1.fna,GCF_031728155.1.fna,0.009406269,0.99059373
GCF_022689845.1.fna,GCF_031728155.1.fna,0.008538067,0.99146193
GCF_022689745.1.fna,GCF_031728155.1.fna,0.007818103,0.9921819
GCF_022689925.1.fna,GCF_031728155.1.fna,0.026733518,0.9732665
GCF_015274655.1.fna,GCF_031728155.1.fna,0.009406269,0.99059373
GCF_022690325.1.fna,GCF_031728155.1.fna,0.019886196,0.9801138
GCF_022689785.1.fna,GCF_031728155.1.fna,0.020747006,0.979253
GCF_031728155.1.fna,GCF_031728155.1.fna,0.0,1.0
GCF_037700455.1.fna,GCF_031728155.1.fna,0.022420406,0.9775796
GCF_022689905.1.fna,GCF_031728155.1.fna,0.007967472,0.9920325
GCF_022690105.1.fna,GCF_031728155.1.fna,0.008615434,0.99138457
GCF_022689975.1.fna,GCF_031728155.1.fna,0.0077438354,0.99225616
GCF_022689705.1.fna,GCF_031728155.1.fna,0.02285707,0.97714293
GCF_031728835.1.fna,GCF_031728155.1.fna,0.0075594783,0.9924405
GCF_031728115.1.fna,GCF_031728155.1.fna,0.009446621,0.9905534
GCF_022689775.1.fna,GCF_031728155.1.fna,0.021991313,0.9780087
GCF_031728455.1.fna,GCF_031728155.1.fna,0.020345926,0.9796541
GCF_025143615.1.fna,GCF_031728155.1.fna,0.02115482,0.9788452
GCF_052950835.1.fna,GCF_031728155.1.fna,0.02156949,0.9784305
GCF_040947125.1.fna,GCF_031728155.1.fna,0.022783816,0.9772162
GCF_017315645.1.fna,GCF_031728155.1.fna,0.0077438354,0.99225616
GCF_040947645.1.fna,GCF_031728155.1.fna,0.010145903,0.9898541
GCF_022690345.1.fna,GCF_031728155.1.fna,9.5546246e-05,0.99990445
GCF_022689645.1.fna,GCF_031728155.1.fna,0.022420406,0.9775796
GCF_022690295.1.fna,GCF_031728155.1.fna,0.010020673,0.9899793
GCF_031728715.1.fna,GCF_031728155.1.fna,0.020747006,0.979253
GCF_031728295.1.fna,GCF_031728155.1.fna,0.007669866,0.99233013
GCF_040947065.1.fna,GCF_031728155.1.fna,0.02115482,0.9788452
GCF_037695175.1.fna,GCF_031728155.1.fna,0.022930622,0.9770694
GCF_031728475.1.fna,GCF_031728155.1.fna,0.007892609,0.9921074
GCF_022690045.1.fna,GCF_037700455.1.fna,0.008732021,0.991268
GCF_017315625.1.fna,GCF_037700455.1.fna,0.020545602,0.9794544
GCF_900458635.1.fna,GCF_037700455.1.fna,0.0051193237,0.9948807
GCF_022689565.1.fna,GCF_037700455.1.fna,0.021499872,0.9785001
GCF_029926905.1.fna,GCF_037700455.1.fna,0.022348404,0.9776516
GCF_040947025.1.fna,GCF_037700455.1.fna,0.022204995,0.977795
GCF_022690065.1.fna,GCF_037700455.1.fna,0.021639287,0.9783607
GCF_022689765.1.fna,GCF_037700455.1.fna,0.023376226,0.9766238
GCF_022690265.1.fna,GCF_037700455.1.fna,0.02184987,0.9781501
GCF_022689615.1.fna,GCF_037700455.1.fna,0.021779478,0.9782205
GCF_031728745.1.fna,GCF_037700455.1.fna,0.020545602,0.9794544
GCF_022690275.1.fna,GCF_037700455.1.fna,0.022783816,0.9772162
GCF_047653515.1.fna,GCF_037700455.1.fna,0.02227658,0.9777234
GCF_031728275.1.fna,GCF_037700455.1.fna,0.009125829,0.9908742
GCF_022690115.1.fna,GCF_037700455.1.fna,0.024841309,0.9751587
GCF_031728735.1.fna,GCF_037700455.1.fna,0.022062302,0.9779377
GCF_036419895.1.fna,GCF_037700455.1.fna,0.008693099,0.9913069
GCF_000269685.1.fna,GCF_037700455.1.fna,0.023301423,0.9766986
GCF_031728515.1.fna,GCF_037700455.1.fna,0.024762094,0.9752379
GCF_037700155.1.fna,GCF_037700455.1.fna,0.021639287,0.9783607
GCF_022690225.1.fna,GCF_037700455.1.fna,0.01171118,0.9882888
GCF_022689945.1.fna,GCF_037700455.1.fna,0.023982882,0.9760171
GCF_015274585.1.fna,GCF_037700455.1.fna,0.021499872,0.9785001
GCF_031728415.1.fna,GCF_037700455.1.fna,0.008307815,0.9916922
GCF_031729015.1.fna,GCF_037700455.1.fna,0.008810163,0.99118984
GCF_037700315.1.fna,GCF_037700455.1.fna,0.009006858,0.99099314
GCF_031728795.1.fna,GCF_037700455.1.fna,0.010062277,0.9899377
GCF_031728555.1.fna,GCF_037700455.1.fna,0.021709323,0.9782907
GCF_029926865.1.fna,GCF_037700455.1.fna,0.022348404,0.9776516
GCF_040947225.1.fna,GCF_037700455.1.fna,0.009006858,0.99099314
GCF_031728695.1.fna,GCF_037700455.1.fna,0.007967472,0.9920325
GCF_022689665.1.fna,GCF_037700455.1.fna,0.0061796308,0.99382037
GCF_029926915.1.fna,GCF_037700455.1.fna,0.021223426,0.9787766
GCF_031728315.1.fna,GCF_037700455.1.fna,0.021223426,0.9787766
GCF_031727255.1.fna,GCF_037700455.1.fna,0.023301423,0.9766986
GCF_022690205.1.fna,GCF_037700455.1.fna,0.009365916,0.9906341
GCF_031727455.1.fna,GCF_037700455.1.fna,0.024525821,0.9754742
GCF_022690025.1.fna,GCF_037700455.1.fna,0.00680393,0.99319607
GCF_031727075.1.fna,GCF_037700455.1.fna,0.021779478,0.9782205
GCF_022690145.1.fna,GCF_037700455.1.fna,0.021709323,0.9782907
GCF_002901845.1.fna,GCF_037700455.1.fna,0.0050230026,0.994977
GCF_022689825.1.fna,GCF_037700455.1.fna,0.023376226,0.9766238
GCF_031728675.1.fna,GCF_037700455.1.fna,0.0071959496,0.99280405
GCF_047653525.1.fna,GCF_037700455.1.fna,0.022062302,0.9779377
GCF_022690085.1.fna,GCF_037700455.1.fna,0.023602009,0.976398
GCF_037700135.1.fna,GCF_037700455.1.fna,0.023376226,0.9766238
GCF_025143205.1.fna,GCF_037700455.1.fna,0.02156949,0.9784305
GCF_031728895.1.fna,GCF_037700455.1.fna,0.008654237,0.99134576
GCF_040947605.1.fna,GCF_037700455.1.fna,0.021709323,0.9782907
GCF_031727355.1.fna,GCF_037700455.1.fna,0.021499872,0.9785001
GCF_015274675.1.fna,GCF_037700455.1.fna,0.022930622,0.9770694
GCF_036420075.1.fna,GCF_037700455.1.fna,0.02390629,0.9760937
GCF_013267575.1.fna,GCF_037700455.1.fna,0.0071599483,0.99284005
GCF_031727055.1.fna,GCF_037700455.1.fna,0.009046435,0.99095356
GCF_037700375.1.fna,GCF_037700455.1.fna,0.0007556677,0.99924433
GCF_022690005.1.fna,GCF_037700455.1.fna,0.008771062,0.99122894
GCF_031631055.1.fna,GCF_037700455.1.fna,0.011352897,0.9886471
GCF_031728495.1.fna,GCF_037700455.1.fna,0.0063854456,0.99361455
GCF_964211265.1.fna,GCF_037700455.1.fna,0.007088244,0.99291176
GCF_031727535.1.fna,GCF_037700455.1.fna,0.0062479973,0.993752
GCF_025143445.1.fna,GCF_037700455.1.fna,0.00823164,0.99176836
GCF_022689855.1.fna,GCF_037700455.1.fna,0.008460999,0.991539
GCF_022689725.1.fna,GCF_037700455.1.fna,0.0061796308,0.99382037
GCF_031727275.1.fna,GCF_037700455.1.fna,0.0074132085,0.9925868
GCF_031728235.1.fna,GCF_037700455.1.fna,0.024214208,0.9757858
GCF_040947205.1.fna,GCF_037700455.1.fna,0.021499872,0.9785001
GCF_031727235.1.fna,GCF_037700455.1.fna,0.008422613,0.9915774
GCF_022690165.1.fna,GCF_037700455.1.fna,0.021709323,0.9782907
GCF_031728075.1.fna,GCF_037700455.1.fna,0.022710681,0.9772893
GCF_022689965.1.fna,GCF_037700455.1.fna,0.021430492,0.9785695
GCF_022689575.1.fna,GCF_037700455.1.fna,0.0061796308,0.99382037
GCF_037694985.1.fna,GCF_037700455.1.fna,0.023004293,0.9769957
GCF_022690185.1.fna,GCF_037700455.1.fna,0.008460999,0.991539
GCF_031728335.1.fna,GCF_037700455.1.fna,0.02213347,0.97786653
GCF_031728095.1.fna,GCF_037700455.1.fna,0.008576691,0.9914233
GCF_022690385.1.fna,GCF_037700455.1.fna,0.02352649,0.9764735
GCF_022690425.1.fna,GCF_037700455.1.fna,0.022637784,0.9773622
GCF_022690375.1.fna,GCF_037700455.1.fna,0.0067687035,0.9932313
GCF_022689675.1.fna,GCF_037700455.1.fna,0.021639287,0.9783607
GCF_022690245.1.fna,GCF_037700455.1.fna,0.022062302,0.9779377
GCF_037700295.1.fna,GCF_037700455.1.fna,0.021499872,0.9785001
GCF_015274535.1.fna,GCF_037700455.1.fna,0.021499872,0.9785001
GCF_022689845.1.fna,GCF_037700455.1.fna,0.022710681,0.9772893
GCF_022689745.1.fna,GCF_037700455.1.fna,0.021779478,0.9782205
GCF_022689925.1.fna,GCF_037700455.1.fna,0.025080502,0.9749195
GCF_015274655.1.fna,GCF_037700455.1.fna,0.021499872,0.9785001
GCF_022690325.1.fna,GCF_037700455.1.fna,0.009285569,0.99071443
GCF_022689785.1.fna,GCF_037700455.1.fna,0.007088244,0.99291176
GCF_031728155.1.fna,GCF_037700455.1.fna,0.022420406,0.9775796
GCF_037700455.1.fna,GCF_037700455.1.fna,0.0,1.0
GCF_022689905.1.fna,GCF_037700455.1.fna,0.021223426,0.9787766
GCF_022690105.1.fna,GCF_037700455.1.fna,0.021639287,0.9783607
GCF_022689975.1.fna,GCF_037700455.1.fna,0.023301423,0.9766986
GCF_022689705.1.fna,GCF_037700455.1.fna,0.008615434,0.99138457
GCF_031728835.1.fna,GCF_037700455.1.fna,0.021499872,0.9785001
GCF_031728115.1.fna,GCF_037700455.1.fna,0.021920502,0.9780795
GCF_022689775.1.fna,GCF_037700455.1.fna,0.009125829,0.9908742
GCF_031728455.1.fna,GCF_037700455.1.fna,0.0069455504,0.99305445
GCF_025143615.1.fna,GCF_037700455.1.fna,0.009165645,0.99083436
GCF_052950835.1.fna,GCF_037700455.1.fna,0.0123999715,0.9876
GCF_040947125.1.fna,GCF_037700455.1.fna,0.0059424043,0.9940576
GCF_017315645.1.fna,GCF_037700455.1.fna,0.021499872,0.9785001
GCF_040947645.1.fna,GCF_037700455.1.fna,0.021709323,0.9782907
GCF_022690345.1.fna,GCF_037700455.1.fna,0.022348404,0.9776516
GCF_022689645.1.fna,GCF_037700455.1.fna,0.008499503,0.9915005
GCF_022690295.1.fna,GCF_037700455.1.fna,0.023301423,0.9766986
GCF_031728715.1.fna,GCF_037700455.1.fna,0.0077438354,0.99225616
GCF_031728295.1.fna,GCF_037700455.1.fna,0.021639287,0.9783607
GCF_040947065.1.fna,GCF_037700455.1.fna,0.01130861,0.9886914
GCF_037695175.1.fna,GCF_037700455.1.fna,0.00628227,0.99371773
GCF_031728475.1.fna,GCF_037700455.1.fna,0.022348404,0.9776516
GCF_022690045.1.fna,GCF_022689905.1.fna,0.020412326,0.9795877
GCF_017315625.1.fna,GCF_022689905.1.fna,0.009046435,0.99095356
GCF_900458635.1.fna,GCF_022689905.1.fna,0.020814478,0.9791855
GCF_022689565.1.fna,GCF_022689905.1.fna,0.007929981,0.99207
GCF_029926905.1.fna,GCF_022689905.1.fna,0.009690642,0.99030936
GCF_040947025.1.fna,GCF_022689905.1.fna,0.008499503,0.9915005
GCF_022690065.1.fna,GCF_022689905.1.fna,0.007304251,0.99269575
GCF_022689765.1.fna,GCF_022689905.1.fna,0.0058416724,0.9941583
GCF_022690265.1.fna,GCF_022689905.1.fna,0.0074861646,0.99251384
GCF_022689615.1.fna,GCF_022689905.1.fna,0.0074861646,0.99251384
GCF_031728745.1.fna,GCF_022689905.1.fna,0.009285569,0.99071443
GCF_022690275.1.fna,GCF_022689905.1.fna,0.008693099,0.9913069
GCF_047653515.1.fna,GCF_022689905.1.fna,0.008117974,0.991882
GCF_031728275.1.fna,GCF_022689905.1.fna,0.02115482,0.9788452
GCF_022690115.1.fna,GCF_022689905.1.fna,0.0139988065,0.9860012
GCF_031728735.1.fna,GCF_022689905.1.fna,0.009406269,0.99059373
GCF_036419895.1.fna,GCF_022689905.1.fna,0.020814478,0.9791855
GCF_000269685.1.fna,GCF_022689905.1.fna,0.008810163,0.99118984
GCF_031728515.1.fna,GCF_022689905.1.fna,0.010957122,0.9890429
GCF_037700155.1.fna,GCF_022689905.1.fna,0.007304251,0.99269575
GCF_022690225.1.fna,GCF_022689905.1.fna,0.021709323,0.9782907
GCF_022689945.1.fna,GCF_022689905.1.fna,0.009854972,0.990145
GCF_015274585.1.fna,GCF_022689905.1.fna,0.009125829,0.9908742
GCF_031728415.1.fna,GCF_022689905.1.fna,0.022710681,0.9772893
GCF_031729015.1.fna,GCF_022689905.1.fna,0.020814478,0.9791855
GCF_037700315.1.fna,GCF_022689905.1.fna,0.022348404,0.9776516
GCF_031728795.1.fna,GCF_022689905.1.fna,0.020279706,0.9797203
GCF_031728555.1.fna,GCF_022689905.1.fna,0.007340491,0.9926595
GCF_029926865.1.fna,GCF_022689905.1.fna,0.009690642,0.99030936
GCF_040947225.1.fna,GCF_022689905.1.fna,0.020345926,0.9796541
GCF_031728695.1.fna,GCF_022689905.1.fna,0.021018088,0.9789819
GCF_022689665.1.fna,GCF_022689905.1.fna,0.021499872,0.9785001
GCF_029926915.1.fna,GCF_022689905.1.fna,0.008849382,0.9911506
GCF_031728315.1.fna,GCF_022689905.1.fna,7.158518e-05,0.9999284
GCF_031727255.1.fna,GCF_022689905.1.fna,0.010229826,0.9897702
GCF_022690205.1.fna,GCF_022689905.1.fna,0.021709323,0.9782907
GCF_031727455.1.fna,GCF_022689905.1.fna,0.027424872,0.9725751
GCF_022690025.1.fna,GCF_022689905.1.fna,0.021499872,0.9785001
GCF_031727075.1.fna,GCF_022689905.1.fna,0.0075594783,0.9924405
GCF_022690145.1.fna,GCF_022689905.1.fna,0.00737679,0.9926232
GCF_002901845.1.fna,GCF_022689905.1.fna,0.020747006,0.979253
GCF_022689825.1.fna,GCF_022689905.1.fna,0.0058416724,0.9941583
GCF_031728675.1.fna,GCF_022689905.1.fna,0.021086395,0.9789136
GCF_047653525.1.fna,GCF_022689905.1.fna,0.008693099,0.9913069
GCF_022690085.1.fna,GCF_022689905.1.fna,0.026059687,0.9739403
GCF_037700135.1.fna,GCF_022689905.1.fna,0.0070524216,0.9929476
GCF_025143205.1.fna,GCF_022689905.1.fna,0.008117974,0.991882
GCF_031728895.1.fna,GCF_022689905.1.fna,0.020814478,0.9791855
GCF_040947605.1.fna,GCF_022689905.1.fna,0.009937644,0.99006236
GCF_031727355.1.fna,GCF_022689905.1.fna,0.008004963,0.99199504
GCF_015274675.1.fna,GCF_022689905.1.fna,0.007818103,0.9921819
GCF_036420075.1.fna,GCF_022689905.1.fna,0.009731591,0.9902684
GCF_013267575.1.fna,GCF_022689905.1.fna,0.02088219,0.9791178
GCF_031727055.1.fna,GCF_022689905.1.fna,0.023301423,0.9766986
GCF_037700375.1.fna,GCF_022689905.1.fna,0.021223426,0.9787766
GCF_022690005.1.fna,GCF_022689905.1.fna,0.020412326,0.9795877
GCF_031631055.1.fna,GCF_022689905.1.fna,0.02001667,0.9799833
GCF_031728495.1.fna,GCF_022689905.1.fna,0.020545602,0.9794544
GCF_964211265.1.fna,GCF_022689905.1.fna,0.021223426,0.9787766
GCF_031727535.1.fna,GCF_022689905.1.fna,0.02184987,0.9781501
GCF_025143445.1.fna,GCF_022689905.1.fna,0.020679712,0.9793203
GCF_022689855.1.fna,GCF_022689905.1.fna,0.020950079,0.9790499
GCF_022689725.1.fna,GCF_022689905.1.fna,0.021499872,0.9785001
GCF_031727275.1.fna,GCF_022689905.1.fna,0.02156949,0.9784305
GCF_031728235.1.fna,GCF_022689905.1.fna,0.010020673,0.9899793
GCF_040947205.1.fna,GCF_022689905.1.fna,0.006910026,0.99309
GCF_031727235.1.fna,GCF_022689905.1.fna,0.02088219,0.9791178
GCF_022690165.1.fna,GCF_022689905.1.fna,0.00737679,0.9926232
GCF_031728075.1.fna,GCF_022689905.1.fna,0.00920558,0.9907944
GCF_022689965.1.fna,GCF_022689905.1.fna,0.007669866,0.99233013
GCF_022689575.1.fna,GCF_022689905.1.fna,0.021499872,0.9785001
GCF_037694985.1.fna,GCF_022689905.1.fna,0.0024912953,0.9975087
GCF_022690185.1.fna,GCF_022689905.1.fna,0.020814478,0.9791855
GCF_031728335.1.fna,GCF_022689905.1.fna,0.010870218,0.9891298
GCF_031728095.1.fna,GCF_022689905.1.fna,0.021361291,0.9786387
GCF_022690385.1.fna,GCF_022689905.1.fna,0.005476892,0.9945231
GCF_022690425.1.fna,GCF_022689905.1.fna,0.009165645,0.99083436
GCF_022690375.1.fna,GCF_022689905.1.fna,0.021086395,0.9789136
GCF_022689675.1.fna,GCF_022689905.1.fna,0.007632971,0.992367
GCF_022690245.1.fna,GCF_022689905.1.fna,0.0065935254,0.9934065
GCF_037700295.1.fna,GCF_022689905.1.fna,0.0071959496,0.99280405
GCF_015274535.1.fna,GCF_022689905.1.fna,0.009125829,0.9908742
GCF_022689845.1.fna,GCF_022689905.1.fna,0.006350994,0.993649
GCF_022689745.1.fna,GCF_022689905.1.fna,0.0075594783,0.9924405
GCF_022689925.1.fna,GCF_022689905.1.fna,0.027424872,0.9725751
GCF_015274655.1.fna,GCF_022689905.1.fna,0.009125829,0.9908742
GCF_022690325.1.fna,GCF_022689905.1.fna,0.02001667,0.9799833
GCF_022689785.1.fna,GCF_022689905.1.fna,0.020612597,0.9793874
GCF_031728155.1.fna,GCF_022689905.1.fna,0.007967472,0.9920325
GCF_037700455.1.fna,GCF_022689905.1.fna,0.021223426,0.9787766
GCF_022689905.1.fna,GCF_022689905.1.fna,0.0,1.0
GCF_022690105.1.fna,GCF_022689905.1.fna,0.010611594,0.9893884
GCF_022689975.1.fna,GCF_022689905.1.fna,0.005808234,0.99419177
GCF_022689705.1.fna,GCF_022689905.1.fna,0.02285707,0.97714293
GCF_031728835.1.fna,GCF_022689905.1.fna,0.0070524216,0.9929476
GCF_031728115.1.fna,GCF_022689905.1.fna,0.010441005,0.989559
GCF_022689775.1.fna,GCF_022689905.1.fna,0.021223426,0.9787766
GCF_031728455.1.fna,GCF_022689905.1.fna,0.021018088,0.9789819
GCF_025143615.1.fna,GCF_022689905.1.fna,0.020950079,0.9790499
GCF_052950835.1.fna,GCF_022689905.1.fna,0.020747006,0.979253
GCF_040947125.1.fna,GCF_022689905.1.fna,0.021499872,0.9785001
GCF_017315645.1.fna,GCF_022689905.1.fna,0.006523907,0.9934761
GCF_040947645.1.fna,GCF_022689905.1.fna,0.009896278,0.9901037
GCF_022690345.1.fna,GCF_022689905.1.fna,0.007929981,0.99207
GCF_022689645.1.fna,GCF_022689905.1.fna,0.022348404,0.9776516
GCF_022690295.1.fna,GCF_022689905.1.fna,0.010229826,0.9897702
GCF_031728715.1.fna,GCF_022689905.1.fna,0.02001667,0.9799833
GCF_031728295.1.fna,GCF_022689905.1.fna,0.0060098767,0.9939901
GCF_040947065.1.fna,GCF_022689905.1.fna,0.019821286,0.9801787
GCF_037695175.1.fna,GCF_022689905.1.fna,0.02213347,0.97786653
GCF_031728475.1.fna,GCF_022689905.1.fna,0.009325743,0.99067426
GCF_022690045.1.fna,GCF_022690105.1.fna,0.021018088,0.9789819
GCF_017315625.1.fna,GCF_022690105.1.fna,0.009813786,0.9901862
GCF_900458635.1.fna,GCF_022690105.1.fna,0.020950079,0.9790499
GCF_022689565.1.fna,GCF_022690105.1.fna,0.010740519,0.9892595
GCF_029926905.1.fna,GCF_022690105.1.fna,0.011486471,0.9885135
GCF_040947025.1.fna,GCF_022690105.1.fna,0.009896278,0.9901037
GCF_022690065.1.fna,GCF_022690105.1.fna,0.009046435,0.99095356
GCF_022689765.1.fna,GCF_022690105.1.fna,0.009979129,0.9900209
GCF_022690265.1.fna,GCF_022690105.1.fna,0.008810163,0.99118984
GCF_022689615.1.fna,GCF_022690105.1.fna,0.009285569,0.99071443
GCF_031728745.1.fna,GCF_022690105.1.fna,0.007304251,0.99269575
GCF_022690275.1.fna,GCF_022690105.1.fna,0.008080244,0.99191976
GCF_047653515.1.fna,GCF_022690105.1.fna,0.0094870925,0.9905129
GCF_031728275.1.fna,GCF_022690105.1.fna,0.022492707,0.9775073
GCF_022690115.1.fna,GCF_022690105.1.fna,0.015081286,0.9849187
GCF_031728735.1.fna,GCF_022690105.1.fna,0.010740519,0.9892595
GCF_036419895.1.fna,GCF_022690105.1.fna,0.02213347,0.97786653
GCF_000269685.1.fna,GCF_022690105.1.fna,0.010145903,0.9898541
GCF_031728515.1.fna,GCF_022690105.1.fna,0.0123999715,0.9876
GCF_037700155.1.fna,GCF_022690105.1.fna,0.009772658,0.99022734
GCF_022690225.1.fna,GCF_022690105.1.fna,0.022062302,0.9779377
GCF_022689945.1.fna,GCF_022690105.1.fna,0.010654509,0.9893455
GCF_015274585.1.fna,GCF_022690105.1.fna,0.008615434,0.99138457
GCF_031728415.1.fna,GCF_022690105.1.fna,0.022348404,0.9776516
GCF_031729015.1.fna,GCF_022690105.1.fna,0.02227658,0.9777234
GCF_037700315.1.fna,GCF_022690105.1.fna,0.023004293,0.9769957
GCF_031728795.1.fna,GCF_022690105.1.fna,0.021018088,0.9789819
GCF_031728555.1.fna,GCF_022690105.1.fna,0.009086072,0.9909139
GCF_029926865.1.fna,GCF_022690105.1.fna,0.011486471,0.9885135
GCF_040947225.1.fna,GCF_022690105.1.fna,0.02001667,0.9799833
GCF_031728695.1.fna,GCF_022690105.1.fna,0.022492707,0.9775073
GCF_022689665.1.fna,GCF_022690105.1.fna,0.021430492,0.9785695
GCF_029926915.1.fna,GCF_022690105.1.fna,0.010611594,0.9893884
GCF_031728315.1.fna,GCF_022690105.1.fna,0.010568798,0.9894312
GCF_031727255.1.fna,GCF_022690105.1.fna,0.011088192,0.9889118
GCF_022690205.1.fna,GCF_022690105.1.fna,0.022492707,0.9775073
GCF_031727455.1.fna,GCF_022690105.1.fna,0.027777493,0.9722225
GCF_022690025.1.fna,GCF_022690105.1.fna,0.021991313,0.9780087
GCF_031727075.1.fna,GCF_022690105.1.fna,0.009285569,0.99071443
GCF_022690145.1.fna,GCF_022690105.1.fna,0.008927941,0.99107206
GCF_002901845.1.fna,GCF_022690105.1.fna,0.020950079,0.9790499
GCF_022689825.1.fna,GCF_022690105.1.fna,0.009979129,0.9900209
GCF_031728675.1.fna,GCF_022690105.1.fna,0.021920502,0.9780795
GCF_047653525.1.fna,GCF_022690105.1.fna,0.010611594,0.9893884
GCF_022690085.1.fna,GCF_022690105.1.fna,0.026990712,0.9730093
GCF_037700135.1.fna,GCF_022690105.1.fna,0.010271788,0.9897282
GCF_025143205.1.fna,GCF_022690105.1.fna,0.009649754,0.99035025
GCF_031728895.1.fna,GCF_022690105.1.fna,0.021709323,0.9782907
GCF_040947605.1.fna,GCF_022690105.1.fna,0.010568798,0.9894312
GCF_031727355.1.fna,GCF_022690105.1.fna,0.010740519,0.9892595
GCF_015274675.1.fna,GCF_022690105.1.fna,0.009649754,0.99035025
GCF_036420075.1.fna,GCF_022690105.1.fna,0.010697424,0.9893026
GCF_013267575.1.fna,GCF_022690105.1.fna,0.021920502,0.9780795
GCF_031727055.1.fna,GCF_022690105.1.fna,0.023376226,0.9766238
GCF_037700375.1.fna,GCF_022690105.1.fna,0.021709323,0.9782907
GCF_022690005.1.fna,GCF_022690105.1.fna,0.021086395,0.9789136
GCF_031631055.1.fna,GCF_022690105.1.fna,0.02001667,0.9799833
GCF_031728495.1.fna,GCF_022690105.1.fna,0.020345926,0.9796541
GCF_964211265.1.fna,GCF_022690105.1.fna,0.02115482,0.9788452
GCF_031727535.1.fna,GCF_022690105.1.fna,0.022420406,0.9775796
GCF_025143445.1.fna,GCF_022690105.1.fna,0.022348404,0.9776516
GCF_022689855.1.fna,GCF_022690105.1.fna,0.021292329,0.9787077
GCF_022689725.1.fna,GCF_022690105.1.fna,0.021430492,0.9785695
GCF_031727275.1.fna,GCF_022690105.1.fna,0.021361291,0.9786387
GCF_031728235.1.fna,GCF_022690105.1.fna,0.009896278,0.9901037
GCF_040947205.1.fna,GCF_022690105.1.fna,0.009896278,0.9901037
GCF_031727235.1.fna,GCF_022690105.1.fna,0.021223426,0.9787766
GCF_022690165.1.fna,GCF_022690105.1.fna,0.009086072,0.9909139
GCF_031728075.1.fna,GCF_022690105.1.fna,0.010654509,0.9893455
GCF_022689965.1.fna,GCF_022690105.1.fna,0.010783613,0.9892164
GCF_022689575.1.fna,GCF_022690105.1.fna,0.021430492,0.9785695
GCF_037694985.1.fna,GCF_022690105.1.fna,0.011983991,0.988016
GCF_022690185.1.fna,GCF_022690105.1.fna,0.022062302,0.9779377
GCF_031728335.1.fna,GCF_022690105.1.fna,0.0005572438,0.99944276
GCF_031728095.1.fna,GCF_022690105.1.fna,0.022565126,0.9774349
GCF_022690385.1.fna,GCF_022690105.1.fna,0.011220098,0.9887799
GCF_022690425.1.fna,GCF_022690105.1.fna,0.010611594,0.9893884
GCF_022690375.1.fna,GCF_022690105.1.fna,0.022204995,0.977795
GCF_022689675.1.fna,GCF_022690105.1.fna,0.009365916,0.9906341
GCF_022690245.1.fna,GCF_022690105.1.fna,0.008499503,0.9915005
GCF_037700295.1.fna,GCF_022690105.1.fna,0.009813786,0.9901862
GCF_015274535.1.fna,GCF_022690105.1.fna,0.008615434,0.99138457
GCF_022689845.1.fna,GCF_022690105.1.fna,0.009979129,0.9900209
GCF_022689745.1.fna,GCF_022690105.1.fna,0.009285569,0.99071443
GCF_022689925.1.fna,GCF_022690105.1.fna,0.027424872,0.9725751
GCF_015274655.1.fna,GCF_022690105.1.fna,0.008615434,0.99138457
GCF_022690325.1.fna,GCF_022690105.1.fna,0.021086395,0.9789136
GCF_022689785.1.fna,GCF_022690105.1.fna,0.021361291,0.9786387
GCF_031728155.1.fna,GCF_022690105.1.fna,0.008615434,0.99138457
GCF_037700455.1.fna,GCF_022690105.1.fna,0.021639287,0.9783607
GCF_022689905.1.fna,GCF_022690105.1.fna,0.010611594,0.9893884
GCF_022690105.1.fna,GCF_022690105.1.fna,0.0,1.0
GCF_022689975.1.fna,GCF_022690105.1.fna,0.009937644,0.99006236
GCF_022689705.1.fna,GCF_022690105.1.fna,0.022348404,0.9776516
GCF_031728835.1.fna,GCF_022690105.1.fna,0.008615434,0.99138457
GCF_031728115.1.fna,GCF_022690105.1.fna,0.00737679,0.9926232
GCF_022689775.1.fna,GCF_022690105.1.fna,0.022565126,0.9774349
GCF_031728455.1.fna,GCF_022690105.1.fna,0.020412326,0.9795877
GCF_025143615.1.fna,GCF_022690105.1.fna,0.021920502,0.9780795
GCF_052950835.1.fna,GCF_022690105.1.fna,0.020747006,0.979253
GCF_040947125.1.fna,GCF_022690105.1.fna,0.021991313,0.9780087
GCF_017315645.1.fna,GCF_022690105.1.fna,0.009125829,0.9908742
GCF_040947645.1.fna,GCF_022690105.1.fna,0.010611594,0.9893884
GCF_022690345.1.fna,GCF_022690105.1.fna,0.008615434,0.99138457
GCF_022689645.1.fna,GCF_022690105.1.fna,0.021779478,0.9782205
GCF_022690295.1.fna,GCF_022690105.1.fna,0.011044383,0.9889556
GCF_031728715.1.fna,GCF_022690105.1.fna,0.021018088,0.9789819
GCF_031728295.1.fna,GCF_022690105.1.fna,0.009854972,0.990145
GCF_040947065.1.fna,GCF_022690105.1.fna,0.02156949,0.9784305
GCF_037695175.1.fna,GCF_022690105.1.fna,0.021991313,0.9780087
GCF_031728475.1.fna,GCF_022690105.1.fna,0.010441005,0.989559
GCF_022690045.1.fna,GCF_022689975.1.fna,0.02115482,0.9788452
GCF_017315625.1.fna,GCF_022689975.1.fna,0.0094870925,0.9905129
GCF_900458635.1.fna,GCF_022689975.1.fna,0.021920502,0.9780795
GCF_022689565.1.fna,GCF_022689975.1.fna,0.008193672,0.9918063
GCF_029926905.1.fna,GCF_022689975.1.fna,0.009690642,0.99030936
GCF_040947025.1.fna,GCF_022689975.1.fna,0.008732021,0.991268
GCF_022690065.1.fna,GCF_022689975.1.fna,0.007892609,0.9921074
GCF_022689765.1.fna,GCF_022689975.1.fna,4.7683716e-05,0.9999523
GCF_022690265.1.fna,GCF_022689975.1.fna,0.007632971,0.992367
GCF_022689615.1.fna,GCF_022689975.1.fna,0.0071599483,0.99284005
GCF_031728745.1.fna,GCF_022689975.1.fna,0.009979129,0.9900209
GCF_022690275.1.fna,GCF_022689975.1.fna,0.008888602,0.9911114
GCF_047653515.1.fna,GCF_022689975.1.fna,0.007522762,0.99247724
GCF_031728275.1.fna,GCF_022689975.1.fna,0.02227658,0.9777234
GCF_022690115.1.fna,GCF_022689975.1.fna,0.0143536925,0.9856463
GCF_031728735.1.fna,GCF_022689975.1.fna,0.009527624,0.9904724
GCF_036419895.1.fna,GCF_022689975.1.fna,0.02184987,0.9781501
GCF_000269685.1.fna,GCF_022689975.1.fna,0.008080244,0.99191976
GCF_031728515.1.fna,GCF_022689975.1.fna,0.010441005,0.989559
GCF_037700155.1.fna,GCF_022689975.1.fna,0.0075961947,0.9924038
GCF_022690225.1.fna,GCF_022689975.1.fna,0.022565126,0.9774349
GCF_022689945.1.fna,GCF_022689975.1.fna,0.009046435,0.99095356
GCF_015274585.1.fna,GCF_022689975.1.fna,0.009690642,0.99030936
GCF_031728415.1.fna,GCF_022689975.1.fna,0.023451328,0.9765487
GCF_031729015.1.fna,GCF_022689975.1.fna,0.022204995,0.977795
GCF_037700315.1.fna,GCF_022689975.1.fna,0.024059713,0.9759403
GCF_031728795.1.fna,GCF_022689975.1.fna,0.020279706,0.9797203
GCF_031728555.1.fna,GCF_022689975.1.fna,0.007892609,0.9921074
GCF_029926865.1.fna,GCF_022689975.1.fna,0.009690642,0.99030936
GCF_040947225.1.fna,GCF_022689975.1.fna,0.020814478,0.9791855
GCF_031728695.1.fna,GCF_022689975.1.fna,0.022348404,0.9776516
GCF_022689665.1.fna,GCF_022689975.1.fna,0.022783816,0.9772162
GCF_029926915.1.fna,GCF_022689975.1.fna,0.0089674,0.9910326
GCF_031728315.1.fna,GCF_022689975.1.fna,0.0059087873,0.9940912
GCF_031727255.1.fna,GCF_022689975.1.fna,0.009772658,0.99022734
GCF_022690205.1.fna,GCF_022689975.1.fna,0.022783816,0.9772162
GCF_031727455.1.fna,GCF_022689975.1.fna,0.027866304,0.9721337
GCF_022690025.1.fna,GCF_022689975.1.fna,0.022062302,0.9779377
GCF_031727075.1.fna,GCF_022689975.1.fna,0.0072319508,0.99276805
GCF_022690145.1.fna,GCF_022689975.1.fna,0.0077809095,0.9922191
GCF_002901845.1.fna,GCF_022689975.1.fna,0.021920502,0.9780795
GCF_022689825.1.fna,GCF_022689975.1.fna,7.158518e-05,0.9999284
GCF_031728675.1.fna,GCF_022689975.1.fna,0.022062302,0.9779377
GCF_047653525.1.fna,GCF_022689975.1.fna,0.0094870925,0.9905129
GCF_022690085.1.fna,GCF_022689975.1.fna,0.02751261,0.9724874
GCF_037700135.1.fna,GCF_022689975.1.fna,0.006523907,0.9934761
GCF_025143205.1.fna,GCF_022689975.1.fna,0.008499503,0.9915005
GCF_031728895.1.fna,GCF_022689975.1.fna,0.021920502,0.9780795
GCF_040947605.1.fna,GCF_022689975.1.fna,0.009406269,0.99059373
GCF_031727355.1.fna,GCF_022689975.1.fna,0.008269668,0.99173033
GCF_015274675.1.fna,GCF_022689975.1.fna,0.007855296,0.9921447
GCF_036420075.1.fna,GCF_022689975.1.fna,0.008927941,0.99107206
GCF_013267575.1.fna,GCF_022689975.1.fna,0.02213347,0.97786653
GCF_031727055.1.fna,GCF_022689975.1.fna,0.024683118,0.9753169
GCF_037700375.1.fna,GCF_022689975.1.fna,0.023376226,0.9766238
GCF_022690005.1.fna,GCF_022689975.1.fna,0.02115482,0.9788452
GCF_031631055.1.fna,GCF_022689975.1.fna,0.021709323,0.9782907
GCF_031728495.1.fna,GCF_022689975.1.fna,0.021223426,0.9787766
GCF_964211265.1.fna,GCF_022689975.1.fna,0.023078203,0.9769218
GCF_031727535.1.fna,GCF_022689975.1.fna,0.023451328,0.9765487
GCF_025143445.1.fna,GCF_022689975.1.fna,0.021991313,0.9780087
GCF_022689855.1.fna,GCF_022689975.1.fna,0.022565126,0.9774349
GCF_022689725.1.fna,GCF_022689975.1.fna,0.022783816,0.9772162
GCF_031727275.1.fna,GCF_022689975.1.fna,0.02227658,0.9777234
GCF_031728235.1.fna,GCF_022689975.1.fna,0.009649754,0.99035025
GCF_040947205.1.fna,GCF_022689975.1.fna,0.007855296,0.9921447
GCF_031727235.1.fna,GCF_022689975.1.fna,0.022492707,0.9775073
GCF_022690165.1.fna,GCF_022689975.1.fna,0.007929981,0.99207
GCF_031728075.1.fna,GCF_022689975.1.fna,0.009245515,0.9907545
GCF_022689965.1.fna,GCF_022689975.1.fna,0.008538067,0.99146193
GCF_022689575.1.fna,GCF_022689975.1.fna,0.022783816,0.9772162
GCF_037694985.1.fna,GCF_022689975.1.fna,0.0071959496,0.99280405
GCF_022690185.1.fna,GCF_022689975.1.fna,0.02227658,0.9777234
GCF_031728335.1.fna,GCF_022689975.1.fna,0.010313988,0.989686
GCF_031728095.1.fna,GCF_022689975.1.fna,0.022637784,0.9773622
GCF_022690385.1.fna,GCF_022689975.1.fna,0.00534606,0.99465394
GCF_022690425.1.fna,GCF_022689975.1.fna,0.00920558,0.9907944
GCF_022690375.1.fna,GCF_022689975.1.fna,0.022930622,0.9770694
GCF_022689675.1.fna,GCF_022689975.1.fna,0.007304251,0.99269575
GCF_022690245.1.fna,GCF_022689975.1.fna,0.007818103,0.9921819
GCF_037700295.1.fna,GCF_022689975.1.fna,0.0077809095,0.9922191
GCF_015274535.1.fna,GCF_022689975.1.fna,0.009690642,0.99030936
GCF_022689845.1.fna,GCF_022689975.1.fna,0.0060775876,0.9939224
GCF_022689745.1.fna,GCF_022689975.1.fna,0.0072319508,0.99276805
GCF_022689925.1.fna,GCF_022689975.1.fna,0.028405726,0.9715943
GCF_015274655.1.fna,GCF_022689975.1.fna,0.009690642,0.99030936
GCF_022690325.1.fna,GCF_022689975.1.fna,0.02156949,0.9784305
GCF_022689785.1.fna,GCF_022689975.1.fna,0.021361291,0.9786387
GCF_031728155.1.fna,GCF_022689975.1.fna,0.0077438354,0.99225616
GCF_037700455.1.fna,GCF_022689975.1.fna,0.023301423,0.9766986
GCF_022689905.1.fna,GCF_022689975.1.fna,0.005808234,0.99419177
GCF_022690105.1.fna,GCF_022689975.1.fna,0.009937644,0.99006236
GCF_022689975.1.fna,GCF_022689975.1.fna,0.0,1.0
GCF_022689705.1.fna,GCF_022689975.1.fna,0.024136782,0.9758632
GCF_031728835.1.fna,GCF_022689975.1.fna,0.007522762,0.99247724
GCF_031728115.1.fna,GCF_022689975.1.fna,0.009649754,0.99035025
GCF_022689775.1.fna,GCF_022689975.1.fna,0.022204995,0.977795
GCF_031728455.1.fna,GCF_022689975.1.fna,0.021779478,0.9782205
GCF_025143615.1.fna,GCF_022689975.1.fna,0.022204995,0.977795
GCF_052950835.1.fna,GCF_022689975.1.fna,0.02184987,0.9781501
GCF_040947125.1.fna,GCF_022689975.1.fna,0.02285707,0.97714293
GCF_017315645.1.fna,GCF_022689975.1.fna,0.007632971,0.992367
GCF_040947645.1.fna,GCF_022689975.1.fna,0.009406269,0.99059373
GCF_022690345.1.fna,GCF_022689975.1.fna,0.007706821,0.9922932
GCF_022689645.1.fna,GCF_022689975.1.fna,0.023152411,0.9768476
GCF_022690295.1.fna,GCF_022689975.1.fna,0.009690642,0.99030936
GCF_031728715.1.fna,GCF_022689975.1.fna,0.021430492,0.9785695
GCF_031728295.1.fna,GCF_022689975.1.fna,0.00680393,0.99319607
GCF_040947065.1.fna,GCF_022689975.1.fna,0.02156949,0.9784305
GCF_037695175.1.fna,GCF_022689975.1.fna,0.023152411,0.9768476
GCF_031728475.1.fna,GCF_022689975.1.fna,0.008771062,0.99122894
GCF_022690045.1.fna,GCF_022689705.1.fna,0.009325743,0.99067426
GCF_017315625.1.fna,GCF_022689705.1.fna,0.021086395,0.9789136
GCF_900458635.1.fna,GCF_022689705.1.fna,0.0077438354,0.99225616
GCF_022689565.1.fna,GCF_022689705.1.fna,0.021920502,0.9780795
GCF_029926905.1.fna,GCF_022689705.1.fna,0.023753703,0.9762463
GCF_040947025.1.fna,GCF_022689705.1.fna,0.023152411,0.9768476
GCF_022690065.1.fna,GCF_022689705.1.fna,0.022783816,0.9772162
GCF_022689765.1.fna,GCF_022689705.1.fna,0.024136782,0.9758632
GCF_022690265.1.fna,GCF_022689705.1.fna,0.022492707,0.9775073
GCF_022689615.1.fna,GCF_022689705.1.fna,0.022637784,0.9773622
GCF_031728745.1.fna,GCF_022689705.1.fna,0.022420406,0.9775796
GCF_022690275.1.fna,GCF_022689705.1.fna,0.023376226,0.9766238
GCF_047653515.1.fna,GCF_022689705.1.fna,0.023152411,0.9768476
GCF_031728275.1.fna,GCF_022689705.1.fna,0.009406269,0.99059373
GCF_022690115.1.fna,GCF_022689705.1.fna,0.025402784,0.9745972
GCF_031728735.1.fna,GCF_022689705.1.fna,0.023226798,0.9767732
GCF_036419895.1.fna,GCF_022689705.1.fna,0.008888602,0.9911114
GCF_000269685.1.fna,GCF_022689705.1.fna,0.024525821,0.9754742
GCF_031728515.1.fna,GCF_022689705.1.fna,0.023602009,0.976398
GCF_037700155.1.fna,GCF_022689705.1.fna,0.022420406,0.9775796
GCF_022690225.1.fna,GCF_022689705.1.fna,0.01345253,0.98654747
GCF_022689945.1.fna,GCF_022689705.1.fna,0.024525821,0.9754742
GCF_015274585.1.fna,GCF_022689705.1.fna,0.02227658,0.9777234
GCF_031728415.1.fna,GCF_022689705.1.fna,0.01010412,0.9898959
GCF_031729015.1.fna,GCF_022689705.1.fna,0.009165645,0.99083436
GCF_037700315.1.fna,GCF_022689705.1.fna,0.010145903,0.9898541
GCF_031728795.1.fna,GCF_022689705.1.fna,0.011486471,0.9885135
GCF_031728555.1.fna,GCF_022689705.1.fna,0.02285707,0.97714293
GCF_029926865.1.fna,GCF_022689705.1.fna,0.023753703,0.9762463
GCF_040947225.1.fna,GCF_022689705.1.fna,0.009896278,0.9901037
GCF_031728695.1.fna,GCF_022689705.1.fna,0.008888602,0.9911114
GCF_022689665.1.fna,GCF_022689705.1.fna,0.007929981,0.99207
GCF_029926915.1.fna,GCF_022689705.1.fna,0.022710681,0.9772893
GCF_031728315.1.fna,GCF_022689705.1.fna,0.02285707,0.97714293
GCF_031727255.1.fna,GCF_022689705.1.fna,0.024136782,0.9758632
GCF_022690205.1.fna,GCF_022689705.1.fna,0.009854972,0.990145
GCF_031727455.1.fna,GCF_022689705.1.fna,0.023753703,0.9762463
GCF_022690025.1.fna,GCF_022689705.1.fna,0.008269668,0.99173033
GCF_031727075.1.fna,GCF_022689705.1.fna,0.022637784,0.9773622
GCF_022690145.1.fna,GCF_022689705.1.fna,0.022783816,0.9772162
GCF_002901845.1.fna,GCF_022689705.1.fna,0.007706821,0.9922932
GCF_022689825.1.fna,GCF_022689705.1.fna,0.024136782,0.9758632
GCF_031728675.1.fna,GCF_022689705.1.fna,0.008888602,0.9911114
GCF_047653525.1.fna,GCF_022689705.1.fna,0.023301423,0.9766986
GCF_022690085.1.fna,GCF_022689705.1.fna,0.023376226,0.9766238
GCF_037700135.1.fna,GCF_022689705.1.fna,0.024369478,0.9756305
GCF_025143205.1.fna,GCF_022689705.1.fna,0.02213347,0.97786653
GCF_031728895.1.fna,GCF_022689705.1.fna,0.010783613,0.9892164
GCF_040947605.1.fna,GCF_022689705.1.fna,0.02227658,0.9777234
GCF_031727355.1.fna,GCF_022689705.1.fna,0.021920502,0.9780795
GCF_015274675.1.fna,GCF_022689705.1.fna,0.024136782,0.9758632
GCF_036420075.1.fna,GCF_022689705.1.fna,0.024525821,0.9754742
GCF_013267575.1.fna,GCF_022689705.1.fna,0.008732021,0.991268
GCF_031727055.1.fna,GCF_022689705.1.fna,0.007967472,0.9920325
GCF_037700375.1.fna,GCF_022689705.1.fna,0.008538067,0.99146193
GCF_022690005.1.fna,GCF_022689705.1.fna,0.009365916,0.9906341
GCF_031631055.1.fna,GCF_022689705.1.fna,0.013112009,0.986888
GCF_031728495.1.fna,GCF_022689705.1.fna,0.008538067,0.99146193
GCF_964211265.1.fna,GCF_022689705.1.fna,0.009568274,0.9904317
GCF_031727535.1.fna,GCF_022689705.1.fna,0.0074132085,0.9925868
GCF_025143445.1.fna,GCF_022689705.1.fna,0.010062277,0.9899377
GCF_022689855.1.fna,GCF_022689705.1.fna,0.009406269,0.99059373
GCF_022689725.1.fna,GCF_022689705.1.fna,0.007929981,0.99207
GCF_031727275.1.fna,GCF_022689705.1.fna,0.009854972,0.990145
GCF_031728235.1.fna,GCF_022689705.1.fna,0.024762094,0.9752379
GCF_040947205.1.fna,GCF_022689705.1.fna,0.022710681,0.9772893
GCF_031727235.1.fna,GCF_022689705.1.fna,0.009365916,0.9906341
GCF_022690165.1.fna,GCF_022689705.1.fna,0.022930622,0.9770694
GCF_031728075.1.fna,GCF_022689705.1.fna,0.022062302,0.9779377
GCF_022689965.1.fna,GCF_022689705.1.fna,0.022420406,0.9775796
GCF_022689575.1.fna,GCF_022689705.1.fna,0.007967472,0.9920325
GCF_037694985.1.fna,GCF_022689705.1.fna,0.0244475,0.9755525
GCF_022690185.1.fna,GCF_022689705.1.fna,0.0089674,0.9910326
GCF_031728335.1.fna,GCF_022689705.1.fna,0.022930622,0.9770694
GCF_031728095.1.fna,GCF_022689705.1.fna,0.010229826,0.9897702
GCF_022690385.1.fna,GCF_022689705.1.fna,0.023376226,0.9766238
GCF_022690425.1.fna,GCF_022689705.1.fna,0.021991313,0.9780087
GCF_022690375.1.fna,GCF_022689705.1.fna,0.009446621,0.9905534
GCF_022689675.1.fna,GCF_022689705.1.fna,0.022565126,0.9774349
GCF_022690245.1.fna,GCF_022689705.1.fna,0.023004293,0.9769957
GCF_037700295.1.fna,GCF_022689705.1.fna,0.022348404,0.9776516
GCF_015274535.1.fna,GCF_022689705.1.fna,0.02227658,0.9777234
GCF_022689845.1.fna,GCF_022689705.1.fna,0.024059713,0.9759403
GCF_022689745.1.fna,GCF_022689705.1.fna,0.022637784,0.9773622
GCF_022689925.1.fna,GCF_022689705.1.fna,0.024762094,0.9752379
GCF_015274655.1.fna,GCF_022689705.1.fna,0.02227658,0.9777234
GCF_022690325.1.fna,GCF_022689705.1.fna,0.009854972,0.990145
GCF_022689785.1.fna,GCF_022689705.1.fna,0.008307815,0.9916922
GCF_031728155.1.fna,GCF_022689705.1.fna,0.02285707,0.97714293
GCF_037700455.1.fna,GCF_022689705.1.fna,0.008615434,0.99138457
GCF_022689905.1.fna,GCF_022689705.1.fna,0.02285707,0.97714293
GCF_022690105.1.fna,GCF_022689705.1.fna,0.022348404,0.9776516
GCF_022689975.1.fna,GCF_022689705.1.fna,0.024136782,0.9758632
GCF_022689705.1.fna,GCF_022689705.1.fna,0.0,1.0
GCF_031728835.1.fna,GCF_022689705.1.fna,0.02227658,0.9777234
GCF_031728115.1.fna,GCF_022689705.1.fna,0.023226798,0.9767732
GCF_022689775.1.fna,GCF_022689705.1.fna,0.009365916,0.9906341
GCF_031728455.1.fna,GCF_022689705.1.fna,0.009086072,0.9909139
GCF_025143615.1.fna,GCF_022689705.1.fna,0.009365916,0.9906341
GCF_052950835.1.fna,GCF_022689705.1.fna,0.012871981,0.987128
GCF_040947125.1.fna,GCF_022689705.1.fna,0.0077809095,0.9922191
GCF_017315645.1.fna,GCF_022689705.1.fna,0.022565126,0.9774349
GCF_040947645.1.fna,GCF_022689705.1.fna,0.02227658,0.9777234
GCF_022690345.1.fna,GCF_022689705.1.fna,0.022710681,0.9772893
GCF_022689645.1.fna,GCF_022689705.1.fna,0.0029121041,0.9970879
GCF_022690295.1.fna,GCF_022689705.1.fna,0.024136782,0.9758632
GCF_031728715.1.fna,GCF_022689705.1.fna,0.008004963,0.99199504
GCF_031728295.1.fna,GCF_022689705.1.fna,0.023004293,0.9769957
GCF_040947065.1.fna,GCF_022689705.1.fna,0.0135015845,0.9864984
GCF_037695175.1.fna,GCF_022689705.1.fna,0.0077809095,0.9922191
GCF_031728475.1.fna,GCF_022689705.1.fna,0.022492707,0.9775073
GCF_022690045.1.fna,GCF_031728835.1.fna,0.021086395,0.9789136
GCF_017315625.1.fna,GCF_031728835.1.fna,0.008732021,0.991268
GCF_900458635.1.fna,GCF_031728835.1.fna,0.020747006,0.979253
GCF_022689565.1.fna,GCF_031728835.1.fna,0.007340491,0.9926595
GCF_029926905.1.fna,GCF_031728835.1.fna,0.008771062,0.99122894
GCF_040947025.1.fna,GCF_031728835.1.fna,0.008576691,0.9914233
GCF_022690065.1.fna,GCF_031728835.1.fna,0.0018923879,0.9981076
GCF_022689765.1.fna,GCF_031728835.1.fna,0.0074861646,0.99251384
GCF_022690265.1.fna,GCF_031728835.1.fna,0.0017062426,0.99829376
GCF_022689615.1.fna,GCF_031728835.1.fna,0.0065935254,0.9934065
GCF_031728745.1.fna,GCF_031728835.1.fna,0.008499503,0.9915005
GCF_022690275.1.fna,GCF_031728835.1.fna,0.007818103,0.9921819
GCF_047653515.1.fna,GCF_031728835.1.fna,0.008460999,0.991539
GCF_031728275.1.fna,GCF_031728835.1.fna,0.022420406,0.9775796
GCF_022690115.1.fna,GCF_031728835.1.fna,0.012967706,0.9870323
GCF_031728735.1.fna,GCF_031728835.1.fna,0.009406269,0.99059373
GCF_036419895.1.fna,GCF_031728835.1.fna,0.022062302,0.9779377
GCF_000269685.1.fna,GCF_031728835.1.fna,0.009446621,0.9905534
GCF_031728515.1.fna,GCF_031728835.1.fna,0.009446621,0.9905534
GCF_037700155.1.fna,GCF_031728835.1.fna,0.0071599483,0.99284005
GCF_022690225.1.fna,GCF_031728835.1.fna,0.021499872,0.9785001
GCF_022689945.1.fna,GCF_031728835.1.fna,0.008422613,0.9915774
GCF_015274585.1.fna,GCF_031728835.1.fna,0.008384287,0.9916157
GCF_031728415.1.fna,GCF_031728835.1.fna,0.022565126,0.9774349
GCF_031729015.1.fna,GCF_031728835.1.fna,0.022204995,0.977795
GCF_037700315.1.fna,GCF_031728835.1.fna,0.02352649,0.9764735
GCF_031728795.1.fna,GCF_031728835.1.fna,0.021292329,0.9787077
GCF_031728555.1.fna,GCF_031728835.1.fna,0.0018389821,0.998161
GCF_029926865.1.fna,GCF_031728835.1.fna,0.008771062,0.99122894
GCF_040947225.1.fna,GCF_031728835.1.fna,0.019821286,0.9801787
GCF_031728695.1.fna,GCF_031728835.1.fna,0.021991313,0.9780087
GCF_022689665.1.fna,GCF_031728835.1.fna,0.02156949,0.9784305
GCF_029926915.1.fna,GCF_031728835.1.fna,0.007929981,0.99207
GCF_031728315.1.fna,GCF_031728835.1.fna,0.0069455504,0.99305445
GCF_031727255.1.fna,GCF_031728835.1.fna,0.008499503,0.9915005
GCF_022690205.1.fna,GCF_031728835.1.fna,0.02285707,0.97714293
GCF_031727455.1.fna,GCF_031728835.1.fna,0.026733518,0.9732665
GCF_022690025.1.fna,GCF_031728835.1.fna,0.021709323,0.9782907
GCF_031727075.1.fna,GCF_031728835.1.fna,0.0065935254,0.9934065
GCF_022690145.1.fna,GCF_031728835.1.fna,0.0019191504,0.99808085
GCF_002901845.1.fna,GCF_031728835.1.fna,0.020747006,0.979253
GCF_022689825.1.fna,GCF_031728835.1.fna,0.0074861646,0.99251384
GCF_031728675.1.fna,GCF_031728835.1.fna,0.021639287,0.9783607
GCF_047653525.1.fna,GCF_031728835.1.fna,0.009006858,0.99099314
GCF_022690085.1.fna,GCF_031728835.1.fna,0.026310384,0.9736896
GCF_037700135.1.fna,GCF_031728835.1.fna,0.007632971,0.992367
GCF_025143205.1.fna,GCF_031728835.1.fna,0.003935933,0.99606407
GCF_031728895.1.fna,GCF_031728835.1.fna,0.021779478,0.9782205
GCF_040947605.1.fna,GCF_031728835.1.fna,0.008499503,0.9915005
GCF_031727355.1.fna,GCF_031728835.1.fna,0.007340491,0.9926595
GCF_015274675.1.fna,GCF_031728835.1.fna,0.008654237,0.99134576
GCF_036420075.1.fna,GCF_031728835.1.fna,0.008384287,0.9916157
GCF_013267575.1.fna,GCF_031728835.1.fna,0.021639287,0.9783607
GCF_031727055.1.fna,GCF_031728835.1.fna,0.023078203,0.9769218
GCF_037700375.1.fna,GCF_031728835.1.fna,0.02156949,0.9784305
GCF_022690005.1.fna,GCF_031728835.1.fna,0.021086395,0.9789136
GCF_031631055.1.fna,GCF_031728835.1.fna,0.020345926,0.9796541
GCF_031728495.1.fna,GCF_031728835.1.fna,0.020412326,0.9795877
GCF_964211265.1.fna,GCF_031728835.1.fna,0.02184987,0.9781501
GCF_031727535.1.fna,GCF_031728835.1.fna,0.021920502,0.9780795
GCF_025143445.1.fna,GCF_031728835.1.fna,0.021920502,0.9780795
GCF_022689855.1.fna,GCF_031728835.1.fna,0.021292329,0.9787077
GCF_022689725.1.fna,GCF_031728835.1.fna,0.02156949,0.9784305
GCF_031727275.1.fna,GCF_031728835.1.fna,0.021499872,0.9785001
GCF_031728235.1.fna,GCF_031728835.1.fna,0.009245515,0.9907545
GCF_040947205.1.fna,GCF_031728835.1.fna,0.007632971,0.992367
GCF_031727235.1.fna,GCF_031728835.1.fna,0.021223426,0.9787766
GCF_022690165.1.fna,GCF_031728835.1.fna,0.0018923879,0.9981076
GCF_031728075.1.fna,GCF_031728835.1.fna,0.007669866,0.99233013
GCF_022689965.1.fna,GCF_031728835.1.fna,0.007088244,0.99291176
GCF_022689575.1.fna,GCF_031728835.1.fna,0.02156949,0.9784305
GCF_037694985.1.fna,GCF_031728835.1.fna,0.008927941,0.99107206
GCF_022690185.1.fna,GCF_031728835.1.fna,0.02213347,0.97786653
GCF_031728335.1.fna,GCF_031728835.1.fna,0.009165645,0.99083436
GCF_031728095.1.fna,GCF_031728835.1.fna,0.022348404,0.9776516
GCF_022690385.1.fna,GCF_031728835.1.fna,0.008117974,0.991882
GCF_022690425.1.fna,GCF_031728835.1.fna,0.0075961947,0.9924038
GCF_022690375.1.fna,GCF_031728835.1.fna,0.021499872,0.9785001
GCF_022689675.1.fna,GCF_031728835.1.fna,0.006663382,0.9933366
GCF_022690245.1.fna,GCF_031728835.1.fna,0.0071599483,0.99284005
GCF_037700295.1.fna,GCF_031728835.1.fna,0.0071240664,0.99287593
GCF_015274535.1.fna,GCF_031728835.1.fna,0.008384287,0.9916157
GCF_022689845.1.fna,GCF_031728835.1.fna,0.00737679,0.9926232
GCF_022689745.1.fna,GCF_031728835.1.fna,0.0065935254,0.9934065
GCF_022689925.1.fna,GCF_031728835.1.fna,0.027600586,0.9723994
GCF_015274655.1.fna,GCF_031728835.1.fna,0.008384287,0.9916157
GCF_022690325.1.fna,GCF_031728835.1.fna,0.021292329,0.9787077
GCF_022689785.1.fna,GCF_031728835.1.fna,0.021292329,0.9787077
GCF_031728155.1.fna,GCF_031728835.1.fna,0.0075594783,0.9924405
GCF_037700455.1.fna,GCF_031728835.1.fna,0.021499872,0.9785001
GCF_022689905.1.fna,GCF_031728835.1.fna,0.0070524216,0.9929476
GCF_022690105.1.fna,GCF_031728835.1.fna,0.008615434,0.99138457
GCF_022689975.1.fna,GCF_031728835.1.fna,0.007522762,0.99247724
GCF_022689705.1.fna,GCF_031728835.1.fna,0.02227658,0.9777234
GCF_031728835.1.fna,GCF_031728835.1.fna,0.0,1.0
GCF_031728115.1.fna,GCF_031728835.1.fna,0.009731591,0.9902684
GCF_022689775.1.fna,GCF_031728835.1.fna,0.022204995,0.977795
GCF_031728455.1.fna,GCF_031728835.1.fna,0.020950079,0.9790499
GCF_025143615.1.fna,GCF_031728835.1.fna,0.022204995,0.977795
GCF_052950835.1.fna,GCF_031728835.1.fna,0.021361291,0.9786387
GCF_040947125.1.fna,GCF_031728835.1.fna,0.021779478,0.9782205
GCF_017315645.1.fna,GCF_031728835.1.fna,0.007304251,0.99269575
GCF_040947645.1.fna,GCF_031728835.1.fna,0.008538067,0.99146193
GCF_022690345.1.fna,GCF_031728835.1.fna,0.007632971,0.992367
GCF_022689645.1.fna,GCF_031728835.1.fna,0.021779478,0.9782205
GCF_022690295.1.fna,GCF_031728835.1.fna,0.008422613,0.9915774
GCF_031728715.1.fna,GCF_031728835.1.fna,0.021086395,0.9789136
GCF_031728295.1.fna,GCF_031728835.1.fna,0.0069811344,0.99301887
GCF_040947065.1.fna,GCF_031728835.1.fna,0.021223426,0.9787766
GCF_037695175.1.fna,GCF_031728835.1.fna,0.022062302,0.9779377
GCF_031728475.1.fna,GCF_031728835.1.fna,0.008193672,0.9918063
GCF_022690045.1.fna,GCF_031728115.1.fna,0.021018088,0.9789819
GCF_017315625.1.fna,GCF_031728115.1.fna,0.01010412,0.9898959
GCF_900458635.1.fna,GCF_031728115.1.fna,0.020814478,0.9791855
GCF_022689565.1.fna,GCF_031728115.1.fna,0.011088192,0.9889118
GCF_029926905.1.fna,GCF_031728115.1.fna,0.011620998,0.988379
GCF_040947025.1.fna,GCF_031728115.1.fna,0.010020673,0.9899793
GCF_022690065.1.fna,GCF_031728115.1.fna,0.010229826,0.9897702
GCF_022689765.1.fna,GCF_031728115.1.fna,0.009608984,0.990391
GCF_022690265.1.fna,GCF_031728115.1.fna,0.009731591,0.9902684
GCF_022689615.1.fna,GCF_031728115.1.fna,0.009245515,0.9907545
GCF_031728745.1.fna,GCF_031728115.1.fna,0.007522762,0.99247724
GCF_022690275.1.fna,GCF_031728115.1.fna,0.008384287,0.9916157
GCF_047653515.1.fna,GCF_031728115.1.fna,0.010020673,0.9899793
GCF_031728275.1.fna,GCF_031728115.1.fna,0.021018088,0.9789819
GCF_022690115.1.fna,GCF_031728115.1.fna,0.0154005885,0.9845994
GCF_031728735.1.fna,GCF_031728115.1.fna,0.010654509,0.9893455
GCF_036419895.1.fna,GCF_031728115.1.fna,0.021991313,0.9780087
GCF_000269685.1.fna,GCF_031728115.1.fna,0.01010412,0.9898959
GCF_031728515.1.fna,GCF_031728115.1.fna,0.0124467015,0.9875533
GCF_037700155.1.fna,GCF_031728115.1.fna,0.009813786,0.9901862
GCF_022690225.1.fna,GCF_031728115.1.fna,0.021920502,0.9780795
GCF_022689945.1.fna,GCF_031728115.1.fna,0.011576116,0.9884239
GCF_015274585.1.fna,GCF_031728115.1.fna,0.009245515,0.9907545
GCF_031728415.1.fna,GCF_031728115.1.fna,0.022492707,0.9775073
GCF_031729015.1.fna,GCF_031728115.1.fna,0.022420406,0.9775796
GCF_037700315.1.fna,GCF_031728115.1.fna,0.023226798,0.9767732
GCF_031728795.1.fna,GCF_031728115.1.fna,0.019563198,0.9804368
GCF_031728555.1.fna,GCF_031728115.1.fna,0.010187805,0.9898122
GCF_029926865.1.fna,GCF_031728115.1.fna,0.011620998,0.988379
GCF_040947225.1.fna,GCF_031728115.1.fna,0.020082176,0.9799178
GCF_031728695.1.fna,GCF_031728115.1.fna,0.02156949,0.9784305
GCF_022689665.1.fna,GCF_031728115.1.fna,0.02156949,0.9784305
GCF_029926915.1.fna,GCF_031728115.1.fna,0.01091361,0.9890864
GCF_031728315.1.fna,GCF_031728115.1.fna,0.010356188,0.9896438
GCF_031727255.1.fna,GCF_031728115.1.fna,0.01180172,0.9881983
GCF_022690205.1.fna,GCF_031728115.1.fna,0.022204995,0.977795
GCF_031727455.1.fna,GCF_031728115.1.fna,0.027337492,0.9726625
GCF_022690025.1.fna,GCF_031728115.1.fna,0.021361291,0.9786387
GCF_031727075.1.fna,GCF_031728115.1.fna,0.009285569,0.99071443
GCF_022690145.1.fna,GCF_031728115.1.fna,0.01010412,0.9898959
GCF_002901845.1.fna,GCF_031728115.1.fna,0.020814478,0.9791855
GCF_022689825.1.fna,GCF_031728115.1.fna,0.009608984,0.990391
GCF_031728675.1.fna,GCF_031728115.1.fna,0.021639287,0.9783607
GCF_047653525.1.fna,GCF_031728115.1.fna,0.011000693,0.9889993
GCF_022690085.1.fna,GCF_031728115.1.fna,0.026310384,0.9736896
GCF_037700135.1.fna,GCF_031728115.1.fna,0.010313988,0.989686
GCF_025143205.1.fna,GCF_031728115.1.fna,0.01010412,0.9898959
GCF_031728895.1.fna,GCF_031728115.1.fna,0.02115482,0.9788452
GCF_040947605.1.fna,GCF_031728115.1.fna,0.010957122,0.9890429
GCF_031727355.1.fna,GCF_031728115.1.fna,0.011088192,0.9889118
GCF_015274675.1.fna,GCF_031728115.1.fna,0.010062277,0.9899377
GCF_036420075.1.fna,GCF_031728115.1.fna,0.011441886,0.9885581
GCF_013267575.1.fna,GCF_031728115.1.fna,0.02156949,0.9784305
GCF_031727055.1.fna,GCF_031728115.1.fna,0.023982882,0.9760171
GCF_037700375.1.fna,GCF_031728115.1.fna,0.022062302,0.9779377
GCF_022690005.1.fna,GCF_031728115.1.fna,0.021018088,0.9789819
GCF_031631055.1.fna,GCF_031728115.1.fna,0.019563198,0.9804368
GCF_031728495.1.fna,GCF_031728115.1.fna,0.020478904,0.9795211
GCF_964211265.1.fna,GCF_031728115.1.fna,0.021499872,0.9785001
GCF_031727535.1.fna,GCF_031728115.1.fna,0.022348404,0.9776516
GCF_025143445.1.fna,GCF_031728115.1.fna,0.020612597,0.9793874
GCF_022689855.1.fna,GCF_031728115.1.fna,0.021086395,0.9789136
GCF_022689725.1.fna,GCF_031728115.1.fna,0.02156949,0.9784305
GCF_031727275.1.fna,GCF_031728115.1.fna,0.021499872,0.9785001
GCF_031728235.1.fna,GCF_031728115.1.fna,0.011176109,0.9888239
GCF_040947205.1.fna,GCF_031728115.1.fna,0.009979129,0.9900209
GCF_031727235.1.fna,GCF_031728115.1.fna,0.021018088,0.9789819
GCF_022690165.1.fna,GCF_031728115.1.fna,0.010229826,0.9897702
GCF_031728075.1.fna,GCF_031728115.1.fna,0.010654509,0.9893455
GCF_022689965.1.fna,GCF_031728115.1.fna,0.010740519,0.9892595
GCF_022689575.1.fna,GCF_031728115.1.fna,0.02156949,0.9784305
GCF_037694985.1.fna,GCF_031728115.1.fna,0.011666119,0.9883339
GCF_022690185.1.fna,GCF_031728115.1.fna,0.021920502,0.9780795
GCF_031728335.1.fna,GCF_031728115.1.fna,0.0077809095,0.9922191
GCF_031728095.1.fna,GCF_031728115.1.fna,0.022783816,0.9772162
GCF_022690385.1.fna,GCF_031728115.1.fna,0.010441005,0.989559
GCF_022690425.1.fna,GCF_031728115.1.fna,0.010654509,0.9893455
GCF_022690375.1.fna,GCF_031728115.1.fna,0.021709323,0.9782907
GCF_022689675.1.fna,GCF_031728115.1.fna,0.009285569,0.99071443
GCF_022690245.1.fna,GCF_031728115.1.fna,0.008155823,0.9918442
GCF_037700295.1.fna,GCF_031728115.1.fna,0.010020673,0.9899793
GCF_015274535.1.fna,GCF_031728115.1.fna,0.009245515,0.9907545
GCF_022689845.1.fna,GCF_031728115.1.fna,0.010145903,0.9898541
GCF_022689745.1.fna,GCF_031728115.1.fna,0.009285569,0.99071443
GCF_022689925.1.fna,GCF_031728115.1.fna,0.026990712,0.9730093
GCF_015274655.1.fna,GCF_031728115.1.fna,0.009245515,0.9907545
GCF_022690325.1.fna,GCF_031728115.1.fna,0.020747006,0.979253
GCF_022689785.1.fna,GCF_031728115.1.fna,0.021223426,0.9787766
GCF_031728155.1.fna,GCF_031728115.1.fna,0.009446621,0.9905534
GCF_037700455.1.fna,GCF_031728115.1.fna,0.021920502,0.9780795
GCF_022689905.1.fna,GCF_031728115.1.fna,0.010441005,0.989559
GCF_022690105.1.fna,GCF_031728115.1.fna,0.00737679,0.9926232
GCF_022689975.1.fna,GCF_031728115.1.fna,0.009649754,0.99035025
GCF_022689705.1.fna,GCF_031728115.1.fna,0.023226798,0.9767732
GCF_031728835.1.fna,GCF_031728115.1.fna,0.009731591,0.9902684
GCF_031728115.1.fna,GCF_031728115.1.fna,0.0,1.0
GCF_022689775.1.fna,GCF_031728115.1.fna,0.021779478,0.9782205
GCF_031728455.1.fna,GCF_031728115.1.fna,0.020545602,0.9794544
GCF_025143615.1.fna,GCF_031728115.1.fna,0.021779478,0.9782205
GCF_052950835.1.fna,GCF_031728115.1.fna,0.021086395,0.9789136
GCF_040947125.1.fna,GCF_031728115.1.fna,0.022204995,0.977795
GCF_017315645.1.fna,GCF_031728115.1.fna,0.009285569,0.99071443
GCF_040947645.1.fna,GCF_031728115.1.fna,0.011000693,0.9889993
GCF_022690345.1.fna,GCF_031728115.1.fna,0.0094870925,0.9905129
GCF_022689645.1.fna,GCF_031728115.1.fna,0.021920502,0.9780795
GCF_022690295.1.fna,GCF_031728115.1.fna,0.01180172,0.9881983
GCF_031728715.1.fna,GCF_031728115.1.fna,0.021430492,0.9785695
GCF_031728295.1.fna,GCF_031728115.1.fna,0.009979129,0.9900209
GCF_040947065.1.fna,GCF_031728115.1.fna,0.021018088,0.9789819
GCF_037695175.1.fna,GCF_031728115.1.fna,0.02184987,0.9781501
GCF_031728475.1.fna,GCF_031728115.1.fna,0.011176109,0.9888239
GCF_022690045.1.fna,GCF_022689775.1.fna,0.0046427846,0.9953572
GCF_017315625.1.fna,GCF_022689775.1.fna,0.0201478,0.9798522
GCF_900458635.1.fna,GCF_022689775.1.fna,0.008422613,0.9915774
GCF_022689565.1.fna,GCF_022689775.1.fna,0.021292329,0.9787077
GCF_029926905.1.fna,GCF_022689775.1.fna,0.023376226,0.9766238
GCF_040947025.1.fna,GCF_022689775.1.fna,0.022420406,0.9775796
GCF_022690065.1.fna,GCF_022689775.1.fna,0.02285707,0.97714293
GCF_022689765.1.fna,GCF_022689775.1.fna,0.022204995,0.977795
GCF_022690265.1.fna,GCF_022689775.1.fna,0.022565126,0.9774349
GCF_022689615.1.fna,GCF_022689775.1.fna,0.021018088,0.9789819
GCF_031728745.1.fna,GCF_022689775.1.fna,0.020747006,0.979253
GCF_022690275.1.fna,GCF_022689775.1.fna,0.024059713,0.9759403
GCF_047653515.1.fna,GCF_022689775.1.fna,0.022420406,0.9775796
GCF_031728275.1.fna,GCF_022689775.1.fna,0.008004963,0.99199504
GCF_022690115.1.fna,GCF_022689775.1.fna,0.025893986,0.974106
GCF_031728735.1.fna,GCF_022689775.1.fna,0.02213347,0.97786653
GCF_036419895.1.fna,GCF_022689775.1.fna,0.0019727945,0.9980272
GCF_000269685.1.fna,GCF_022689775.1.fna,0.023376226,0.9766238
GCF_031728515.1.fna,GCF_022689775.1.fna,0.0244475,0.9755525
GCF_037700155.1.fna,GCF_022689775.1.fna,0.021018088,0.9789819
GCF_022690225.1.fna,GCF_022689775.1.fna,0.012493491,0.9875065
GCF_022689945.1.fna,GCF_022689775.1.fna,0.02390629,0.9760937
GCF_015274585.1.fna,GCF_022689775.1.fna,0.02213347,0.97786653
GCF_031728415.1.fna,GCF_022689775.1.fna,0.009046435,0.99095356
GCF_031729015.1.fna,GCF_022689775.1.fna,0.0032563806,0.9967436
GCF_037700315.1.fna,GCF_022689775.1.fna,0.0066284537,0.99337155
GCF_031728795.1.fna,GCF_022689775.1.fna,0.009649754,0.99035025
GCF_031728555.1.fna,GCF_022689775.1.fna,0.022930622,0.9770694
GCF_029926865.1.fna,GCF_022689775.1.fna,0.023376226,0.9766238
GCF_040947225.1.fna,GCF_022689775.1.fna,0.008269668,0.99173033
GCF_031728695.1.fna,GCF_022689775.1.fna,0.0063854456,0.99361455
GCF_022689665.1.fna,GCF_022689775.1.fna,0.008849382,0.9911506
GCF_029926915.1.fna,GCF_022689775.1.fna,0.022204995,0.977795
GCF_031728315.1.fna,GCF_022689775.1.fna,0.021223426,0.9787766
GCF_031727255.1.fna,GCF_022689775.1.fna,0.02390629,0.9760937
GCF_022690205.1.fna,GCF_022689775.1.fna,0.0029121041,0.9970879
GCF_031727455.1.fna,GCF_022689775.1.fna,0.024059713,0.9759403
GCF_022690025.1.fna,GCF_022689775.1.fna,0.009046435,0.99095356
GCF_031727075.1.fna,GCF_022689775.1.fna,0.021018088,0.9789819
GCF_022690145.1.fna,GCF_022689775.1.fna,0.022710681,0.9772893
GCF_002901845.1.fna,GCF_022689775.1.fna,0.008384287,0.9916157
GCF_022689825.1.fna,GCF_022689775.1.fna,0.022204995,0.977795
GCF_031728675.1.fna,GCF_022689775.1.fna,0.0069811344,0.99301887
GCF_047653525.1.fna,GCF_022689775.1.fna,0.022348404,0.9776516
GCF_022690085.1.fna,GCF_022689775.1.fna,0.023152411,0.9768476
GCF_037700135.1.fna,GCF_022689775.1.fna,0.02285707,0.97714293
GCF_025143205.1.fna,GCF_022689775.1.fna,0.022062302,0.9779377
GCF_031728895.1.fna,GCF_022689775.1.fna,0.009165645,0.99083436
GCF_040947605.1.fna,GCF_022689775.1.fna,0.02156949,0.9784305
GCF_031727355.1.fna,GCF_022689775.1.fna,0.021223426,0.9787766
GCF_015274675.1.fna,GCF_022689775.1.fna,0.023376226,0.9766238
GCF_036420075.1.fna,GCF_022689775.1.fna,0.02390629,0.9760937
GCF_013267575.1.fna,GCF_022689775.1.fna,0.0071599483,0.99284005
GCF_031727055.1.fna,GCF_022689775.1.fna,0.011486471,0.9885135
GCF_037700375.1.fna,GCF_022689775.1.fna,0.009046435,0.99095356
GCF_022690005.1.fna,GCF_022689775.1.fna,0.0046741366,0.99532586
GCF_031631055.1.fna,GCF_022689775.1.fna,0.013354719,0.9866453
GCF_031728495.1.fna,GCF_022689775.1.fna,0.008499503,0.9915005
GCF_964211265.1.fna,GCF_022689775.1.fna,0.009086072,0.9909139
GCF_031727535.1.fna,GCF_022689775.1.fna,0.008538067,0.99146193
GCF_025143445.1.fna,GCF_022689775.1.fna,0.007929981,0.99207
GCF_022689855.1.fna,GCF_022689775.1.fna,0.009365916,0.9906341
GCF_022689725.1.fna,GCF_022689775.1.fna,0.008849382,0.9911506
GCF_031727275.1.fna,GCF_022689775.1.fna,0.008888602,0.9911114
GCF_031728235.1.fna,GCF_022689775.1.fna,0.024841309,0.9751587
GCF_040947205.1.fna,GCF_022689775.1.fna,0.02115482,0.9788452
GCF_031727235.1.fna,GCF_022689775.1.fna,0.009325743,0.99067426
GCF_022690165.1.fna,GCF_022689775.1.fna,0.022930622,0.9770694
GCF_031728075.1.fna,GCF_022689775.1.fna,0.022348404,0.9776516
GCF_022689965.1.fna,GCF_022689775.1.fna,0.021292329,0.9787077
GCF_022689575.1.fna,GCF_022689775.1.fna,0.008888602,0.9911114
GCF_037694985.1.fna,GCF_022689775.1.fna,0.023376226,0.9766238
GCF_022690185.1.fna,GCF_022689775.1.fna,0.0016534328,0.99834657
GCF_031728335.1.fna,GCF_022689775.1.fna,0.023301423,0.9766986
GCF_031728095.1.fna,GCF_022689775.1.fna,0.0069811344,0.99301887
GCF_022690385.1.fna,GCF_022689775.1.fna,0.022637784,0.9773622
GCF_022690425.1.fna,GCF_022689775.1.fna,0.022348404,0.9776516
GCF_022690375.1.fna,GCF_022689775.1.fna,0.009325743,0.99067426
GCF_022689675.1.fna,GCF_022689775.1.fna,0.02088219,0.9791178
GCF_022690245.1.fna,GCF_022689775.1.fna,0.02213347,0.97786653
GCF_037700295.1.fna,GCF_022689775.1.fna,0.021292329,0.9787077
GCF_015274535.1.fna,GCF_022689775.1.fna,0.02213347,0.97786653
GCF_022689845.1.fna,GCF_022689775.1.fna,0.022637784,0.9773622
GCF_022689745.1.fna,GCF_022689775.1.fna,0.021018088,0.9789819
GCF_022689925.1.fna,GCF_022689775.1.fna,0.024525821,0.9754742
GCF_015274655.1.fna,GCF_022689775.1.fna,0.02213347,0.97786653
GCF_022690325.1.fna,GCF_022689775.1.fna,0.008576691,0.9914233
GCF_022689785.1.fna,GCF_022689775.1.fna,0.004990995,0.995009
GCF_031728155.1.fna,GCF_022689775.1.fna,0.021991313,0.9780087
GCF_037700455.1.fna,GCF_022689775.1.fna,0.009125829,0.9908742
GCF_022689905.1.fna,GCF_022689775.1.fna,0.021223426,0.9787766
GCF_022690105.1.fna,GCF_022689775.1.fna,0.022565126,0.9774349
GCF_022689975.1.fna,GCF_022689775.1.fna,0.022204995,0.977795
GCF_022689705.1.fna,GCF_022689775.1.fna,0.009365916,0.9906341
GCF_031728835.1.fna,GCF_022689775.1.fna,0.022204995,0.977795
GCF_031728115.1.fna,GCF_022689775.1.fna,0.021779478,0.9782205
GCF_022689775.1.fna,GCF_022689775.1.fna,0.0,1.0
GCF_031728455.1.fna,GCF_022689775.1.fna,0.008654237,0.99134576
GCF_025143615.1.fna,GCF_022689775.1.fna,0.0029690266,0.997031
GCF_052950835.1.fna,GCF_022689775.1.fna,0.01345253,0.98654747
GCF_040947125.1.fna,GCF_022689775.1.fna,0.008888602,0.9911114
GCF_017315645.1.fna,GCF_022689775.1.fna,0.021292329,0.9787077
GCF_040947645.1.fna,GCF_022689775.1.fna,0.02156949,0.9784305
GCF_022690345.1.fna,GCF_022689775.1.fna,0.02184987,0.9781501
GCF_022689645.1.fna,GCF_022689775.1.fna,0.008732021,0.991268
GCF_022690295.1.fna,GCF_022689775.1.fna,0.02390629,0.9760937
GCF_031728715.1.fna,GCF_022689775.1.fna,0.0021891594,0.99781084
GCF_031728295.1.fna,GCF_022689775.1.fna,0.021430492,0.9785695
GCF_040947065.1.fna,GCF_022689775.1.fna,0.013160288,0.9868397
GCF_037695175.1.fna,GCF_022689775.1.fna,0.009125829,0.9908742
GCF_031728475.1.fna,GCF_022689775.1.fna,0.02213347,0.97786653
GCF_022690045.1.fna,GCF_031728455.1.fna,0.0072319508,0.99276805
GCF_017315625.1.fna,GCF_031728455.1.fna,0.019499123,0.9805009
GCF_900458635.1.fna,GCF_031728455.1.fna,0.0075961947,0.9924038
GCF_022689565.1.fna,GCF_031728455.1.fna,0.02088219,0.9791178
GCF_029926905.1.fna,GCF_031728455.1.fna,0.021920502,0.9780795
GCF_040947025.1.fna,GCF_031728455.1.fna,0.020279706,0.9797203
GCF_022690065.1.fna,GCF_031728455.1.fna,0.021361291,0.9786387
GCF_022689765.1.fna,GCF_031728455.1.fna,0.02184987,0.9781501
GCF_022690265.1.fna,GCF_031728455.1.fna,0.02115482,0.9788452
GCF_022689615.1.fna,GCF_031728455.1.fna,0.020478904,0.9795211
GCF_031728745.1.fna,GCF_031728455.1.fna,0.020345926,0.9796541
GCF_022690275.1.fna,GCF_031728455.1.fna,0.021223426,0.9787766
GCF_047653515.1.fna,GCF_031728455.1.fna,0.020679712,0.9793203
GCF_031728275.1.fna,GCF_031728455.1.fna,0.008269668,0.99173033
GCF_022690115.1.fna,GCF_031728455.1.fna,0.024059713,0.9759403
GCF_031728735.1.fna,GCF_031728455.1.fna,0.020814478,0.9791855
GCF_036419895.1.fna,GCF_031728455.1.fna,0.007818103,0.9921819
GCF_000269685.1.fna,GCF_031728455.1.fna,0.021639287,0.9783607
GCF_031728515.1.fna,GCF_031728455.1.fna,0.021991313,0.9780087
GCF_037700155.1.fna,GCF_031728455.1.fna,0.02088219,0.9791178
GCF_022690225.1.fna,GCF_031728455.1.fna,0.012260377,0.9877396
GCF_022689945.1.fna,GCF_031728455.1.fna,0.021292329,0.9787077
GCF_015274585.1.fna,GCF_031728455.1.fna,0.020478904,0.9795211
GCF_031728415.1.fna,GCF_031728455.1.fna,0.003875792,0.9961242
GCF_031729015.1.fna,GCF_031728455.1.fna,0.008693099,0.9913069
GCF_037700315.1.fna,GCF_031728455.1.fna,0.008576691,0.9914233
GCF_031728795.1.fna,GCF_031728455.1.fna,0.009046435,0.99095356
GCF_031728555.1.fna,GCF_031728455.1.fna,0.021361291,0.9786387
GCF_029926865.1.fna,GCF_031728455.1.fna,0.021920502,0.9780795
GCF_040947225.1.fna,GCF_031728455.1.fna,0.0055426955,0.9944573
GCF_031728695.1.fna,GCF_031728455.1.fna,0.007706821,0.9922932
GCF_022689665.1.fna,GCF_031728455.1.fna,0.006523907,0.9934761
GCF_029926915.1.fna,GCF_031728455.1.fna,0.02088219,0.9791178
GCF_031728315.1.fna,GCF_031728455.1.fna,0.021018088,0.9789819
GCF_031727255.1.fna,GCF_031728455.1.fna,0.02156949,0.9784305
GCF_022690205.1.fna,GCF_031728455.1.fna,0.009086072,0.9909139
GCF_031727455.1.fna,GCF_031728455.1.fna,0.02352649,0.9764735
GCF_022690025.1.fna,GCF_031728455.1.fna,0.0070524216,0.9929476
GCF_031727075.1.fna,GCF_031728455.1.fna,0.020345926,0.9796541
GCF_022690145.1.fna,GCF_031728455.1.fna,0.021292329,0.9787077
GCF_002901845.1.fna,GCF_031728455.1.fna,0.007522762,0.99247724
GCF_022689825.1.fna,GCF_031728455.1.fna,0.02184987,0.9781501
GCF_031728675.1.fna,GCF_031728455.1.fna,0.0074496865,0.9925503
GCF_047653525.1.fna,GCF_031728455.1.fna,0.021639287,0.9783607
GCF_022690085.1.fna,GCF_031728455.1.fna,0.023152411,0.9768476
GCF_037700135.1.fna,GCF_031728455.1.fna,0.02184987,0.9781501
GCF_025143205.1.fna,GCF_031728455.1.fna,0.020747006,0.979253
GCF_031728895.1.fna,GCF_031728455.1.fna,0.008810163,0.99118984
GCF_040947605.1.fna,GCF_031728455.1.fna,0.020412326,0.9795877
GCF_031727355.1.fna,GCF_031728455.1.fna,0.020814478,0.9791855
GCF_015274675.1.fna,GCF_031728455.1.fna,0.021292329,0.9787077
GCF_036420075.1.fna,GCF_031728455.1.fna,0.021223426,0.9787766
GCF_013267575.1.fna,GCF_031728455.1.fna,0.0074496865,0.9925503
GCF_031727055.1.fna,GCF_031728455.1.fna,0.010654509,0.9893455
GCF_037700375.1.fna,GCF_031728455.1.fna,0.0068392754,0.9931607
GCF_022690005.1.fna,GCF_031728455.1.fna,0.0071959496,0.99280405
GCF_031631055.1.fna,GCF_031728455.1.fna,0.012167871,0.9878321
GCF_031728495.1.fna,GCF_031728455.1.fna,0.0033144355,0.99668556
GCF_964211265.1.fna,GCF_031728455.1.fna,0.007929981,0.99207
GCF_031727535.1.fna,GCF_031728455.1.fna,0.0061796308,0.99382037
GCF_025143445.1.fna,GCF_031728455.1.fna,0.008615434,0.99138457
GCF_022689855.1.fna,GCF_031728455.1.fna,0.008422613,0.9915774
GCF_022689725.1.fna,GCF_031728455.1.fna,0.006523907,0.9934761
GCF_031727275.1.fna,GCF_031728455.1.fna,0.0021077394,0.99789226
GCF_031728235.1.fna,GCF_031728455.1.fna,0.022930622,0.9770694
GCF_040947205.1.fna,GCF_031728455.1.fna,0.021639287,0.9783607
GCF_031727235.1.fna,GCF_031728455.1.fna,0.008384287,0.9916157
GCF_022690165.1.fna,GCF_031728455.1.fna,0.021361291,0.9786387
GCF_031728075.1.fna,GCF_031728455.1.fna,0.020545602,0.9794544
GCF_022689965.1.fna,GCF_031728455.1.fna,0.020545602,0.9794544
GCF_022689575.1.fna,GCF_031728455.1.fna,0.006523907,0.9934761
GCF_037694985.1.fna,GCF_031728455.1.fna,0.022710681,0.9772893
GCF_022690185.1.fna,GCF_031728455.1.fna,0.007967472,0.9920325
GCF_031728335.1.fna,GCF_031728455.1.fna,0.021086395,0.9789136
GCF_031728095.1.fna,GCF_031728455.1.fna,0.007967472,0.9920325
GCF_022690385.1.fna,GCF_031728455.1.fna,0.021920502,0.9780795
GCF_022690425.1.fna,GCF_031728455.1.fna,0.020478904,0.9795211
GCF_022690375.1.fna,GCF_031728455.1.fna,0.0075961947,0.9924038
GCF_022689675.1.fna,GCF_031728455.1.fna,0.020412326,0.9795877
GCF_022690245.1.fna,GCF_031728455.1.fna,0.021292329,0.9787077
GCF_037700295.1.fna,GCF_031728455.1.fna,0.020747006,0.979253
GCF_015274535.1.fna,GCF_031728455.1.fna,0.020478904,0.9795211
GCF_022689845.1.fna,GCF_031728455.1.fna,0.021430492,0.9785695
GCF_022689745.1.fna,GCF_031728455.1.fna,0.020345926,0.9796541
GCF_022689925.1.fna,GCF_031728455.1.fna,0.024214208,0.9757858
GCF_015274655.1.fna,GCF_031728455.1.fna,0.020478904,0.9795211
GCF_022690325.1.fna,GCF_031728455.1.fna,0.007855296,0.9921447
GCF_022689785.1.fna,GCF_031728455.1.fna,0.0066284537,0.99337155
GCF_031728155.1.fna,GCF_031728455.1.fna,0.020345926,0.9796541
GCF_037700455.1.fna,GCF_031728455.1.fna,0.0069455504,0.99305445
GCF_022689905.1.fna,GCF_031728455.1.fna,0.021018088,0.9789819
GCF_022690105.1.fna,GCF_031728455.1.fna,0.020412326,0.9795877
GCF_022689975.1.fna,GCF_031728455.1.fna,0.021779478,0.9782205
GCF_022689705.1.fna,GCF_031728455.1.fna,0.009086072,0.9909139
GCF_031728835.1.fna,GCF_031728455.1.fna,0.020950079,0.9790499
GCF_031728115.1.fna,GCF_031728455.1.fna,0.020545602,0.9794544
GCF_022689775.1.fna,GCF_031728455.1.fna,0.008654237,0.99134576
GCF_031728455.1.fna,GCF_031728455.1.fna,0.0,1.0
GCF_025143615.1.fna,GCF_031728455.1.fna,0.00823164,0.99176836
GCF_052950835.1.fna,GCF_031728455.1.fna,0.0124467015,0.9875533
GCF_040947125.1.fna,GCF_031728455.1.fna,0.007818103,0.9921819
GCF_017315645.1.fna,GCF_031728455.1.fna,0.020679712,0.9793203
GCF_040947645.1.fna,GCF_031728455.1.fna,0.020412326,0.9795877
GCF_022690345.1.fna,GCF_031728455.1.fna,0.020345926,0.9796541
GCF_022689645.1.fna,GCF_031728455.1.fna,0.008384287,0.9916157
GCF_022690295.1.fna,GCF_031728455.1.fna,0.021499872,0.9785001
GCF_031728715.1.fna,GCF_031728455.1.fna,0.0075594783,0.9924405
GCF_031728295.1.fna,GCF_031728455.1.fna,0.020950079,0.9790499
GCF_040947065.1.fna,GCF_031728455.1.fna,0.01180172,0.9881983
GCF_037695175.1.fna,GCF_031728455.1.fna,0.007340491,0.9926595
GCF_031728475.1.fna,GCF_031728455.1.fna,0.021361291,0.9786387
GCF_022690045.1.fna,GCF_025143615.1.fna,0.005476892,0.9945231
GCF_017315625.1.fna,GCF_025143615.1.fna,0.020279706,0.9797203
GCF_900458635.1.fna,GCF_025143615.1.fna,0.008117974,0.991882
GCF_022689565.1.fna,GCF_025143615.1.fna,0.021086395,0.9789136
GCF_029926905.1.fna,GCF_025143615.1.fna,0.023152411,0.9768476
GCF_040947025.1.fna,GCF_025143615.1.fna,0.021499872,0.9785001
GCF_022690065.1.fna,GCF_025143615.1.fna,0.022710681,0.9772893
GCF_022689765.1.fna,GCF_025143615.1.fna,0.022204995,0.977795
GCF_022690265.1.fna,GCF_025143615.1.fna,0.022420406,0.9775796
GCF_022689615.1.fna,GCF_025143615.1.fna,0.021361291,0.9786387
GCF_031728745.1.fna,GCF_025143615.1.fna,0.021086395,0.9789136
GCF_022690275.1.fna,GCF_025143615.1.fna,0.023677707,0.9763223
GCF_047653515.1.fna,GCF_025143615.1.fna,0.021499872,0.9785001
GCF_031728275.1.fna,GCF_025143615.1.fna,0.008538067,0.99146193
GCF_022690115.1.fna,GCF_025143615.1.fna,0.025647223,0.9743528
GCF_031728735.1.fna,GCF_025143615.1.fna,0.021709323,0.9782907
GCF_036419895.1.fna,GCF_025143615.1.fna,0.0027144551,0.99728554
GCF_000269685.1.fna,GCF_025143615.1.fna,0.022348404,0.9776516
GCF_031728515.1.fna,GCF_025143615.1.fna,0.024369478,0.9756305
GCF_037700155.1.fna,GCF_025143615.1.fna,0.021499872,0.9785001
GCF_022690225.1.fna,GCF_025143615.1.fna,0.012353301,0.9876467
GCF_022689945.1.fna,GCF_025143615.1.fna,0.02352649,0.9764735
GCF_015274585.1.fna,GCF_025143615.1.fna,0.02184987,0.9781501
GCF_031728415.1.fna,GCF_025143615.1.fna,0.00920558,0.9907944
GCF_031729015.1.fna,GCF_025143615.1.fna,0.0029121041,0.9970879
GCF_037700315.1.fna,GCF_025143615.1.fna,0.0059424043,0.9940576
GCF_031728795.1.fna,GCF_025143615.1.fna,0.009325743,0.99067426
GCF_031728555.1.fna,GCF_025143615.1.fna,0.022783816,0.9772162
GCF_029926865.1.fna,GCF_025143615.1.fna,0.023152411,0.9768476
GCF_040947225.1.fna,GCF_025143615.1.fna,0.008004963,0.99199504
GCF_031728695.1.fna,GCF_025143615.1.fna,0.0064199567,0.99358004
GCF_022689665.1.fna,GCF_025143615.1.fna,0.008771062,0.99122894
GCF_029926915.1.fna,GCF_025143615.1.fna,0.021991313,0.9780087
GCF_031728315.1.fna,GCF_025143615.1.fna,0.020950079,0.9790499
GCF_031727255.1.fna,GCF_025143615.1.fna,0.023602009,0.976398
GCF_022690205.1.fna,GCF_025143615.1.fna,0.0031408668,0.99685913
GCF_031727455.1.fna,GCF_025143615.1.fna,0.023753703,0.9762463
GCF_022690025.1.fna,GCF_025143615.1.fna,0.008888602,0.9911114
GCF_031727075.1.fna,GCF_025143615.1.fna,0.021361291,0.9786387
GCF_022690145.1.fna,GCF_025143615.1.fna,0.022565126,0.9774349
GCF_002901845.1.fna,GCF_025143615.1.fna,0.008080244,0.99191976
GCF_022689825.1.fna,GCF_025143615.1.fna,0.022204995,0.977795
GCF_031728675.1.fna,GCF_025143615.1.fna,0.0072319508,0.99276805
GCF_047653525.1.fna,GCF_025143615.1.fna,0.022420406,0.9775796
GCF_022690085.1.fna,GCF_025143615.1.fna,0.023004293,0.9769957
GCF_037700135.1.fna,GCF_025143615.1.fna,0.022710681,0.9772893
GCF_025143205.1.fna,GCF_025143615.1.fna,0.022204995,0.977795
GCF_031728895.1.fna,GCF_025143615.1.fna,0.008771062,0.99122894
GCF_040947605.1.fna,GCF_025143615.1.fna,0.021709323,0.9782907
GCF_031727355.1.fna,GCF_025143615.1.fna,0.021086395,0.9789136
GCF_015274675.1.fna,GCF_025143615.1.fna,0.022492707,0.9775073
GCF_036420075.1.fna,GCF_025143615.1.fna,0.023451328,0.9765487
GCF_013267575.1.fna,GCF_025143615.1.fna,0.007016778,0.9929832
GCF_031727055.1.fna,GCF_025143615.1.fna,0.011847079,0.9881529
GCF_037700375.1.fna,GCF_025143615.1.fna,0.009046435,0.99095356
GCF_022690005.1.fna,GCF_025143615.1.fna,0.0055097938,0.9944902
GCF_031631055.1.fna,GCF_025143615.1.fna,0.013160288,0.9868397
GCF_031728495.1.fna,GCF_025143615.1.fna,0.00823164,0.99176836
GCF_964211265.1.fna,GCF_025143615.1.fna,0.009285569,0.99071443
GCF_031727535.1.fna,GCF_025143615.1.fna,0.008732021,0.991268
GCF_025143445.1.fna,GCF_025143615.1.fna,0.0075594783,0.9924405
GCF_022689855.1.fna,GCF_025143615.1.fna,0.009446621,0.9905534
GCF_022689725.1.fna,GCF_025143615.1.fna,0.008771062,0.99122894
GCF_031727275.1.fna,GCF_025143615.1.fna,0.009006858,0.99099314
GCF_031728235.1.fna,GCF_025143615.1.fna,0.024683118,0.9753169
GCF_040947205.1.fna,GCF_025143615.1.fna,0.021292329,0.9787077
GCF_031727235.1.fna,GCF_025143615.1.fna,0.009406269,0.99059373
GCF_022690165.1.fna,GCF_025143615.1.fna,0.02285707,0.97714293
GCF_031728075.1.fna,GCF_025143615.1.fna,0.021920502,0.9780795
GCF_022689965.1.fna,GCF_025143615.1.fna,0.02115482,0.9788452
GCF_022689575.1.fna,GCF_025143615.1.fna,0.008810163,0.99118984
GCF_037694985.1.fna,GCF_025143615.1.fna,0.023301423,0.9766986
GCF_022690185.1.fna,GCF_025143615.1.fna,0.002827108,0.9971729
GCF_031728335.1.fna,GCF_025143615.1.fna,0.022565126,0.9774349
GCF_031728095.1.fna,GCF_025143615.1.fna,0.007340491,0.9926595
GCF_022690385.1.fna,GCF_025143615.1.fna,0.022565126,0.9774349
GCF_022690425.1.fna,GCF_025143615.1.fna,0.02184987,0.9781501
GCF_022690375.1.fna,GCF_025143615.1.fna,0.009285569,0.99071443
GCF_022689675.1.fna,GCF_025143615.1.fna,0.021223426,0.9787766
GCF_022690245.1.fna,GCF_025143615.1.fna,0.021709323,0.9782907
GCF_037700295.1.fna,GCF_025143615.1.fna,0.021709323,0.9782907
GCF_015274535.1.fna,GCF_025143615.1.fna,0.02184987,0.9781501
GCF_022689845.1.fna,GCF_025143615.1.fna,0.022492707,0.9775073
GCF_022689745.1.fna,GCF_025143615.1.fna,0.021361291,0.9786387
GCF_022689925.1.fna,GCF_025143615.1.fna,0.023982882,0.9760171
GCF_015274655.1.fna,GCF_025143615.1.fna,0.02184987,0.9781501
GCF_022690325.1.fna,GCF_025143615.1.fna,0.007929981,0.99207
GCF_022689785.1.fna,GCF_025143615.1.fna,0.0051515102,0.9948485
GCF_031728155.1.fna,GCF_025143615.1.fna,0.02115482,0.9788452
GCF_037700455.1.fna,GCF_025143615.1.fna,0.009165645,0.99083436
GCF_022689905.1.fna,GCF_025143615.1.fna,0.020950079,0.9790499
GCF_022690105.1.fna,GCF_025143615.1.fna,0.021920502,0.9780795
GCF_022689975.1.fna,GCF_025143615.1.fna,0.022204995,0.977795
GCF_022689705.1.fna,GCF_025143615.1.fna,0.009365916,0.9906341
GCF_031728835.1.fna,GCF_025143615.1.fna,0.022204995,0.977795
GCF_031728115.1.fna,GCF_025143615.1.fna,0.021779478,0.9782205
GCF_022689775.1.fna,GCF_025143615.1.fna,0.0029690266,0.997031
GCF_031728455.1.fna,GCF_025143615.1.fna,0.00823164,0.99176836
GCF_025143615.1.fna,GCF_025143615.1.fna,0.0,1.0
GCF_052950835.1.fna,GCF_025143615.1.fna,0.01345253,0.98654747
GCF_040947125.1.fna,GCF_025143615.1.fna,0.0089674,0.9910326
GCF_017315645.1.fna,GCF_025143615.1.fna,0.02115482,0.9788452
GCF_040947645.1.fna,GCF_025143615.1.fna,0.021709323,0.9782907
GCF_022690345.1.fna,GCF_025143615.1.fna,0.021018088,0.9789819
GCF_022689645.1.fna,GCF_025143615.1.fna,0.009527624,0.9904724
GCF_022690295.1.fna,GCF_025143615.1.fna,0.023602009,0.976398
GCF_031728715.1.fna,GCF_025143615.1.fna,0.0020266771,0.9979733
GCF_031728295.1.fna,GCF_025143615.1.fna,0.021430492,0.9785695
GCF_040947065.1.fna,GCF_025143615.1.fna,0.012824297,0.9871757
GCF_037695175.1.fna,GCF_025143615.1.fna,0.008888602,0.9911114
GCF_031728475.1.fna,GCF_025143615.1.fna,0.021991313,0.9780087
GCF_022690045.1.fna,GCF_052950835.1.fna,0.0134035945,0.9865964
GCF_017315625.1.fna,GCF_052950835.1.fna,0.019181192,0.9808188
GCF_900458635.1.fna,GCF_052950835.1.fna,0.011666119,0.9883339
GCF_022689565.1.fna,GCF_052950835.1.fna,0.021430492,0.9785695
GCF_029926905.1.fna,GCF_052950835.1.fna,0.022204995,0.977795
GCF_040947025.1.fna,GCF_052950835.1.fna,0.021991313,0.9780087
GCF_022690065.1.fna,GCF_052950835.1.fna,0.021292329,0.9787077
GCF_022689765.1.fna,GCF_052950835.1.fna,0.02184987,0.9781501
GCF_022690265.1.fna,GCF_052950835.1.fna,0.021086395,0.9789136
GCF_022689615.1.fna,GCF_052950835.1.fna,0.020412326,0.9795877
GCF_031728745.1.fna,GCF_052950835.1.fna,0.020412326,0.9795877
GCF_022690275.1.fna,GCF_052950835.1.fna,0.02184987,0.9781501
GCF_047653515.1.fna,GCF_052950835.1.fna,0.02115482,0.9788452
GCF_031728275.1.fna,GCF_052950835.1.fna,0.012353301,0.9876467
GCF_022690115.1.fna,GCF_052950835.1.fna,0.024059713,0.9759403
GCF_031728735.1.fna,GCF_052950835.1.fna,0.022062302,0.9779377
GCF_036419895.1.fna,GCF_052950835.1.fna,0.013208687,0.9867913
GCF_000269685.1.fna,GCF_052950835.1.fna,0.022420406,0.9775796
GCF_031728515.1.fna,GCF_052950835.1.fna,0.023982882,0.9760171
GCF_037700155.1.fna,GCF_052950835.1.fna,0.020679712,0.9793203
GCF_022690225.1.fna,GCF_052950835.1.fna,0.014200926,0.9857991
GCF_022689945.1.fna,GCF_052950835.1.fna,0.023301423,0.9766986
GCF_015274585.1.fna,GCF_052950835.1.fna,0.019244492,0.9807555
GCF_031728415.1.fna,GCF_052950835.1.fna,0.013898492,0.9861015
GCF_031729015.1.fna,GCF_052950835.1.fna,0.0133059025,0.9866941
GCF_037700315.1.fna,GCF_052950835.1.fna,0.0135015845,0.9864984
GCF_031728795.1.fna,GCF_052950835.1.fna,0.012587488,0.9874125
GCF_031728555.1.fna,GCF_052950835.1.fna,0.021292329,0.9787077
GCF_029926865.1.fna,GCF_052950835.1.fna,0.022204995,0.977795
GCF_040947225.1.fna,GCF_052950835.1.fna,0.012634695,0.9873653
GCF_031728695.1.fna,GCF_052950835.1.fna,0.012540519,0.9874595
GCF_022689665.1.fna,GCF_052950835.1.fna,0.012075722,0.9879243
GCF_029926915.1.fna,GCF_052950835.1.fna,0.02115482,0.9788452
GCF_031728315.1.fna,GCF_052950835.1.fna,0.020747006,0.979253
GCF_031727255.1.fna,GCF_052950835.1.fna,0.023004293,0.9769957
GCF_022690205.1.fna,GCF_052950835.1.fna,0.014099598,0.9859004
GCF_031727455.1.fna,GCF_052950835.1.fna,0.026059687,0.9739403
GCF_022690025.1.fna,GCF_052950835.1.fna,0.012587488,0.9874125
GCF_031727075.1.fna,GCF_052950835.1.fna,0.020412326,0.9795877
GCF_022690145.1.fna,GCF_052950835.1.fna,0.021223426,0.9787766
GCF_002901845.1.fna,GCF_052950835.1.fna,0.011531293,0.9884687
GCF_022689825.1.fna,GCF_052950835.1.fna,0.02184987,0.9781501
GCF_031728675.1.fna,GCF_052950835.1.fna,0.012029827,0.9879702
GCF_047653525.1.fna,GCF_052950835.1.fna,0.020814478,0.9791855
GCF_022690085.1.fna,GCF_052950835.1.fna,0.024683118,0.9753169
GCF_037700135.1.fna,GCF_052950835.1.fna,0.022710681,0.9772893
GCF_025143205.1.fna,GCF_052950835.1.fna,0.02088219,0.9791178
GCF_031728895.1.fna,GCF_052950835.1.fna,0.012353301,0.9876467
GCF_040947605.1.fna,GCF_052950835.1.fna,0.020950079,0.9790499
GCF_031727355.1.fna,GCF_052950835.1.fna,0.021361291,0.9786387
GCF_015274675.1.fna,GCF_052950835.1.fna,0.022062302,0.9779377
GCF_036420075.1.fna,GCF_052950835.1.fna,0.023226798,0.9767732
GCF_013267575.1.fna,GCF_052950835.1.fna,0.012075722,0.9879243
GCF_031727055.1.fna,GCF_052950835.1.fna,0.014714479,0.9852855
GCF_037700375.1.fna,GCF_052950835.1.fna,0.012353301,0.9876467
GCF_022690005.1.fna,GCF_052950835.1.fna,0.0134035945,0.9865964
GCF_031631055.1.fna,GCF_052950835.1.fna,0.007855296,0.9921447
GCF_031728495.1.fna,GCF_052950835.1.fna,0.011847079,0.9881529
GCF_964211265.1.fna,GCF_052950835.1.fna,0.012260377,0.9877396
GCF_031727535.1.fna,GCF_052950835.1.fna,0.012260377,0.9877396
GCF_025143445.1.fna,GCF_052950835.1.fna,0.012306809,0.9876932
GCF_022689855.1.fna,GCF_052950835.1.fna,0.013112009,0.986888
GCF_022689725.1.fna,GCF_052950835.1.fna,0.012075722,0.9879243
GCF_031727275.1.fna,GCF_052950835.1.fna,0.0130156875,0.9869843
GCF_031728235.1.fna,GCF_052950835.1.fna,0.022783816,0.9772162
GCF_040947205.1.fna,GCF_052950835.1.fna,0.021086395,0.9789136
GCF_031727235.1.fna,GCF_052950835.1.fna,0.013063788,0.9869362
GCF_022690165.1.fna,GCF_052950835.1.fna,0.021292329,0.9787077
GCF_031728075.1.fna,GCF_052950835.1.fna,0.022204995,0.977795
GCF_022689965.1.fna,GCF_052950835.1.fna,0.021430492,0.9785695
GCF_022689575.1.fna,GCF_052950835.1.fna,0.012075722,0.9879243
GCF_037694985.1.fna,GCF_052950835.1.fna,0.022783816,0.9772162
GCF_022690185.1.fna,GCF_052950835.1.fna,0.013160288,0.9868397
GCF_031728335.1.fna,GCF_052950835.1.fna,0.021361291,0.9786387
GCF_031728095.1.fna,GCF_052950835.1.fna,0.013649583,0.9863504
GCF_022690385.1.fna,GCF_052950835.1.fna,0.021920502,0.9780795
GCF_022690425.1.fna,GCF_052950835.1.fna,0.022204995,0.977795
GCF_022690375.1.fna,GCF_052950835.1.fna,0.012493491,0.9875065
GCF_022689675.1.fna,GCF_052950835.1.fna,0.020279706,0.9797203
GCF_022690245.1.fna,GCF_052950835.1.fna,0.021086395,0.9789136
GCF_037700295.1.fna,GCF_052950835.1.fna,0.020679712,0.9793203
GCF_015274535.1.fna,GCF_052950835.1.fna,0.019244492,0.9807555
GCF_022689845.1.fna,GCF_052950835.1.fna,0.02227658,0.9777234
GCF_022689745.1.fna,GCF_052950835.1.fna,0.020412326,0.9795877
GCF_022689925.1.fna,GCF_052950835.1.fna,0.026563525,0.9734365
GCF_015274655.1.fna,GCF_052950835.1.fna,0.019244492,0.9807555
GCF_022690325.1.fna,GCF_052950835.1.fna,0.012167871,0.9878321
GCF_022689785.1.fna,GCF_052950835.1.fna,0.012306809,0.9876932
GCF_031728155.1.fna,GCF_052950835.1.fna,0.02156949,0.9784305
GCF_037700455.1.fna,GCF_052950835.1.fna,0.0123999715,0.9876
GCF_022689905.1.fna,GCF_052950835.1.fna,0.020747006,0.979253
GCF_022690105.1.fna,GCF_052950835.1.fna,0.020747006,0.979253
GCF_022689975.1.fna,GCF_052950835.1.fna,0.02184987,0.9781501
GCF_022689705.1.fna,GCF_052950835.1.fna,0.012871981,0.987128
GCF_031728835.1.fna,GCF_052950835.1.fna,0.021361291,0.9786387
GCF_031728115.1.fna,GCF_052950835.1.fna,0.021086395,0.9789136
GCF_022689775.1.fna,GCF_052950835.1.fna,0.01345253,0.98654747
GCF_031728455.1.fna,GCF_052950835.1.fna,0.0124467015,0.9875533
GCF_025143615.1.fna,GCF_052950835.1.fna,0.01345253,0.98654747
GCF_052950835.1.fna,GCF_052950835.1.fna,0.0,1.0
GCF_040947125.1.fna,GCF_052950835.1.fna,0.012029827,0.9879702
GCF_017315645.1.fna,GCF_052950835.1.fna,0.020814478,0.9791855
GCF_040947645.1.fna,GCF_052950835.1.fna,0.020950079,0.9790499
GCF_022690345.1.fna,GCF_052950835.1.fna,0.021430492,0.9785695
GCF_022689645.1.fna,GCF_052950835.1.fna,0.012587488,0.9874125
GCF_022690295.1.fna,GCF_052950835.1.fna,0.023004293,0.9769957
GCF_031728715.1.fna,GCF_052950835.1.fna,0.012587488,0.9874125
GCF_031728295.1.fna,GCF_052950835.1.fna,0.021018088,0.9789819
GCF_040947065.1.fna,GCF_052950835.1.fna,0.0077809095,0.9922191
GCF_037695175.1.fna,GCF_052950835.1.fna,0.012260377,0.9877396
GCF_031728475.1.fna,GCF_052950835.1.fna,0.02156949,0.9784305
GCF_022690045.1.fna,GCF_040947125.1.fna,0.009285569,0.99071443
GCF_017315625.1.fna,GCF_040947125.1.fna,0.020814478,0.9791855
GCF_900458635.1.fna,GCF_040947125.1.fna,0.0055426955,0.9944573
GCF_022689565.1.fna,GCF_040947125.1.fna,0.022204995,0.977795
GCF_029926905.1.fna,GCF_040947125.1.fna,0.022710681,0.9772893
GCF_040947025.1.fna,GCF_040947125.1.fna,0.022783816,0.9772162
GCF_022690065.1.fna,GCF_040947125.1.fna,0.022062302,0.9779377
GCF_022689765.1.fna,GCF_040947125.1.fna,0.02285707,0.97714293
GCF_022690265.1.fna,GCF_040947125.1.fna,0.022062302,0.9779377
GCF_022689615.1.fna,GCF_040947125.1.fna,0.02227658,0.9777234
GCF_031728745.1.fna,GCF_040947125.1.fna,0.021018088,0.9789819
GCF_022690275.1.fna,GCF_040947125.1.fna,0.023152411,0.9768476
GCF_047653515.1.fna,GCF_040947125.1.fna,0.022204995,0.977795
GCF_031728275.1.fna,GCF_040947125.1.fna,0.009046435,0.99095356
GCF_022690115.1.fna,GCF_040947125.1.fna,0.024841309,0.9751587
GCF_031728735.1.fna,GCF_040947125.1.fna,0.022783816,0.9772162
GCF_036419895.1.fna,GCF_040947125.1.fna,0.008576691,0.9914233
GCF_000269685.1.fna,GCF_040947125.1.fna,0.023829877,0.9761701
GCF_031728515.1.fna,GCF_040947125.1.fna,0.024291694,0.9757083
GCF_037700155.1.fna,GCF_040947125.1.fna,0.022420406,0.9775796
GCF_022690225.1.fna,GCF_040947125.1.fna,0.012871981,0.987128
GCF_022689945.1.fna,GCF_040947125.1.fna,0.024136782,0.9758632
GCF_015274585.1.fna,GCF_040947125.1.fna,0.02184987,0.9781501
GCF_031728415.1.fna,GCF_040947125.1.fna,0.008654237,0.99134576
GCF_031729015.1.fna,GCF_040947125.1.fna,0.008849382,0.9911506
GCF_037700315.1.fna,GCF_040947125.1.fna,0.009046435,0.99095356
GCF_031728795.1.fna,GCF_040947125.1.fna,0.010697424,0.9893026
GCF_031728555.1.fna,GCF_040947125.1.fna,0.02213347,0.97786653
GCF_029926865.1.fna,GCF_040947125.1.fna,0.022710681,0.9772893
GCF_040947225.1.fna,GCF_040947125.1.fna,0.009649754,0.99035025
GCF_031728695.1.fna,GCF_040947125.1.fna,0.008269668,0.99173033
GCF_022689665.1.fna,GCF_040947125.1.fna,0.005183816,0.9948162
GCF_029926915.1.fna,GCF_040947125.1.fna,0.021779478,0.9782205
GCF_031728315.1.fna,GCF_040947125.1.fna,0.021499872,0.9785001
GCF_031727255.1.fna,GCF_040947125.1.fna,0.023226798,0.9767732
GCF_022690205.1.fna,GCF_040947125.1.fna,0.009125829,0.9908742
GCF_031727455.1.fna,GCF_040947125.1.fna,0.025565505,0.9744345
GCF_022690025.1.fna,GCF_040947125.1.fna,0.0057082176,0.9942918
GCF_031727075.1.fna,GCF_040947125.1.fna,0.02227658,0.9777234
GCF_022690145.1.fna,GCF_040947125.1.fna,0.02213347,0.97786653
GCF_002901845.1.fna,GCF_040947125.1.fna,0.005476892,0.9945231
GCF_022689825.1.fna,GCF_040947125.1.fna,0.02285707,0.97714293
GCF_031728675.1.fna,GCF_040947125.1.fna,0.007706821,0.9922932
GCF_047653525.1.fna,GCF_040947125.1.fna,0.022710681,0.9772893
GCF_022690085.1.fna,GCF_040947125.1.fna,0.0244475,0.9755525
GCF_037700135.1.fna,GCF_040947125.1.fna,0.023226798,0.9767732
GCF_025143205.1.fna,GCF_040947125.1.fna,0.021779478,0.9782205
GCF_031728895.1.fna,GCF_040947125.1.fna,0.009406269,0.99059373
GCF_040947605.1.fna,GCF_040947125.1.fna,0.020950079,0.9790499
GCF_031727355.1.fna,GCF_040947125.1.fna,0.02213347,0.97786653
GCF_015274675.1.fna,GCF_040947125.1.fna,0.023376226,0.9766238
GCF_036420075.1.fna,GCF_040947125.1.fna,0.023982882,0.9760171
GCF_013267575.1.fna,GCF_040947125.1.fna,0.007304251,0.99269575
GCF_031727055.1.fna,GCF_040947125.1.fna,0.008193672,0.9918063
GCF_037700375.1.fna,GCF_040947125.1.fna,0.00587517,0.9941248
GCF_022690005.1.fna,GCF_040947125.1.fna,0.009325743,0.99067426
GCF_031631055.1.fna,GCF_040947125.1.fna,0.01175642,0.9882436
GCF_031728495.1.fna,GCF_040947125.1.fna,0.00628227,0.99371773
GCF_964211265.1.fna,GCF_040947125.1.fna,0.007522762,0.99247724
GCF_031727535.1.fna,GCF_040947125.1.fna,0.0052161217,0.9947839
GCF_025143445.1.fna,GCF_040947125.1.fna,0.008345962,0.99165404
GCF_022689855.1.fna,GCF_040947125.1.fna,0.0077438354,0.99225616
GCF_022689725.1.fna,GCF_040947125.1.fna,0.005183816,0.9948162
GCF_031727275.1.fna,GCF_040947125.1.fna,0.008042574,0.9919574
GCF_031728235.1.fna,GCF_040947125.1.fna,0.024214208,0.9757858
GCF_040947205.1.fna,GCF_040947125.1.fna,0.022420406,0.9775796
GCF_031727235.1.fna,GCF_040947125.1.fna,0.007706821,0.9922932
GCF_022690165.1.fna,GCF_040947125.1.fna,0.02213347,0.97786653
GCF_031728075.1.fna,GCF_040947125.1.fna,0.02285707,0.97714293
GCF_022689965.1.fna,GCF_040947125.1.fna,0.021920502,0.9780795
GCF_022689575.1.fna,GCF_040947125.1.fna,0.005183816,0.9948162
GCF_037694985.1.fna,GCF_040947125.1.fna,0.023451328,0.9765487
GCF_022690185.1.fna,GCF_040947125.1.fna,0.008538067,0.99146193
GCF_031728335.1.fna,GCF_040947125.1.fna,0.022348404,0.9776516
GCF_031728095.1.fna,GCF_040947125.1.fna,0.0089674,0.9910326
GCF_022690385.1.fna,GCF_040947125.1.fna,0.023376226,0.9766238
GCF_022690425.1.fna,GCF_040947125.1.fna,0.02285707,0.97714293
GCF_022690375.1.fna,GCF_040947125.1.fna,0.0074132085,0.9925868
GCF_022689675.1.fna,GCF_040947125.1.fna,0.022062302,0.9779377
GCF_022690245.1.fna,GCF_040947125.1.fna,0.022492707,0.9775073
GCF_037700295.1.fna,GCF_040947125.1.fna,0.022204995,0.977795
GCF_015274535.1.fna,GCF_040947125.1.fna,0.02184987,0.9781501
GCF_022689845.1.fna,GCF_040947125.1.fna,0.022565126,0.9774349
GCF_022689745.1.fna,GCF_040947125.1.fna,0.02227658,0.9777234
GCF_022689925.1.fna,GCF_040947125.1.fna,0.026059687,0.9739403
GCF_015274655.1.fna,GCF_040947125.1.fna,0.02184987,0.9781501
GCF_022690325.1.fna,GCF_040947125.1.fna,0.009649754,0.99035025
GCF_022689785.1.fna,GCF_040947125.1.fna,0.007706821,0.9922932
GCF_031728155.1.fna,GCF_040947125.1.fna,0.022783816,0.9772162
GCF_037700455.1.fna,GCF_040947125.1.fna,0.0059424043,0.9940576
GCF_022689905.1.fna,GCF_040947125.1.fna,0.021499872,0.9785001
GCF_022690105.1.fna,GCF_040947125.1.fna,0.021991313,0.9780087
GCF_022689975.1.fna,GCF_040947125.1.fna,0.02285707,0.97714293
GCF_022689705.1.fna,GCF_040947125.1.fna,0.0077809095,0.9922191
GCF_031728835.1.fna,GCF_040947125.1.fna,0.021779478,0.9782205
GCF_031728115.1.fna,GCF_040947125.1.fna,0.022204995,0.977795
GCF_022689775.1.fna,GCF_040947125.1.fna,0.008888602,0.9911114
GCF_031728455.1.fna,GCF_040947125.1.fna,0.007818103,0.9921819
GCF_025143615.1.fna,GCF_040947125.1.fna,0.0089674,0.9910326
GCF_052950835.1.fna,GCF_040947125.1.fna,0.012029827,0.9879702
GCF_040947125.1.fna,GCF_040947125.1.fna,0.0,1.0
GCF_017315645.1.fna,GCF_040947125.1.fna,0.021779478,0.9782205
GCF_040947645.1.fna,GCF_040947125.1.fna,0.020950079,0.9790499
GCF_022690345.1.fna,GCF_040947125.1.fna,0.022637784,0.9773622
GCF_022689645.1.fna,GCF_040947125.1.fna,0.007340491,0.9926595
GCF_022690295.1.fna,GCF_040947125.1.fna,0.023226798,0.9767732
GCF_031728715.1.fna,GCF_040947125.1.fna,0.0077809095,0.9922191
GCF_031728295.1.fna,GCF_040947125.1.fna,0.02213347,0.97786653
GCF_040947065.1.fna,GCF_040947125.1.fna,0.011938274,0.9880617
GCF_037695175.1.fna,GCF_040947125.1.fna,0.0052809715,0.994719
GCF_031728475.1.fna,GCF_040947125.1.fna,0.022783816,0.9772162
GCF_022690045.1.fna,GCF_017315645.1.fna,0.020213723,0.9797863
GCF_017315625.1.fna,GCF_017315645.1.fna,0.008810163,0.99118984
GCF_900458635.1.fna,GCF_017315645.1.fna,0.020612597,0.9793874
GCF_022689565.1.fna,GCF_017315645.1.fna,0.008117974,0.991882
GCF_029926905.1.fna,GCF_017315645.1.fna,0.009086072,0.9909139
GCF_040947025.1.fna,GCF_017315645.1.fna,0.007929981,0.99207
GCF_022690065.1.fna,GCF_017315645.1.fna,0.0074861646,0.99251384
GCF_022689765.1.fna,GCF_017315645.1.fna,0.0075961947,0.9924038
GCF_022690265.1.fna,GCF_017315645.1.fna,0.0074496865,0.9925503
GCF_022689615.1.fna,GCF_017315645.1.fna,0.0071599483,0.99284005
GCF_031728745.1.fna,GCF_017315645.1.fna,0.008460999,0.991539
GCF_022690275.1.fna,GCF_017315645.1.fna,0.008117974,0.991882
GCF_047653515.1.fna,GCF_017315645.1.fna,0.007967472,0.9920325
GCF_031728275.1.fna,GCF_017315645.1.fna,0.02184987,0.9781501
GCF_022690115.1.fna,GCF_017315645.1.fna,0.014714479,0.9852855
GCF_031728735.1.fna,GCF_017315645.1.fna,0.008384287,0.9916157
GCF_036419895.1.fna,GCF_017315645.1.fna,0.020679712,0.9793203
GCF_000269685.1.fna,GCF_017315645.1.fna,0.008693099,0.9913069
GCF_031728515.1.fna,GCF_017315645.1.fna,0.010187805,0.9898122
GCF_037700155.1.fna,GCF_017315645.1.fna,0.007016778,0.9929832
GCF_022690225.1.fna,GCF_017315645.1.fna,0.021430492,0.9785695
GCF_022689945.1.fna,GCF_017315645.1.fna,0.009086072,0.9909139
GCF_015274585.1.fna,GCF_017315645.1.fna,0.009446621,0.9905534
GCF_031728415.1.fna,GCF_017315645.1.fna,0.022348404,0.9776516
GCF_031729015.1.fna,GCF_017315645.1.fna,0.02088219,0.9791178
GCF_037700315.1.fna,GCF_017315645.1.fna,0.022783816,0.9772162
GCF_031728795.1.fna,GCF_017315645.1.fna,0.020412326,0.9795877
GCF_031728555.1.fna,GCF_017315645.1.fna,0.0074496865,0.9925503
GCF_029926865.1.fna,GCF_017315645.1.fna,0.009086072,0.9909139
GCF_040947225.1.fna,GCF_017315645.1.fna,0.019499123,0.9805009
GCF_031728695.1.fna,GCF_017315645.1.fna,0.021639287,0.9783607
GCF_022689665.1.fna,GCF_017315645.1.fna,0.022204995,0.977795
GCF_029926915.1.fna,GCF_017315645.1.fna,0.008193672,0.9918063
GCF_031728315.1.fna,GCF_017315645.1.fna,0.0064545274,0.9935455
GCF_031727255.1.fna,GCF_017315645.1.fna,0.009568274,0.9904317
GCF_022690205.1.fna,GCF_017315645.1.fna,0.02156949,0.9784305
GCF_031727455.1.fna,GCF_017315645.1.fna,0.02725041,0.9727496
GCF_022690025.1.fna,GCF_017315645.1.fna,0.022062302,0.9779377
GCF_031727075.1.fna,GCF_017315645.1.fna,0.0072319508,0.99276805
GCF_022690145.1.fna,GCF_017315645.1.fna,0.0074496865,0.9925503
GCF_002901845.1.fna,GCF_017315645.1.fna,0.020545602,0.9794544
GCF_022689825.1.fna,GCF_017315645.1.fna,0.0075961947,0.9924038
GCF_031728675.1.fna,GCF_017315645.1.fna,0.02115482,0.9788452
GCF_047653525.1.fna,GCF_017315645.1.fna,0.008422613,0.9915774
GCF_022690085.1.fna,GCF_017315645.1.fna,0.026563525,0.9734365
GCF_037700135.1.fna,GCF_017315645.1.fna,0.007304251,0.99269575
GCF_025143205.1.fna,GCF_017315645.1.fna,0.008080244,0.99191976
GCF_031728895.1.fna,GCF_017315645.1.fna,0.02001667,0.9799833
GCF_040947605.1.fna,GCF_017315645.1.fna,0.009568274,0.9904317
GCF_031727355.1.fna,GCF_017315645.1.fna,0.008193672,0.9918063
GCF_015274675.1.fna,GCF_017315645.1.fna,0.007929981,0.99207
GCF_036420075.1.fna,GCF_017315645.1.fna,0.009006858,0.99099314
GCF_013267575.1.fna,GCF_017315645.1.fna,0.020950079,0.9790499
GCF_031727055.1.fna,GCF_017315645.1.fna,0.023376226,0.9766238
GCF_037700375.1.fna,GCF_017315645.1.fna,0.02156949,0.9784305
GCF_022690005.1.fna,GCF_017315645.1.fna,0.020279706,0.9797203
GCF_031631055.1.fna,GCF_017315645.1.fna,0.020412326,0.9795877
GCF_031728495.1.fna,GCF_017315645.1.fna,0.020082176,0.9799178
GCF_964211265.1.fna,GCF_017315645.1.fna,0.021292329,0.9787077
GCF_031727535.1.fna,GCF_017315645.1.fna,0.022204995,0.977795
GCF_025143445.1.fna,GCF_017315645.1.fna,0.020950079,0.9790499
GCF_022689855.1.fna,GCF_017315645.1.fna,0.021086395,0.9789136
GCF_022689725.1.fna,GCF_017315645.1.fna,0.022204995,0.977795
GCF_031727275.1.fna,GCF_017315645.1.fna,0.021292329,0.9787077
GCF_031728235.1.fna,GCF_017315645.1.fna,0.010398626,0.9896014
GCF_040947205.1.fna,GCF_017315645.1.fna,0.0064892173,0.9935108
GCF_031727235.1.fna,GCF_017315645.1.fna,0.021018088,0.9789819
GCF_022690165.1.fna,GCF_017315645.1.fna,0.0074861646,0.99251384
GCF_031728075.1.fna,GCF_017315645.1.fna,0.009165645,0.99083436
GCF_022689965.1.fna,GCF_017315645.1.fna,0.0077438354,0.99225616
GCF_022689575.1.fna,GCF_017315645.1.fna,0.022204995,0.977795
GCF_037694985.1.fna,GCF_017315645.1.fna,0.008155823,0.9918442
GCF_022690185.1.fna,GCF_017315645.1.fna,0.02088219,0.9791178
GCF_031728335.1.fna,GCF_017315645.1.fna,0.009406269,0.99059373
GCF_031728095.1.fna,GCF_017315645.1.fna,0.02184987,0.9781501
GCF_022690385.1.fna,GCF_017315645.1.fna,0.0074132085,0.9925868
GCF_022690425.1.fna,GCF_017315645.1.fna,0.009086072,0.9909139
GCF_022690375.1.fna,GCF_017315645.1.fna,0.020814478,0.9791855
GCF_022689675.1.fna,GCF_017315645.1.fna,0.007304251,0.99269575
GCF_022690245.1.fna,GCF_017315645.1.fna,0.0075961947,0.9924038
GCF_037700295.1.fna,GCF_017315645.1.fna,0.0069455504,0.99305445
GCF_015274535.1.fna,GCF_017315645.1.fna,0.009446621,0.9905534
GCF_022689845.1.fna,GCF_017315645.1.fna,0.0066984296,0.9933016
GCF_022689745.1.fna,GCF_017315645.1.fna,0.0072319508,0.99276805
GCF_022689925.1.fna,GCF_017315645.1.fna,0.02804488,0.9719551
GCF_015274655.1.fna,GCF_017315645.1.fna,0.009446621,0.9905534
GCF_022690325.1.fna,GCF_017315645.1.fna,0.019691885,0.9803081
GCF_022689785.1.fna,GCF_017315645.1.fna,0.020279706,0.9797203
GCF_031728155.1.fna,GCF_017315645.1.fna,0.0077438354,0.99225616
GCF_037700455.1.fna,GCF_017315645.1.fna,0.021499872,0.9785001
GCF_022689905.1.fna,GCF_017315645.1.fna,0.006523907,0.9934761
GCF_022690105.1.fna,GCF_017315645.1.fna,0.009125829,0.9908742
GCF_022689975.1.fna,GCF_017315645.1.fna,0.007632971,0.992367
GCF_022689705.1.fna,GCF_017315645.1.fna,0.022565126,0.9774349
GCF_031728835.1.fna,GCF_017315645.1.fna,0.007304251,0.99269575
GCF_031728115.1.fna,GCF_017315645.1.fna,0.009285569,0.99071443
GCF_022689775.1.fna,GCF_017315645.1.fna,0.021292329,0.9787077
GCF_031728455.1.fna,GCF_017315645.1.fna,0.020679712,0.9793203
GCF_025143615.1.fna,GCF_017315645.1.fna,0.02115482,0.9788452
GCF_052950835.1.fna,GCF_017315645.1.fna,0.020814478,0.9791855
GCF_040947125.1.fna,GCF_017315645.1.fna,0.021779478,0.9782205
GCF_017315645.1.fna,GCF_017315645.1.fna,0.0,1.0
GCF_040947645.1.fna,GCF_017315645.1.fna,0.009608984,0.990391
GCF_022690345.1.fna,GCF_017315645.1.fna,0.007818103,0.9921819
GCF_022689645.1.fna,GCF_017315645.1.fna,0.022204995,0.977795
GCF_022690295.1.fna,GCF_017315645.1.fna,0.009527624,0.9904724
GCF_031728715.1.fna,GCF_017315645.1.fna,0.019756496,0.9802435
GCF_031728295.1.fna,GCF_017315645.1.fna,0.0037859678,0.99621403
GCF_040947065.1.fna,GCF_017315645.1.fna,0.020612597,0.9793874
GCF_037695175.1.fna,GCF_017315645.1.fna,0.022492707,0.9775073
GCF_031728475.1.fna,GCF_017315645.1.fna,0.008193672,0.9918063
GCF_022690045.1.fna,GCF_040947645.1.fna,0.020679712,0.9793203
GCF_017315625.1.fna,GCF_040947645.1.fna,0.008810163,0.99118984
GCF_900458635.1.fna,GCF_040947645.1.fna,0.021018088,0.9789819
GCF_022689565.1.fna,GCF_040947645.1.fna,0.009527624,0.9904724
GCF_029926905.1.fna,GCF_040947645.1.fna,0.011220098,0.9887799
GCF_040947025.1.fna,GCF_040947645.1.fna,0.010826886,0.9891731
GCF_022690065.1.fna,GCF_040947645.1.fna,0.009006858,0.99099314
GCF_022689765.1.fna,GCF_040947645.1.fna,0.009406269,0.99059373
GCF_022690265.1.fna,GCF_040947645.1.fna,0.008615434,0.99138457
GCF_022689615.1.fna,GCF_040947645.1.fna,0.008771062,0.99122894
GCF_031728745.1.fna,GCF_040947645.1.fna,0.010020673,0.9899793
GCF_022690275.1.fna,GCF_040947645.1.fna,0.010229826,0.9897702
GCF_047653515.1.fna,GCF_040947645.1.fna,0.010526121,0.9894739
GCF_031728275.1.fna,GCF_040947645.1.fna,0.020747006,0.979253
GCF_022690115.1.fna,GCF_040947645.1.fna,0.015028477,0.9849715
GCF_031728735.1.fna,GCF_040947645.1.fna,0.011352897,0.9886471
GCF_036419895.1.fna,GCF_040947645.1.fna,0.021223426,0.9787766
GCF_000269685.1.fna,GCF_040947645.1.fna,0.011000693,0.9889993
GCF_031728515.1.fna,GCF_040947645.1.fna,0.011441886,0.9885581
GCF_037700155.1.fna,GCF_040947645.1.fna,0.009365916,0.9906341
GCF_022690225.1.fna,GCF_040947645.1.fna,0.021639287,0.9783607
GCF_022689945.1.fna,GCF_040947645.1.fna,0.010568798,0.9894312
GCF_015274585.1.fna,GCF_040947645.1.fna,0.010483503,0.9895165
GCF_031728415.1.fna,GCF_040947645.1.fna,0.022062302,0.9779377
GCF_031729015.1.fna,GCF_040947645.1.fna,0.021499872,0.9785001
GCF_037700315.1.fna,GCF_040947645.1.fna,0.023004293,0.9769957
GCF_031728795.1.fna,GCF_040947645.1.fna,0.02088219,0.9791178
GCF_031728555.1.fna,GCF_040947645.1.fna,0.009046435,0.99095356
GCF_029926865.1.fna,GCF_040947645.1.fna,0.011220098,0.9887799
GCF_040947225.1.fna,GCF_040947645.1.fna,0.019563198,0.9804368
GCF_031728695.1.fna,GCF_040947645.1.fna,0.022062302,0.9779377
GCF_022689665.1.fna,GCF_040947645.1.fna,0.021499872,0.9785001
GCF_029926915.1.fna,GCF_040947645.1.fna,0.010398626,0.9896014
GCF_031728315.1.fna,GCF_040947645.1.fna,0.009896278,0.9901037
GCF_031727255.1.fna,GCF_040947645.1.fna,0.010870218,0.9891298
GCF_022690205.1.fna,GCF_040947645.1.fna,0.021991313,0.9780087
GCF_031727455.1.fna,GCF_040947645.1.fna,0.028315127,0.9716849
GCF_022690025.1.fna,GCF_040947645.1.fna,0.021430492,0.9785695
GCF_031727075.1.fna,GCF_040947645.1.fna,0.008693099,0.9913069
GCF_022690145.1.fna,GCF_040947645.1.fna,0.008888602,0.9911114
GCF_002901845.1.fna,GCF_040947645.1.fna,0.021018088,0.9789819
GCF_022689825.1.fna,GCF_040947645.1.fna,0.009406269,0.99059373
GCF_031728675.1.fna,GCF_040947645.1.fna,0.021709323,0.9782907
GCF_047653525.1.fna,GCF_040947645.1.fna,0.010526121,0.9894739
GCF_022690085.1.fna,GCF_040947645.1.fna,0.028134704,0.9718653
GCF_037700135.1.fna,GCF_040947645.1.fna,0.010187805,0.9898122
GCF_025143205.1.fna,GCF_040947645.1.fna,0.00920558,0.9907944
GCF_031728895.1.fna,GCF_040947645.1.fna,0.021086395,0.9789136
GCF_040947605.1.fna,GCF_040947645.1.fna,7.158518e-05,0.9999284
GCF_031727355.1.fna,GCF_040947645.1.fna,0.009527624,0.9904724
GCF_015274675.1.fna,GCF_040947645.1.fna,0.011132121,0.9888679
GCF_036420075.1.fna,GCF_040947645.1.fna,0.010526121,0.9894739
GCF_013267575.1.fna,GCF_040947645.1.fna,0.02156949,0.9784305
GCF_031727055.1.fna,GCF_040947645.1.fna,0.023226798,0.9767732
GCF_037700375.1.fna,GCF_040947645.1.fna,0.02184987,0.9781501
GCF_022690005.1.fna,GCF_040947645.1.fna,0.020612597,0.9793874
GCF_031631055.1.fna,GCF_040947645.1.fna,0.019499123,0.9805009
GCF_031728495.1.fna,GCF_040947645.1.fna,0.020478904,0.9795211
GCF_964211265.1.fna,GCF_040947645.1.fna,0.021639287,0.9783607
GCF_031727535.1.fna,GCF_040947645.1.fna,0.02184987,0.9781501
GCF_025143445.1.fna,GCF_040947645.1.fna,0.021430492,0.9785695
GCF_022689855.1.fna,GCF_040947645.1.fna,0.020082176,0.9799178
GCF_022689725.1.fna,GCF_040947645.1.fna,0.021499872,0.9785001
GCF_031727275.1.fna,GCF_040947645.1.fna,0.02115482,0.9788452
GCF_031728235.1.fna,GCF_040947645.1.fna,0.011486471,0.9885135
GCF_040947205.1.fna,GCF_040947645.1.fna,0.008460999,0.991539
GCF_031727235.1.fna,GCF_040947645.1.fna,0.02001667,0.9799833
GCF_022690165.1.fna,GCF_040947645.1.fna,0.009086072,0.9909139
GCF_031728075.1.fna,GCF_040947645.1.fna,0.009649754,0.99035025
GCF_022689965.1.fna,GCF_040947645.1.fna,0.009813786,0.9901862
GCF_022689575.1.fna,GCF_040947645.1.fna,0.021499872,0.9785001
GCF_037694985.1.fna,GCF_040947645.1.fna,0.011044383,0.9889556
GCF_022690185.1.fna,GCF_040947645.1.fna,0.021292329,0.9787077
GCF_031728335.1.fna,GCF_040947645.1.fna,0.011132121,0.9888679
GCF_031728095.1.fna,GCF_040947645.1.fna,0.022565126,0.9774349
GCF_022690385.1.fna,GCF_040947645.1.fna,0.010062277,0.9899377
GCF_022690425.1.fna,GCF_040947645.1.fna,0.009608984,0.990391
GCF_022690375.1.fna,GCF_040947645.1.fna,0.021292329,0.9787077
GCF_022689675.1.fna,GCF_040947645.1.fna,0.008849382,0.9911506
GCF_022690245.1.fna,GCF_040947645.1.fna,0.010271788,0.9897282
GCF_037700295.1.fna,GCF_040947645.1.fna,0.009568274,0.9904317
GCF_015274535.1.fna,GCF_040947645.1.fna,0.010483503,0.9895165
GCF_022689845.1.fna,GCF_040947645.1.fna,0.009937644,0.99006236
GCF_022689745.1.fna,GCF_040947645.1.fna,0.008693099,0.9913069
GCF_022689925.1.fna,GCF_040947645.1.fna,0.029803097,0.9701969
GCF_015274655.1.fna,GCF_040947645.1.fna,0.010483503,0.9895165
GCF_022690325.1.fna,GCF_040947645.1.fna,0.020679712,0.9793203
GCF_022689785.1.fna,GCF_040947645.1.fna,0.020747006,0.979253
GCF_031728155.1.fna,GCF_040947645.1.fna,0.010145903,0.9898541
GCF_037700455.1.fna,GCF_040947645.1.fna,0.021709323,0.9782907
GCF_022689905.1.fna,GCF_040947645.1.fna,0.009896278,0.9901037
GCF_022690105.1.fna,GCF_040947645.1.fna,0.010611594,0.9893884
GCF_022689975.1.fna,GCF_040947645.1.fna,0.009406269,0.99059373
GCF_022689705.1.fna,GCF_040947645.1.fna,0.02227658,0.9777234
GCF_031728835.1.fna,GCF_040947645.1.fna,0.008538067,0.99146193
GCF_031728115.1.fna,GCF_040947645.1.fna,0.011000693,0.9889993
GCF_022689775.1.fna,GCF_040947645.1.fna,0.02156949,0.9784305
GCF_031728455.1.fna,GCF_040947645.1.fna,0.020412326,0.9795877
GCF_025143615.1.fna,GCF_040947645.1.fna,0.021709323,0.9782907
GCF_052950835.1.fna,GCF_040947645.1.fna,0.020950079,0.9790499
GCF_040947125.1.fna,GCF_040947645.1.fna,0.020950079,0.9790499
GCF_017315645.1.fna,GCF_040947645.1.fna,0.009608984,0.990391
GCF_040947645.1.fna,GCF_040947645.1.fna,0.0,1.0
GCF_022690345.1.fna,GCF_040947645.1.fna,0.010145903,0.9898541
GCF_022689645.1.fna,GCF_040947645.1.fna,0.021499872,0.9785001
GCF_022690295.1.fna,GCF_040947645.1.fna,0.01091361,0.9890864
GCF_031728715.1.fna,GCF_040947645.1.fna,0.020747006,0.979253
GCF_031728295.1.fna,GCF_040947645.1.fna,0.009365916,0.9906341
GCF_040947065.1.fna,GCF_040947645.1.fna,0.02115482,0.9788452
GCF_037695175.1.fna,GCF_040947645.1.fna,0.021991313,0.9780087
GCF_031728475.1.fna,GCF_040947645.1.fna,0.010611594,0.9893884
GCF_022690045.1.fna,GCF_022690345.1.fna,0.020679712,0.9793203
GCF_017315625.1.fna,GCF_022690345.1.fna,0.009527624,0.9904724
GCF_900458635.1.fna,GCF_022690345.1.fna,0.021499872,0.9785001
GCF_022689565.1.fna,GCF_022690345.1.fna,0.008384287,0.9916157
GCF_029926905.1.fna,GCF_022690345.1.fna,0.010654509,0.9893455
GCF_040947025.1.fna,GCF_022690345.1.fna,0.002742529,0.9972575
GCF_022690065.1.fna,GCF_022690345.1.fna,0.008004963,0.99199504
GCF_022689765.1.fna,GCF_022690345.1.fna,0.0077438354,0.99225616
GCF_022690265.1.fna,GCF_022690345.1.fna,0.0077809095,0.9922191
GCF_022689615.1.fna,GCF_022690345.1.fna,0.007929981,0.99207
GCF_031728745.1.fna,GCF_022690345.1.fna,0.009979129,0.9900209
GCF_022690275.1.fna,GCF_022690345.1.fna,0.007706821,0.9922932
GCF_047653515.1.fna,GCF_022690345.1.fna,0.0067335367,0.99326646
GCF_031728275.1.fna,GCF_022690345.1.fna,0.02088219,0.9791178
GCF_022690115.1.fna,GCF_022690345.1.fna,0.015028477,0.9849715
GCF_031728735.1.fna,GCF_022690345.1.fna,0.009046435,0.99095356
GCF_036419895.1.fna,GCF_022690345.1.fna,0.021223426,0.9787766
GCF_000269685.1.fna,GCF_022690345.1.fna,0.0075594783,0.9924405
GCF_031728515.1.fna,GCF_022690345.1.fna,0.010826886,0.9891731
GCF_037700155.1.fna,GCF_022690345.1.fna,0.008193672,0.9918063
GCF_022690225.1.fna,GCF_022690345.1.fna,0.021920502,0.9780795
GCF_022689945.1.fna,GCF_022690345.1.fna,0.009568274,0.9904317
GCF_015274585.1.fna,GCF_022690345.1.fna,0.009446621,0.9905534
GCF_031728415.1.fna,GCF_022690345.1.fna,0.022565126,0.9774349
GCF_031729015.1.fna,GCF_022690345.1.fna,0.02156949,0.9784305
GCF_037700315.1.fna,GCF_022690345.1.fna,0.02227658,0.9777234
GCF_031728795.1.fna,GCF_022690345.1.fna,0.019627512,0.9803725
GCF_031728555.1.fna,GCF_022690345.1.fna,0.008042574,0.9919574
GCF_029926865.1.fna,GCF_022690345.1.fna,0.010654509,0.9893455
GCF_040947225.1.fna,GCF_022690345.1.fna,0.01911807,0.9808819
GCF_031728695.1.fna,GCF_022690345.1.fna,0.02184987,0.9781501
GCF_022689665.1.fna,GCF_022690345.1.fna,0.021430492,0.9785695
GCF_029926915.1.fna,GCF_022690345.1.fna,0.009772658,0.99022734
GCF_031728315.1.fna,GCF_022690345.1.fna,0.007892609,0.9921074
GCF_031727255.1.fna,GCF_022690345.1.fna,0.010062277,0.9899377
GCF_022690205.1.fna,GCF_022690345.1.fna,0.022348404,0.9776516
GCF_031727455.1.fna,GCF_022690345.1.fna,0.026733518,0.9732665
GCF_022690025.1.fna,GCF_022690345.1.fna,0.021779478,0.9782205
GCF_031727075.1.fna,GCF_022690345.1.fna,0.007929981,0.99207
GCF_022690145.1.fna,GCF_022690345.1.fna,0.007892609,0.9921074
GCF_002901845.1.fna,GCF_022690345.1.fna,0.021430492,0.9785695
GCF_022689825.1.fna,GCF_022690345.1.fna,0.0077438354,0.99225616
GCF_031728675.1.fna,GCF_022690345.1.fna,0.022062302,0.9779377
GCF_047653525.1.fna,GCF_022690345.1.fna,0.008849382,0.9911506
GCF_022690085.1.fna,GCF_022690345.1.fna,0.025976717,0.9740233
GCF_037700135.1.fna,GCF_022690345.1.fna,0.008810163,0.99118984
GCF_025143205.1.fna,GCF_022690345.1.fna,0.008888602,0.9911114
GCF_031728895.1.fna,GCF_022690345.1.fna,0.020679712,0.9793203
GCF_040947605.1.fna,GCF_022690345.1.fna,0.010187805,0.9898122
GCF_031727355.1.fna,GCF_022690345.1.fna,0.008345962,0.99165404
GCF_015274675.1.fna,GCF_022690345.1.fna,0.007016778,0.9929832
GCF_036420075.1.fna,GCF_022690345.1.fna,0.009568274,0.9904317
GCF_013267575.1.fna,GCF_022690345.1.fna,0.02184987,0.9781501
GCF_031727055.1.fna,GCF_022690345.1.fna,0.024369478,0.9756305
GCF_037700375.1.fna,GCF_022690345.1.fna,0.022420406,0.9775796
GCF_022690005.1.fna,GCF_022690345.1.fna,0.020679712,0.9793203
GCF_031631055.1.fna,GCF_022690345.1.fna,0.0201478,0.9798522
GCF_031728495.1.fna,GCF_022690345.1.fna,0.020545602,0.9794544
GCF_964211265.1.fna,GCF_022690345.1.fna,0.021991313,0.9780087
GCF_031727535.1.fna,GCF_022690345.1.fna,0.022710681,0.9772893
GCF_025143445.1.fna,GCF_022690345.1.fna,0.021639287,0.9783607
GCF_022689855.1.fna,GCF_022690345.1.fna,0.02156949,0.9784305
GCF_022689725.1.fna,GCF_022690345.1.fna,0.021430492,0.9785695
GCF_031727275.1.fna,GCF_022690345.1.fna,0.021361291,0.9786387
GCF_031728235.1.fna,GCF_022690345.1.fna,0.009527624,0.9904724
GCF_040947205.1.fna,GCF_022690345.1.fna,0.008499503,0.9915005
GCF_031727235.1.fna,GCF_022690345.1.fna,0.021499872,0.9785001
GCF_022690165.1.fna,GCF_022690345.1.fna,0.008080244,0.99191976
GCF_031728075.1.fna,GCF_022690345.1.fna,0.008771062,0.99122894
GCF_022689965.1.fna,GCF_022690345.1.fna,0.008849382,0.9911506
GCF_022689575.1.fna,GCF_022690345.1.fna,0.021430492,0.9785695
GCF_037694985.1.fna,GCF_022690345.1.fna,0.009690642,0.99030936
GCF_022690185.1.fna,GCF_022690345.1.fna,0.021223426,0.9787766
GCF_031728335.1.fna,GCF_022690345.1.fna,0.009086072,0.9909139
GCF_031728095.1.fna,GCF_022690345.1.fna,0.022204995,0.977795
GCF_022690385.1.fna,GCF_022690345.1.fna,0.008888602,0.9911114
GCF_022690425.1.fna,GCF_022690345.1.fna,0.008771062,0.99122894
GCF_022690375.1.fna,GCF_022690345.1.fna,0.021430492,0.9785695
GCF_022689675.1.fna,GCF_022690345.1.fna,0.008004963,0.99199504
GCF_022690245.1.fna,GCF_022690345.1.fna,0.0075961947,0.9924038
GCF_037700295.1.fna,GCF_022690345.1.fna,0.008155823,0.9918442
GCF_015274535.1.fna,GCF_022690345.1.fna,0.009446621,0.9905534
GCF_022689845.1.fna,GCF_022690345.1.fna,0.008499503,0.9915005
GCF_022689745.1.fna,GCF_022690345.1.fna,0.007929981,0.99207
GCF_022689925.1.fna,GCF_022690345.1.fna,0.026648402,0.9733516
GCF_015274655.1.fna,GCF_022690345.1.fna,0.009446621,0.9905534
GCF_022690325.1.fna,GCF_022690345.1.fna,0.019756496,0.9802435
GCF_022689785.1.fna,GCF_022690345.1.fna,0.020679712,0.9793203
GCF_031728155.1.fna,GCF_022690345.1.fna,9.5546246e-05,0.99990445
GCF_037700455.1.fna,GCF_022690345.1.fna,0.022348404,0.9776516
GCF_022689905.1.fna,GCF_022690345.1.fna,0.007929981,0.99207
GCF_022690105.1.fna,GCF_022690345.1.fna,0.008615434,0.99138457
GCF_022689975.1.fna,GCF_022690345.1.fna,0.007706821,0.9922932
GCF_022689705.1.fna,GCF_022690345.1.fna,0.022710681,0.9772893
GCF_031728835.1.fna,GCF_022690345.1.fna,0.007632971,0.992367
GCF_031728115.1.fna,GCF_022690345.1.fna,0.0094870925,0.9905129
GCF_022689775.1.fna,GCF_022690345.1.fna,0.02184987,0.9781501
GCF_031728455.1.fna,GCF_022690345.1.fna,0.020345926,0.9796541
GCF_025143615.1.fna,GCF_022690345.1.fna,0.021018088,0.9789819
GCF_052950835.1.fna,GCF_022690345.1.fna,0.021430492,0.9785695
GCF_040947125.1.fna,GCF_022690345.1.fna,0.022637784,0.9773622
GCF_017315645.1.fna,GCF_022690345.1.fna,0.007818103,0.9921819
GCF_040947645.1.fna,GCF_022690345.1.fna,0.010145903,0.9898541
GCF_022690345.1.fna,GCF_022690345.1.fna,0.0,1.0
GCF_022689645.1.fna,GCF_022690345.1.fna,0.022204995,0.977795
GCF_022690295.1.fna,GCF_022690345.1.fna,0.009979129,0.9900209
GCF_031728715.1.fna,GCF_022690345.1.fna,0.020679712,0.9793203
GCF_031728295.1.fna,GCF_022690345.1.fna,0.0077438354,0.99225616
GCF_040947065.1.fna,GCF_022690345.1.fna,0.021018088,0.9789819
GCF_037695175.1.fna,GCF_022690345.1.fna,0.022783816,0.9772162
GCF_031728475.1.fna,GCF_022690345.1.fna,0.007929981,0.99207
GCF_022690045.1.fna,GCF_022689645.1.fna,0.008615434,0.99138457
GCF_017315625.1.fna,GCF_022689645.1.fna,0.020814478,0.9791855
GCF_900458635.1.fna,GCF_022689645.1.fna,0.007522762,0.99247724
GCF_022689565.1.fna,GCF_022689645.1.fna,0.022062302,0.9779377
GCF_029926905.1.fna,GCF_022689645.1.fna,0.023602009,0.976398
GCF_040947025.1.fna,GCF_022689645.1.fna,0.022710681,0.9772893
GCF_022690065.1.fna,GCF_022689645.1.fna,0.02213347,0.97786653
GCF_022689765.1.fna,GCF_022689645.1.fna,0.023152411,0.9768476
GCF_022690265.1.fna,GCF_022689645.1.fna,0.02184987,0.9781501
GCF_022689615.1.fna,GCF_022689645.1.fna,0.021991313,0.9780087
GCF_031728745.1.fna,GCF_022689645.1.fna,0.021292329,0.9787077
GCF_022690275.1.fna,GCF_022689645.1.fna,0.023226798,0.9767732
GCF_047653515.1.fna,GCF_022689645.1.fna,0.022783816,0.9772162
GCF_031728275.1.fna,GCF_022689645.1.fna,0.008771062,0.99122894
GCF_022690115.1.fna,GCF_022689645.1.fna,0.025241077,0.9747589
GCF_031728735.1.fna,GCF_022689645.1.fna,0.022783816,0.9772162
GCF_036419895.1.fna,GCF_022689645.1.fna,0.008345962,0.99165404
GCF_000269685.1.fna,GCF_022689645.1.fna,0.02352649,0.9764735
GCF_031728515.1.fna,GCF_022689645.1.fna,0.024369478,0.9756305
GCF_037700155.1.fna,GCF_022689645.1.fna,0.02184987,0.9781501
GCF_022690225.1.fna,GCF_022689645.1.fna,0.013160288,0.9868397
GCF_022689945.1.fna,GCF_022689645.1.fna,0.023829877,0.9761701
GCF_015274585.1.fna,GCF_022689645.1.fna,0.021499872,0.9785001
GCF_031728415.1.fna,GCF_022689645.1.fna,0.009568274,0.9904317
GCF_031729015.1.fna,GCF_022689645.1.fna,0.0094870925,0.9905129
GCF_037700315.1.fna,GCF_022689645.1.fna,0.009937644,0.99006236
GCF_031728795.1.fna,GCF_022689645.1.fna,0.011044383,0.9889556
GCF_031728555.1.fna,GCF_022689645.1.fna,0.022204995,0.977795
GCF_029926865.1.fna,GCF_022689645.1.fna,0.023602009,0.976398
GCF_040947225.1.fna,GCF_022689645.1.fna,0.009649754,0.99035025
GCF_031728695.1.fna,GCF_022689645.1.fna,0.008042574,0.9919574
GCF_022689665.1.fna,GCF_022689645.1.fna,0.00737679,0.9926232
GCF_029926915.1.fna,GCF_022689645.1.fna,0.022710681,0.9772893
GCF_031728315.1.fna,GCF_022689645.1.fna,0.022348404,0.9776516
GCF_031727255.1.fna,GCF_022689645.1.fna,0.023078203,0.9769218
GCF_022690205.1.fna,GCF_022689645.1.fna,0.009772658,0.99022734
GCF_031727455.1.fna,GCF_022689645.1.fna,0.023078203,0.9769218
GCF_022690025.1.fna,GCF_022689645.1.fna,0.0077438354,0.99225616
GCF_031727075.1.fna,GCF_022689645.1.fna,0.021920502,0.9780795
GCF_022690145.1.fna,GCF_022689645.1.fna,0.02213347,0.97786653
GCF_002901845.1.fna,GCF_022689645.1.fna,0.0074496865,0.9925503
GCF_022689825.1.fna,GCF_022689645.1.fna,0.023152411,0.9768476
GCF_031728675.1.fna,GCF_022689645.1.fna,0.007929981,0.99207
GCF_047653525.1.fna,GCF_022689645.1.fna,0.023301423,0.9766986
GCF_022690085.1.fna,GCF_022689645.1.fna,0.022930622,0.9770694
GCF_037700135.1.fna,GCF_022689645.1.fna,0.02352649,0.9764735
GCF_025143205.1.fna,GCF_022689645.1.fna,0.021639287,0.9783607
GCF_031728895.1.fna,GCF_022689645.1.fna,0.010526121,0.9894739
GCF_040947605.1.fna,GCF_022689645.1.fna,0.021499872,0.9785001
GCF_031727355.1.fna,GCF_022689645.1.fna,0.021991313,0.9780087
GCF_015274675.1.fna,GCF_022689645.1.fna,0.023753703,0.9762463
GCF_036420075.1.fna,GCF_022689645.1.fna,0.023753703,0.9762463
GCF_013267575.1.fna,GCF_022689645.1.fna,0.0075594783,0.9924405
GCF_031727055.1.fna,GCF_022689645.1.fna,0.0074132085,0.9925868
GCF_037700375.1.fna,GCF_022689645.1.fna,0.008384287,0.9916157
GCF_022690005.1.fna,GCF_022689645.1.fna,0.008615434,0.99138457
GCF_031631055.1.fna,GCF_022689645.1.fna,0.012824297,0.9871757
GCF_031728495.1.fna,GCF_022689645.1.fna,0.00823164,0.99176836
GCF_964211265.1.fna,GCF_022689645.1.fna,0.009406269,0.99059373
GCF_031727535.1.fna,GCF_022689645.1.fna,0.007016778,0.9929832
GCF_025143445.1.fna,GCF_022689645.1.fna,0.009731591,0.9902684
GCF_022689855.1.fna,GCF_022689645.1.fna,0.008538067,0.99146193
GCF_022689725.1.fna,GCF_022689645.1.fna,0.00737679,0.9926232
GCF_031727275.1.fna,GCF_022689645.1.fna,0.009285569,0.99071443
GCF_031728235.1.fna,GCF_022689645.1.fna,0.024762094,0.9752379
GCF_040947205.1.fna,GCF_022689645.1.fna,0.022565126,0.9774349
GCF_031727235.1.fna,GCF_022689645.1.fna,0.008499503,0.9915005
GCF_022690165.1.fna,GCF_022689645.1.fna,0.022204995,0.977795
GCF_031728075.1.fna,GCF_022689645.1.fna,0.022710681,0.9772893
GCF_022689965.1.fna,GCF_022689645.1.fna,0.021779478,0.9782205
GCF_022689575.1.fna,GCF_022689645.1.fna,0.00737679,0.9926232
GCF_037694985.1.fna,GCF_022689645.1.fna,0.024136782,0.9758632
GCF_022690185.1.fna,GCF_022689645.1.fna,0.00823164,0.99176836
GCF_031728335.1.fna,GCF_022689645.1.fna,0.022420406,0.9775796
GCF_031728095.1.fna,GCF_022689645.1.fna,0.010020673,0.9899793
GCF_022690385.1.fna,GCF_022689645.1.fna,0.023602009,0.976398
GCF_022690425.1.fna,GCF_022689645.1.fna,0.022637784,0.9773622
GCF_022690375.1.fna,GCF_022689645.1.fna,0.009245515,0.9907545
GCF_022689675.1.fna,GCF_022689645.1.fna,0.02184987,0.9781501
GCF_022690245.1.fna,GCF_022689645.1.fna,0.022710681,0.9772893
GCF_037700295.1.fna,GCF_022689645.1.fna,0.021779478,0.9782205
GCF_015274535.1.fna,GCF_022689645.1.fna,0.021499872,0.9785001
GCF_022689845.1.fna,GCF_022689645.1.fna,0.023301423,0.9766986
GCF_022689745.1.fna,GCF_022689645.1.fna,0.021920502,0.9780795
GCF_022689925.1.fna,GCF_022689645.1.fna,0.024291694,0.9757083
GCF_015274655.1.fna,GCF_022689645.1.fna,0.021499872,0.9785001
GCF_022690325.1.fna,GCF_022689645.1.fna,0.009896278,0.9901037
GCF_022689785.1.fna,GCF_022689645.1.fna,0.008538067,0.99146193
GCF_031728155.1.fna,GCF_022689645.1.fna,0.022420406,0.9775796
GCF_037700455.1.fna,GCF_022689645.1.fna,0.008499503,0.9915005
GCF_022689905.1.fna,GCF_022689645.1.fna,0.022348404,0.9776516
GCF_022690105.1.fna,GCF_022689645.1.fna,0.021779478,0.9782205
GCF_022689975.1.fna,GCF_022689645.1.fna,0.023152411,0.9768476
GCF_022689705.1.fna,GCF_022689645.1.fna,0.0029121041,0.9970879
GCF_031728835.1.fna,GCF_022689645.1.fna,0.021779478,0.9782205
GCF_031728115.1.fna,GCF_022689645.1.fna,0.021920502,0.9780795
GCF_022689775.1.fna,GCF_022689645.1.fna,0.008732021,0.991268
GCF_031728455.1.fna,GCF_022689645.1.fna,0.008384287,0.9916157
GCF_025143615.1.fna,GCF_022689645.1.fna,0.009527624,0.9904724
GCF_052950835.1.fna,GCF_022689645.1.fna,0.012587488,0.9874125
GCF_040947125.1.fna,GCF_022689645.1.fna,0.007340491,0.9926595
GCF_017315645.1.fna,GCF_022689645.1.fna,0.022204995,0.977795
GCF_040947645.1.fna,GCF_022689645.1.fna,0.021499872,0.9785001
GCF_022690345.1.fna,GCF_022689645.1.fna,0.022204995,0.977795
GCF_022689645.1.fna,GCF_022689645.1.fna,0.0,1.0
GCF_022690295.1.fna,GCF_022689645.1.fna,0.023078203,0.9769218
GCF_031728715.1.fna,GCF_022689645.1.fna,0.008345962,0.99165404
GCF_031728295.1.fna,GCF_022689645.1.fna,0.022783816,0.9772162
GCF_040947065.1.fna,GCF_022689645.1.fna,0.0133059025,0.9866941
GCF_037695175.1.fna,GCF_022689645.1.fna,0.0074132085,0.9925868
GCF_031728475.1.fna,GCF_022689645.1.fna,0.022420406,0.9775796
GCF_022690045.1.fna,GCF_022690295.1.fna,0.023226798,0.9767732
GCF_017315625.1.fna,GCF_022690295.1.fna,0.011938274,0.9880617
GCF_900458635.1.fna,GCF_022690295.1.fna,0.022565126,0.9774349
GCF_022689565.1.fna,GCF_022690295.1.fna,0.010062277,0.9899377
GCF_029926905.1.fna,GCF_022690295.1.fna,0.011397421,0.9886026
GCF_040947025.1.fna,GCF_022690295.1.fna,0.010870218,0.9891298
GCF_022690065.1.fna,GCF_022690295.1.fna,0.008460999,0.991539
GCF_022689765.1.fna,GCF_022690295.1.fna,0.009731591,0.9902684
GCF_022690265.1.fna,GCF_022690295.1.fna,0.008576691,0.9914233
GCF_022689615.1.fna,GCF_022690295.1.fna,0.009406269,0.99059373
GCF_031728745.1.fna,GCF_022690295.1.fna,0.010611594,0.9893884
GCF_022690275.1.fna,GCF_022690295.1.fna,0.010526121,0.9894739
GCF_047653515.1.fna,GCF_022690295.1.fna,0.010356188,0.9896438
GCF_031728275.1.fna,GCF_022690295.1.fna,0.023677707,0.9763223
GCF_022690115.1.fna,GCF_022690295.1.fna,0.015134215,0.9848658
GCF_031728735.1.fna,GCF_022690295.1.fna,0.01091361,0.9890864
GCF_036419895.1.fna,GCF_022690295.1.fna,0.023301423,0.9766986
GCF_000269685.1.fna,GCF_022690295.1.fna,0.010611594,0.9893884
GCF_031728515.1.fna,GCF_022690295.1.fna,0.0053786635,0.99462134
GCF_037700155.1.fna,GCF_022690295.1.fna,0.010740519,0.9892595
GCF_022690225.1.fna,GCF_022690295.1.fna,0.023301423,0.9766986
GCF_022689945.1.fna,GCF_022690295.1.fna,0.004393697,0.9956063
GCF_015274585.1.fna,GCF_022690295.1.fna,0.010826886,0.9891731
GCF_031728415.1.fna,GCF_022690295.1.fna,0.023078203,0.9769218
GCF_031729015.1.fna,GCF_022690295.1.fna,0.02390629,0.9760937
GCF_037700315.1.fna,GCF_022690295.1.fna,0.024525821,0.9754742
GCF_031728795.1.fna,GCF_022690295.1.fna,0.022062302,0.9779377
GCF_031728555.1.fna,GCF_022690295.1.fna,0.008499503,0.9915005
GCF_029926865.1.fna,GCF_022690295.1.fna,0.011397421,0.9886026
GCF_040947225.1.fna,GCF_022690295.1.fna,0.021430492,0.9785695
GCF_031728695.1.fna,GCF_022690295.1.fna,0.024136782,0.9758632
GCF_022689665.1.fna,GCF_022690295.1.fna,0.022783816,0.9772162
GCF_029926915.1.fna,GCF_022690295.1.fna,0.010697424,0.9893026
GCF_031728315.1.fna,GCF_022690295.1.fna,0.010187805,0.9898122
GCF_031727255.1.fna,GCF_022690295.1.fna,4.7683716e-05,0.9999523
GCF_022690205.1.fna,GCF_022690295.1.fna,0.024136782,0.9758632
GCF_031727455.1.fna,GCF_022690295.1.fna,0.029235482,0.9707645
GCF_022690025.1.fna,GCF_022690295.1.fna,0.022783816,0.9772162
GCF_031727075.1.fna,GCF_022690295.1.fna,0.009325743,0.99067426
GCF_022690145.1.fna,GCF_022690295.1.fna,0.008422613,0.9915774
GCF_002901845.1.fna,GCF_022690295.1.fna,0.022565126,0.9774349
GCF_022689825.1.fna,GCF_022690295.1.fna,0.009731591,0.9902684
GCF_031728675.1.fna,GCF_022690295.1.fna,0.024525821,0.9754742
GCF_047653525.1.fna,GCF_022690295.1.fna,0.011938274,0.9880617
GCF_022690085.1.fna,GCF_022690295.1.fna,0.029423416,0.9705766
GCF_037700135.1.fna,GCF_022690295.1.fna,0.010441005,0.989559
GCF_025143205.1.fna,GCF_022690295.1.fna,0.009568274,0.9904317
GCF_031728895.1.fna,GCF_022690295.1.fna,0.022348404,0.9776516
GCF_040947605.1.fna,GCF_022690295.1.fna,0.01091361,0.9890864
GCF_031727355.1.fna,GCF_022690295.1.fna,0.010062277,0.9899377
GCF_015274675.1.fna,GCF_022690295.1.fna,0.010526121,0.9894739
GCF_036420075.1.fna,GCF_022690295.1.fna,0.004548967,0.99545103
GCF_013267575.1.fna,GCF_022690295.1.fna,0.023829877,0.9761701
GCF_031727055.1.fna,GCF_022690295.1.fna,0.02390629,0.9760937
GCF_037700375.1.fna,GCF_022690295.1.fna,0.023301423,0.9766986
GCF_022690005.1.fna,GCF_022690295.1.fna,0.023152411,0.9768476
GCF_031631055.1.fna,GCF_022690295.1.fna,0.022204995,0.977795
GCF_031728495.1.fna,GCF_022690295.1.fna,0.021292329,0.9787077
GCF_964211265.1.fna,GCF_022690295.1.fna,0.023451328,0.9765487
GCF_031727535.1.fna,GCF_022690295.1.fna,0.023376226,0.9766238
GCF_025143445.1.fna,GCF_022690295.1.fna,0.023982882,0.9760171
GCF_022689855.1.fna,GCF_022690295.1.fna,0.022420406,0.9775796
GCF_022689725.1.fna,GCF_022690295.1.fna,0.022783816,0.9772162
GCF_031727275.1.fna,GCF_022690295.1.fna,0.022348404,0.9776516
GCF_031728235.1.fna,GCF_022690295.1.fna,0.01180172,0.9881983
GCF_040947205.1.fna,GCF_022690295.1.fna,0.010483503,0.9895165
GCF_031727235.1.fna,GCF_022690295.1.fna,0.022420406,0.9775796
GCF_022690165.1.fna,GCF_022690295.1.fna,0.008499503,0.9915005
GCF_031728075.1.fna,GCF_022690295.1.fna,0.009690642,0.99030936
GCF_022689965.1.fna,GCF_022690295.1.fna,0.009731591,0.9902684
GCF_022689575.1.fna,GCF_022690295.1.fna,0.022783816,0.9772162
GCF_037694985.1.fna,GCF_022690295.1.fna,0.011620998,0.988379
GCF_022690185.1.fna,GCF_022690295.1.fna,0.023602009,0.976398
GCF_031728335.1.fna,GCF_022690295.1.fna,0.011264324,0.9887357
GCF_031728095.1.fna,GCF_022690295.1.fna,0.024291694,0.9757083
GCF_022690385.1.fna,GCF_022690295.1.fna,0.010568798,0.9894312
GCF_022690425.1.fna,GCF_022690295.1.fna,0.009649754,0.99035025
GCF_022690375.1.fna,GCF_022690295.1.fna,0.023152411,0.9768476
GCF_022689675.1.fna,GCF_022690295.1.fna,0.0094870925,0.9905129
GCF_022690245.1.fna,GCF_022690295.1.fna,0.010441005,0.989559
GCF_037700295.1.fna,GCF_022690295.1.fna,0.010654509,0.9893455
GCF_015274535.1.fna,GCF_022690295.1.fna,0.010826886,0.9891731
GCF_022689845.1.fna,GCF_022690295.1.fna,0.009937644,0.99006236
GCF_022689745.1.fna,GCF_022690295.1.fna,0.009325743,0.99067426
GCF_022689925.1.fna,GCF_022690295.1.fna,0.030091286,0.9699087
GCF_015274655.1.fna,GCF_022690295.1.fna,0.010826886,0.9891731
GCF_022690325.1.fna,GCF_022690295.1.fna,0.02213347,0.97786653
GCF_022689785.1.fna,GCF_022690295.1.fna,0.023226798,0.9767732
GCF_031728155.1.fna,GCF_022690295.1.fna,0.010020673,0.9899793
GCF_037700455.1.fna,GCF_022690295.1.fna,0.023301423,0.9766986
GCF_022689905.1.fna,GCF_022690295.1.fna,0.010229826,0.9897702
GCF_022690105.1.fna,GCF_022690295.1.fna,0.011044383,0.9889556
GCF_022689975.1.fna,GCF_022690295.1.fna,0.009690642,0.99030936
GCF_022689705.1.fna,GCF_022690295.1.fna,0.024136782,0.9758632
GCF_031728835.1.fna,GCF_022690295.1.fna,0.008422613,0.9915774
GCF_031728115.1.fna,GCF_022690295.1.fna,0.01180172,0.9881983
GCF_022689775.1.fna,GCF_022690295.1.fna,0.02390629,0.9760937
GCF_031728455.1.fna,GCF_022690295.1.fna,0.021499872,0.9785001
GCF_025143615.1.fna,GCF_022690295.1.fna,0.023602009,0.976398
GCF_052950835.1.fna,GCF_022690295.1.fna,0.023004293,0.9769957
GCF_040947125.1.fna,GCF_022690295.1.fna,0.023226798,0.9767732
GCF_017315645.1.fna,GCF_022690295.1.fna,0.009527624,0.9904724
GCF_040947645.1.fna,GCF_022690295.1.fna,0.01091361,0.9890864
GCF_022690345.1.fna,GCF_022690295.1.fna,0.009979129,0.9900209
GCF_022689645.1.fna,GCF_022690295.1.fna,0.023078203,0.9769218
GCF_022690295.1.fna,GCF_022690295.1.fna,0.0,1.0
GCF_031728715.1.fna,GCF_022690295.1.fna,0.02285707,0.97714293
GCF_031728295.1.fna,GCF_022690295.1.fna,0.009568274,0.9904317
GCF_040947065.1.fna,GCF_022690295.1.fna,0.02213347,0.97786653
GCF_037695175.1.fna,GCF_022690295.1.fna,0.023004293,0.9769957
GCF_031728475.1.fna,GCF_022690295.1.fna,0.01091361,0.9890864
GCF_022690045.1.fna,GCF_031728715.1.fna,0.0044246316,0.99557537
GCF_017315625.1.fna,GCF_031728715.1.fna,0.018867493,0.9811325
GCF_900458635.1.fna,GCF_031728715.1.fna,0.0069811344,0.99301887
GCF_022689565.1.fna,GCF_031728715.1.fna,0.019691885,0.9803081
GCF_029926905.1.fna,GCF_031728715.1.fna,0.021709323,0.9782907
GCF_040947025.1.fna,GCF_031728715.1.fna,0.020950079,0.9790499
GCF_022690065.1.fna,GCF_031728715.1.fna,0.021499872,0.9785001
GCF_022689765.1.fna,GCF_031728715.1.fna,0.021430492,0.9785695
GCF_022690265.1.fna,GCF_031728715.1.fna,0.021292329,0.9787077
GCF_022689615.1.fna,GCF_031728715.1.fna,0.020612597,0.9793874
GCF_031728745.1.fna,GCF_031728715.1.fna,0.020082176,0.9799178
GCF_022690275.1.fna,GCF_031728715.1.fna,0.022565126,0.9774349
GCF_047653515.1.fna,GCF_031728715.1.fna,0.021018088,0.9789819
GCF_031728275.1.fna,GCF_031728715.1.fna,0.007818103,0.9921819
GCF_022690115.1.fna,GCF_031728715.1.fna,0.023982882,0.9760171
GCF_031728735.1.fna,GCF_031728715.1.fna,0.020679712,0.9793203
GCF_036419895.1.fna,GCF_031728715.1.fna,0.0014699101,0.9985301
GCF_000269685.1.fna,GCF_031728715.1.fna,0.022492707,0.9775073
GCF_031728515.1.fna,GCF_031728715.1.fna,0.023301423,0.9766986
GCF_037700155.1.fna,GCF_031728715.1.fna,0.020412326,0.9795877
GCF_022690225.1.fna,GCF_031728715.1.fna,0.011264324,0.9887357
GCF_022689945.1.fna,GCF_031728715.1.fna,0.022710681,0.9772893
GCF_015274585.1.fna,GCF_031728715.1.fna,0.020950079,0.9790499
GCF_031728415.1.fna,GCF_031728715.1.fna,0.008345962,0.99165404
GCF_031729015.1.fna,GCF_031728715.1.fna,0.0014438629,0.99855614
GCF_037700315.1.fna,GCF_031728715.1.fna,0.0057082176,0.9942918
GCF_031728795.1.fna,GCF_031728715.1.fna,0.008193672,0.9918063
GCF_031728555.1.fna,GCF_031728715.1.fna,0.021499872,0.9785001
GCF_029926865.1.fna,GCF_031728715.1.fna,0.021709323,0.9782907
GCF_040947225.1.fna,GCF_031728715.1.fna,0.0068392754,0.9931607
GCF_031728695.1.fna,GCF_031728715.1.fna,0.0052161217,0.9947839
GCF_022689665.1.fna,GCF_031728715.1.fna,0.007632971,0.992367
GCF_029926915.1.fna,GCF_031728715.1.fna,0.020950079,0.9790499
GCF_031728315.1.fna,GCF_031728715.1.fna,0.02001667,0.9799833
GCF_031727255.1.fna,GCF_031728715.1.fna,0.022930622,0.9770694
GCF_022690205.1.fna,GCF_031728715.1.fna,0.0024635792,0.9975364
GCF_031727455.1.fna,GCF_031728715.1.fna,0.022492707,0.9775073
GCF_022690025.1.fna,GCF_031728715.1.fna,0.007967472,0.9920325
GCF_031727075.1.fna,GCF_031728715.1.fna,0.020545602,0.9794544
GCF_022690145.1.fna,GCF_031728715.1.fna,0.021430492,0.9785695
GCF_002901845.1.fna,GCF_031728715.1.fna,0.0069455504,0.99305445
GCF_022689825.1.fna,GCF_031728715.1.fna,0.021430492,0.9785695
GCF_031728675.1.fna,GCF_031728715.1.fna,0.0058416724,0.9941583
GCF_047653525.1.fna,GCF_031728715.1.fna,0.02115482,0.9788452
GCF_022690085.1.fna,GCF_031728715.1.fna,0.02156949,0.9784305
GCF_037700135.1.fna,GCF_031728715.1.fna,0.021779478,0.9782205
GCF_025143205.1.fna,GCF_031728715.1.fna,0.021086395,0.9789136
GCF_031728895.1.fna,GCF_031728715.1.fna,0.007967472,0.9920325
GCF_040947605.1.fna,GCF_031728715.1.fna,0.020747006,0.979253
GCF_031727355.1.fna,GCF_031728715.1.fna,0.019627512,0.9803725
GCF_015274675.1.fna,GCF_031728715.1.fna,0.021709323,0.9782907
GCF_036420075.1.fna,GCF_031728715.1.fna,0.022710681,0.9772893
GCF_013267575.1.fna,GCF_031728715.1.fna,0.005641818,0.9943582
GCF_031727055.1.fna,GCF_031728715.1.fna,0.010826886,0.9891731
GCF_037700375.1.fna,GCF_031728715.1.fna,0.007669866,0.99233013
GCF_022690005.1.fna,GCF_031728715.1.fna,0.0044246316,0.99557537
GCF_031631055.1.fna,GCF_031728715.1.fna,0.012121677,0.9878783
GCF_031728495.1.fna,GCF_031728715.1.fna,0.0071959496,0.99280405
GCF_964211265.1.fna,GCF_031728715.1.fna,0.007929981,0.99207
GCF_031727535.1.fna,GCF_031728715.1.fna,0.0074861646,0.99251384
GCF_025143445.1.fna,GCF_031728715.1.fna,0.0071599483,0.99284005
GCF_022689855.1.fna,GCF_031728715.1.fna,0.008615434,0.99138457
GCF_022689725.1.fna,GCF_031728715.1.fna,0.007632971,0.992367
GCF_031727275.1.fna,GCF_031728715.1.fna,0.008307815,0.9916922
GCF_031728235.1.fna,GCF_031728715.1.fna,0.023753703,0.9762463
GCF_040947205.1.fna,GCF_031728715.1.fna,0.019951403,0.9800486
GCF_031727235.1.fna,GCF_031728715.1.fna,0.008576691,0.9914233
GCF_022690165.1.fna,GCF_031728715.1.fna,0.02156949,0.9784305
GCF_031728075.1.fna,GCF_031728715.1.fna,0.021499872,0.9785001
GCF_022689965.1.fna,GCF_031728715.1.fna,0.019821286,0.9801787
GCF_022689575.1.fna,GCF_031728715.1.fna,0.007632971,0.992367
GCF_037694985.1.fna,GCF_031728715.1.fna,0.02184987,0.9781501
GCF_022690185.1.fna,GCF_031728715.1.fna,0.0015745163,0.9984255
GCF_031728335.1.fna,GCF_031728715.1.fna,0.021430492,0.9785695
GCF_031728095.1.fna,GCF_031728715.1.fna,0.0061455965,0.9938544
GCF_022690385.1.fna,GCF_031728715.1.fna,0.02184987,0.9781501
GCF_022690425.1.fna,GCF_031728715.1.fna,0.021430492,0.9785695
GCF_022690375.1.fna,GCF_031728715.1.fna,0.007967472,0.9920325
GCF_022689675.1.fna,GCF_031728715.1.fna,0.020478904,0.9795211
GCF_022690245.1.fna,GCF_031728715.1.fna,0.020545602,0.9794544
GCF_037700295.1.fna,GCF_031728715.1.fna,0.020279706,0.9797203
GCF_015274535.1.fna,GCF_031728715.1.fna,0.020950079,0.9790499
GCF_022689845.1.fna,GCF_031728715.1.fna,0.021639287,0.9783607
GCF_022689745.1.fna,GCF_031728715.1.fna,0.020545602,0.9794544
GCF_022689925.1.fna,GCF_031728715.1.fna,0.022783816,0.9772162
GCF_015274655.1.fna,GCF_031728715.1.fna,0.020950079,0.9790499
GCF_022690325.1.fna,GCF_031728715.1.fna,0.007016778,0.9929832
GCF_022689785.1.fna,GCF_031728715.1.fna,0.003756106,0.9962439
GCF_031728155.1.fna,GCF_031728715.1.fna,0.020747006,0.979253
GCF_037700455.1.fna,GCF_031728715.1.fna,0.0077438354,0.99225616
GCF_022689905.1.fna,GCF_031728715.1.fna,0.02001667,0.9799833
GCF_022690105.1.fna,GCF_031728715.1.fna,0.021018088,0.9789819
GCF_022689975.1.fna,GCF_031728715.1.fna,0.021430492,0.9785695
GCF_022689705.1.fna,GCF_031728715.1.fna,0.008004963,0.99199504
GCF_031728835.1.fna,GCF_031728715.1.fna,0.021086395,0.9789136
GCF_031728115.1.fna,GCF_031728715.1.fna,0.021430492,0.9785695
GCF_022689775.1.fna,GCF_031728715.1.fna,0.0021891594,0.99781084
GCF_031728455.1.fna,GCF_031728715.1.fna,0.0075594783,0.9924405
GCF_025143615.1.fna,GCF_031728715.1.fna,0.0020266771,0.9979733
GCF_052950835.1.fna,GCF_031728715.1.fna,0.012587488,0.9874125
GCF_040947125.1.fna,GCF_031728715.1.fna,0.0077809095,0.9922191
GCF_017315645.1.fna,GCF_031728715.1.fna,0.019756496,0.9802435
GCF_040947645.1.fna,GCF_031728715.1.fna,0.020747006,0.979253
GCF_022690345.1.fna,GCF_031728715.1.fna,0.020679712,0.9793203
GCF_022689645.1.fna,GCF_031728715.1.fna,0.008345962,0.99165404
GCF_022690295.1.fna,GCF_031728715.1.fna,0.02285707,0.97714293
GCF_031728715.1.fna,GCF_031728715.1.fna,0.0,1.0
GCF_031728295.1.fna,GCF_031728715.1.fna,0.020213723,0.9797863
GCF_040947065.1.fna,GCF_031728715.1.fna,0.011352897,0.9886471
GCF_037695175.1.fna,GCF_031728715.1.fna,0.007818103,0.9921819
GCF_031728475.1.fna,GCF_031728715.1.fna,0.020679712,0.9793203
GCF_022690045.1.fna,GCF_031728295.1.fna,0.020545602,0.9794544
GCF_017315625.1.fna,GCF_031728295.1.fna,0.008693099,0.9913069
GCF_900458635.1.fna,GCF_031728295.1.fna,0.02088219,0.9791178
GCF_022689565.1.fna,GCF_031728295.1.fna,0.007706821,0.9922932
GCF_029926905.1.fna,GCF_031728295.1.fna,0.009772658,0.99022734
GCF_040947025.1.fna,GCF_031728295.1.fna,0.007929981,0.99207
GCF_022690065.1.fna,GCF_031728295.1.fna,0.007268071,0.9927319
GCF_022689765.1.fna,GCF_031728295.1.fna,0.0067687035,0.9932313
GCF_022690265.1.fna,GCF_031728295.1.fna,0.007304251,0.99269575
GCF_022689615.1.fna,GCF_031728295.1.fna,0.0071599483,0.99284005
GCF_031728745.1.fna,GCF_031728295.1.fna,0.008460999,0.991539
GCF_022690275.1.fna,GCF_031728295.1.fna,0.008269668,0.99173033
GCF_047653515.1.fna,GCF_031728295.1.fna,0.007522762,0.99247724
GCF_031728275.1.fna,GCF_031728295.1.fna,0.021991313,0.9780087
GCF_022690115.1.fna,GCF_031728295.1.fna,0.014049172,0.9859508
GCF_031728735.1.fna,GCF_031728295.1.fna,0.008771062,0.99122894
GCF_036419895.1.fna,GCF_031728295.1.fna,0.02115482,0.9788452
GCF_000269685.1.fna,GCF_031728295.1.fna,0.008538067,0.99146193
GCF_031728515.1.fna,GCF_031728295.1.fna,0.009979129,0.9900209
GCF_037700155.1.fna,GCF_031728295.1.fna,0.005641818,0.9943582
GCF_022690225.1.fna,GCF_031728295.1.fna,0.02184987,0.9781501
GCF_022689945.1.fna,GCF_031728295.1.fna,0.008927941,0.99107206
GCF_015274585.1.fna,GCF_031728295.1.fna,0.009365916,0.9906341
GCF_031728415.1.fna,GCF_031728295.1.fna,0.022492707,0.9775073
GCF_031729015.1.fna,GCF_031728295.1.fna,0.021361291,0.9786387
GCF_037700315.1.fna,GCF_031728295.1.fna,0.022930622,0.9770694
GCF_031728795.1.fna,GCF_031728295.1.fna,0.020345926,0.9796541
GCF_031728555.1.fna,GCF_031728295.1.fna,0.0072319508,0.99276805
GCF_029926865.1.fna,GCF_031728295.1.fna,0.009772658,0.99022734
GCF_040947225.1.fna,GCF_031728295.1.fna,0.019821286,0.9801787
GCF_031728695.1.fna,GCF_031728295.1.fna,0.021779478,0.9782205
GCF_022689665.1.fna,GCF_031728295.1.fna,0.022565126,0.9774349
GCF_029926915.1.fna,GCF_031728295.1.fna,0.008927941,0.99107206
GCF_031728315.1.fna,GCF_031728295.1.fna,0.0059424043,0.9940576
GCF_031727255.1.fna,GCF_031728295.1.fna,0.009608984,0.990391
GCF_022690205.1.fna,GCF_031728295.1.fna,0.022204995,0.977795
GCF_031727455.1.fna,GCF_031728295.1.fna,0.02768892,0.9723111
GCF_022690025.1.fna,GCF_031728295.1.fna,0.022348404,0.9776516
GCF_031727075.1.fna,GCF_031728295.1.fna,0.0072319508,0.99276805
GCF_022690145.1.fna,GCF_031728295.1.fna,0.007304251,0.99269575
GCF_002901845.1.fna,GCF_031728295.1.fna,0.020814478,0.9791855
GCF_022689825.1.fna,GCF_031728295.1.fna,0.0067687035,0.9932313
GCF_031728675.1.fna,GCF_031728295.1.fna,0.021430492,0.9785695
GCF_047653525.1.fna,GCF_031728295.1.fna,0.008384287,0.9916157
GCF_022690085.1.fna,GCF_031728295.1.fna,0.026648402,0.9733516
GCF_037700135.1.fna,GCF_031728295.1.fna,0.0075961947,0.9924038
GCF_025143205.1.fna,GCF_031728295.1.fna,0.008004963,0.99199504
GCF_031728895.1.fna,GCF_031728295.1.fna,0.020213723,0.9797863
GCF_040947605.1.fna,GCF_031728295.1.fna,0.009325743,0.99067426
GCF_031727355.1.fna,GCF_031728295.1.fna,0.0077438354,0.99225616
GCF_015274675.1.fna,GCF_031728295.1.fna,0.0074132085,0.9925868
GCF_036420075.1.fna,GCF_031728295.1.fna,0.008810163,0.99118984
GCF_013267575.1.fna,GCF_031728295.1.fna,0.021499872,0.9785001
GCF_031727055.1.fna,GCF_031728295.1.fna,0.02390629,0.9760937
GCF_037700375.1.fna,GCF_031728295.1.fna,0.021639287,0.9783607
GCF_022690005.1.fna,GCF_031728295.1.fna,0.020612597,0.9793874
GCF_031631055.1.fna,GCF_031728295.1.fna,0.020412326,0.9795877
GCF_031728495.1.fna,GCF_031728295.1.fna,0.020612597,0.9793874
GCF_964211265.1.fna,GCF_031728295.1.fna,0.021499872,0.9785001
GCF_031727535.1.fna,GCF_031728295.1.fna,0.022565126,0.9774349
GCF_025143445.1.fna,GCF_031728295.1.fna,0.021018088,0.9789819
GCF_022689855.1.fna,GCF_031728295.1.fna,0.021086395,0.9789136
GCF_022689725.1.fna,GCF_031728295.1.fna,0.022565126,0.9774349
GCF_031727275.1.fna,GCF_031728295.1.fna,0.021430492,0.9785695
GCF_031728235.1.fna,GCF_031728295.1.fna,0.010568798,0.9894312
GCF_040947205.1.fna,GCF_031728295.1.fna,0.006213784,0.9937862
GCF_031727235.1.fna,GCF_031728295.1.fna,0.021018088,0.9789819
GCF_022690165.1.fna,GCF_031728295.1.fna,0.007268071,0.9927319
GCF_031728075.1.fna,GCF_031728295.1.fna,0.008849382,0.9911506
GCF_022689965.1.fna,GCF_031728295.1.fna,0.0074132085,0.9925868
GCF_022689575.1.fna,GCF_031728295.1.fna,0.022565126,0.9774349
GCF_037694985.1.fna,GCF_031728295.1.fna,0.0077438354,0.99225616
GCF_022690185.1.fna,GCF_031728295.1.fna,0.021361291,0.9786387
GCF_031728335.1.fna,GCF_031728295.1.fna,0.009979129,0.9900209
GCF_031728095.1.fna,GCF_031728295.1.fna,0.02227658,0.9777234
GCF_022690385.1.fna,GCF_031728295.1.fna,0.0067687035,0.9932313
GCF_022690425.1.fna,GCF_031728295.1.fna,0.008771062,0.99122894
GCF_022690375.1.fna,GCF_031728295.1.fna,0.021499872,0.9785001
GCF_022689675.1.fna,GCF_031728295.1.fna,0.007304251,0.99269575
GCF_022690245.1.fna,GCF_031728295.1.fna,0.008117974,0.991882
GCF_037700295.1.fna,GCF_031728295.1.fna,0.0057082176,0.9942918
GCF_015274535.1.fna,GCF_031728295.1.fna,0.009365916,0.9906341
GCF_022689845.1.fna,GCF_031728295.1.fna,0.0069811344,0.99301887
GCF_022689745.1.fna,GCF_031728295.1.fna,0.0072319508,0.99276805
GCF_022689925.1.fna,GCF_031728295.1.fna,0.028496683,0.9715033
GCF_015274655.1.fna,GCF_031728295.1.fna,0.009365916,0.9906341
GCF_022690325.1.fna,GCF_031728295.1.fna,0.020082176,0.9799178
GCF_022689785.1.fna,GCF_031728295.1.fna,0.020545602,0.9794544
GCF_031728155.1.fna,GCF_031728295.1.fna,0.007669866,0.99233013
GCF_037700455.1.fna,GCF_031728295.1.fna,0.021639287,0.9783607
GCF_022689905.1.fna,GCF_031728295.1.fna,0.0060098767,0.9939901
GCF_022690105.1.fna,GCF_031728295.1.fna,0.009854972,0.990145
GCF_022689975.1.fna,GCF_031728295.1.fna,0.00680393,0.99319607
GCF_022689705.1.fna,GCF_031728295.1.fna,0.023004293,0.9769957
GCF_031728835.1.fna,GCF_031728295.1.fna,0.0069811344,0.99301887
GCF_031728115.1.fna,GCF_031728295.1.fna,0.009979129,0.9900209
GCF_022689775.1.fna,GCF_031728295.1.fna,0.021430492,0.9785695
GCF_031728455.1.fna,GCF_031728295.1.fna,0.020950079,0.9790499
GCF_025143615.1.fna,GCF_031728295.1.fna,0.021430492,0.9785695
GCF_052950835.1.fna,GCF_031728295.1.fna,0.021018088,0.9789819
GCF_040947125.1.fna,GCF_031728295.1.fna,0.02213347,0.97786653
GCF_017315645.1.fna,GCF_031728295.1.fna,0.0037859678,0.99621403
GCF_040947645.1.fna,GCF_031728295.1.fna,0.009365916,0.9906341
GCF_022690345.1.fna,GCF_031728295.1.fna,0.0077438354,0.99225616
GCF_022689645.1.fna,GCF_031728295.1.fna,0.022783816,0.9772162
GCF_022690295.1.fna,GCF_031728295.1.fna,0.009568274,0.9904317
GCF_031728715.1.fna,GCF_031728295.1.fna,0.020213723,0.9797863
GCF_031728295.1.fna,GCF_031728295.1.fna,0.0,1.0
GCF_040947065.1.fna,GCF_031728295.1.fna,0.02088219,0.9791178
GCF_037695175.1.fna,GCF_031728295.1.fna,0.02285707,0.97714293
GCF_031728475.1.fna,GCF_031728295.1.fna,0.008576691,0.9914233
GCF_022690045.1.fna,GCF_040947065.1.fna,0.012306809,0.9876932
GCF_017315625.1.fna,GCF_040947065.1.fna,0.019244492,0.9807555
GCF_900458635.1.fna,GCF_040947065.1.fna,0.010826886,0.9891731
GCF_022689565.1.fna,GCF_040947065.1.fna,0.021086395,0.9789136
GCF_029926905.1.fna,GCF_040947065.1.fna,0.022783816,0.9772162
GCF_040947025.1.fna,GCF_040947065.1.fna,0.021018088,0.9789819
GCF_022690065.1.fna,GCF_040947065.1.fna,0.021223426,0.9787766
GCF_022689765.1.fna,GCF_040947065.1.fna,0.02156949,0.9784305
GCF_022690265.1.fna,GCF_040947065.1.fna,0.021361291,0.9786387
GCF_022689615.1.fna,GCF_040947065.1.fna,0.020612597,0.9793874
GCF_031728745.1.fna,GCF_040947065.1.fna,0.019563198,0.9804368
GCF_022690275.1.fna,GCF_040947065.1.fna,0.021779478,0.9782205
GCF_047653515.1.fna,GCF_040947065.1.fna,0.020612597,0.9793874
GCF_031728275.1.fna,GCF_040947065.1.fna,0.011176109,0.9888239
GCF_022690115.1.fna,GCF_040947065.1.fna,0.023753703,0.9762463
GCF_031728735.1.fna,GCF_040947065.1.fna,0.021086395,0.9789136
GCF_036419895.1.fna,GCF_040947065.1.fna,0.012214124,0.9877859
GCF_000269685.1.fna,GCF_040947065.1.fna,0.022204995,0.977795
GCF_031728515.1.fna,GCF_040947065.1.fna,0.024136782,0.9758632
GCF_037700155.1.fna,GCF_040947065.1.fna,0.020950079,0.9790499
GCF_022690225.1.fna,GCF_040947065.1.fna,0.012776673,0.9872233
GCF_022689945.1.fna,GCF_040947065.1.fna,0.023152411,0.9768476
GCF_015274585.1.fna,GCF_040947065.1.fna,0.020345926,0.9796541
GCF_031728415.1.fna,GCF_040947065.1.fna,0.013112009,0.986888
GCF_031729015.1.fna,GCF_040947065.1.fna,0.012634695,0.9873653
GCF_037700315.1.fna,GCF_040947065.1.fna,0.012824297,0.9871757
GCF_031728795.1.fna,GCF_040947065.1.fna,0.010826886,0.9891731
GCF_031728555.1.fna,GCF_040947065.1.fna,0.021292329,0.9787077
GCF_029926865.1.fna,GCF_040947065.1.fna,0.022783816,0.9772162
GCF_040947225.1.fna,GCF_040947065.1.fna,0.01180172,0.9881983
GCF_031728695.1.fna,GCF_040947065.1.fna,0.011264324,0.9887357
GCF_022689665.1.fna,GCF_040947065.1.fna,0.011666119,0.9883339
GCF_029926915.1.fna,GCF_040947065.1.fna,0.021639287,0.9783607
GCF_031728315.1.fna,GCF_040947065.1.fna,0.019821286,0.9801787
GCF_031727255.1.fna,GCF_040947065.1.fna,0.022204995,0.977795
GCF_022690205.1.fna,GCF_040947065.1.fna,0.013208687,0.9867913
GCF_031727455.1.fna,GCF_040947065.1.fna,0.024762094,0.9752379
GCF_022690025.1.fna,GCF_040947065.1.fna,0.012167871,0.9878321
GCF_031727075.1.fna,GCF_040947065.1.fna,0.020612597,0.9793874
GCF_022690145.1.fna,GCF_040947065.1.fna,0.021292329,0.9787077
GCF_002901845.1.fna,GCF_040947065.1.fna,0.010783613,0.9892164
GCF_022689825.1.fna,GCF_040947065.1.fna,0.02156949,0.9784305
GCF_031728675.1.fna,GCF_040947065.1.fna,0.01091361,0.9890864
GCF_047653525.1.fna,GCF_040947065.1.fna,0.020082176,0.9799178
GCF_022690085.1.fna,GCF_040947065.1.fna,0.023753703,0.9762463
GCF_037700135.1.fna,GCF_040947065.1.fna,0.021709323,0.9782907
GCF_025143205.1.fna,GCF_040947065.1.fna,0.02115482,0.9788452
GCF_031728895.1.fna,GCF_040947065.1.fna,0.011220098,0.9887799
GCF_040947605.1.fna,GCF_040947065.1.fna,0.02115482,0.9788452
GCF_031727355.1.fna,GCF_040947065.1.fna,0.021018088,0.9789819
GCF_015274675.1.fna,GCF_040947065.1.fna,0.021779478,0.9782205
GCF_036420075.1.fna,GCF_040947065.1.fna,0.023078203,0.9769218
GCF_013267575.1.fna,GCF_040947065.1.fna,0.01091361,0.9890864
GCF_031727055.1.fna,GCF_040947065.1.fna,0.014150202,0.9858498
GCF_037700375.1.fna,GCF_040947065.1.fna,0.011220098,0.9887799
GCF_022690005.1.fna,GCF_040947065.1.fna,0.012353301,0.9876467
GCF_031631055.1.fna,GCF_040947065.1.fna,0.008117974,0.991882
GCF_031728495.1.fna,GCF_040947065.1.fna,0.011264324,0.9887357
GCF_964211265.1.fna,GCF_040947065.1.fna,0.012121677,0.9878783
GCF_031727535.1.fna,GCF_040947065.1.fna,0.011983991,0.988016
GCF_025143445.1.fna,GCF_040947065.1.fna,0.011264324,0.9887357
GCF_022689855.1.fna,GCF_040947065.1.fna,0.013112009,0.986888
GCF_022689725.1.fna,GCF_040947065.1.fna,0.011666119,0.9883339
GCF_031727275.1.fna,GCF_040947065.1.fna,0.012729287,0.9872707
GCF_031728235.1.fna,GCF_040947065.1.fna,0.023301423,0.9766986
GCF_040947205.1.fna,GCF_040947065.1.fna,0.020082176,0.9799178
GCF_031727235.1.fna,GCF_040947065.1.fna,0.013063788,0.9869362
GCF_022690165.1.fna,GCF_040947065.1.fna,0.021292329,0.9787077
GCF_031728075.1.fna,GCF_040947065.1.fna,0.02227658,0.9777234
GCF_022689965.1.fna,GCF_040947065.1.fna,0.020478904,0.9795211
GCF_022689575.1.fna,GCF_040947065.1.fna,0.01171118,0.9882888
GCF_037694985.1.fna,GCF_040947065.1.fna,0.021499872,0.9785001
GCF_022690185.1.fna,GCF_040947065.1.fna,0.0124467015,0.9875533
GCF_031728335.1.fna,GCF_040947065.1.fna,0.021920502,0.9780795
GCF_031728095.1.fna,GCF_040947065.1.fna,0.011983991,0.988016
GCF_022690385.1.fna,GCF_040947065.1.fna,0.021709323,0.9782907
GCF_022690425.1.fna,GCF_040947065.1.fna,0.022204995,0.977795
GCF_022690375.1.fna,GCF_040947065.1.fna,0.011441886,0.9885581
GCF_022689675.1.fna,GCF_040947065.1.fna,0.020478904,0.9795211
GCF_022690245.1.fna,GCF_040947065.1.fna,0.020814478,0.9791855
GCF_037700295.1.fna,GCF_040947065.1.fna,0.020950079,0.9790499
GCF_015274535.1.fna,GCF_040947065.1.fna,0.020345926,0.9796541
GCF_022689845.1.fna,GCF_040947065.1.fna,0.02088219,0.9791178
GCF_022689745.1.fna,GCF_040947065.1.fna,0.020612597,0.9793874
GCF_022689925.1.fna,GCF_040947065.1.fna,0.024920821,0.9750792
GCF_015274655.1.fna,GCF_040947065.1.fna,0.020345926,0.9796541
GCF_022690325.1.fna,GCF_040947065.1.fna,0.011176109,0.9888239
GCF_022689785.1.fna,GCF_040947065.1.fna,0.011088192,0.9889118
GCF_031728155.1.fna,GCF_040947065.1.fna,0.02115482,0.9788452
GCF_037700455.1.fna,GCF_040947065.1.fna,0.01130861,0.9886914
GCF_022689905.1.fna,GCF_040947065.1.fna,0.019821286,0.9801787
GCF_022690105.1.fna,GCF_040947065.1.fna,0.02156949,0.9784305
GCF_022689975.1.fna,GCF_040947065.1.fna,0.02156949,0.9784305
GCF_022689705.1.fna,GCF_040947065.1.fna,0.0135015845,0.9864984
GCF_031728835.1.fna,GCF_040947065.1.fna,0.021223426,0.9787766
GCF_031728115.1.fna,GCF_040947065.1.fna,0.021018088,0.9789819
GCF_022689775.1.fna,GCF_040947065.1.fna,0.013160288,0.9868397
GCF_031728455.1.fna,GCF_040947065.1.fna,0.01180172,0.9881983
GCF_025143615.1.fna,GCF_040947065.1.fna,0.012824297,0.9871757
GCF_052950835.1.fna,GCF_040947065.1.fna,0.0077809095,0.9922191
GCF_040947125.1.fna,GCF_040947065.1.fna,0.011938274,0.9880617
GCF_017315645.1.fna,GCF_040947065.1.fna,0.020612597,0.9793874
GCF_040947645.1.fna,GCF_040947065.1.fna,0.02115482,0.9788452
GCF_022690345.1.fna,GCF_040947065.1.fna,0.021018088,0.9789819
GCF_022689645.1.fna,GCF_040947065.1.fna,0.0133059025,0.9866941
GCF_022690295.1.fna,GCF_040947065.1.fna,0.02213347,0.97786653
GCF_031728715.1.fna,GCF_040947065.1.fna,0.011352897,0.9886471
GCF_031728295.1.fna,GCF_040947065.1.fna,0.02088219,0.9791178
GCF_040947065.1.fna,GCF_040947065.1.fna,0.0,1.0
GCF_037695175.1.fna,GCF_040947065.1.fna,0.011847079,0.9881529
GCF_031728475.1.fna,GCF_040947065.1.fna,0.021499872,0.9785001
GCF_022690045.1.fna,GCF_037695175.1.fna,0.009527624,0.9904724
GCF_017315625.1.fna,GCF_037695175.1.fna,0.02088219,0.9791178
GCF_900458635.1.fna,GCF_037695175.1.fna,0.006213784,0.9937862
GCF_022689565.1.fna,GCF_037695175.1.fna,0.02227658,0.9777234
GCF_029926905.1.fna,GCF_037695175.1.fna,0.022930622,0.9770694
GCF_040947025.1.fna,GCF_037695175.1.fna,0.023301423,0.9766986
GCF_022690065.1.fna,GCF_037695175.1.fna,0.022420406,0.9775796
GCF_022689765.1.fna,GCF_037695175.1.fna,0.023152411,0.9768476
GCF_022690265.1.fna,GCF_037695175.1.fna,0.022420406,0.9775796
GCF_022689615.1.fna,GCF_037695175.1.fna,0.022492707,0.9775073
GCF_031728745.1.fna,GCF_037695175.1.fna,0.021639287,0.9783607
GCF_022690275.1.fna,GCF_037695175.1.fna,0.023376226,0.9766238
GCF_047653515.1.fna,GCF_037695175.1.fna,0.022204995,0.977795
GCF_031728275.1.fna,GCF_037695175.1.fna,0.009446621,0.9905534
GCF_022690115.1.fna,GCF_037695175.1.fna,0.024369478,0.9756305
GCF_031728735.1.fna,GCF_037695175.1.fna,0.022204995,0.977795
GCF_036419895.1.fna,GCF_037695175.1.fna,0.008654237,0.99134576
GCF_000269685.1.fna,GCF_037695175.1.fna,0.024136782,0.9758632
GCF_031728515.1.fna,GCF_037695175.1.fna,0.024291694,0.9757083
GCF_037700155.1.fna,GCF_037695175.1.fna,0.022420406,0.9775796
GCF_022690225.1.fna,GCF_037695175.1.fna,0.012919784,0.9870802
GCF_022689945.1.fna,GCF_037695175.1.fna,0.023753703,0.9762463
GCF_015274585.1.fna,GCF_037695175.1.fna,0.021779478,0.9782205
GCF_031728415.1.fna,GCF_037695175.1.fna,0.008849382,0.9911506
GCF_031729015.1.fna,GCF_037695175.1.fna,0.008732021,0.991268
GCF_037700315.1.fna,GCF_037695175.1.fna,0.009446621,0.9905534
GCF_031728795.1.fna,GCF_037695175.1.fna,0.010229826,0.9897702
GCF_031728555.1.fna,GCF_037695175.1.fna,0.022420406,0.9775796
GCF_029926865.1.fna,GCF_037695175.1.fna,0.022930622,0.9770694
GCF_040947225.1.fna,GCF_037695175.1.fna,0.009649754,0.99035025
GCF_031728695.1.fna,GCF_037695175.1.fna,0.007929981,0.99207
GCF_022689665.1.fna,GCF_037695175.1.fna,0.004270494,0.9957295
GCF_029926915.1.fna,GCF_037695175.1.fna,0.021920502,0.9780795
GCF_031728315.1.fna,GCF_037695175.1.fna,0.02213347,0.97786653
GCF_031727255.1.fna,GCF_037695175.1.fna,0.023078203,0.9769218
GCF_022690205.1.fna,GCF_037695175.1.fna,0.0094870925,0.9905129
GCF_031727455.1.fna,GCF_037695175.1.fna,0.02460432,0.9753957
GCF_022690025.1.fna,GCF_037695175.1.fna,0.004548967,0.99545103
GCF_031727075.1.fna,GCF_037695175.1.fna,0.022492707,0.9775073
GCF_022690145.1.fna,GCF_037695175.1.fna,0.022492707,0.9775073
GCF_002901845.1.fna,GCF_037695175.1.fna,0.0061455965,0.9938544
GCF_022689825.1.fna,GCF_037695175.1.fna,0.023152411,0.9768476
GCF_031728675.1.fna,GCF_037695175.1.fna,0.0077809095,0.9922191
GCF_047653525.1.fna,GCF_037695175.1.fna,0.02213347,0.97786653
GCF_022690085.1.fna,GCF_037695175.1.fna,0.024059713,0.9759403
GCF_037700135.1.fna,GCF_037695175.1.fna,0.023753703,0.9762463
GCF_025143205.1.fna,GCF_037695175.1.fna,0.02213347,0.97786653
GCF_031728895.1.fna,GCF_037695175.1.fna,0.009325743,0.99067426
GCF_040947605.1.fna,GCF_037695175.1.fna,0.021991313,0.9780087
GCF_031727355.1.fna,GCF_037695175.1.fna,0.022204995,0.977795
GCF_015274675.1.fna,GCF_037695175.1.fna,0.023677707,0.9763223
GCF_036420075.1.fna,GCF_037695175.1.fna,0.023602009,0.976398
GCF_013267575.1.fna,GCF_037695175.1.fna,0.0075961947,0.9924038
GCF_031727055.1.fna,GCF_037695175.1.fna,0.008117974,0.991882
GCF_037700375.1.fna,GCF_037695175.1.fna,0.006213784,0.9937862
GCF_022690005.1.fna,GCF_037695175.1.fna,0.009568274,0.9904317
GCF_031631055.1.fna,GCF_037695175.1.fna,0.011620998,0.988379
GCF_031728495.1.fna,GCF_037695175.1.fna,0.0067335367,0.99326646
GCF_964211265.1.fna,GCF_037695175.1.fna,0.007855296,0.9921447
GCF_031727535.1.fna,GCF_037695175.1.fna,0.0043628216,0.9956372
GCF_025143445.1.fna,GCF_037695175.1.fna,0.008810163,0.99118984
GCF_022689855.1.fna,GCF_037695175.1.fna,0.008538067,0.99146193
GCF_022689725.1.fna,GCF_037695175.1.fna,0.004270494,0.9957295
GCF_031727275.1.fna,GCF_037695175.1.fna,0.0075961947,0.9924038
GCF_031728235.1.fna,GCF_037695175.1.fna,0.024291694,0.9757083
GCF_040947205.1.fna,GCF_037695175.1.fna,0.022710681,0.9772893
GCF_031727235.1.fna,GCF_037695175.1.fna,0.008499503,0.9915005
GCF_022690165.1.fna,GCF_037695175.1.fna,0.022492707,0.9775073
GCF_031728075.1.fna,GCF_037695175.1.fna,0.023376226,0.9766238
GCF_022689965.1.fna,GCF_037695175.1.fna,0.02227658,0.9777234
GCF_022689575.1.fna,GCF_037695175.1.fna,0.0043011904,0.9956988
GCF_037694985.1.fna,GCF_037695175.1.fna,0.023602009,0.976398
GCF_022690185.1.fna,GCF_037695175.1.fna,0.008810163,0.99118984
GCF_031728335.1.fna,GCF_037695175.1.fna,0.022637784,0.9773622
GCF_031728095.1.fna,GCF_037695175.1.fna,0.009165645,0.99083436
GCF_022690385.1.fna,GCF_037695175.1.fna,0.023301423,0.9766986
GCF_022690425.1.fna,GCF_037695175.1.fna,0.023376226,0.9766238
GCF_022690375.1.fna,GCF_037695175.1.fna,0.0072319508,0.99276805
GCF_022689675.1.fna,GCF_037695175.1.fna,0.022420406,0.9775796
GCF_022690245.1.fna,GCF_037695175.1.fna,0.022420406,0.9775796
GCF_037700295.1.fna,GCF_037695175.1.fna,0.02227658,0.9777234
GCF_015274535.1.fna,GCF_037695175.1.fna,0.021779478,0.9782205
GCF_022689845.1.fna,GCF_037695175.1.fna,0.023602009,0.976398
GCF_022689745.1.fna,GCF_037695175.1.fna,0.022492707,0.9775073
GCF_022689925.1.fna,GCF_037695175.1.fna,0.025080502,0.9749195
GCF_015274655.1.fna,GCF_037695175.1.fna,0.021779478,0.9782205
GCF_022690325.1.fna,GCF_037695175.1.fna,0.009006858,0.99099314
GCF_022689785.1.fna,GCF_037695175.1.fna,0.007818103,0.9921819
GCF_031728155.1.fna,GCF_037695175.1.fna,0.022930622,0.9770694
GCF_037700455.1.fna,GCF_037695175.1.fna,0.00628227,0.99371773
GCF_022689905.1.fna,GCF_037695175.1.fna,0.02213347,0.97786653
GCF_022690105.1.fna,GCF_037695175.1.fna,0.021991313,0.9780087
GCF_022689975.1.fna,GCF_037695175.1.fna,0.023152411,0.9768476
GCF_022689705.1.fna,GCF_037695175.1.fna,0.0077809095,0.9922191
GCF_031728835.1.fna,GCF_037695175.1.fna,0.022062302,0.9779377
GCF_031728115.1.fna,GCF_037695175.1.fna,0.02184987,0.9781501
GCF_022689775.1.fna,GCF_037695175.1.fna,0.009125829,0.9908742
GCF_031728455.1.fna,GCF_037695175.1.fna,0.007340491,0.9926595
GCF_025143615.1.fna,GCF_037695175.1.fna,0.008888602,0.9911114
GCF_052950835.1.fna,GCF_037695175.1.fna,0.012260377,0.9877396
GCF_040947125.1.fna,GCF_037695175.1.fna,0.0052809715,0.994719
GCF_017315645.1.fna,GCF_037695175.1.fna,0.022492707,0.9775073
GCF_040947645.1.fna,GCF_037695175.1.fna,0.021991313,0.9780087
GCF_022690345.1.fna,GCF_037695175.1.fna,0.022783816,0.9772162
GCF_022689645.1.fna,GCF_037695175.1.fna,0.0074132085,0.9925868
GCF_022690295.1.fna,GCF_037695175.1.fna,0.023004293,0.9769957
GCF_031728715.1.fna,GCF_037695175.1.fna,0.007818103,0.9921819
GCF_031728295.1.fna,GCF_037695175.1.fna,0.02285707,0.97714293
GCF_040947065.1.fna,GCF_037695175.1.fna,0.011847079,0.9881529
GCF_037695175.1.fna,GCF_037695175.1.fna,0.0,1.0
GCF_031728475.1.fna,GCF_037695175.1.fna,0.023078203,0.9769218
GCF_022690045.1.fna,GCF_031728475.1.fna,0.02088219,0.9791178
GCF_017315625.1.fna,GCF_031728475.1.fna,0.010062277,0.9899377
GCF_900458635.1.fna,GCF_031728475.1.fna,0.021430492,0.9785695
GCF_022689565.1.fna,GCF_031728475.1.fna,0.008927941,0.99107206
GCF_029926905.1.fna,GCF_031728475.1.fna,0.01130861,0.9886914
GCF_040947025.1.fna,GCF_031728475.1.fna,0.008927941,0.99107206
GCF_022690065.1.fna,GCF_031728475.1.fna,0.00823164,0.99176836
GCF_022689765.1.fna,GCF_031728475.1.fna,0.008732021,0.991268
GCF_022690265.1.fna,GCF_031728475.1.fna,0.007967472,0.9920325
GCF_022689615.1.fna,GCF_031728475.1.fna,0.008384287,0.9916157
GCF_031728745.1.fna,GCF_031728475.1.fna,0.010229826,0.9897702
GCF_022690275.1.fna,GCF_031728475.1.fna,0.008771062,0.99122894
GCF_047653515.1.fna,GCF_031728475.1.fna,0.009245515,0.9907545
GCF_031728275.1.fna,GCF_031728475.1.fna,0.022492707,0.9775073
GCF_022690115.1.fna,GCF_031728475.1.fna,0.014818728,0.9851813
GCF_031728735.1.fna,GCF_031728475.1.fna,0.00920558,0.9907944
GCF_036419895.1.fna,GCF_031728475.1.fna,0.02156949,0.9784305
GCF_000269685.1.fna,GCF_031728475.1.fna,0.010062277,0.9899377
GCF_031728515.1.fna,GCF_031728475.1.fna,0.011576116,0.9884239
GCF_037700155.1.fna,GCF_031728475.1.fna,0.00920558,0.9907944
GCF_022690225.1.fna,GCF_031728475.1.fna,0.022204995,0.977795
GCF_022689945.1.fna,GCF_031728475.1.fna,0.010611594,0.9893884
GCF_015274585.1.fna,GCF_031728475.1.fna,0.009731591,0.9902684
GCF_031728415.1.fna,GCF_031728475.1.fna,0.023078203,0.9769218
GCF_031729015.1.fna,GCF_031728475.1.fna,0.021991313,0.9780087
GCF_037700315.1.fna,GCF_031728475.1.fna,0.023301423,0.9766986
GCF_031728795.1.fna,GCF_031728475.1.fna,0.019951403,0.9800486
GCF_031728555.1.fna,GCF_031728475.1.fna,0.008193672,0.9918063
GCF_029926865.1.fna,GCF_031728475.1.fna,0.01130861,0.9886914
GCF_040947225.1.fna,GCF_031728475.1.fna,0.020814478,0.9791855
GCF_031728695.1.fna,GCF_031728475.1.fna,0.022348404,0.9776516
GCF_022689665.1.fna,GCF_031728475.1.fna,0.02285707,0.97714293
GCF_029926915.1.fna,GCF_031728475.1.fna,0.010441005,0.989559
GCF_031728315.1.fna,GCF_031728475.1.fna,0.00920558,0.9907944
GCF_031727255.1.fna,GCF_031728475.1.fna,0.010957122,0.9890429
GCF_022690205.1.fna,GCF_031728475.1.fna,0.022565126,0.9774349
GCF_031727455.1.fna,GCF_031728475.1.fna,0.02725041,0.9727496
GCF_022690025.1.fna,GCF_031728475.1.fna,0.023078203,0.9769218
GCF_031727075.1.fna,GCF_031728475.1.fna,0.008384287,0.9916157
GCF_022690145.1.fna,GCF_031728475.1.fna,0.008193672,0.9918063
GCF_002901845.1.fna,GCF_031728475.1.fna,0.021430492,0.9785695
GCF_022689825.1.fna,GCF_031728475.1.fna,0.008732021,0.991268
GCF_031728675.1.fna,GCF_031728475.1.fna,0.022062302,0.9779377
GCF_047653525.1.fna,GCF_031728475.1.fna,0.010654509,0.9893455
GCF_022690085.1.fna,GCF_031728475.1.fna,0.026478827,0.9735212
GCF_037700135.1.fna,GCF_031728475.1.fna,0.010145903,0.9898541
GCF_025143205.1.fna,GCF_031728475.1.fna,0.008654237,0.99134576
GCF_031728895.1.fna,GCF_031728475.1.fna,0.021709323,0.9782907
GCF_040947605.1.fna,GCF_031728475.1.fna,0.010568798,0.9894312
GCF_031727355.1.fna,GCF_031728475.1.fna,0.009006858,0.99099314
GCF_015274675.1.fna,GCF_031728475.1.fna,0.009245515,0.9907545
GCF_036420075.1.fna,GCF_031728475.1.fna,0.010611594,0.9893884
GCF_013267575.1.fna,GCF_031728475.1.fna,0.022062302,0.9779377
GCF_031727055.1.fna,GCF_031728475.1.fna,0.02460432,0.9753957
GCF_037700375.1.fna,GCF_031728475.1.fna,0.022420406,0.9775796
GCF_022690005.1.fna,GCF_031728475.1.fna,0.02088219,0.9791178
GCF_031631055.1.fna,GCF_031728475.1.fna,0.021223426,0.9787766
GCF_031728495.1.fna,GCF_031728475.1.fna,0.020545602,0.9794544
GCF_964211265.1.fna,GCF_031728475.1.fna,0.02227658,0.9777234
GCF_031727535.1.fna,GCF_031728475.1.fna,0.023451328,0.9765487
GCF_025143445.1.fna,GCF_031728475.1.fna,0.022204995,0.977795
GCF_022689855.1.fna,GCF_031728475.1.fna,0.022420406,0.9775796
GCF_022689725.1.fna,GCF_031728475.1.fna,0.02285707,0.97714293
GCF_031727275.1.fna,GCF_031728475.1.fna,0.022348404,0.9776516
GCF_031728235.1.fna,GCF_031728475.1.fna,0.010483503,0.9895165
GCF_040947205.1.fna,GCF_031728475.1.fna,0.008849382,0.9911506
GCF_031727235.1.fna,GCF_031728475.1.fna,0.022348404,0.9776516
GCF_022690165.1.fna,GCF_031728475.1.fna,0.00823164,0.99176836
GCF_031728075.1.fna,GCF_031728475.1.fna,0.010145903,0.9898541
GCF_022689965.1.fna,GCF_031728475.1.fna,0.009527624,0.9904724
GCF_022689575.1.fna,GCF_031728475.1.fna,0.02285707,0.97714293
GCF_037694985.1.fna,GCF_031728475.1.fna,0.010568798,0.9894312
GCF_022690185.1.fna,GCF_031728475.1.fna,0.02156949,0.9784305
GCF_031728335.1.fna,GCF_031728475.1.fna,0.010826886,0.9891731
GCF_031728095.1.fna,GCF_031728475.1.fna,0.022492707,0.9775073
GCF_022690385.1.fna,GCF_031728475.1.fna,0.010313988,0.989686
GCF_022690425.1.fna,GCF_031728475.1.fna,0.01010412,0.9898959
GCF_022690375.1.fna,GCF_031728475.1.fna,0.022420406,0.9775796
GCF_022689675.1.fna,GCF_031728475.1.fna,0.008460999,0.991539
GCF_022690245.1.fna,GCF_031728475.1.fna,0.009006858,0.99099314
GCF_037700295.1.fna,GCF_031728475.1.fna,0.009086072,0.9909139
GCF_015274535.1.fna,GCF_031728475.1.fna,0.009731591,0.9902684
GCF_022689845.1.fna,GCF_031728475.1.fna,0.009896278,0.9901037
GCF_022689745.1.fna,GCF_031728475.1.fna,0.008384287,0.9916157
GCF_022689925.1.fna,GCF_031728475.1.fna,0.02681899,0.973181
GCF_015274655.1.fna,GCF_031728475.1.fna,0.009731591,0.9902684
GCF_022690325.1.fna,GCF_031728475.1.fna,0.021292329,0.9787077
GCF_022689785.1.fna,GCF_031728475.1.fna,0.02115482,0.9788452
GCF_031728155.1.fna,GCF_031728475.1.fna,0.007892609,0.9921074
GCF_037700455.1.fna,GCF_031728475.1.fna,0.022348404,0.9776516
GCF_022689905.1.fna,GCF_031728475.1.fna,0.009325743,0.99067426
GCF_022690105.1.fna,GCF_031728475.1.fna,0.010441005,0.989559
GCF_022689975.1.fna,GCF_031728475.1.fna,0.008771062,0.99122894
GCF_022689705.1.fna,GCF_031728475.1.fna,0.022492707,0.9775073
GCF_031728835.1.fna,GCF_031728475.1.fna,0.008193672,0.9918063
GCF_031728115.1.fna,GCF_031728475.1.fna,0.011176109,0.9888239
GCF_022689775.1.fna,GCF_031728475.1.fna,0.02213347,0.97786653
GCF_031728455.1.fna,GCF_031728475.1.fna,0.021361291,0.9786387
GCF_025143615.1.fna,GCF_031728475.1.fna,0.021991313,0.9780087
GCF_052950835.1.fna,GCF_031728475.1.fna,0.02156949,0.9784305
GCF_040947125.1.fna,GCF_031728475.1.fna,0.022783816,0.9772162
GCF_017315645.1.fna,GCF_031728475.1.fna,0.008193672,0.9918063
GCF_040947645.1.fna,GCF_031728475.1.fna,0.010611594,0.9893884
GCF_022690345.1.fna,GCF_031728475.1.fna,0.007929981,0.99207
GCF_022689645.1.fna,GCF_031728475.1.fna,0.022420406,0.9775796
GCF_022690295.1.fna,GCF_031728475.1.fna,0.01091361,0.9890864
GCF_031728715.1.fna,GCF_031728475.1.fna,0.020679712,0.9793203
GCF_031728295.1.fna,GCF_031728475.1.fna,0.008576691,0.9914233
GCF_040947065.1.fna,GCF_031728475.1.fna,0.021499872,0.9785001
GCF_037695175.1.fna,GCF_031728475.1.fna,0.023078203,0.9769218
GCF_031728475.1.fna,GCF_031728475.1.fna,0.0,1.0
