reference,querry,ani,alignment_coverage,primary_cluster
GCF_000269685.1.fna,GCF_000269685.1.fna,1.0,1.0,1
GCF_000269685.1.fna,GCF_002901845.1.fna,0.971697,0.7586206896551724,1
GCF_000269685.1.fna,GCF_013267575.1.fna,0.977202,0.6896551724137931,1
GCF_000269685.1.fna,GCF_015274535.1.fna,0.994106,0.7241379310344828,1
GCF_000269685.1.fna,GCF_015274585.1.fna,0.994106,0.7241379310344828,1
GCF_000269685.1.fna,GCF_015274655.1.fna,0.994106,0.7241379310344828,1
GCF_000269685.1.fna,GCF_015274675.1.fna,0.9948279999999999,0.896551724137931,1
GCF_000269685.1.fna,GCF_017315625.1.fna,0.994282,0.7586206896551724,1
GCF_000269685.1.fna,GCF_017315645.1.fna,0.990617,0.7931034482758621,1
GCF_000269685.1.fna,GCF_022689565.1.fna,0.9940300000000001,0.7241379310344828,1
GCF_000269685.1.fna,GCF_022689575.1.fna,0.9743890000000001,0.7931034482758621,1
GCF_000269685.1.fna,GCF_022689615.1.fna,0.994006,0.7241379310344828,1
GCF_000269685.1.fna,GCF_022689645.1.fna,0.9751449999999999,0.7241379310344828,1
GCF_000269685.1.fna,GCF_022689665.1.fna,0.974016,0.7931034482758621,1
GCF_000269685.1.fna,GCF_022689675.1.fna,0.9940819999999999,0.7241379310344828,1
GCF_000269685.1.fna,GCF_022689705.1.fna,0.976811,0.7241379310344828,1
GCF_000269685.1.fna,GCF_022689725.1.fna,0.974679,0.7931034482758621,1
GCF_000269685.1.fna,GCF_022689745.1.fna,0.993866,0.7586206896551724,1
GCF_000269685.1.fna,GCF_022689765.1.fna,0.985094,0.7931034482758621,1
GCF_000269685.1.fna,GCF_022689775.1.fna,0.977517,0.6896551724137931,1
GCF_000269685.1.fna,GCF_022689785.1.fna,0.977235,0.7241379310344828,1
GCF_000269685.1.fna,GCF_022689825.1.fna,0.9850369999999999,0.7931034482758621,1
GCF_000269685.1.fna,GCF_022689845.1.fna,0.985907,0.8620689655172413,1
GCF_000269685.1.fna,GCF_022689855.1.fna,0.974893,0.7931034482758621,1
GCF_000269685.1.fna,GCF_022689905.1.fna,0.98414,0.896551724137931,1
GCF_000269685.1.fna,GCF_022689925.1.fna,0.960467,0.7586206896551724,1
GCF_000269685.1.fna,GCF_022689945.1.fna,0.9752339999999999,0.7931034482758621,1
GCF_000269685.1.fna,GCF_022689965.1.fna,0.987798,0.8620689655172413,1
GCF_000269685.1.fna,GCF_022689975.1.fna,0.984564,0.7931034482758621,1
GCF_000269685.1.fna,GCF_022690005.1.fna,0.977575,0.7241379310344828,1
GCF_000269685.1.fna,GCF_022690025.1.fna,0.967574,0.7931034482758621,1
GCF_000269685.1.fna,GCF_022690045.1.fna,0.977575,0.7241379310344828,1
GCF_000269685.1.fna,GCF_022690065.1.fna,0.981189,0.8620689655172413,1
GCF_000269685.1.fna,GCF_022690085.1.fna,0.969023,0.7586206896551724,1
GCF_000269685.1.fna,GCF_022690105.1.fna,0.993031,0.7586206896551724,1
GCF_000269685.1.fna,GCF_022690115.1.fna,0.977409,0.7241379310344828,1
GCF_000269685.1.fna,GCF_022690145.1.fna,0.981188,0.8620689655172413,1
GCF_000269685.1.fna,GCF_022690165.1.fna,0.981629,0.8620689655172413,1
GCF_000269685.1.fna,GCF_022690185.1.fna,0.971431,0.7586206896551724,1
GCF_000269685.1.fna,GCF_022690205.1.fna,0.975244,0.7241379310344828,1
GCF_000269685.1.fna,GCF_022690225.1.fna,0.9779040000000001,0.6896551724137931,1
GCF_000269685.1.fna,GCF_022690245.1.fna,0.994277,0.7241379310344828,1
GCF_000269685.1.fna,GCF_022690265.1.fna,0.991844,0.7586206896551724,1
GCF_000269685.1.fna,GCF_022690275.1.fna,0.993911,0.7586206896551724,1
GCF_000269685.1.fna,GCF_022690295.1.fna,0.95583,0.8620689655172413,1
GCF_000269685.1.fna,GCF_022690325.1.fna,0.9710030000000001,0.7586206896551724,1
GCF_000269685.1.fna,GCF_022690345.1.fna,0.991539,0.7931034482758621,1
GCF_000269685.1.fna,GCF_022690375.1.fna,0.970989,0.7931034482758621,1
GCF_000269685.1.fna,GCF_022690385.1.fna,0.992008,0.7586206896551724,1
GCF_000269685.1.fna,GCF_022690425.1.fna,0.9917570000000001,0.7586206896551724,1
GCF_000269685.1.fna,GCF_025143205.1.fna,0.995186,0.7241379310344828,1
GCF_000269685.1.fna,GCF_025143445.1.fna,0.961991,0.7931034482758621,1
GCF_000269685.1.fna,GCF_025143615.1.fna,0.977557,0.6896551724137931,1
GCF_000269685.1.fna,GCF_029926865.1.fna,0.988146,0.7931034482758621,1
GCF_000269685.1.fna,GCF_029926905.1.fna,0.988146,0.7931034482758621,1
GCF_000269685.1.fna,GCF_029926915.1.fna,0.988146,0.7931034482758621,1
GCF_000269685.1.fna,GCF_031631055.1.fna,0.975903,0.7241379310344828,1
GCF_000269685.1.fna,GCF_031727055.1.fna,0.969118,0.8275862068965517,1
GCF_000269685.1.fna,GCF_031727075.1.fna,0.9940819999999999,0.7241379310344828,1
GCF_000269685.1.fna,GCF_031727235.1.fna,0.974914,0.7586206896551724,1
GCF_000269685.1.fna,GCF_031727255.1.fna,0.95583,0.8620689655172413,1
GCF_000269685.1.fna,GCF_031727275.1.fna,0.9683320000000001,0.7241379310344828,1
GCF_000269685.1.fna,GCF_031727355.1.fna,0.9940300000000001,0.7241379310344828,1
GCF_000269685.1.fna,GCF_031727455.1.fna,0.95949,0.7241379310344828,1
GCF_000269685.1.fna,GCF_031727535.1.fna,0.975046,0.7586206896551724,1
GCF_000269685.1.fna,GCF_031728075.1.fna,0.9917570000000001,0.7586206896551724,1
GCF_000269685.1.fna,GCF_031728095.1.fna,0.9659,0.7241379310344828,1
GCF_000269685.1.fna,GCF_031728115.1.fna,0.993566,0.7586206896551724,1
GCF_000269685.1.fna,GCF_031728155.1.fna,0.993229,0.7586206896551724,1
GCF_000269685.1.fna,GCF_031728235.1.fna,0.992957,0.7931034482758621,1
GCF_000269685.1.fna,GCF_031728275.1.fna,0.9775469999999999,0.6896551724137931,1
GCF_000269685.1.fna,GCF_031728295.1.fna,0.9907729999999999,0.8275862068965517,1
GCF_000269685.1.fna,GCF_031728315.1.fna,0.984608,0.896551724137931,1
GCF_000269685.1.fna,GCF_031728335.1.fna,0.9925350000000001,0.7931034482758621,1
GCF_000269685.1.fna,GCF_031728415.1.fna,0.960844,0.7931034482758621,1
GCF_000269685.1.fna,GCF_031728455.1.fna,0.977402,0.6896551724137931,1
GCF_000269685.1.fna,GCF_031728475.1.fna,0.9949979999999999,0.7586206896551724,1
GCF_000269685.1.fna,GCF_031728495.1.fna,0.9690420000000001,0.7241379310344828,1
GCF_000269685.1.fna,GCF_031728515.1.fna,0.9653780000000001,0.7931034482758621,1
GCF_000269685.1.fna,GCF_031728555.1.fna,0.9816819999999999,0.8620689655172413,1
GCF_000269685.1.fna,GCF_031728675.1.fna,0.9774930000000001,0.7241379310344828,1
GCF_000269685.1.fna,GCF_031728695.1.fna,0.9767480000000001,0.6896551724137931,1
GCF_000269685.1.fna,GCF_031728715.1.fna,0.9773900000000001,0.6896551724137931,1
GCF_000269685.1.fna,GCF_031728735.1.fna,0.981735,0.8275862068965517,1
GCF_000269685.1.fna,GCF_031728745.1.fna,0.9883270000000001,0.7931034482758621,1
GCF_000269685.1.fna,GCF_031728795.1.fna,0.978046,0.7241379310344828,1
GCF_000269685.1.fna,GCF_031728835.1.fna,0.992593,0.7586206896551724,1
GCF_000269685.1.fna,GCF_031728895.1.fna,0.9730639999999999,0.7241379310344828,1
GCF_000269685.1.fna,GCF_031729015.1.fna,0.977358,0.6896551724137931,1
GCF_000269685.1.fna,GCF_036419895.1.fna,0.977471,0.6896551724137931,1
GCF_000269685.1.fna,GCF_036420075.1.fna,0.9752339999999999,0.7931034482758621,1
GCF_000269685.1.fna,GCF_037694985.1.fna,0.975527,0.9310344827586207,1
GCF_000269685.1.fna,GCF_037695175.1.fna,0.9679989999999999,0.7241379310344828,1
GCF_000269685.1.fna,GCF_037700135.1.fna,0.992355,0.7931034482758621,1
GCF_000269685.1.fna,GCF_037700155.1.fna,0.994657,0.7586206896551724,1
GCF_000269685.1.fna,GCF_037700295.1.fna,0.995714,0.7241379310344828,1
GCF_000269685.1.fna,GCF_037700315.1.fna,0.974228,0.7586206896551724,1
GCF_000269685.1.fna,GCF_037700375.1.fna,0.96878,0.8275862068965517,1
GCF_000269685.1.fna,GCF_037700455.1.fna,0.969516,0.8275862068965517,1
GCF_000269685.1.fna,GCF_040947025.1.fna,0.988373,0.896551724137931,1
GCF_000269685.1.fna,GCF_040947065.1.fna,0.973905,0.7931034482758621,1
GCF_000269685.1.fna,GCF_040947125.1.fna,0.964718,0.7931034482758621,1
GCF_000269685.1.fna,GCF_040947205.1.fna,0.988178,0.7931034482758621,1
GCF_000269685.1.fna,GCF_040947225.1.fna,0.9794039999999999,0.6896551724137931,1
GCF_000269685.1.fna,GCF_040947605.1.fna,0.9951730000000001,0.7241379310344828,1
GCF_000269685.1.fna,GCF_040947645.1.fna,0.995103,0.6896551724137931,1
GCF_000269685.1.fna,GCF_047653515.1.fna,0.989363,0.7931034482758621,1
GCF_000269685.1.fna,GCF_047653525.1.fna,0.9931570000000001,0.8620689655172413,1
GCF_000269685.1.fna,GCF_052950835.1.fna,0.973517,0.6896551724137931,1
GCF_000269685.1.fna,GCF_900458635.1.fna,0.971697,0.7586206896551724,1
GCF_000269685.1.fna,GCF_964211265.1.fna,0.977089,0.7241379310344828,1
GCF_002901845.1.fna,GCF_000269685.1.fna,0.9714010000000001,0.9565217391304348,1
GCF_002901845.1.fna,GCF_002901845.1.fna,1.0,1.0,1
GCF_002901845.1.fna,GCF_013267575.1.fna,0.9948650000000001,0.8695652173913043,1
GCF_002901845.1.fna,GCF_015274535.1.fna,0.975007,0.8695652173913043,1
GCF_002901845.1.fna,GCF_015274585.1.fna,0.975007,0.8695652173913043,1
GCF_002901845.1.fna,GCF_015274655.1.fna,0.975007,0.8695652173913043,1
GCF_002901845.1.fna,GCF_015274675.1.fna,0.970606,0.9565217391304348,1
GCF_002901845.1.fna,GCF_017315625.1.fna,0.977381,0.8695652173913043,1
GCF_002901845.1.fna,GCF_017315645.1.fna,0.970901,0.9565217391304348,1
GCF_002901845.1.fna,GCF_022689565.1.fna,0.976268,0.8695652173913043,1
GCF_002901845.1.fna,GCF_022689575.1.fna,0.996996,0.8695652173913043,1
GCF_002901845.1.fna,GCF_022689615.1.fna,0.971427,0.8695652173913043,1
GCF_002901845.1.fna,GCF_022689645.1.fna,0.996144,0.8695652173913043,1
GCF_002901845.1.fna,GCF_022689665.1.fna,0.996996,0.8695652173913043,1
GCF_002901845.1.fna,GCF_022689675.1.fna,0.975249,0.8695652173913043,1
GCF_002901845.1.fna,GCF_022689705.1.fna,0.996144,0.8695652173913043,1
GCF_002901845.1.fna,GCF_022689725.1.fna,0.996996,0.8695652173913043,1
GCF_002901845.1.fna,GCF_022689745.1.fna,0.975248,0.8695652173913043,1
GCF_002901845.1.fna,GCF_022689765.1.fna,0.9752580000000001,0.8695652173913043,1
GCF_002901845.1.fna,GCF_022689775.1.fna,0.994025,0.8695652173913043,1
GCF_002901845.1.fna,GCF_022689785.1.fna,0.9940300000000001,0.8695652173913043,1
GCF_002901845.1.fna,GCF_022689825.1.fna,0.9752580000000001,0.8695652173913043,1
GCF_002901845.1.fna,GCF_022689845.1.fna,0.969268,0.9565217391304348,1
GCF_002901845.1.fna,GCF_022689855.1.fna,0.994055,0.8695652173913043,1
GCF_002901845.1.fna,GCF_022689905.1.fna,0.968043,1.0,1
GCF_002901845.1.fna,GCF_022689925.1.fna,0.9640139999999999,0.8260869565217391,1
GCF_002901845.1.fna,GCF_022689945.1.fna,0.967923,0.8260869565217391,1
GCF_002901845.1.fna,GCF_022689965.1.fna,0.971467,0.9565217391304348,1
GCF_002901845.1.fna,GCF_022689975.1.fna,0.9752580000000001,0.8695652173913043,1
GCF_002901845.1.fna,GCF_022690005.1.fna,0.993584,0.8695652173913043,1
GCF_002901845.1.fna,GCF_022690025.1.fna,0.997033,0.8695652173913043,1
GCF_002901845.1.fna,GCF_022690045.1.fna,0.993584,0.8695652173913043,1
GCF_002901845.1.fna,GCF_022690065.1.fna,0.965368,1.0,1
GCF_002901845.1.fna,GCF_022690085.1.fna,0.973516,0.8695652173913043,1
GCF_002901845.1.fna,GCF_022690105.1.fna,0.974863,0.8695652173913043,1
GCF_002901845.1.fna,GCF_022690115.1.fna,0.9745539999999999,0.8695652173913043,1
GCF_002901845.1.fna,GCF_022690145.1.fna,0.965367,1.0,1
GCF_002901845.1.fna,GCF_022690165.1.fna,0.965368,1.0,1
GCF_002901845.1.fna,GCF_022690185.1.fna,0.9888420000000001,0.9130434782608695,1
GCF_002901845.1.fna,GCF_022690205.1.fna,0.994006,0.8695652173913043,1
GCF_002901845.1.fna,GCF_022690225.1.fna,0.993649,0.8260869565217391,1
GCF_002901845.1.fna,GCF_022690245.1.fna,0.974458,0.8695652173913043,1
GCF_002901845.1.fna,GCF_022690265.1.fna,0.975084,0.8695652173913043,1
GCF_002901845.1.fna,GCF_022690275.1.fna,0.9737649999999999,0.8695652173913043,1
GCF_002901845.1.fna,GCF_022690295.1.fna,0.9569240000000001,0.9130434782608695,1
GCF_002901845.1.fna,GCF_022690325.1.fna,0.9949020000000001,0.8695652173913043,1
GCF_002901845.1.fna,GCF_022690345.1.fna,0.975719,0.8695652173913043,1
GCF_002901845.1.fna,GCF_022690375.1.fna,0.9844740000000001,1.0,1
GCF_002901845.1.fna,GCF_022690385.1.fna,0.975218,0.8695652173913043,1
GCF_002901845.1.fna,GCF_022690425.1.fna,0.9758490000000001,0.8695652173913043,1
GCF_002901845.1.fna,GCF_025143205.1.fna,0.974796,0.8695652173913043,1
GCF_002901845.1.fna,GCF_025143445.1.fna,0.980316,1.0,1
GCF_002901845.1.fna,GCF_025143615.1.fna,0.994047,0.8695652173913043,1
GCF_002901845.1.fna,GCF_029926865.1.fna,0.9779040000000001,0.8695652173913043,1
GCF_002901845.1.fna,GCF_029926905.1.fna,0.9779040000000001,0.8695652173913043,1
GCF_002901845.1.fna,GCF_029926915.1.fna,0.9779040000000001,0.8695652173913043,1
GCF_002901845.1.fna,GCF_031631055.1.fna,0.9830589999999999,0.9130434782608695,1
GCF_002901845.1.fna,GCF_031727055.1.fna,0.987207,0.9565217391304348,1
GCF_002901845.1.fna,GCF_031727075.1.fna,0.975249,0.8695652173913043,1
GCF_002901845.1.fna,GCF_031727235.1.fna,0.994055,0.8695652173913043,1
GCF_002901845.1.fna,GCF_031727255.1.fna,0.9569240000000001,0.9130434782608695,1
GCF_002901845.1.fna,GCF_031727275.1.fna,0.994029,0.8260869565217391,1
GCF_002901845.1.fna,GCF_031727355.1.fna,0.976268,0.8695652173913043,1
GCF_002901845.1.fna,GCF_031727455.1.fna,0.964417,0.9130434782608695,1
GCF_002901845.1.fna,GCF_031727535.1.fna,0.99709,0.8695652173913043,1
GCF_002901845.1.fna,GCF_031728075.1.fna,0.9758490000000001,0.8695652173913043,1
GCF_002901845.1.fna,GCF_031728095.1.fna,0.9829859999999999,0.9130434782608695,1
GCF_002901845.1.fna,GCF_031728115.1.fna,0.976348,0.8695652173913043,1
GCF_002901845.1.fna,GCF_031728155.1.fna,0.9774160000000001,0.8695652173913043,1
GCF_002901845.1.fna,GCF_031728235.1.fna,0.969977,0.9565217391304348,1
GCF_002901845.1.fna,GCF_031728275.1.fna,0.995541,0.8695652173913043,1
GCF_002901845.1.fna,GCF_031728295.1.fna,0.9708669999999999,0.9565217391304348,1
GCF_002901845.1.fna,GCF_031728315.1.fna,0.968043,1.0,1
GCF_002901845.1.fna,GCF_031728335.1.fna,0.969953,0.9565217391304348,1
GCF_002901845.1.fna,GCF_031728415.1.fna,0.983199,0.9565217391304348,1
GCF_002901845.1.fna,GCF_031728455.1.fna,0.993814,0.8695652173913043,1
GCF_002901845.1.fna,GCF_031728475.1.fna,0.974689,0.8695652173913043,1
GCF_002901845.1.fna,GCF_031728495.1.fna,0.993916,0.8695652173913043,1
GCF_002901845.1.fna,GCF_031728515.1.fna,0.967941,0.8260869565217391,1
GCF_002901845.1.fna,GCF_031728555.1.fna,0.965367,1.0,1
GCF_002901845.1.fna,GCF_031728675.1.fna,0.994798,0.8695652173913043,1
GCF_002901845.1.fna,GCF_031728695.1.fna,0.9937229999999999,0.8695652173913043,1
GCF_002901845.1.fna,GCF_031728715.1.fna,0.99387,0.8695652173913043,1
GCF_002901845.1.fna,GCF_031728735.1.fna,0.964262,1.0,1
GCF_002901845.1.fna,GCF_031728745.1.fna,0.971509,0.9565217391304348,1
GCF_002901845.1.fna,GCF_031728795.1.fna,0.993622,0.8695652173913043,1
GCF_002901845.1.fna,GCF_031728835.1.fna,0.97529,0.8695652173913043,1
GCF_002901845.1.fna,GCF_031728895.1.fna,0.988424,0.9130434782608695,1
GCF_002901845.1.fna,GCF_031729015.1.fna,0.9869410000000001,0.8695652173913043,1
GCF_002901845.1.fna,GCF_036419895.1.fna,0.993988,0.8695652173913043,1
GCF_002901845.1.fna,GCF_036420075.1.fna,0.967923,0.8260869565217391,1
GCF_002901845.1.fna,GCF_037694985.1.fna,0.967885,1.0,1
GCF_002901845.1.fna,GCF_037695175.1.fna,0.997096,0.8695652173913043,1
GCF_002901845.1.fna,GCF_037700135.1.fna,0.975171,0.8695652173913043,1
GCF_002901845.1.fna,GCF_037700155.1.fna,0.976936,0.8695652173913043,1
GCF_002901845.1.fna,GCF_037700295.1.fna,0.976557,0.8260869565217391,1
GCF_002901845.1.fna,GCF_037700315.1.fna,0.989843,0.9130434782608695,1
GCF_002901845.1.fna,GCF_037700375.1.fna,0.987673,1.0,1
GCF_002901845.1.fna,GCF_037700455.1.fna,0.987673,1.0,1
GCF_002901845.1.fna,GCF_040947025.1.fna,0.9715210000000001,1.0,1
GCF_002901845.1.fna,GCF_040947065.1.fna,0.9842400000000001,0.9130434782608695,1
GCF_002901845.1.fna,GCF_040947125.1.fna,0.993472,0.9565217391304348,1
GCF_002901845.1.fna,GCF_040947205.1.fna,0.966009,0.9130434782608695,1
GCF_002901845.1.fna,GCF_040947225.1.fna,0.991379,0.8695652173913043,1
GCF_002901845.1.fna,GCF_040947605.1.fna,0.974834,0.8695652173913043,1
GCF_002901845.1.fna,GCF_040947645.1.fna,0.974834,0.8695652173913043,1
GCF_002901845.1.fna,GCF_047653515.1.fna,0.976409,0.8695652173913043,1
GCF_002901845.1.fna,GCF_047653525.1.fna,0.972043,0.9130434782608695,1
GCF_002901845.1.fna,GCF_052950835.1.fna,0.987198,0.8695652173913043,1
GCF_002901845.1.fna,GCF_900458635.1.fna,1.0,1.0,1
GCF_002901845.1.fna,GCF_964211265.1.fna,0.9955660000000001,0.8695652173913043,1
GCF_013267575.1.fna,GCF_000269685.1.fna,0.9774200000000001,0.8076923076923077,1
GCF_013267575.1.fna,GCF_002901845.1.fna,0.994869,0.7692307692307693,1
GCF_013267575.1.fna,GCF_013267575.1.fna,1.0,1.0,1
GCF_013267575.1.fna,GCF_015274535.1.fna,0.9757170000000001,0.8076923076923077,1
GCF_013267575.1.fna,GCF_015274585.1.fna,0.9757170000000001,0.8076923076923077,1
GCF_013267575.1.fna,GCF_015274655.1.fna,0.9757170000000001,0.8076923076923077,1
GCF_013267575.1.fna,GCF_015274675.1.fna,0.9774809999999999,0.8076923076923077,1
GCF_013267575.1.fna,GCF_017315625.1.fna,0.977757,0.8076923076923077,1
GCF_013267575.1.fna,GCF_017315645.1.fna,0.9767910000000001,0.8076923076923077,1
GCF_013267575.1.fna,GCF_022689565.1.fna,0.974935,0.7692307692307693,1
GCF_013267575.1.fna,GCF_022689575.1.fna,0.994843,0.8076923076923077,1
GCF_013267575.1.fna,GCF_022689615.1.fna,0.9738079999999999,0.7692307692307693,1
GCF_013267575.1.fna,GCF_022689645.1.fna,0.9931260000000001,0.7692307692307693,1
GCF_013267575.1.fna,GCF_022689665.1.fna,0.994684,0.8076923076923077,1
GCF_013267575.1.fna,GCF_022689675.1.fna,0.9746009999999999,0.8076923076923077,1
GCF_013267575.1.fna,GCF_022689705.1.fna,0.992759,0.8076923076923077,1
GCF_013267575.1.fna,GCF_022689725.1.fna,0.994843,0.8076923076923077,1
GCF_013267575.1.fna,GCF_022689745.1.fna,0.974655,0.8076923076923077,1
GCF_013267575.1.fna,GCF_022689765.1.fna,0.976155,0.8076923076923077,1
GCF_013267575.1.fna,GCF_022689775.1.fna,0.995732,0.7692307692307693,1
GCF_013267575.1.fna,GCF_022689785.1.fna,0.9853400000000001,0.8461538461538461,1
GCF_013267575.1.fna,GCF_022689825.1.fna,0.976155,0.8076923076923077,1
GCF_013267575.1.fna,GCF_022689845.1.fna,0.975568,0.7692307692307693,1
GCF_013267575.1.fna,GCF_022689855.1.fna,0.994175,0.8076923076923077,1
GCF_013267575.1.fna,GCF_022689905.1.fna,0.976691,0.8076923076923077,1
GCF_013267575.1.fna,GCF_022689925.1.fna,0.973354,0.7307692307692307,1
GCF_013267575.1.fna,GCF_022689945.1.fna,0.967452,0.7692307692307693,1
GCF_013267575.1.fna,GCF_022689965.1.fna,0.9763299999999999,0.8076923076923077,1
GCF_013267575.1.fna,GCF_022689975.1.fna,0.9761310000000001,0.8076923076923077,1
GCF_013267575.1.fna,GCF_022690005.1.fna,0.992561,0.8076923076923077,1
GCF_013267575.1.fna,GCF_022690025.1.fna,0.994718,0.8076923076923077,1
GCF_013267575.1.fna,GCF_022690045.1.fna,0.992561,0.8076923076923077,1
GCF_013267575.1.fna,GCF_022690065.1.fna,0.9756529999999999,0.8076923076923077,1
GCF_013267575.1.fna,GCF_022690085.1.fna,0.9735509999999999,0.8076923076923077,1
GCF_013267575.1.fna,GCF_022690105.1.fna,0.9754600000000001,0.8076923076923077,1
GCF_013267575.1.fna,GCF_022690115.1.fna,0.973159,0.8076923076923077,1
GCF_013267575.1.fna,GCF_022690145.1.fna,0.9756529999999999,0.8076923076923077,1
GCF_013267575.1.fna,GCF_022690165.1.fna,0.975678,0.8076923076923077,1
GCF_013267575.1.fna,GCF_022690185.1.fna,0.986386,0.8461538461538461,1
GCF_013267575.1.fna,GCF_022690205.1.fna,0.9956999999999999,0.7692307692307693,1
GCF_013267575.1.fna,GCF_022690225.1.fna,0.9919929999999999,0.7692307692307693,1
GCF_013267575.1.fna,GCF_022690245.1.fna,0.975257,0.8076923076923077,1
GCF_013267575.1.fna,GCF_022690265.1.fna,0.975642,0.8076923076923077,1
GCF_013267575.1.fna,GCF_022690275.1.fna,0.974431,0.7692307692307693,1
GCF_013267575.1.fna,GCF_022690295.1.fna,0.9548909999999999,0.7692307692307693,1
GCF_013267575.1.fna,GCF_022690325.1.fna,0.993306,0.8076923076923077,1
GCF_013267575.1.fna,GCF_022690345.1.fna,0.974996,0.8076923076923077,1
GCF_013267575.1.fna,GCF_022690375.1.fna,0.994118,0.8076923076923077,1
GCF_013267575.1.fna,GCF_022690385.1.fna,0.9772280000000001,0.8461538461538461,1
GCF_013267575.1.fna,GCF_022690425.1.fna,0.977119,0.8076923076923077,1
GCF_013267575.1.fna,GCF_025143205.1.fna,0.9774250000000001,0.8846153846153846,1
GCF_013267575.1.fna,GCF_025143445.1.fna,0.9939190000000001,0.8076923076923077,1
GCF_013267575.1.fna,GCF_025143615.1.fna,0.9958549999999999,0.8461538461538461,1
GCF_013267575.1.fna,GCF_029926865.1.fna,0.979704,0.8461538461538461,1
GCF_013267575.1.fna,GCF_029926905.1.fna,0.979704,0.8461538461538461,1
GCF_013267575.1.fna,GCF_029926915.1.fna,0.979704,0.8461538461538461,1
GCF_013267575.1.fna,GCF_031631055.1.fna,0.989731,0.7692307692307693,1
GCF_013267575.1.fna,GCF_031727055.1.fna,0.9912779999999999,0.8076923076923077,1
GCF_013267575.1.fna,GCF_031727075.1.fna,0.96811,0.8461538461538461,1
GCF_013267575.1.fna,GCF_031727235.1.fna,0.9941979999999999,0.8076923076923077,1
GCF_013267575.1.fna,GCF_031727255.1.fna,0.949029,0.8076923076923077,1
GCF_013267575.1.fna,GCF_031727275.1.fna,0.9924299999999999,0.7692307692307693,1
GCF_013267575.1.fna,GCF_031727355.1.fna,0.974935,0.7692307692307693,1
GCF_013267575.1.fna,GCF_031727455.1.fna,0.9738,0.7692307692307693,1
GCF_013267575.1.fna,GCF_031727535.1.fna,0.9949840000000001,0.8076923076923077,1
GCF_013267575.1.fna,GCF_031728075.1.fna,0.977119,0.8076923076923077,1
GCF_013267575.1.fna,GCF_031728095.1.fna,0.996546,0.8461538461538461,1
GCF_013267575.1.fna,GCF_031728115.1.fna,0.9768789999999999,0.8076923076923077,1
GCF_013267575.1.fna,GCF_031728155.1.fna,0.976629,0.8076923076923077,1
GCF_013267575.1.fna,GCF_031728235.1.fna,0.9748739999999999,0.8076923076923077,1
GCF_013267575.1.fna,GCF_031728275.1.fna,0.992294,0.8461538461538461,1
GCF_013267575.1.fna,GCF_031728295.1.fna,0.976721,0.8076923076923077,1
GCF_013267575.1.fna,GCF_031728315.1.fna,0.976716,0.8076923076923077,1
GCF_013267575.1.fna,GCF_031728335.1.fna,0.975473,0.8076923076923077,1
GCF_013267575.1.fna,GCF_031728415.1.fna,0.992676,0.8076923076923077,1
GCF_013267575.1.fna,GCF_031728455.1.fna,0.9924729999999999,0.8076923076923077,1
GCF_013267575.1.fna,GCF_031728475.1.fna,0.9752630000000001,0.8076923076923077,1
GCF_013267575.1.fna,GCF_031728495.1.fna,0.992687,0.8076923076923077,1
GCF_013267575.1.fna,GCF_031728515.1.fna,0.954685,0.7692307692307693,1
GCF_013267575.1.fna,GCF_031728555.1.fna,0.975678,0.8076923076923077,1
GCF_013267575.1.fna,GCF_031728675.1.fna,0.9993040000000001,0.8461538461538461,1
GCF_013267575.1.fna,GCF_031728695.1.fna,0.997868,0.8461538461538461,1
GCF_013267575.1.fna,GCF_031728715.1.fna,0.986361,0.8461538461538461,1
GCF_013267575.1.fna,GCF_031728735.1.fna,0.973946,0.8076923076923077,1
GCF_013267575.1.fna,GCF_031728745.1.fna,0.974023,0.8461538461538461,1
GCF_013267575.1.fna,GCF_031728795.1.fna,0.9935259999999999,0.8076923076923077,1
GCF_013267575.1.fna,GCF_031728835.1.fna,0.9758979999999999,0.8076923076923077,1
GCF_013267575.1.fna,GCF_031728895.1.fna,0.991156,0.8461538461538461,1
GCF_013267575.1.fna,GCF_031729015.1.fna,0.990165,0.8076923076923077,1
GCF_013267575.1.fna,GCF_036419895.1.fna,0.990442,0.8461538461538461,1
GCF_013267575.1.fna,GCF_036420075.1.fna,0.958981,0.8076923076923077,1
GCF_013267575.1.fna,GCF_037694985.1.fna,0.9758979999999999,0.8076923076923077,1
GCF_013267575.1.fna,GCF_037695175.1.fna,0.9951810000000001,0.7692307692307693,1
GCF_013267575.1.fna,GCF_037700135.1.fna,0.976075,0.8076923076923077,1
GCF_013267575.1.fna,GCF_037700155.1.fna,0.976505,0.8076923076923077,1
GCF_013267575.1.fna,GCF_037700295.1.fna,0.976501,0.7692307692307693,1
GCF_013267575.1.fna,GCF_037700315.1.fna,0.996257,0.8076923076923077,1
GCF_013267575.1.fna,GCF_037700375.1.fna,0.993692,0.8076923076923077,1
GCF_013267575.1.fna,GCF_037700455.1.fna,0.9939610000000001,0.8076923076923077,1
GCF_013267575.1.fna,GCF_040947025.1.fna,0.978244,0.8076923076923077,1
GCF_013267575.1.fna,GCF_040947065.1.fna,0.983229,0.8461538461538461,1
GCF_013267575.1.fna,GCF_040947125.1.fna,0.995085,0.7692307692307693,1
GCF_013267575.1.fna,GCF_040947205.1.fna,0.975274,0.7692307692307693,1
GCF_013267575.1.fna,GCF_040947225.1.fna,0.9899840000000001,0.8076923076923077,1
GCF_013267575.1.fna,GCF_040947605.1.fna,0.975361,0.8076923076923077,1
GCF_013267575.1.fna,GCF_040947645.1.fna,0.975361,0.8076923076923077,1
GCF_013267575.1.fna,GCF_047653515.1.fna,0.973767,0.8461538461538461,1
GCF_013267575.1.fna,GCF_047653525.1.fna,0.974413,0.8461538461538461,1
GCF_013267575.1.fna,GCF_052950835.1.fna,0.9896299999999999,0.7692307692307693,1
GCF_013267575.1.fna,GCF_900458635.1.fna,0.994869,0.7692307692307693,1
GCF_013267575.1.fna,GCF_964211265.1.fna,0.9932470000000001,0.8076923076923077,1
GCF_015274535.1.fna,GCF_000269685.1.fna,0.9940779999999999,0.84,1
GCF_015274535.1.fna,GCF_002901845.1.fna,0.975101,0.8,1
GCF_015274535.1.fna,GCF_013267575.1.fna,0.975375,0.8,1
GCF_015274535.1.fna,GCF_015274535.1.fna,1.0,1.0,1
GCF_015274535.1.fna,GCF_015274585.1.fna,1.0,0.92,1
GCF_015274535.1.fna,GCF_015274655.1.fna,0.999496,0.96,1
GCF_015274535.1.fna,GCF_015274675.1.fna,0.9942759999999999,0.88,1
GCF_015274535.1.fna,GCF_017315625.1.fna,0.994214,0.88,1
GCF_015274535.1.fna,GCF_017315645.1.fna,0.9929600000000001,0.88,1
GCF_015274535.1.fna,GCF_022689565.1.fna,0.993767,0.84,1
GCF_015274535.1.fna,GCF_022689575.1.fna,0.975082,0.84,1
GCF_015274535.1.fna,GCF_022689615.1.fna,0.9951390000000001,0.84,1
GCF_015274535.1.fna,GCF_022689645.1.fna,0.975371,0.8,1
GCF_015274535.1.fna,GCF_022689665.1.fna,0.9747520000000001,0.84,1
GCF_015274535.1.fna,GCF_022689675.1.fna,0.9953069999999999,0.84,1
GCF_015274535.1.fna,GCF_022689705.1.fna,0.975603,0.84,1
GCF_015274535.1.fna,GCF_022689725.1.fna,0.9753499999999999,0.84,1
GCF_015274535.1.fna,GCF_022689745.1.fna,0.995606,0.88,1
GCF_015274535.1.fna,GCF_022689765.1.fna,0.9941679999999999,0.88,1
GCF_015274535.1.fna,GCF_022689775.1.fna,0.974637,0.84,1
GCF_015274535.1.fna,GCF_022689785.1.fna,0.97548,0.84,1
GCF_015274535.1.fna,GCF_022689825.1.fna,0.9924729999999999,0.88,1
GCF_015274535.1.fna,GCF_022689845.1.fna,0.994891,0.88,1
GCF_015274535.1.fna,GCF_022689855.1.fna,0.974041,0.88,1
GCF_015274535.1.fna,GCF_022689905.1.fna,0.9944670000000001,0.88,1
GCF_015274535.1.fna,GCF_022689925.1.fna,0.967637,0.76,1
GCF_015274535.1.fna,GCF_022689945.1.fna,0.9812829999999999,0.84,1
GCF_015274535.1.fna,GCF_022689965.1.fna,0.991616,0.88,1
GCF_015274535.1.fna,GCF_022689975.1.fna,0.994992,0.84,1
GCF_015274535.1.fna,GCF_022690005.1.fna,0.9763890000000001,0.84,1
GCF_015274535.1.fna,GCF_022690025.1.fna,0.974104,0.88,1
GCF_015274535.1.fna,GCF_022690045.1.fna,0.9763890000000001,0.84,1
GCF_015274535.1.fna,GCF_022690065.1.fna,0.99532,0.92,1
GCF_015274535.1.fna,GCF_022690085.1.fna,0.967016,0.84,1
GCF_015274535.1.fna,GCF_022690105.1.fna,0.995894,0.84,1
GCF_015274535.1.fna,GCF_022690115.1.fna,0.9847090000000001,0.84,1
GCF_015274535.1.fna,GCF_022690145.1.fna,0.995753,0.88,1
GCF_015274535.1.fna,GCF_022690165.1.fna,0.996574,0.84,1
GCF_015274535.1.fna,GCF_022690185.1.fna,0.9754219999999999,0.84,1
GCF_015274535.1.fna,GCF_022690205.1.fna,0.974614,0.84,1
GCF_015274535.1.fna,GCF_022690225.1.fna,0.973958,0.88,1
GCF_015274535.1.fna,GCF_022690245.1.fna,0.9934489999999999,0.92,1
GCF_015274535.1.fna,GCF_022690265.1.fna,0.9960859999999999,0.84,1
GCF_015274535.1.fna,GCF_022690275.1.fna,0.995732,0.8,1
GCF_015274535.1.fna,GCF_022690295.1.fna,0.972131,0.84,1
GCF_015274535.1.fna,GCF_022690325.1.fna,0.975359,0.84,1
GCF_015274535.1.fna,GCF_022690345.1.fna,0.9908889999999999,0.88,1
GCF_015274535.1.fna,GCF_022690375.1.fna,0.9763689999999999,0.8,1
GCF_015274535.1.fna,GCF_022690385.1.fna,0.995372,0.8,1
GCF_015274535.1.fna,GCF_022690425.1.fna,0.99297,0.92,1
GCF_015274535.1.fna,GCF_025143205.1.fna,0.996692,0.84,1
GCF_015274535.1.fna,GCF_025143445.1.fna,0.974809,0.84,1
GCF_015274535.1.fna,GCF_025143615.1.fna,0.975126,0.88,1
GCF_015274535.1.fna,GCF_029926865.1.fna,0.991726,0.88,1
GCF_015274535.1.fna,GCF_029926905.1.fna,0.991803,0.92,1
GCF_015274535.1.fna,GCF_029926915.1.fna,0.991803,0.92,1
GCF_015274535.1.fna,GCF_031631055.1.fna,0.97648,0.88,1
GCF_015274535.1.fna,GCF_031727055.1.fna,0.974002,0.88,1
GCF_015274535.1.fna,GCF_031727075.1.fna,0.9953069999999999,0.84,1
GCF_015274535.1.fna,GCF_031727235.1.fna,0.974413,0.88,1
GCF_015274535.1.fna,GCF_031727255.1.fna,0.973116,0.8,1
GCF_015274535.1.fna,GCF_031727275.1.fna,0.975869,0.8,1
GCF_015274535.1.fna,GCF_031727355.1.fna,0.993779,0.84,1
GCF_015274535.1.fna,GCF_031727455.1.fna,0.9677119999999999,0.8,1
GCF_015274535.1.fna,GCF_031727535.1.fna,0.9756,0.84,1
GCF_015274535.1.fna,GCF_031728075.1.fna,0.992962,0.88,1
GCF_015274535.1.fna,GCF_031728095.1.fna,0.974953,0.84,1
GCF_015274535.1.fna,GCF_031728115.1.fna,0.9949039999999999,0.88,1
GCF_015274535.1.fna,GCF_031728155.1.fna,0.99107,0.88,1
GCF_015274535.1.fna,GCF_031728235.1.fna,0.994805,0.88,1
GCF_015274535.1.fna,GCF_031728275.1.fna,0.97382,0.84,1
GCF_015274535.1.fna,GCF_031728295.1.fna,0.992269,0.92,1
GCF_015274535.1.fna,GCF_031728315.1.fna,0.995245,0.84,1
GCF_015274535.1.fna,GCF_031728335.1.fna,0.993965,0.88,1
GCF_015274535.1.fna,GCF_031728415.1.fna,0.976845,0.84,1
GCF_015274535.1.fna,GCF_031728455.1.fna,0.976409,0.8,1
GCF_015274535.1.fna,GCF_031728475.1.fna,0.993677,0.88,1
GCF_015274535.1.fna,GCF_031728495.1.fna,0.975912,0.88,1
GCF_015274535.1.fna,GCF_031728515.1.fna,0.9710420000000001,0.84,1
GCF_015274535.1.fna,GCF_031728555.1.fna,0.996267,0.88,1
GCF_015274535.1.fna,GCF_031728675.1.fna,0.975741,0.84,1
GCF_015274535.1.fna,GCF_031728695.1.fna,0.975119,0.88,1
GCF_015274535.1.fna,GCF_031728715.1.fna,0.975994,0.84,1
GCF_015274535.1.fna,GCF_031728735.1.fna,0.991541,0.84,1
GCF_015274535.1.fna,GCF_031728745.1.fna,0.9947280000000001,0.84,1
GCF_015274535.1.fna,GCF_031728795.1.fna,0.974924,0.92,1
GCF_015274535.1.fna,GCF_031728835.1.fna,0.9956740000000001,0.88,1
GCF_015274535.1.fna,GCF_031728895.1.fna,0.974098,0.88,1
GCF_015274535.1.fna,GCF_031729015.1.fna,0.9755020000000001,0.8,1
GCF_015274535.1.fna,GCF_036419895.1.fna,0.976015,0.84,1
GCF_015274535.1.fna,GCF_036420075.1.fna,0.9812829999999999,0.84,1
GCF_015274535.1.fna,GCF_037694985.1.fna,0.99357,0.84,1
GCF_015274535.1.fna,GCF_037695175.1.fna,0.9750660000000001,0.8,1
GCF_015274535.1.fna,GCF_037700135.1.fna,0.9945390000000001,0.92,1
GCF_015274535.1.fna,GCF_037700155.1.fna,0.993023,0.88,1
GCF_015274535.1.fna,GCF_037700295.1.fna,0.9877849999999999,0.84,1
GCF_015274535.1.fna,GCF_037700315.1.fna,0.975253,0.84,1
GCF_015274535.1.fna,GCF_037700375.1.fna,0.9745820000000001,0.88,1
GCF_015274535.1.fna,GCF_037700455.1.fna,0.975313,0.88,1
GCF_015274535.1.fna,GCF_040947025.1.fna,0.989456,0.84,1
GCF_015274535.1.fna,GCF_040947065.1.fna,0.9807640000000001,0.88,1
GCF_015274535.1.fna,GCF_040947125.1.fna,0.974075,0.84,1
GCF_015274535.1.fna,GCF_040947205.1.fna,0.993664,0.84,1
GCF_015274535.1.fna,GCF_040947225.1.fna,0.978465,0.8,1
GCF_015274535.1.fna,GCF_040947605.1.fna,0.994608,0.88,1
GCF_015274535.1.fna,GCF_040947645.1.fna,0.994551,0.84,1
GCF_015274535.1.fna,GCF_047653515.1.fna,0.99411,0.92,1
GCF_015274535.1.fna,GCF_047653525.1.fna,0.9956579999999999,0.92,1
GCF_015274535.1.fna,GCF_052950835.1.fna,0.970759,0.84,1
GCF_015274535.1.fna,GCF_900458635.1.fna,0.975101,0.8,1
GCF_015274535.1.fna,GCF_964211265.1.fna,0.974718,0.88,1
GCF_015274585.1.fna,GCF_000269685.1.fna,0.9940779999999999,0.9130434782608695,1
GCF_015274585.1.fna,GCF_002901845.1.fna,0.975101,0.8695652173913043,1
GCF_015274585.1.fna,GCF_013267575.1.fna,0.975375,0.8695652173913043,1
GCF_015274585.1.fna,GCF_015274535.1.fna,1.0,1.0,1
GCF_015274585.1.fna,GCF_015274585.1.fna,1.0,1.0,1
GCF_015274585.1.fna,GCF_015274655.1.fna,1.0,1.0,1
GCF_015274585.1.fna,GCF_015274675.1.fna,0.9943120000000001,0.9130434782608695,1
GCF_015274585.1.fna,GCF_017315625.1.fna,0.994796,0.8695652173913043,1
GCF_015274585.1.fna,GCF_017315645.1.fna,0.9931570000000001,0.8695652173913043,1
GCF_015274585.1.fna,GCF_022689565.1.fna,0.994025,0.8695652173913043,1
GCF_015274585.1.fna,GCF_022689575.1.fna,0.975082,0.9130434782608695,1
GCF_015274585.1.fna,GCF_022689615.1.fna,0.995908,0.8695652173913043,1
GCF_015274585.1.fna,GCF_022689645.1.fna,0.975371,0.8695652173913043,1
GCF_015274585.1.fna,GCF_022689665.1.fna,0.9747520000000001,0.9130434782608695,1
GCF_015274585.1.fna,GCF_022689675.1.fna,0.9960840000000001,0.8695652173913043,1
GCF_015274585.1.fna,GCF_022689705.1.fna,0.975603,0.9130434782608695,1
GCF_015274585.1.fna,GCF_022689725.1.fna,0.9753499999999999,0.9130434782608695,1
GCF_015274585.1.fna,GCF_022689745.1.fna,0.995656,0.9130434782608695,1
GCF_015274585.1.fna,GCF_022689765.1.fna,0.995502,0.9130434782608695,1
GCF_015274585.1.fna,GCF_022689775.1.fna,0.975639,0.8695652173913043,1
GCF_015274585.1.fna,GCF_022689785.1.fna,0.97548,0.9130434782608695,1
GCF_015274585.1.fna,GCF_022689825.1.fna,0.995427,0.9130434782608695,1
GCF_015274585.1.fna,GCF_022689845.1.fna,0.9957640000000001,0.8695652173913043,1
GCF_015274585.1.fna,GCF_022689855.1.fna,0.974658,0.9130434782608695,1
GCF_015274585.1.fna,GCF_022689905.1.fna,0.994735,0.9130434782608695,1
GCF_015274585.1.fna,GCF_022689925.1.fna,0.967637,0.8260869565217391,1
GCF_015274585.1.fna,GCF_022689945.1.fna,0.985083,0.8260869565217391,1
GCF_015274585.1.fna,GCF_022689965.1.fna,0.9927370000000001,0.8695652173913043,1
GCF_015274585.1.fna,GCF_022689975.1.fna,0.994992,0.9130434782608695,1
GCF_015274585.1.fna,GCF_022690005.1.fna,0.9763890000000001,0.9130434782608695,1
GCF_015274585.1.fna,GCF_022690025.1.fna,0.974902,0.9130434782608695,1
GCF_015274585.1.fna,GCF_022690045.1.fna,0.9763890000000001,0.9130434782608695,1
GCF_015274585.1.fna,GCF_022690065.1.fna,0.996105,0.9130434782608695,1
GCF_015274585.1.fna,GCF_022690085.1.fna,0.967016,0.9130434782608695,1
GCF_015274585.1.fna,GCF_022690105.1.fna,0.995894,0.9130434782608695,1
GCF_015274585.1.fna,GCF_022690115.1.fna,0.9847090000000001,0.9130434782608695,1
GCF_015274585.1.fna,GCF_022690145.1.fna,0.996105,0.9130434782608695,1
GCF_015274585.1.fna,GCF_022690165.1.fna,0.996574,0.9130434782608695,1
GCF_015274585.1.fna,GCF_022690185.1.fna,0.9754219999999999,0.9130434782608695,1
GCF_015274585.1.fna,GCF_022690205.1.fna,0.9756140000000001,0.8695652173913043,1
GCF_015274585.1.fna,GCF_022690225.1.fna,0.974148,0.9130434782608695,1
GCF_015274585.1.fna,GCF_022690245.1.fna,0.99367,0.9565217391304348,1
GCF_015274585.1.fna,GCF_022690265.1.fna,0.9960859999999999,0.9130434782608695,1
GCF_015274585.1.fna,GCF_022690275.1.fna,0.995732,0.8695652173913043,1
GCF_015274585.1.fna,GCF_022690295.1.fna,0.973116,0.8695652173913043,1
GCF_015274585.1.fna,GCF_022690325.1.fna,0.975359,0.9130434782608695,1
GCF_015274585.1.fna,GCF_022690345.1.fna,0.991106,0.9130434782608695,1
GCF_015274585.1.fna,GCF_022690375.1.fna,0.9763689999999999,0.8695652173913043,1
GCF_015274585.1.fna,GCF_022690385.1.fna,0.995372,0.8695652173913043,1
GCF_015274585.1.fna,GCF_022690425.1.fna,0.9935590000000001,0.9130434782608695,1
GCF_015274585.1.fna,GCF_025143205.1.fna,0.996692,0.9130434782608695,1
GCF_015274585.1.fna,GCF_025143445.1.fna,0.974809,0.9130434782608695,1
GCF_015274585.1.fna,GCF_025143615.1.fna,0.976102,0.9130434782608695,1
GCF_015274585.1.fna,GCF_029926865.1.fna,0.9918290000000001,0.9130434782608695,1
GCF_015274585.1.fna,GCF_029926905.1.fna,0.9918290000000001,0.9130434782608695,1
GCF_015274585.1.fna,GCF_029926915.1.fna,0.9918290000000001,0.9130434782608695,1
GCF_015274585.1.fna,GCF_031631055.1.fna,0.976645,0.9130434782608695,1
GCF_015274585.1.fna,GCF_031727055.1.fna,0.974795,0.9130434782608695,1
GCF_015274585.1.fna,GCF_031727075.1.fna,0.9960840000000001,0.8695652173913043,1
GCF_015274585.1.fna,GCF_031727235.1.fna,0.975047,0.9130434782608695,1
GCF_015274585.1.fna,GCF_031727255.1.fna,0.973116,0.8695652173913043,1
GCF_015274585.1.fna,GCF_031727275.1.fna,0.975869,0.8695652173913043,1
GCF_015274585.1.fna,GCF_031727355.1.fna,0.994025,0.8695652173913043,1
GCF_015274585.1.fna,GCF_031727455.1.fna,0.9677119999999999,0.8695652173913043,1
GCF_015274585.1.fna,GCF_031727535.1.fna,0.9756,0.9130434782608695,1
GCF_015274585.1.fna,GCF_031728075.1.fna,0.9935590000000001,0.9130434782608695,1
GCF_015274585.1.fna,GCF_031728095.1.fna,0.975091,0.8695652173913043,1
GCF_015274585.1.fna,GCF_031728115.1.fna,0.9957590000000001,0.9130434782608695,1
GCF_015274585.1.fna,GCF_031728155.1.fna,0.9930880000000001,0.9130434782608695,1
GCF_015274585.1.fna,GCF_031728235.1.fna,0.995429,0.9130434782608695,1
GCF_015274585.1.fna,GCF_031728275.1.fna,0.97382,0.9130434782608695,1
GCF_015274585.1.fna,GCF_031728295.1.fna,0.9936419999999999,0.9130434782608695,1
GCF_015274585.1.fna,GCF_031728315.1.fna,0.995245,0.9130434782608695,1
GCF_015274585.1.fna,GCF_031728335.1.fna,0.996425,0.9130434782608695,1
GCF_015274585.1.fna,GCF_031728415.1.fna,0.976845,0.9130434782608695,1
GCF_015274585.1.fna,GCF_031728455.1.fna,0.976409,0.8695652173913043,1
GCF_015274585.1.fna,GCF_031728475.1.fna,0.99393,0.9130434782608695,1
GCF_015274585.1.fna,GCF_031728495.1.fna,0.9768600000000001,0.9130434782608695,1
GCF_015274585.1.fna,GCF_031728515.1.fna,0.972966,0.8695652173913043,1
GCF_015274585.1.fna,GCF_031728555.1.fna,0.9966320000000001,0.9130434782608695,1
GCF_015274585.1.fna,GCF_031728675.1.fna,0.975741,0.9130434782608695,1
GCF_015274585.1.fna,GCF_031728695.1.fna,0.9752589999999999,0.9130434782608695,1
GCF_015274585.1.fna,GCF_031728715.1.fna,0.975994,0.9130434782608695,1
GCF_015274585.1.fna,GCF_031728735.1.fna,0.9935339999999999,0.8695652173913043,1
GCF_015274585.1.fna,GCF_031728745.1.fna,0.9962040000000001,0.8695652173913043,1
GCF_015274585.1.fna,GCF_031728795.1.fna,0.9762900000000001,0.9130434782608695,1
GCF_015274585.1.fna,GCF_031728835.1.fna,0.9961579999999999,0.9130434782608695,1
GCF_015274585.1.fna,GCF_031728895.1.fna,0.975095,0.9130434782608695,1
GCF_015274585.1.fna,GCF_031729015.1.fna,0.9755020000000001,0.8695652173913043,1
GCF_015274585.1.fna,GCF_036419895.1.fna,0.976015,0.9130434782608695,1
GCF_015274585.1.fna,GCF_036420075.1.fna,0.985083,0.8260869565217391,1
GCF_015274585.1.fna,GCF_037694985.1.fna,0.99357,0.9130434782608695,1
GCF_015274585.1.fna,GCF_037695175.1.fna,0.9750660000000001,0.8695652173913043,1
GCF_015274585.1.fna,GCF_037700135.1.fna,0.99536,0.9130434782608695,1
GCF_015274585.1.fna,GCF_037700155.1.fna,0.9932219999999999,0.9130434782608695,1
GCF_015274585.1.fna,GCF_037700295.1.fna,0.994983,0.8695652173913043,1
GCF_015274585.1.fna,GCF_037700315.1.fna,0.975253,0.9130434782608695,1
GCF_015274585.1.fna,GCF_037700375.1.fna,0.9745820000000001,0.9565217391304348,1
GCF_015274585.1.fna,GCF_037700455.1.fna,0.975313,0.9565217391304348,1
GCF_015274585.1.fna,GCF_040947025.1.fna,0.989456,0.9130434782608695,1
GCF_015274585.1.fna,GCF_040947065.1.fna,0.9807640000000001,0.9565217391304348,1
GCF_015274585.1.fna,GCF_040947125.1.fna,0.9749450000000001,0.8695652173913043,1
GCF_015274585.1.fna,GCF_040947205.1.fna,0.993664,0.9130434782608695,1
GCF_015274585.1.fna,GCF_040947225.1.fna,0.978465,0.8695652173913043,1
GCF_015274585.1.fna,GCF_040947605.1.fna,0.994608,0.9565217391304348,1
GCF_015274585.1.fna,GCF_040947645.1.fna,0.994551,0.9130434782608695,1
GCF_015274585.1.fna,GCF_047653515.1.fna,0.994436,0.9130434782608695,1
GCF_015274585.1.fna,GCF_047653525.1.fna,0.9955849999999999,0.9130434782608695,1
GCF_015274585.1.fna,GCF_052950835.1.fna,0.9778619999999999,0.8695652173913043,1
GCF_015274585.1.fna,GCF_900458635.1.fna,0.975101,0.8695652173913043,1
GCF_015274585.1.fna,GCF_964211265.1.fna,0.976029,0.9130434782608695,1
GCF_015274655.1.fna,GCF_000269685.1.fna,0.9940779999999999,0.875,1
GCF_015274655.1.fna,GCF_002901845.1.fna,0.975101,0.8333333333333334,1
GCF_015274655.1.fna,GCF_013267575.1.fna,0.975375,0.8333333333333334,1
GCF_015274655.1.fna,GCF_015274535.1.fna,0.999565,1.0,1
GCF_015274655.1.fna,GCF_015274585.1.fna,1.0,0.9583333333333334,1
GCF_015274655.1.fna,GCF_015274655.1.fna,1.0,1.0,1
GCF_015274655.1.fna,GCF_015274675.1.fna,0.99408,0.9166666666666666,1
GCF_015274655.1.fna,GCF_017315625.1.fna,0.994457,0.875,1
GCF_015274655.1.fna,GCF_017315645.1.fna,0.993069,0.875,1
GCF_015274655.1.fna,GCF_022689565.1.fna,0.99104,0.875,1
GCF_015274655.1.fna,GCF_022689575.1.fna,0.975082,0.875,1
GCF_015274655.1.fna,GCF_022689615.1.fna,0.9951760000000001,0.875,1
GCF_015274655.1.fna,GCF_022689645.1.fna,0.975371,0.8333333333333334,1
GCF_015274655.1.fna,GCF_022689665.1.fna,0.9747520000000001,0.875,1
GCF_015274655.1.fna,GCF_022689675.1.fna,0.994682,0.875,1
GCF_015274655.1.fna,GCF_022689705.1.fna,0.975603,0.875,1
GCF_015274655.1.fna,GCF_022689725.1.fna,0.9753499999999999,0.875,1
GCF_015274655.1.fna,GCF_022689745.1.fna,0.995238,0.9166666666666666,1
GCF_015274655.1.fna,GCF_022689765.1.fna,0.9940779999999999,0.9166666666666666,1
GCF_015274655.1.fna,GCF_022689775.1.fna,0.9714050000000001,0.875,1
GCF_015274655.1.fna,GCF_022689785.1.fna,0.97548,0.875,1
GCF_015274655.1.fna,GCF_022689825.1.fna,0.9922329999999999,0.9166666666666666,1
GCF_015274655.1.fna,GCF_022689845.1.fna,0.9953019999999999,0.875,1
GCF_015274655.1.fna,GCF_022689855.1.fna,0.9710599999999999,0.9166666666666666,1
GCF_015274655.1.fna,GCF_022689905.1.fna,0.992804,0.9166666666666666,1
GCF_015274655.1.fna,GCF_022689925.1.fna,0.967637,0.7916666666666666,1
GCF_015274655.1.fna,GCF_022689945.1.fna,0.983382,0.8333333333333334,1
GCF_015274655.1.fna,GCF_022689965.1.fna,0.9920300000000001,0.875,1
GCF_015274655.1.fna,GCF_022689975.1.fna,0.994992,0.875,1
GCF_015274655.1.fna,GCF_022690005.1.fna,0.9763890000000001,0.875,1
GCF_015274655.1.fna,GCF_022690025.1.fna,0.9706659999999999,0.9166666666666666,1
GCF_015274655.1.fna,GCF_022690045.1.fna,0.9763890000000001,0.875,1
GCF_015274655.1.fna,GCF_022690065.1.fna,0.9957739999999999,0.9166666666666666,1
GCF_015274655.1.fna,GCF_022690085.1.fna,0.967016,0.875,1
GCF_015274655.1.fna,GCF_022690105.1.fna,0.995894,0.875,1
GCF_015274655.1.fna,GCF_022690115.1.fna,0.9847090000000001,0.875,1
GCF_015274655.1.fna,GCF_022690145.1.fna,0.995464,0.9166666666666666,1
GCF_015274655.1.fna,GCF_022690165.1.fna,0.996574,0.875,1
GCF_015274655.1.fna,GCF_022690185.1.fna,0.9754219999999999,0.875,1
GCF_015274655.1.fna,GCF_022690205.1.fna,0.971382,0.875,1
GCF_015274655.1.fna,GCF_022690225.1.fna,0.9719209999999999,0.9166666666666666,1
GCF_015274655.1.fna,GCF_022690245.1.fna,0.993264,0.9583333333333334,1
GCF_015274655.1.fna,GCF_022690265.1.fna,0.9960859999999999,0.875,1
GCF_015274655.1.fna,GCF_022690275.1.fna,0.995732,0.8333333333333334,1
GCF_015274655.1.fna,GCF_022690295.1.fna,0.971033,0.875,1
GCF_015274655.1.fna,GCF_022690325.1.fna,0.975359,0.875,1
GCF_015274655.1.fna,GCF_022690345.1.fna,0.988557,0.9166666666666666,1
GCF_015274655.1.fna,GCF_022690375.1.fna,0.9763689999999999,0.8333333333333334,1
GCF_015274655.1.fna,GCF_022690385.1.fna,0.995372,0.8333333333333334,1
GCF_015274655.1.fna,GCF_022690425.1.fna,0.9932909999999999,0.9166666666666666,1
GCF_015274655.1.fna,GCF_025143205.1.fna,0.996692,0.875,1
GCF_015274655.1.fna,GCF_025143445.1.fna,0.974809,0.875,1
GCF_015274655.1.fna,GCF_025143615.1.fna,0.9720399999999999,0.9166666666666666,1
GCF_015274655.1.fna,GCF_029926865.1.fna,0.990976,0.9166666666666666,1
GCF_015274655.1.fna,GCF_029926905.1.fna,0.9917090000000001,0.9166666666666666,1
GCF_015274655.1.fna,GCF_029926915.1.fna,0.9917090000000001,0.9166666666666666,1
GCF_015274655.1.fna,GCF_031631055.1.fna,0.9757370000000001,0.9166666666666666,1
GCF_015274655.1.fna,GCF_031727055.1.fna,0.970564,0.9166666666666666,1
GCF_015274655.1.fna,GCF_031727075.1.fna,0.9951909999999999,0.875,1
GCF_015274655.1.fna,GCF_031727235.1.fna,0.971432,0.9166666666666666,1
GCF_015274655.1.fna,GCF_031727255.1.fna,0.973116,0.8333333333333334,1
GCF_015274655.1.fna,GCF_031727275.1.fna,0.975869,0.8333333333333334,1
GCF_015274655.1.fna,GCF_031727355.1.fna,0.9936459999999999,0.875,1
GCF_015274655.1.fna,GCF_031727455.1.fna,0.9677119999999999,0.8333333333333334,1
GCF_015274655.1.fna,GCF_031727535.1.fna,0.9756,0.875,1
GCF_015274655.1.fna,GCF_031728075.1.fna,0.9922239999999999,0.9166666666666666,1
GCF_015274655.1.fna,GCF_031728095.1.fna,0.974214,0.875,1
GCF_015274655.1.fna,GCF_031728115.1.fna,0.993982,0.9166666666666666,1
GCF_015274655.1.fna,GCF_031728155.1.fna,0.991336,0.9166666666666666,1
GCF_015274655.1.fna,GCF_031728235.1.fna,0.9941549999999999,0.9166666666666666,1
GCF_015274655.1.fna,GCF_031728275.1.fna,0.97382,0.875,1
GCF_015274655.1.fna,GCF_031728295.1.fna,0.993178,0.9166666666666666,1
GCF_015274655.1.fna,GCF_031728315.1.fna,0.995245,0.875,1
GCF_015274655.1.fna,GCF_031728335.1.fna,0.993862,0.9166666666666666,1
GCF_015274655.1.fna,GCF_031728415.1.fna,0.976845,0.875,1
GCF_015274655.1.fna,GCF_031728455.1.fna,0.976409,0.8333333333333334,1
GCF_015274655.1.fna,GCF_031728475.1.fna,0.9933669999999999,0.9166666666666666,1
GCF_015274655.1.fna,GCF_031728495.1.fna,0.972004,0.9166666666666666,1
GCF_015274655.1.fna,GCF_031728515.1.fna,0.9673579999999999,0.875,1
GCF_015274655.1.fna,GCF_031728555.1.fna,0.994448,0.9166666666666666,1
GCF_015274655.1.fna,GCF_031728675.1.fna,0.975741,0.875,1
GCF_015274655.1.fna,GCF_031728695.1.fna,0.973797,0.9166666666666666,1
GCF_015274655.1.fna,GCF_031728715.1.fna,0.975994,0.875,1
GCF_015274655.1.fna,GCF_031728735.1.fna,0.990277,0.875,1
GCF_015274655.1.fna,GCF_031728745.1.fna,0.995007,0.875,1
GCF_015274655.1.fna,GCF_031728795.1.fna,0.975988,0.9166666666666666,1
GCF_015274655.1.fna,GCF_031728835.1.fna,0.9933799999999999,0.9166666666666666,1
GCF_015274655.1.fna,GCF_031728895.1.fna,0.9716549999999999,0.9166666666666666,1
GCF_015274655.1.fna,GCF_031729015.1.fna,0.9755020000000001,0.8333333333333334,1
GCF_015274655.1.fna,GCF_036419895.1.fna,0.976015,0.875,1
GCF_015274655.1.fna,GCF_036420075.1.fna,0.983382,0.8333333333333334,1
GCF_015274655.1.fna,GCF_037694985.1.fna,0.99357,0.875,1
GCF_015274655.1.fna,GCF_037695175.1.fna,0.9750660000000001,0.8333333333333334,1
GCF_015274655.1.fna,GCF_037700135.1.fna,0.994992,0.9166666666666666,1
GCF_015274655.1.fna,GCF_037700155.1.fna,0.991307,0.9166666666666666,1
GCF_015274655.1.fna,GCF_037700295.1.fna,0.987889,0.875,1
GCF_015274655.1.fna,GCF_037700315.1.fna,0.975253,0.875,1
GCF_015274655.1.fna,GCF_037700375.1.fna,0.9745820000000001,0.9166666666666666,1
GCF_015274655.1.fna,GCF_037700455.1.fna,0.975313,0.9166666666666666,1
GCF_015274655.1.fna,GCF_040947025.1.fna,0.989456,0.875,1
GCF_015274655.1.fna,GCF_040947065.1.fna,0.9807640000000001,0.9166666666666666,1
GCF_015274655.1.fna,GCF_040947125.1.fna,0.970505,0.875,1
GCF_015274655.1.fna,GCF_040947205.1.fna,0.993664,0.875,1
GCF_015274655.1.fna,GCF_040947225.1.fna,0.978465,0.8333333333333334,1
GCF_015274655.1.fna,GCF_040947605.1.fna,0.994608,0.9166666666666666,1
GCF_015274655.1.fna,GCF_040947645.1.fna,0.994551,0.875,1
GCF_015274655.1.fna,GCF_047653515.1.fna,0.9941979999999999,0.9166666666666666,1
GCF_015274655.1.fna,GCF_047653525.1.fna,0.995436,0.9166666666666666,1
GCF_015274655.1.fna,GCF_052950835.1.fna,0.970419,0.875,1
GCF_015274655.1.fna,GCF_900458635.1.fna,0.975101,0.8333333333333334,1
GCF_015274655.1.fna,GCF_964211265.1.fna,0.9752419999999999,0.9166666666666666,1
GCF_015274675.1.fna,GCF_000269685.1.fna,0.994769,0.9285714285714286,1
GCF_015274675.1.fna,GCF_002901845.1.fna,0.970818,0.7857142857142857,1
GCF_015274675.1.fna,GCF_013267575.1.fna,0.9771930000000001,0.7142857142857143,1
GCF_015274675.1.fna,GCF_015274535.1.fna,0.994016,0.7857142857142857,1
GCF_015274675.1.fna,GCF_015274585.1.fna,0.994339,0.75,1
GCF_015274675.1.fna,GCF_015274655.1.fna,0.99406,0.7857142857142857,1
GCF_015274675.1.fna,GCF_015274675.1.fna,1.0,1.0,1
GCF_015274675.1.fna,GCF_017315625.1.fna,0.9936450000000001,0.8571428571428571,1
GCF_015274675.1.fna,GCF_017315645.1.fna,0.9888129999999999,0.8928571428571429,1
GCF_015274675.1.fna,GCF_022689565.1.fna,0.9914409999999999,0.7857142857142857,1
GCF_015274675.1.fna,GCF_022689575.1.fna,0.9761920000000001,0.7857142857142857,1
GCF_015274675.1.fna,GCF_022689615.1.fna,0.992961,0.7857142857142857,1
GCF_015274675.1.fna,GCF_022689645.1.fna,0.976622,0.7142857142857143,1
GCF_015274675.1.fna,GCF_022689665.1.fna,0.97598,0.7857142857142857,1
GCF_015274675.1.fna,GCF_022689675.1.fna,0.9922249999999999,0.8214285714285714,1
GCF_015274675.1.fna,GCF_022689705.1.fna,0.976938,0.75,1
GCF_015274675.1.fna,GCF_022689725.1.fna,0.976374,0.7857142857142857,1
GCF_015274675.1.fna,GCF_022689745.1.fna,0.993986,0.8214285714285714,1
GCF_015274675.1.fna,GCF_022689765.1.fna,0.9843160000000001,0.8571428571428571,1
GCF_015274675.1.fna,GCF_022689775.1.fna,0.961913,0.7857142857142857,1
GCF_015274675.1.fna,GCF_022689785.1.fna,0.977552,0.75,1
GCF_015274675.1.fna,GCF_022689825.1.fna,0.983013,0.8571428571428571,1
GCF_015274675.1.fna,GCF_022689845.1.fna,0.984503,0.8928571428571429,1
GCF_015274675.1.fna,GCF_022689855.1.fna,0.973867,0.8214285714285714,1
GCF_015274675.1.fna,GCF_022689905.1.fna,0.987624,0.8928571428571429,1
GCF_015274675.1.fna,GCF_022689925.1.fna,0.9658150000000001,0.75,1
GCF_015274675.1.fna,GCF_022689945.1.fna,0.983903,0.7857142857142857,1
GCF_015274675.1.fna,GCF_022689965.1.fna,0.988114,0.9285714285714286,1
GCF_015274675.1.fna,GCF_022689975.1.fna,0.984648,0.8214285714285714,1
GCF_015274675.1.fna,GCF_022690005.1.fna,0.977852,0.75,1
GCF_015274675.1.fna,GCF_022690025.1.fna,0.969256,0.7857142857142857,1
GCF_015274675.1.fna,GCF_022690045.1.fna,0.977852,0.75,1
GCF_015274675.1.fna,GCF_022690065.1.fna,0.9820369999999999,0.8928571428571429,1
GCF_015274675.1.fna,GCF_022690085.1.fna,0.969388,0.7857142857142857,1
GCF_015274675.1.fna,GCF_022690105.1.fna,0.993421,0.7857142857142857,1
GCF_015274675.1.fna,GCF_022690115.1.fna,0.968978,0.7857142857142857,1
GCF_015274675.1.fna,GCF_022690145.1.fna,0.981423,0.8928571428571429,1
GCF_015274675.1.fna,GCF_022690165.1.fna,0.98245,0.8571428571428571,1
GCF_015274675.1.fna,GCF_022690185.1.fna,0.967022,0.7857142857142857,1
GCF_015274675.1.fna,GCF_022690205.1.fna,0.9722620000000001,0.75,1
GCF_015274675.1.fna,GCF_022690225.1.fna,0.9760129999999999,0.75,1
GCF_015274675.1.fna,GCF_022690245.1.fna,0.993363,0.7857142857142857,1
GCF_015274675.1.fna,GCF_022690265.1.fna,0.9950060000000001,0.75,1
GCF_015274675.1.fna,GCF_022690275.1.fna,0.993859,0.7857142857142857,1
GCF_015274675.1.fna,GCF_022690295.1.fna,0.955461,0.8928571428571429,1
GCF_015274675.1.fna,GCF_022690325.1.fna,0.9712890000000001,0.7857142857142857,1
GCF_015274675.1.fna,GCF_022690345.1.fna,0.989535,0.8571428571428571,1
GCF_015274675.1.fna,GCF_022690375.1.fna,0.969187,0.8214285714285714,1
GCF_015274675.1.fna,GCF_022690385.1.fna,0.994611,0.75,1
GCF_015274675.1.fna,GCF_022690425.1.fna,0.994756,0.7857142857142857,1
GCF_015274675.1.fna,GCF_025143205.1.fna,0.995131,0.75,1
GCF_015274675.1.fna,GCF_025143445.1.fna,0.961263,0.8214285714285714,1
GCF_015274675.1.fna,GCF_025143615.1.fna,0.973043,0.7857142857142857,1
GCF_015274675.1.fna,GCF_029926865.1.fna,0.987294,0.8571428571428571,1
GCF_015274675.1.fna,GCF_029926905.1.fna,0.988652,0.8571428571428571,1
GCF_015274675.1.fna,GCF_029926915.1.fna,0.98871,0.8571428571428571,1
GCF_015274675.1.fna,GCF_031631055.1.fna,0.970791,0.7857142857142857,1
GCF_015274675.1.fna,GCF_031727055.1.fna,0.967839,0.8214285714285714,1
GCF_015274675.1.fna,GCF_031727075.1.fna,0.992845,0.8214285714285714,1
GCF_015274675.1.fna,GCF_031727235.1.fna,0.9741190000000001,0.8214285714285714,1
GCF_015274675.1.fna,GCF_031727255.1.fna,0.95609,0.8571428571428571,1
GCF_015274675.1.fna,GCF_031727275.1.fna,0.968594,0.75,1
GCF_015274675.1.fna,GCF_031727355.1.fna,0.992924,0.7857142857142857,1
GCF_015274675.1.fna,GCF_031727455.1.fna,0.963647,0.75,1
GCF_015274675.1.fna,GCF_031727535.1.fna,0.976806,0.75,1
GCF_015274675.1.fna,GCF_031728075.1.fna,0.992957,0.7857142857142857,1
GCF_015274675.1.fna,GCF_031728095.1.fna,0.966938,0.7857142857142857,1
GCF_015274675.1.fna,GCF_031728115.1.fna,0.9925660000000001,0.8214285714285714,1
GCF_015274675.1.fna,GCF_031728155.1.fna,0.991208,0.8571428571428571,1
GCF_015274675.1.fna,GCF_031728235.1.fna,0.989795,0.8928571428571429,1
GCF_015274675.1.fna,GCF_031728275.1.fna,0.977953,0.75,1
GCF_015274675.1.fna,GCF_031728295.1.fna,0.987808,0.8928571428571429,1
GCF_015274675.1.fna,GCF_031728315.1.fna,0.9891150000000001,0.8571428571428571,1
GCF_015274675.1.fna,GCF_031728335.1.fna,0.990344,0.8571428571428571,1
GCF_015274675.1.fna,GCF_031728415.1.fna,0.967546,0.8214285714285714,1
GCF_015274675.1.fna,GCF_031728455.1.fna,0.977394,0.7142857142857143,1
GCF_015274675.1.fna,GCF_031728475.1.fna,0.9937600000000001,0.8214285714285714,1
GCF_015274675.1.fna,GCF_031728495.1.fna,0.965407,0.8214285714285714,1
GCF_015274675.1.fna,GCF_031728515.1.fna,0.96465,0.8214285714285714,1
GCF_015274675.1.fna,GCF_031728555.1.fna,0.981116,0.8928571428571429,1
GCF_015274675.1.fna,GCF_031728675.1.fna,0.9776210000000001,0.75,1
GCF_015274675.1.fna,GCF_031728695.1.fna,0.9760469999999999,0.7857142857142857,1
GCF_015274675.1.fna,GCF_031728715.1.fna,0.977894,0.75,1
GCF_015274675.1.fna,GCF_031728735.1.fna,0.97747,0.8928571428571429,1
GCF_015274675.1.fna,GCF_031728745.1.fna,0.985548,0.8214285714285714,1
GCF_015274675.1.fna,GCF_031728795.1.fna,0.9773000000000001,0.7857142857142857,1
GCF_015274675.1.fna,GCF_031728835.1.fna,0.993544,0.7857142857142857,1
GCF_015274675.1.fna,GCF_031728895.1.fna,0.968541,0.8214285714285714,1
GCF_015274675.1.fna,GCF_031729015.1.fna,0.977456,0.7142857142857143,1
GCF_015274675.1.fna,GCF_036419895.1.fna,0.977971,0.75,1
GCF_015274675.1.fna,GCF_036420075.1.fna,0.983903,0.7857142857142857,1
GCF_015274675.1.fna,GCF_037694985.1.fna,0.979061,0.8928571428571429,1
GCF_015274675.1.fna,GCF_037695175.1.fna,0.9679909999999999,0.75,1
GCF_015274675.1.fna,GCF_037700135.1.fna,0.993866,0.8214285714285714,1
GCF_015274675.1.fna,GCF_037700155.1.fna,0.992849,0.8214285714285714,1
GCF_015274675.1.fna,GCF_037700295.1.fna,0.989041,0.7857142857142857,1
GCF_015274675.1.fna,GCF_037700315.1.fna,0.9752649999999999,0.7857142857142857,1
GCF_015274675.1.fna,GCF_037700375.1.fna,0.972255,0.8214285714285714,1
GCF_015274675.1.fna,GCF_037700455.1.fna,0.972791,0.8214285714285714,1
GCF_015274675.1.fna,GCF_040947025.1.fna,0.989518,0.8928571428571429,1
GCF_015274675.1.fna,GCF_040947065.1.fna,0.973832,0.8214285714285714,1
GCF_015274675.1.fna,GCF_040947125.1.fna,0.9601139999999999,0.8214285714285714,1
GCF_015274675.1.fna,GCF_040947205.1.fna,0.97702,0.8214285714285714,1
GCF_015274675.1.fna,GCF_040947225.1.fna,0.979804,0.75,1
GCF_015274675.1.fna,GCF_040947605.1.fna,0.9951479999999999,0.75,1
GCF_015274675.1.fna,GCF_040947645.1.fna,0.99505,0.7142857142857143,1
GCF_015274675.1.fna,GCF_047653515.1.fna,0.989221,0.8214285714285714,1
GCF_015274675.1.fna,GCF_047653525.1.fna,0.99169,0.8928571428571429,1
GCF_015274675.1.fna,GCF_052950835.1.fna,0.966173,0.75,1
GCF_015274675.1.fna,GCF_900458635.1.fna,0.970818,0.7857142857142857,1
GCF_015274675.1.fna,GCF_964211265.1.fna,0.976228,0.7857142857142857,1
GCF_017315625.1.fna,GCF_000269685.1.fna,0.9942829999999999,0.88,1
GCF_017315625.1.fna,GCF_002901845.1.fna,0.977521,0.8,1
GCF_017315625.1.fna,GCF_013267575.1.fna,0.9776630000000001,0.8,1
GCF_017315625.1.fna,GCF_015274535.1.fna,0.994531,0.84,1
GCF_017315625.1.fna,GCF_015274585.1.fna,0.9947790000000001,0.8,1
GCF_017315625.1.fna,GCF_015274655.1.fna,0.994092,0.84,1
GCF_017315625.1.fna,GCF_015274675.1.fna,0.993862,0.96,1
GCF_017315625.1.fna,GCF_017315625.1.fna,1.0,1.0,1
GCF_017315625.1.fna,GCF_017315645.1.fna,0.992614,0.96,1
GCF_017315625.1.fna,GCF_022689565.1.fna,0.990406,0.88,1
GCF_017315625.1.fna,GCF_022689575.1.fna,0.9763970000000001,0.88,1
GCF_017315625.1.fna,GCF_022689615.1.fna,0.993167,0.88,1
GCF_017315625.1.fna,GCF_022689645.1.fna,0.977815,0.8,1
GCF_017315625.1.fna,GCF_022689665.1.fna,0.976037,0.88,1
GCF_017315625.1.fna,GCF_022689675.1.fna,0.993505,0.92,1
GCF_017315625.1.fna,GCF_022689705.1.fna,0.977815,0.8,1
GCF_017315625.1.fna,GCF_022689725.1.fna,0.9767610000000001,0.88,1
GCF_017315625.1.fna,GCF_022689745.1.fna,0.993582,0.92,1
GCF_017315625.1.fna,GCF_022689765.1.fna,0.983168,0.96,1
GCF_017315625.1.fna,GCF_022689775.1.fna,0.975209,0.84,1
GCF_017315625.1.fna,GCF_022689785.1.fna,0.9776269999999999,0.84,1
GCF_017315625.1.fna,GCF_022689825.1.fna,0.981552,0.96,1
GCF_017315625.1.fna,GCF_022689845.1.fna,0.9939060000000001,0.88,1
GCF_017315625.1.fna,GCF_022689855.1.fna,0.9752630000000001,0.88,1
GCF_017315625.1.fna,GCF_022689905.1.fna,0.99373,0.92,1
GCF_017315625.1.fna,GCF_022689925.1.fna,0.968706,0.8,1
GCF_017315625.1.fna,GCF_022689945.1.fna,0.981826,0.84,1
GCF_017315625.1.fna,GCF_022689965.1.fna,0.98944,0.96,1
GCF_017315625.1.fna,GCF_022689975.1.fna,0.983854,0.92,1
GCF_017315625.1.fna,GCF_022690005.1.fna,0.9788800000000001,0.84,1
GCF_017315625.1.fna,GCF_022690025.1.fna,0.9675199999999999,0.92,1
GCF_017315625.1.fna,GCF_022690045.1.fna,0.9788800000000001,0.84,1
GCF_017315625.1.fna,GCF_022690065.1.fna,0.993386,0.88,1
GCF_017315625.1.fna,GCF_022690085.1.fna,0.96819,0.88,1
GCF_017315625.1.fna,GCF_022690105.1.fna,0.992251,0.88,1
GCF_017315625.1.fna,GCF_022690115.1.fna,0.97646,0.88,1
GCF_017315625.1.fna,GCF_022690145.1.fna,0.993455,0.88,1
GCF_017315625.1.fna,GCF_022690165.1.fna,0.993873,0.84,1
GCF_017315625.1.fna,GCF_022690185.1.fna,0.977604,0.84,1
GCF_017315625.1.fna,GCF_022690205.1.fna,0.9751879999999999,0.84,1
GCF_017315625.1.fna,GCF_022690225.1.fna,0.976702,0.84,1
GCF_017315625.1.fna,GCF_022690245.1.fna,0.993391,0.88,1
GCF_017315625.1.fna,GCF_022690265.1.fna,0.993391,0.84,1
GCF_017315625.1.fna,GCF_022690275.1.fna,0.992522,0.88,1
GCF_017315625.1.fna,GCF_022690295.1.fna,0.972017,0.88,1
GCF_017315625.1.fna,GCF_022690325.1.fna,0.9722459999999999,0.88,1
GCF_017315625.1.fna,GCF_022690345.1.fna,0.9877370000000001,0.96,1
GCF_017315625.1.fna,GCF_022690375.1.fna,0.978882,0.8,1
GCF_017315625.1.fna,GCF_022690385.1.fna,0.993588,0.88,1
GCF_017315625.1.fna,GCF_022690425.1.fna,0.990962,0.92,1
GCF_017315625.1.fna,GCF_025143205.1.fna,0.994095,0.84,1
GCF_017315625.1.fna,GCF_025143445.1.fna,0.9775579999999999,0.8,1
GCF_017315625.1.fna,GCF_025143615.1.fna,0.975823,0.88,1
GCF_017315625.1.fna,GCF_029926865.1.fna,0.985479,0.96,1
GCF_017315625.1.fna,GCF_029926905.1.fna,0.985561,0.96,1
GCF_017315625.1.fna,GCF_029926915.1.fna,0.985688,1.0,1
GCF_017315625.1.fna,GCF_031631055.1.fna,0.9793179999999999,0.8,1
GCF_017315625.1.fna,GCF_031727055.1.fna,0.974758,0.88,1
GCF_017315625.1.fna,GCF_031727075.1.fna,0.9934879999999999,0.92,1
GCF_017315625.1.fna,GCF_031727235.1.fna,0.9757290000000001,0.88,1
GCF_017315625.1.fna,GCF_031727255.1.fna,0.973411,0.84,1
GCF_017315625.1.fna,GCF_031727275.1.fna,0.970325,0.84,1
GCF_017315625.1.fna,GCF_031727355.1.fna,0.991308,0.92,1
GCF_017315625.1.fna,GCF_031727455.1.fna,0.968168,0.8,1
GCF_017315625.1.fna,GCF_031727535.1.fna,0.9777899999999999,0.84,1
GCF_017315625.1.fna,GCF_031728075.1.fna,0.990754,0.88,1
GCF_017315625.1.fna,GCF_031728095.1.fna,0.9773050000000001,0.88,1
GCF_017315625.1.fna,GCF_031728115.1.fna,0.992753,0.92,1
GCF_017315625.1.fna,GCF_031728155.1.fna,0.9898779999999999,0.96,1
GCF_017315625.1.fna,GCF_031728235.1.fna,0.991067,0.92,1
GCF_017315625.1.fna,GCF_031728275.1.fna,0.97824,0.84,1
GCF_017315625.1.fna,GCF_031728295.1.fna,0.992931,0.92,1
GCF_017315625.1.fna,GCF_031728315.1.fna,0.9951690000000001,0.88,1
GCF_017315625.1.fna,GCF_031728335.1.fna,0.9901869999999999,0.92,1
GCF_017315625.1.fna,GCF_031728415.1.fna,0.9717579999999999,0.88,1
GCF_017315625.1.fna,GCF_031728455.1.fna,0.979153,0.84,1
GCF_017315625.1.fna,GCF_031728475.1.fna,0.992155,0.92,1
GCF_017315625.1.fna,GCF_031728495.1.fna,0.9694780000000001,0.92,1
GCF_017315625.1.fna,GCF_031728515.1.fna,0.979386,0.84,1
GCF_017315625.1.fna,GCF_031728555.1.fna,0.993313,0.88,1
GCF_017315625.1.fna,GCF_031728675.1.fna,0.97807,0.84,1
GCF_017315625.1.fna,GCF_031728695.1.fna,0.976769,0.88,1
GCF_017315625.1.fna,GCF_031728715.1.fna,0.9782569999999999,0.84,1
GCF_017315625.1.fna,GCF_031728735.1.fna,0.988911,0.92,1
GCF_017315625.1.fna,GCF_031728745.1.fna,0.990933,0.88,1
GCF_017315625.1.fna,GCF_031728795.1.fna,0.9780639999999999,0.88,1
GCF_017315625.1.fna,GCF_031728835.1.fna,0.9923420000000001,0.88,1
GCF_017315625.1.fna,GCF_031728895.1.fna,0.975958,0.88,1
GCF_017315625.1.fna,GCF_031729015.1.fna,0.977693,0.8,1
GCF_017315625.1.fna,GCF_036419895.1.fna,0.978368,0.84,1
GCF_017315625.1.fna,GCF_036420075.1.fna,0.981826,0.84,1
GCF_017315625.1.fna,GCF_037694985.1.fna,0.9851040000000001,0.92,1
GCF_017315625.1.fna,GCF_037695175.1.fna,0.969352,0.84,1
GCF_017315625.1.fna,GCF_037700135.1.fna,0.9932949999999999,0.92,1
GCF_017315625.1.fna,GCF_037700155.1.fna,0.9899290000000001,0.96,1
GCF_017315625.1.fna,GCF_037700295.1.fna,0.9869199999999999,0.88,1
GCF_017315625.1.fna,GCF_037700315.1.fna,0.977341,0.84,1
GCF_017315625.1.fna,GCF_037700375.1.fna,0.977049,0.84,1
GCF_017315625.1.fna,GCF_037700455.1.fna,0.977951,0.84,1
GCF_017315625.1.fna,GCF_040947025.1.fna,0.990273,0.88,1
GCF_017315625.1.fna,GCF_040947065.1.fna,0.984297,0.8,1
GCF_017315625.1.fna,GCF_040947125.1.fna,0.9672419999999999,0.88,1
GCF_017315625.1.fna,GCF_040947205.1.fna,0.994217,0.84,1
GCF_017315625.1.fna,GCF_040947225.1.fna,0.981264,0.84,1
GCF_017315625.1.fna,GCF_040947605.1.fna,0.9945189999999999,0.8,1
GCF_017315625.1.fna,GCF_040947645.1.fna,0.9945189999999999,0.8,1
GCF_017315625.1.fna,GCF_047653515.1.fna,0.984973,0.96,1
GCF_017315625.1.fna,GCF_047653525.1.fna,0.993058,1.0,1
GCF_017315625.1.fna,GCF_052950835.1.fna,0.967685,0.84,1
GCF_017315625.1.fna,GCF_900458635.1.fna,0.977521,0.8,1
GCF_017315625.1.fna,GCF_964211265.1.fna,0.977047,0.88,1
GCF_017315645.1.fna,GCF_000269685.1.fna,0.990618,0.8846153846153846,1
GCF_017315645.1.fna,GCF_002901845.1.fna,0.971109,0.8461538461538461,1
GCF_017315645.1.fna,GCF_013267575.1.fna,0.9766020000000001,0.7692307692307693,1
GCF_017315645.1.fna,GCF_015274535.1.fna,0.992983,0.8076923076923077,1
GCF_017315645.1.fna,GCF_015274585.1.fna,0.993114,0.7692307692307693,1
GCF_017315645.1.fna,GCF_015274655.1.fna,0.9930150000000001,0.8076923076923077,1
GCF_017315645.1.fna,GCF_015274675.1.fna,0.988624,0.9615384615384616,1
GCF_017315645.1.fna,GCF_017315625.1.fna,0.992955,0.8846153846153846,1
GCF_017315645.1.fna,GCF_017315645.1.fna,1.0,1.0,1
GCF_017315645.1.fna,GCF_022689565.1.fna,0.992362,0.8461538461538461,1
GCF_017315645.1.fna,GCF_022689575.1.fna,0.9769580000000001,0.8076923076923077,1
GCF_017315645.1.fna,GCF_022689615.1.fna,0.994387,0.8461538461538461,1
GCF_017315645.1.fna,GCF_022689645.1.fna,0.977255,0.7692307692307693,1
GCF_017315645.1.fna,GCF_022689665.1.fna,0.976553,0.8076923076923077,1
GCF_017315645.1.fna,GCF_022689675.1.fna,0.994021,0.8846153846153846,1
GCF_017315645.1.fna,GCF_022689705.1.fna,0.977255,0.7692307692307693,1
GCF_017315645.1.fna,GCF_022689725.1.fna,0.9773090000000001,0.8076923076923077,1
GCF_017315645.1.fna,GCF_022689745.1.fna,0.9945579999999999,0.9230769230769231,1
GCF_017315645.1.fna,GCF_022689765.1.fna,0.9921089999999999,0.8846153846153846,1
GCF_017315645.1.fna,GCF_022689775.1.fna,0.9734180000000001,0.8076923076923077,1
GCF_017315645.1.fna,GCF_022689785.1.fna,0.977049,0.8076923076923077,1
GCF_017315645.1.fna,GCF_022689825.1.fna,0.990394,0.8846153846153846,1
GCF_017315645.1.fna,GCF_022689845.1.fna,0.991093,0.9230769230769231,1
GCF_017315645.1.fna,GCF_022689855.1.fna,0.9739749999999999,0.8461538461538461,1
GCF_017315645.1.fna,GCF_022689905.1.fna,0.986802,0.9615384615384616,1
GCF_017315645.1.fna,GCF_022689925.1.fna,0.968959,0.7692307692307693,1
GCF_017315645.1.fna,GCF_022689945.1.fna,0.9743179999999999,0.8461538461538461,1
GCF_017315645.1.fna,GCF_022689965.1.fna,0.989545,0.9615384615384616,1
GCF_017315645.1.fna,GCF_022689975.1.fna,0.992834,0.8461538461538461,1
GCF_017315645.1.fna,GCF_022690005.1.fna,0.977406,0.8076923076923077,1
GCF_017315645.1.fna,GCF_022690025.1.fna,0.9727790000000001,0.8461538461538461,1
GCF_017315645.1.fna,GCF_022690045.1.fna,0.977406,0.8076923076923077,1
GCF_017315645.1.fna,GCF_022690065.1.fna,0.98615,0.9230769230769231,1
GCF_017315645.1.fna,GCF_022690085.1.fna,0.968887,0.8461538461538461,1
GCF_017315645.1.fna,GCF_022690105.1.fna,0.993558,0.8076923076923077,1
GCF_017315645.1.fna,GCF_022690115.1.fna,0.985326,0.8076923076923077,1
GCF_017315645.1.fna,GCF_022690145.1.fna,0.9857859999999999,0.9230769230769231,1
GCF_017315645.1.fna,GCF_022690165.1.fna,0.986231,0.8846153846153846,1
GCF_017315645.1.fna,GCF_022690185.1.fna,0.9770260000000001,0.8076923076923077,1
GCF_017315645.1.fna,GCF_022690205.1.fna,0.973395,0.8076923076923077,1
GCF_017315645.1.fna,GCF_022690225.1.fna,0.976135,0.8076923076923077,1
GCF_017315645.1.fna,GCF_022690245.1.fna,0.993944,0.8461538461538461,1
GCF_017315645.1.fna,GCF_022690265.1.fna,0.992744,0.8076923076923077,1
GCF_017315645.1.fna,GCF_022690275.1.fna,0.994264,0.8076923076923077,1
GCF_017315645.1.fna,GCF_022690295.1.fna,0.9698680000000001,0.8846153846153846,1
GCF_017315645.1.fna,GCF_022690325.1.fna,0.976553,0.8076923076923077,1
GCF_017315645.1.fna,GCF_022690345.1.fna,0.990641,0.8846153846153846,1
GCF_017315645.1.fna,GCF_022690375.1.fna,0.970244,0.8461538461538461,1
GCF_017315645.1.fna,GCF_022690385.1.fna,0.99441,0.8461538461538461,1
GCF_017315645.1.fna,GCF_022690425.1.fna,0.994967,0.8461538461538461,1
GCF_017315645.1.fna,GCF_025143205.1.fna,0.9935590000000001,0.8076923076923077,1
GCF_017315645.1.fna,GCF_025143445.1.fna,0.964209,0.8461538461538461,1
GCF_017315645.1.fna,GCF_025143615.1.fna,0.9740430000000001,0.8461538461538461,1
GCF_017315645.1.fna,GCF_029926865.1.fna,0.993868,0.8846153846153846,1
GCF_017315645.1.fna,GCF_029926905.1.fna,0.9944620000000001,0.8846153846153846,1
GCF_017315645.1.fna,GCF_029926915.1.fna,0.9944620000000001,0.8846153846153846,1
GCF_017315645.1.fna,GCF_031631055.1.fna,0.974664,0.8461538461538461,1
GCF_017315645.1.fna,GCF_031727055.1.fna,0.971036,0.8846153846153846,1
GCF_017315645.1.fna,GCF_031727075.1.fna,0.9944799999999999,0.8846153846153846,1
GCF_017315645.1.fna,GCF_031727235.1.fna,0.974448,0.8461538461538461,1
GCF_017315645.1.fna,GCF_031727255.1.fna,0.9713890000000001,0.8461538461538461,1
GCF_017315645.1.fna,GCF_031727275.1.fna,0.976909,0.7692307692307693,1
GCF_017315645.1.fna,GCF_031727355.1.fna,0.9947010000000001,0.8461538461538461,1
GCF_017315645.1.fna,GCF_031727455.1.fna,0.969001,0.7692307692307693,1
GCF_017315645.1.fna,GCF_031727535.1.fna,0.9776130000000001,0.8076923076923077,1
GCF_017315645.1.fna,GCF_031728075.1.fna,0.993793,0.8461538461538461,1
GCF_017315645.1.fna,GCF_031728095.1.fna,0.975639,0.8076923076923077,1
GCF_017315645.1.fna,GCF_031728115.1.fna,0.991706,0.8846153846153846,1
GCF_017315645.1.fna,GCF_031728155.1.fna,0.9939709999999999,0.8846153846153846,1
GCF_017315645.1.fna,GCF_031728235.1.fna,0.990825,0.8846153846153846,1
GCF_017315645.1.fna,GCF_031728275.1.fna,0.978399,0.8076923076923077,1
GCF_017315645.1.fna,GCF_031728295.1.fna,0.998505,0.9615384615384616,1
GCF_017315645.1.fna,GCF_031728315.1.fna,0.9884780000000001,0.9230769230769231,1
GCF_017315645.1.fna,GCF_031728335.1.fna,0.989029,0.8846153846153846,1
GCF_017315645.1.fna,GCF_031728415.1.fna,0.9737250000000001,0.8461538461538461,1
GCF_017315645.1.fna,GCF_031728455.1.fna,0.977718,0.8076923076923077,1
GCF_017315645.1.fna,GCF_031728475.1.fna,0.993364,0.8846153846153846,1
GCF_017315645.1.fna,GCF_031728495.1.fna,0.97356,0.8461538461538461,1
GCF_017315645.1.fna,GCF_031728515.1.fna,0.9712000000000001,0.8461538461538461,1
GCF_017315645.1.fna,GCF_031728555.1.fna,0.985237,0.9230769230769231,1
GCF_017315645.1.fna,GCF_031728675.1.fna,0.977,0.8076923076923077,1
GCF_017315645.1.fna,GCF_031728695.1.fna,0.975611,0.8461538461538461,1
GCF_017315645.1.fna,GCF_031728715.1.fna,0.9776659999999999,0.8076923076923077,1
GCF_017315645.1.fna,GCF_031728735.1.fna,0.984675,0.9230769230769231,1
GCF_017315645.1.fna,GCF_031728745.1.fna,0.988459,0.8846153846153846,1
GCF_017315645.1.fna,GCF_031728795.1.fna,0.977612,0.8461538461538461,1
GCF_017315645.1.fna,GCF_031728835.1.fna,0.9906959999999999,0.8461538461538461,1
GCF_017315645.1.fna,GCF_031728895.1.fna,0.968892,0.8846153846153846,1
GCF_017315645.1.fna,GCF_031729015.1.fna,0.977121,0.7692307692307693,1
GCF_017315645.1.fna,GCF_036419895.1.fna,0.977757,0.8076923076923077,1
GCF_017315645.1.fna,GCF_036420075.1.fna,0.9743179999999999,0.8461538461538461,1
GCF_017315645.1.fna,GCF_037694985.1.fna,0.987048,0.9230769230769231,1
GCF_017315645.1.fna,GCF_037695175.1.fna,0.977224,0.7692307692307693,1
GCF_017315645.1.fna,GCF_037700135.1.fna,0.99347,0.8846153846153846,1
GCF_017315645.1.fna,GCF_037700155.1.fna,0.993896,0.9230769230769231,1
GCF_017315645.1.fna,GCF_037700295.1.fna,0.9904649999999999,0.8461538461538461,1
GCF_017315645.1.fna,GCF_037700315.1.fna,0.972791,0.8461538461538461,1
GCF_017315645.1.fna,GCF_037700375.1.fna,0.9712430000000001,0.8846153846153846,1
GCF_017315645.1.fna,GCF_037700455.1.fna,0.972081,0.8846153846153846,1
GCF_017315645.1.fna,GCF_040947025.1.fna,0.9864809999999999,0.9230769230769231,1
GCF_017315645.1.fna,GCF_040947065.1.fna,0.975962,0.8076923076923077,1
GCF_017315645.1.fna,GCF_040947125.1.fna,0.963786,0.8846153846153846,1
GCF_017315645.1.fna,GCF_040947205.1.fna,0.986409,0.8846153846153846,1
GCF_017315645.1.fna,GCF_040947225.1.fna,0.980021,0.8076923076923077,1
GCF_017315645.1.fna,GCF_040947605.1.fna,0.994169,0.7692307692307693,1
GCF_017315645.1.fna,GCF_040947645.1.fna,0.994169,0.7692307692307693,1
GCF_017315645.1.fna,GCF_047653515.1.fna,0.9944769999999999,0.8461538461538461,1
GCF_017315645.1.fna,GCF_047653525.1.fna,0.983374,1.0,1
GCF_017315645.1.fna,GCF_052950835.1.fna,0.977602,0.7692307692307693,1
GCF_017315645.1.fna,GCF_900458635.1.fna,0.971109,0.8461538461538461,1
GCF_017315645.1.fna,GCF_964211265.1.fna,0.968777,0.8846153846153846,1
GCF_022689565.1.fna,GCF_000269685.1.fna,0.994006,0.9130434782608695,1
GCF_022689565.1.fna,GCF_002901845.1.fna,0.9763679999999999,0.8695652173913043,1
GCF_022689565.1.fna,GCF_013267575.1.fna,0.975081,0.8695652173913043,1
GCF_022689565.1.fna,GCF_015274535.1.fna,0.9937269999999999,0.9130434782608695,1
GCF_022689565.1.fna,GCF_015274585.1.fna,0.994008,0.8695652173913043,1
GCF_022689565.1.fna,GCF_015274655.1.fna,0.9912770000000001,0.9130434782608695,1
GCF_022689565.1.fna,GCF_015274675.1.fna,0.991588,0.9565217391304348,1
GCF_022689565.1.fna,GCF_017315625.1.fna,0.99178,0.9565217391304348,1
GCF_022689565.1.fna,GCF_017315645.1.fna,0.995045,0.9565217391304348,1
GCF_022689565.1.fna,GCF_022689565.1.fna,1.0,1.0,1
GCF_022689565.1.fna,GCF_022689575.1.fna,0.975963,0.8695652173913043,1
GCF_022689565.1.fna,GCF_022689615.1.fna,0.9906520000000001,0.9565217391304348,1
GCF_022689565.1.fna,GCF_022689645.1.fna,0.976351,0.8695652173913043,1
GCF_022689565.1.fna,GCF_022689665.1.fna,0.975963,0.8695652173913043,1
GCF_022689565.1.fna,GCF_022689675.1.fna,0.993596,0.9565217391304348,1
GCF_022689565.1.fna,GCF_022689705.1.fna,0.976351,0.8695652173913043,1
GCF_022689565.1.fna,GCF_022689725.1.fna,0.975963,0.8695652173913043,1
GCF_022689565.1.fna,GCF_022689745.1.fna,0.9917929999999999,0.9565217391304348,1
GCF_022689565.1.fna,GCF_022689765.1.fna,0.990381,0.9565217391304348,1
GCF_022689565.1.fna,GCF_022689775.1.fna,0.974577,0.9130434782608695,1
GCF_022689565.1.fna,GCF_022689785.1.fna,0.9754120000000001,0.8695652173913043,1
GCF_022689565.1.fna,GCF_022689825.1.fna,0.9897159999999999,0.9565217391304348,1
GCF_022689565.1.fna,GCF_022689845.1.fna,0.9934999999999999,0.9565217391304348,1
GCF_022689565.1.fna,GCF_022689855.1.fna,0.975204,0.9130434782608695,1
GCF_022689565.1.fna,GCF_022689905.1.fna,0.9928239999999999,0.9565217391304348,1
GCF_022689565.1.fna,GCF_022689925.1.fna,0.964357,0.8695652173913043,1
GCF_022689565.1.fna,GCF_022689945.1.fna,0.98494,0.9130434782608695,1
GCF_022689565.1.fna,GCF_022689965.1.fna,0.9967570000000001,0.9565217391304348,1
GCF_022689565.1.fna,GCF_022689975.1.fna,0.993639,0.9130434782608695,1
GCF_022689565.1.fna,GCF_022690005.1.fna,0.977321,0.8695652173913043,1
GCF_022689565.1.fna,GCF_022690025.1.fna,0.9752970000000001,0.9130434782608695,1
GCF_022689565.1.fna,GCF_022690045.1.fna,0.977321,0.8695652173913043,1
GCF_022689565.1.fna,GCF_022690065.1.fna,0.9948779999999999,0.9130434782608695,1
GCF_022689565.1.fna,GCF_022690085.1.fna,0.968838,0.9130434782608695,1
GCF_022689565.1.fna,GCF_022690105.1.fna,0.9939589999999999,0.8695652173913043,1
GCF_022689565.1.fna,GCF_022690115.1.fna,0.986572,0.8695652173913043,1
GCF_022689565.1.fna,GCF_022690145.1.fna,0.994887,0.9130434782608695,1
GCF_022689565.1.fna,GCF_022690165.1.fna,0.994911,0.8695652173913043,1
GCF_022689565.1.fna,GCF_022690185.1.fna,0.9753919999999999,0.8695652173913043,1
GCF_022689565.1.fna,GCF_022690205.1.fna,0.974549,0.9130434782608695,1
GCF_022689565.1.fna,GCF_022690225.1.fna,0.9733240000000001,0.9130434782608695,1
GCF_022689565.1.fna,GCF_022690245.1.fna,0.9934449999999999,0.9130434782608695,1
GCF_022689565.1.fna,GCF_022690265.1.fna,0.994889,0.8695652173913043,1
GCF_022689565.1.fna,GCF_022690275.1.fna,0.9928130000000001,0.9130434782608695,1
GCF_022689565.1.fna,GCF_022690295.1.fna,0.984609,0.9130434782608695,1
GCF_022689565.1.fna,GCF_022690325.1.fna,0.976071,0.8695652173913043,1
GCF_022689565.1.fna,GCF_022690345.1.fna,0.9933839999999999,0.9565217391304348,1
GCF_022689565.1.fna,GCF_022690375.1.fna,0.976087,0.8695652173913043,1
GCF_022689565.1.fna,GCF_022690385.1.fna,0.993522,0.9130434782608695,1
GCF_022689565.1.fna,GCF_022690425.1.fna,0.992571,0.9130434782608695,1
GCF_022689565.1.fna,GCF_025143205.1.fna,0.9947280000000001,0.8695652173913043,1
GCF_022689565.1.fna,GCF_025143445.1.fna,0.97485,0.8695652173913043,1
GCF_022689565.1.fna,GCF_025143615.1.fna,0.9746210000000001,0.9130434782608695,1
GCF_022689565.1.fna,GCF_029926865.1.fna,0.992508,0.9565217391304348,1
GCF_022689565.1.fna,GCF_029926905.1.fna,0.992508,0.9565217391304348,1
GCF_022689565.1.fna,GCF_029926915.1.fna,0.992508,0.9565217391304348,1
GCF_022689565.1.fna,GCF_031631055.1.fna,0.977358,0.8695652173913043,1
GCF_022689565.1.fna,GCF_031727055.1.fna,0.974729,0.9130434782608695,1
GCF_022689565.1.fna,GCF_031727075.1.fna,0.993576,0.9565217391304348,1
GCF_022689565.1.fna,GCF_031727235.1.fna,0.975204,0.9130434782608695,1
GCF_022689565.1.fna,GCF_031727255.1.fna,0.986459,0.8695652173913043,1
GCF_022689565.1.fna,GCF_031727275.1.fna,0.972141,0.8695652173913043,1
GCF_022689565.1.fna,GCF_031727355.1.fna,1.0,1.0,1
GCF_022689565.1.fna,GCF_031727455.1.fna,0.967876,0.8695652173913043,1
GCF_022689565.1.fna,GCF_031727535.1.fna,0.97624,0.8695652173913043,1
GCF_022689565.1.fna,GCF_031728075.1.fna,0.9926130000000001,0.9130434782608695,1
GCF_022689565.1.fna,GCF_031728095.1.fna,0.974721,0.9130434782608695,1
GCF_022689565.1.fna,GCF_031728115.1.fna,0.992351,0.9565217391304348,1
GCF_022689565.1.fna,GCF_031728155.1.fna,0.991034,0.9565217391304348,1
GCF_022689565.1.fna,GCF_031728235.1.fna,0.994213,0.9130434782608695,1
GCF_022689565.1.fna,GCF_031728275.1.fna,0.97662,0.8695652173913043,1
GCF_022689565.1.fna,GCF_031728295.1.fna,0.9946649999999999,0.9565217391304348,1
GCF_022689565.1.fna,GCF_031728315.1.fna,0.992989,0.9130434782608695,1
GCF_022689565.1.fna,GCF_031728335.1.fna,0.9900289999999999,0.9130434782608695,1
GCF_022689565.1.fna,GCF_031728415.1.fna,0.9770350000000001,0.8695652173913043,1
GCF_022689565.1.fna,GCF_031728455.1.fna,0.9769570000000001,0.8695652173913043,1
GCF_022689565.1.fna,GCF_031728475.1.fna,0.9938809999999999,0.9565217391304348,1
GCF_022689565.1.fna,GCF_031728495.1.fna,0.976092,0.9130434782608695,1
GCF_022689565.1.fna,GCF_031728515.1.fna,0.984019,0.9130434782608695,1
GCF_022689565.1.fna,GCF_031728555.1.fna,0.994915,0.9130434782608695,1
GCF_022689565.1.fna,GCF_031728675.1.fna,0.975051,0.8695652173913043,1
GCF_022689565.1.fna,GCF_031728695.1.fna,0.97443,0.9130434782608695,1
GCF_022689565.1.fna,GCF_031728715.1.fna,0.9753830000000001,0.8695652173913043,1
GCF_022689565.1.fna,GCF_031728735.1.fna,0.990128,0.9565217391304348,1
GCF_022689565.1.fna,GCF_031728745.1.fna,0.9897480000000001,0.9130434782608695,1
GCF_022689565.1.fna,GCF_031728795.1.fna,0.974919,0.9130434782608695,1
GCF_022689565.1.fna,GCF_031728835.1.fna,0.9945999999999999,0.9130434782608695,1
GCF_022689565.1.fna,GCF_031728895.1.fna,0.9753400000000001,0.9130434782608695,1
GCF_022689565.1.fna,GCF_031729015.1.fna,0.970822,0.8695652173913043,1
GCF_022689565.1.fna,GCF_036419895.1.fna,0.9753799999999999,0.8695652173913043,1
GCF_022689565.1.fna,GCF_036420075.1.fna,0.98494,0.9130434782608695,1
GCF_022689565.1.fna,GCF_037694985.1.fna,0.992846,0.9130434782608695,1
GCF_022689565.1.fna,GCF_037695175.1.fna,0.9762430000000001,0.8695652173913043,1
GCF_022689565.1.fna,GCF_037700135.1.fna,0.993468,0.9565217391304348,1
GCF_022689565.1.fna,GCF_037700155.1.fna,0.99516,0.9565217391304348,1
GCF_022689565.1.fna,GCF_037700295.1.fna,0.9872709999999999,0.9130434782608695,1
GCF_022689565.1.fna,GCF_037700315.1.fna,0.975445,0.8695652173913043,1
GCF_022689565.1.fna,GCF_037700375.1.fna,0.976497,0.8695652173913043,1
GCF_022689565.1.fna,GCF_037700455.1.fna,0.976497,0.8695652173913043,1
GCF_022689565.1.fna,GCF_040947025.1.fna,0.9927779999999999,0.9130434782608695,1
GCF_022689565.1.fna,GCF_040947065.1.fna,0.978878,0.8695652173913043,1
GCF_022689565.1.fna,GCF_040947125.1.fna,0.975283,0.9130434782608695,1
GCF_022689565.1.fna,GCF_040947205.1.fna,0.9892650000000001,0.9130434782608695,1
GCF_022689565.1.fna,GCF_040947225.1.fna,0.979032,0.8695652173913043,1
GCF_022689565.1.fna,GCF_040947605.1.fna,0.994025,0.8695652173913043,1
GCF_022689565.1.fna,GCF_040947645.1.fna,0.994025,0.8695652173913043,1
GCF_022689565.1.fna,GCF_047653515.1.fna,0.9938290000000001,0.9130434782608695,1
GCF_022689565.1.fna,GCF_047653525.1.fna,0.9938509999999999,0.9565217391304348,1
GCF_022689565.1.fna,GCF_052950835.1.fna,0.9748739999999999,0.8695652173913043,1
GCF_022689565.1.fna,GCF_900458635.1.fna,0.9763679999999999,0.8695652173913043,1
GCF_022689565.1.fna,GCF_964211265.1.fna,0.9743510000000001,0.9130434782608695,1
GCF_022689575.1.fna,GCF_000269685.1.fna,0.974701,1.0,1
GCF_022689575.1.fna,GCF_002901845.1.fna,0.997007,0.8695652173913043,1
GCF_022689575.1.fna,GCF_013267575.1.fna,0.994886,0.9130434782608695,1
GCF_022689575.1.fna,GCF_015274535.1.fna,0.9754550000000001,0.9130434782608695,1
GCF_022689575.1.fna,GCF_015274585.1.fna,0.9754550000000001,0.9130434782608695,1
GCF_022689575.1.fna,GCF_015274655.1.fna,0.9754550000000001,0.9130434782608695,1
GCF_022689575.1.fna,GCF_015274675.1.fna,0.9763729999999999,0.9565217391304348,1
GCF_022689575.1.fna,GCF_017315625.1.fna,0.976733,0.9565217391304348,1
GCF_022689575.1.fna,GCF_017315645.1.fna,0.977288,0.9130434782608695,1
GCF_022689575.1.fna,GCF_022689565.1.fna,0.975791,0.8695652173913043,1
GCF_022689575.1.fna,GCF_022689575.1.fna,1.0,1.0,1
GCF_022689575.1.fna,GCF_022689615.1.fna,0.974922,0.8695652173913043,1
GCF_022689575.1.fna,GCF_022689645.1.fna,0.9931699999999999,0.9130434782608695,1
GCF_022689575.1.fna,GCF_022689665.1.fna,0.9997820000000001,1.0,1
GCF_022689575.1.fna,GCF_022689675.1.fna,0.975478,0.9130434782608695,1
GCF_022689575.1.fna,GCF_022689705.1.fna,0.99504,0.9130434782608695,1
GCF_022689575.1.fna,GCF_022689725.1.fna,1.0,1.0,1
GCF_022689575.1.fna,GCF_022689745.1.fna,0.975415,0.9130434782608695,1
GCF_022689575.1.fna,GCF_022689765.1.fna,0.9694750000000001,0.9565217391304348,1
GCF_022689575.1.fna,GCF_022689775.1.fna,0.9947110000000001,0.8695652173913043,1
GCF_022689575.1.fna,GCF_022689785.1.fna,0.994363,0.9130434782608695,1
GCF_022689575.1.fna,GCF_022689825.1.fna,0.9694750000000001,0.9565217391304348,1
GCF_022689575.1.fna,GCF_022689845.1.fna,0.973151,0.9130434782608695,1
GCF_022689575.1.fna,GCF_022689855.1.fna,0.991674,0.9565217391304348,1
GCF_022689575.1.fna,GCF_022689905.1.fna,0.973549,0.9565217391304348,1
GCF_022689575.1.fna,GCF_022689925.1.fna,0.971749,0.8695652173913043,1
GCF_022689575.1.fna,GCF_022689945.1.fna,0.967711,0.8260869565217391,1
GCF_022689575.1.fna,GCF_022689965.1.fna,0.974781,0.9565217391304348,1
GCF_022689575.1.fna,GCF_022689975.1.fna,0.969465,0.9565217391304348,1
GCF_022689575.1.fna,GCF_022690005.1.fna,0.993497,0.9130434782608695,1
GCF_022689575.1.fna,GCF_022690025.1.fna,0.99358,1.0,1
GCF_022689575.1.fna,GCF_022690045.1.fna,0.993497,0.9130434782608695,1
GCF_022689575.1.fna,GCF_022690065.1.fna,0.973541,0.9565217391304348,1
GCF_022689575.1.fna,GCF_022690085.1.fna,0.973093,0.9130434782608695,1
GCF_022689575.1.fna,GCF_022690105.1.fna,0.97391,0.9565217391304348,1
GCF_022689575.1.fna,GCF_022690115.1.fna,0.9686750000000001,0.9565217391304348,1
GCF_022689575.1.fna,GCF_022690145.1.fna,0.973541,0.9565217391304348,1
GCF_022689575.1.fna,GCF_022690165.1.fna,0.9735509999999999,0.9565217391304348,1
GCF_022689575.1.fna,GCF_022690185.1.fna,0.9943770000000001,0.9130434782608695,1
GCF_022689575.1.fna,GCF_022690205.1.fna,0.9916429999999999,0.9130434782608695,1
GCF_022689575.1.fna,GCF_022690225.1.fna,0.993191,0.8695652173913043,1
GCF_022689575.1.fna,GCF_022690245.1.fna,0.97489,0.9130434782608695,1
GCF_022689575.1.fna,GCF_022690265.1.fna,0.9735299999999999,0.9565217391304348,1
GCF_022689575.1.fna,GCF_022690275.1.fna,0.973468,0.9130434782608695,1
GCF_022689575.1.fna,GCF_022690295.1.fna,0.9593609999999999,0.9130434782608695,1
GCF_022689575.1.fna,GCF_022690325.1.fna,0.987317,0.9565217391304348,1
GCF_022689575.1.fna,GCF_022690345.1.fna,0.975089,0.9565217391304348,1
GCF_022689575.1.fna,GCF_022690375.1.fna,0.9938020000000001,0.9130434782608695,1
GCF_022689575.1.fna,GCF_022690385.1.fna,0.9729089999999999,0.9565217391304348,1
GCF_022689575.1.fna,GCF_022690425.1.fna,0.974171,0.9565217391304348,1
GCF_022689575.1.fna,GCF_025143205.1.fna,0.975165,0.9130434782608695,1
GCF_022689575.1.fna,GCF_025143445.1.fna,0.995497,0.8695652173913043,1
GCF_022689575.1.fna,GCF_025143615.1.fna,0.9945050000000001,0.9130434782608695,1
GCF_022689575.1.fna,GCF_029926865.1.fna,0.972567,0.9565217391304348,1
GCF_022689575.1.fna,GCF_029926905.1.fna,0.972567,0.9565217391304348,1
GCF_022689575.1.fna,GCF_029926915.1.fna,0.972567,0.9565217391304348,1
GCF_022689575.1.fna,GCF_031631055.1.fna,0.989703,0.8695652173913043,1
GCF_022689575.1.fna,GCF_031727055.1.fna,0.991591,0.9565217391304348,1
GCF_022689575.1.fna,GCF_031727075.1.fna,0.975478,0.9130434782608695,1
GCF_022689575.1.fna,GCF_031727235.1.fna,0.991712,0.9565217391304348,1
GCF_022689575.1.fna,GCF_031727255.1.fna,0.9593609999999999,0.9130434782608695,1
GCF_022689575.1.fna,GCF_031727275.1.fna,0.988593,0.9130434782608695,1
GCF_022689575.1.fna,GCF_031727355.1.fna,0.975791,0.8695652173913043,1
GCF_022689575.1.fna,GCF_031727455.1.fna,0.973312,0.8695652173913043,1
GCF_022689575.1.fna,GCF_031727535.1.fna,0.999623,0.9565217391304348,1
GCF_022689575.1.fna,GCF_031728075.1.fna,0.974171,0.9565217391304348,1
GCF_022689575.1.fna,GCF_031728095.1.fna,0.993754,0.9130434782608695,1
GCF_022689575.1.fna,GCF_031728115.1.fna,0.9767199999999999,0.9130434782608695,1
GCF_022689575.1.fna,GCF_031728155.1.fna,0.9766360000000001,0.9565217391304348,1
GCF_022689575.1.fna,GCF_031728235.1.fna,0.975474,0.9565217391304348,1
GCF_022689575.1.fna,GCF_031728275.1.fna,0.995527,0.9130434782608695,1
GCF_022689575.1.fna,GCF_031728295.1.fna,0.977211,0.9130434782608695,1
GCF_022689575.1.fna,GCF_031728315.1.fna,0.97356,0.9565217391304348,1
GCF_022689575.1.fna,GCF_031728335.1.fna,0.9739329999999999,0.9565217391304348,1
GCF_022689575.1.fna,GCF_031728415.1.fna,0.9890380000000001,0.9565217391304348,1
GCF_022689575.1.fna,GCF_031728455.1.fna,0.995229,0.9130434782608695,1
GCF_022689575.1.fna,GCF_031728475.1.fna,0.974657,0.9130434782608695,1
GCF_022689575.1.fna,GCF_031728495.1.fna,0.9888129999999999,0.9565217391304348,1
GCF_022689575.1.fna,GCF_031728515.1.fna,0.967718,0.8260869565217391,1
GCF_022689575.1.fna,GCF_031728555.1.fna,0.9735509999999999,0.9565217391304348,1
GCF_022689575.1.fna,GCF_031728675.1.fna,0.994761,0.9130434782608695,1
GCF_022689575.1.fna,GCF_031728695.1.fna,0.993719,0.9130434782608695,1
GCF_022689575.1.fna,GCF_031728715.1.fna,0.994337,0.9130434782608695,1
GCF_022689575.1.fna,GCF_031728735.1.fna,0.972009,0.9565217391304348,1
GCF_022689575.1.fna,GCF_031728745.1.fna,0.9767319999999999,0.9130434782608695,1
GCF_022689575.1.fna,GCF_031728795.1.fna,0.993283,0.9130434782608695,1
GCF_022689575.1.fna,GCF_031728835.1.fna,0.973743,0.9565217391304348,1
GCF_022689575.1.fna,GCF_031728895.1.fna,0.9944270000000001,0.9130434782608695,1
GCF_022689575.1.fna,GCF_031729015.1.fna,0.987672,0.9130434782608695,1
GCF_022689575.1.fna,GCF_036419895.1.fna,0.987833,0.9565217391304348,1
GCF_022689575.1.fna,GCF_036420075.1.fna,0.967711,0.8260869565217391,1
GCF_022689575.1.fna,GCF_037694985.1.fna,0.9644379999999999,1.0,1
GCF_022689575.1.fna,GCF_037695175.1.fna,0.9927809999999999,0.9130434782608695,1
GCF_022689575.1.fna,GCF_037700135.1.fna,0.973903,0.9565217391304348,1
GCF_022689575.1.fna,GCF_037700155.1.fna,0.977068,0.9130434782608695,1
GCF_022689575.1.fna,GCF_037700295.1.fna,0.976702,0.8695652173913043,1
GCF_022689575.1.fna,GCF_037700315.1.fna,0.9946200000000001,0.9130434782608695,1
GCF_022689575.1.fna,GCF_037700375.1.fna,0.9970680000000001,0.9130434782608695,1
GCF_022689575.1.fna,GCF_037700455.1.fna,0.9974599999999999,0.9130434782608695,1
GCF_022689575.1.fna,GCF_040947025.1.fna,0.979144,0.9130434782608695,1
GCF_022689575.1.fna,GCF_040947065.1.fna,0.98871,0.9130434782608695,1
GCF_022689575.1.fna,GCF_040947125.1.fna,0.99241,0.9130434782608695,1
GCF_022689575.1.fna,GCF_040947205.1.fna,0.975046,0.8695652173913043,1
GCF_022689575.1.fna,GCF_040947225.1.fna,0.991036,0.9130434782608695,1
GCF_022689575.1.fna,GCF_040947605.1.fna,0.9749509999999999,0.9130434782608695,1
GCF_022689575.1.fna,GCF_040947645.1.fna,0.9749509999999999,0.9130434782608695,1
GCF_022689575.1.fna,GCF_047653515.1.fna,0.9672029999999999,0.9565217391304348,1
GCF_022689575.1.fna,GCF_047653525.1.fna,0.975487,0.9565217391304348,1
GCF_022689575.1.fna,GCF_052950835.1.fna,0.9835729999999999,0.9130434782608695,1
GCF_022689575.1.fna,GCF_900458635.1.fna,0.997007,0.8695652173913043,1
GCF_022689575.1.fna,GCF_964211265.1.fna,0.99615,0.9130434782608695,1
GCF_022689615.1.fna,GCF_000269685.1.fna,0.993968,0.9130434782608695,1
GCF_022689615.1.fna,GCF_002901845.1.fna,0.9718859999999999,0.8695652173913043,1
GCF_022689615.1.fna,GCF_013267575.1.fna,0.973441,0.8695652173913043,1
GCF_022689615.1.fna,GCF_015274535.1.fna,0.995334,0.9130434782608695,1
GCF_022689615.1.fna,GCF_015274585.1.fna,0.995873,0.8695652173913043,1
GCF_022689615.1.fna,GCF_015274655.1.fna,0.995312,0.9130434782608695,1
GCF_022689615.1.fna,GCF_015274675.1.fna,0.992365,0.9565217391304348,1
GCF_022689615.1.fna,GCF_017315625.1.fna,0.99348,0.9565217391304348,1
GCF_022689615.1.fna,GCF_017315645.1.fna,0.994541,0.9565217391304348,1
GCF_022689615.1.fna,GCF_022689565.1.fna,0.988265,0.9565217391304348,1
GCF_022689615.1.fna,GCF_022689575.1.fna,0.972966,0.8695652173913043,1
GCF_022689615.1.fna,GCF_022689615.1.fna,1.0,1.0,1
GCF_022689615.1.fna,GCF_022689645.1.fna,0.973037,0.8695652173913043,1
GCF_022689615.1.fna,GCF_022689665.1.fna,0.972413,0.8695652173913043,1
GCF_022689615.1.fna,GCF_022689675.1.fna,0.999255,0.9565217391304348,1
GCF_022689615.1.fna,GCF_022689705.1.fna,0.975046,0.8695652173913043,1
GCF_022689615.1.fna,GCF_022689725.1.fna,0.973322,0.8695652173913043,1
GCF_022689615.1.fna,GCF_022689745.1.fna,0.9984149999999999,1.0,1
GCF_022689615.1.fna,GCF_022689765.1.fna,0.9958459999999999,0.9565217391304348,1
GCF_022689615.1.fna,GCF_022689775.1.fna,0.9686889999999999,0.9130434782608695,1
GCF_022689615.1.fna,GCF_022689785.1.fna,0.972241,0.8695652173913043,1
GCF_022689615.1.fna,GCF_022689825.1.fna,0.994646,0.9565217391304348,1
GCF_022689615.1.fna,GCF_022689845.1.fna,0.9924299999999999,0.9565217391304348,1
GCF_022689615.1.fna,GCF_022689855.1.fna,0.968992,0.9130434782608695,1
GCF_022689615.1.fna,GCF_022689905.1.fna,0.9910559999999999,0.9565217391304348,1
GCF_022689615.1.fna,GCF_022689925.1.fna,0.966616,0.9130434782608695,1
GCF_022689615.1.fna,GCF_022689945.1.fna,0.985239,0.9565217391304348,1
GCF_022689615.1.fna,GCF_022689965.1.fna,0.9935290000000001,0.9565217391304348,1
GCF_022689615.1.fna,GCF_022689975.1.fna,0.9939830000000001,0.9130434782608695,1
GCF_022689615.1.fna,GCF_022690005.1.fna,0.974324,0.8695652173913043,1
GCF_022689615.1.fna,GCF_022690025.1.fna,0.967842,0.9130434782608695,1
GCF_022689615.1.fna,GCF_022690045.1.fna,0.974324,0.8695652173913043,1
GCF_022689615.1.fna,GCF_022690065.1.fna,0.993895,0.9130434782608695,1
GCF_022689615.1.fna,GCF_022690085.1.fna,0.966546,0.9130434782608695,1
GCF_022689615.1.fna,GCF_022690105.1.fna,0.994581,0.8695652173913043,1
GCF_022689615.1.fna,GCF_022690115.1.fna,0.984375,0.8695652173913043,1
GCF_022689615.1.fna,GCF_022690145.1.fna,0.993177,0.9130434782608695,1
GCF_022689615.1.fna,GCF_022690165.1.fna,0.994901,0.8695652173913043,1
GCF_022689615.1.fna,GCF_022690185.1.fna,0.9723539999999999,0.8695652173913043,1
GCF_022689615.1.fna,GCF_022690205.1.fna,0.96817,0.9130434782608695,1
GCF_022689615.1.fna,GCF_022690225.1.fna,0.971654,0.9130434782608695,1
GCF_022689615.1.fna,GCF_022690245.1.fna,0.994058,0.9130434782608695,1
GCF_022689615.1.fna,GCF_022690265.1.fna,0.994051,0.8695652173913043,1
GCF_022689615.1.fna,GCF_022690275.1.fna,0.9964069999999999,0.9130434782608695,1
GCF_022689615.1.fna,GCF_022690295.1.fna,0.9849030000000001,0.9130434782608695,1
GCF_022689615.1.fna,GCF_022690325.1.fna,0.973239,0.8695652173913043,1
GCF_022689615.1.fna,GCF_022690345.1.fna,0.9873879999999999,1.0,1
GCF_022689615.1.fna,GCF_022690375.1.fna,0.9747,0.8695652173913043,1
GCF_022689615.1.fna,GCF_022690385.1.fna,0.995539,0.9130434782608695,1
GCF_022689615.1.fna,GCF_022690425.1.fna,0.9927419999999999,0.9565217391304348,1
GCF_022689615.1.fna,GCF_025143205.1.fna,0.9961679999999999,0.8695652173913043,1
GCF_022689615.1.fna,GCF_025143445.1.fna,0.974944,0.8695652173913043,1
GCF_022689615.1.fna,GCF_025143615.1.fna,0.9707439999999999,0.9130434782608695,1
GCF_022689615.1.fna,GCF_029926865.1.fna,0.9903230000000001,1.0,1
GCF_022689615.1.fna,GCF_029926905.1.fna,0.9910030000000001,0.9565217391304348,1
GCF_022689615.1.fna,GCF_029926915.1.fna,0.9910030000000001,0.9565217391304348,1
GCF_022689615.1.fna,GCF_031631055.1.fna,0.975493,0.8695652173913043,1
GCF_022689615.1.fna,GCF_031727055.1.fna,0.969809,0.9130434782608695,1
GCF_022689615.1.fna,GCF_031727075.1.fna,0.999748,0.9565217391304348,1
GCF_022689615.1.fna,GCF_031727235.1.fna,0.9707899999999999,0.9130434782608695,1
GCF_022689615.1.fna,GCF_031727255.1.fna,0.987604,0.8695652173913043,1
GCF_022689615.1.fna,GCF_031727275.1.fna,0.9745159999999999,0.8695652173913043,1
GCF_022689615.1.fna,GCF_031727355.1.fna,0.9914310000000001,1.0,1
GCF_022689615.1.fna,GCF_031727455.1.fna,0.9656980000000001,0.8695652173913043,1
GCF_022689615.1.fna,GCF_031727535.1.fna,0.9749079999999999,0.8695652173913043,1
GCF_022689615.1.fna,GCF_031728075.1.fna,0.9920640000000001,0.9130434782608695,1
GCF_022689615.1.fna,GCF_031728095.1.fna,0.972567,0.9130434782608695,1
GCF_022689615.1.fna,GCF_031728115.1.fna,0.993576,0.9565217391304348,1
GCF_022689615.1.fna,GCF_031728155.1.fna,0.993614,0.9565217391304348,1
GCF_022689615.1.fna,GCF_031728235.1.fna,0.99603,0.9565217391304348,1
GCF_022689615.1.fna,GCF_031728275.1.fna,0.975101,0.8695652173913043,1
GCF_022689615.1.fna,GCF_031728295.1.fna,0.994611,0.9565217391304348,1
GCF_022689615.1.fna,GCF_031728315.1.fna,0.99517,0.9130434782608695,1
GCF_022689615.1.fna,GCF_031728335.1.fna,0.993856,0.9130434782608695,1
GCF_022689615.1.fna,GCF_031728415.1.fna,0.9763,0.8695652173913043,1
GCF_022689615.1.fna,GCF_031728455.1.fna,0.9759690000000001,0.8695652173913043,1
GCF_022689615.1.fna,GCF_031728475.1.fna,0.993186,1.0,1
GCF_022689615.1.fna,GCF_031728495.1.fna,0.9706980000000001,0.9130434782608695,1
GCF_022689615.1.fna,GCF_031728515.1.fna,0.981983,0.9130434782608695,1
GCF_022689615.1.fna,GCF_031728555.1.fna,0.993691,0.9130434782608695,1
GCF_022689615.1.fna,GCF_031728675.1.fna,0.9726640000000001,0.8695652173913043,1
GCF_022689615.1.fna,GCF_031728695.1.fna,0.9721609999999999,0.9130434782608695,1
GCF_022689615.1.fna,GCF_031728715.1.fna,0.974217,0.8695652173913043,1
GCF_022689615.1.fna,GCF_031728735.1.fna,0.991097,0.9565217391304348,1
GCF_022689615.1.fna,GCF_031728745.1.fna,0.992371,0.9565217391304348,1
GCF_022689615.1.fna,GCF_031728795.1.fna,0.974033,0.9130434782608695,1
GCF_022689615.1.fna,GCF_031728835.1.fna,0.99542,0.9130434782608695,1
GCF_022689615.1.fna,GCF_031728895.1.fna,0.971862,0.9130434782608695,1
GCF_022689615.1.fna,GCF_031729015.1.fna,0.973537,0.8695652173913043,1
GCF_022689615.1.fna,GCF_036419895.1.fna,0.97429,0.8695652173913043,1
GCF_022689615.1.fna,GCF_036420075.1.fna,0.985239,0.9565217391304348,1
GCF_022689615.1.fna,GCF_037694985.1.fna,0.9926860000000001,0.9130434782608695,1
GCF_022689615.1.fna,GCF_037695175.1.fna,0.972056,0.8695652173913043,1
GCF_022689615.1.fna,GCF_037700135.1.fna,0.994011,0.9565217391304348,1
GCF_022689615.1.fna,GCF_037700155.1.fna,0.990986,1.0,1
GCF_022689615.1.fna,GCF_037700295.1.fna,0.99408,0.9130434782608695,1
GCF_022689615.1.fna,GCF_037700315.1.fna,0.972919,0.8695652173913043,1
GCF_022689615.1.fna,GCF_037700375.1.fna,0.973042,0.8695652173913043,1
GCF_022689615.1.fna,GCF_037700455.1.fna,0.9738880000000001,0.8695652173913043,1
GCF_022689615.1.fna,GCF_040947025.1.fna,0.989025,0.9130434782608695,1
GCF_022689615.1.fna,GCF_040947065.1.fna,0.980559,0.8695652173913043,1
GCF_022689615.1.fna,GCF_040947125.1.fna,0.968358,0.9130434782608695,1
GCF_022689615.1.fna,GCF_040947205.1.fna,0.993631,0.9130434782608695,1
GCF_022689615.1.fna,GCF_040947225.1.fna,0.97848,0.8695652173913043,1
GCF_022689615.1.fna,GCF_040947605.1.fna,0.99665,0.8695652173913043,1
GCF_022689615.1.fna,GCF_040947645.1.fna,0.996299,0.8695652173913043,1
GCF_022689615.1.fna,GCF_047653515.1.fna,0.993537,0.9565217391304348,1
GCF_022689615.1.fna,GCF_047653525.1.fna,0.99453,1.0,1
GCF_022689615.1.fna,GCF_052950835.1.fna,0.978396,0.8695652173913043,1
GCF_022689615.1.fna,GCF_900458635.1.fna,0.9751139999999999,0.8695652173913043,1
GCF_022689615.1.fna,GCF_964211265.1.fna,0.973811,0.9130434782608695,1
GCF_022689645.1.fna,GCF_000269685.1.fna,0.975168,1.0,1
GCF_022689645.1.fna,GCF_002901845.1.fna,0.9961620000000001,0.9523809523809523,1
GCF_022689645.1.fna,GCF_013267575.1.fna,0.9931329999999999,0.9523809523809523,1
GCF_022689645.1.fna,GCF_015274535.1.fna,0.975276,0.9523809523809523,1
GCF_022689645.1.fna,GCF_015274585.1.fna,0.975276,0.9523809523809523,1
GCF_022689645.1.fna,GCF_015274655.1.fna,0.975276,0.9523809523809523,1
GCF_022689645.1.fna,GCF_015274675.1.fna,0.97662,0.9523809523809523,1
GCF_022689645.1.fna,GCF_017315625.1.fna,0.9777039999999999,0.9523809523809523,1
GCF_022689645.1.fna,GCF_017315645.1.fna,0.9771880000000001,0.9523809523809523,1
GCF_022689645.1.fna,GCF_022689565.1.fna,0.976335,0.9523809523809523,1
GCF_022689645.1.fna,GCF_022689575.1.fna,0.99318,1.0,1
GCF_022689645.1.fna,GCF_022689615.1.fna,0.9717359999999999,0.9523809523809523,1
GCF_022689645.1.fna,GCF_022689645.1.fna,1.0,1.0,1
GCF_022689645.1.fna,GCF_022689665.1.fna,0.99318,1.0,1
GCF_022689645.1.fna,GCF_022689675.1.fna,0.975552,0.9523809523809523,1
GCF_022689645.1.fna,GCF_022689705.1.fna,1.0,0.9523809523809523,1
GCF_022689645.1.fna,GCF_022689725.1.fna,0.99318,1.0,1
GCF_022689645.1.fna,GCF_022689745.1.fna,0.975552,0.9523809523809523,1
GCF_022689645.1.fna,GCF_022689765.1.fna,0.975513,0.9523809523809523,1
GCF_022689645.1.fna,GCF_022689775.1.fna,0.992709,0.9523809523809523,1
GCF_022689645.1.fna,GCF_022689785.1.fna,0.992713,0.9523809523809523,1
GCF_022689645.1.fna,GCF_022689825.1.fna,0.975513,0.9523809523809523,1
GCF_022689645.1.fna,GCF_022689845.1.fna,0.97467,1.0,1
GCF_022689645.1.fna,GCF_022689855.1.fna,0.992407,1.0,1
GCF_022689645.1.fna,GCF_022689905.1.fna,0.9737690000000001,1.0,1
GCF_022689645.1.fna,GCF_022689925.1.fna,0.973677,0.9047619047619048,1
GCF_022689645.1.fna,GCF_022689945.1.fna,0.9681390000000001,0.9047619047619048,1
GCF_022689645.1.fna,GCF_022689965.1.fna,0.975526,1.0,1
GCF_022689645.1.fna,GCF_022689975.1.fna,0.975513,0.9523809523809523,1
GCF_022689645.1.fna,GCF_022690005.1.fna,0.9921479999999999,0.9523809523809523,1
GCF_022689645.1.fna,GCF_022690025.1.fna,0.993235,1.0,1
GCF_022689645.1.fna,GCF_022690045.1.fna,0.9921479999999999,0.9523809523809523,1
GCF_022689645.1.fna,GCF_022690065.1.fna,0.973783,1.0,1
GCF_022689645.1.fna,GCF_022690085.1.fna,0.974575,0.9523809523809523,1
GCF_022689645.1.fna,GCF_022690105.1.fna,0.975175,0.9523809523809523,1
GCF_022689645.1.fna,GCF_022690115.1.fna,0.9747499999999999,0.9523809523809523,1
GCF_022689645.1.fna,GCF_022690145.1.fna,0.973783,1.0,1
GCF_022689645.1.fna,GCF_022690165.1.fna,0.973783,1.0,1
GCF_022689645.1.fna,GCF_022690185.1.fna,0.992688,0.9523809523809523,1
GCF_022689645.1.fna,GCF_022690205.1.fna,0.989579,1.0,1
GCF_022689645.1.fna,GCF_022690225.1.fna,0.9923839999999999,0.9047619047619048,1
GCF_022689645.1.fna,GCF_022690245.1.fna,0.974762,0.9523809523809523,1
GCF_022689645.1.fna,GCF_022690265.1.fna,0.9737699999999999,1.0,1
GCF_022689645.1.fna,GCF_022690275.1.fna,0.9739,0.9523809523809523,1
GCF_022689645.1.fna,GCF_022690295.1.fna,0.9668869999999999,0.9523809523809523,1
GCF_022689645.1.fna,GCF_022690325.1.fna,0.9939560000000001,0.9523809523809523,1
GCF_022689645.1.fna,GCF_022690345.1.fna,0.975884,0.9523809523809523,1
GCF_022689645.1.fna,GCF_022690375.1.fna,0.9934879999999999,0.9523809523809523,1
GCF_022689645.1.fna,GCF_022690385.1.fna,0.9740489999999999,1.0,1
GCF_022689645.1.fna,GCF_022690425.1.fna,0.974381,1.0,1
GCF_022689645.1.fna,GCF_025143205.1.fna,0.975038,0.9523809523809523,1
GCF_022689645.1.fna,GCF_025143445.1.fna,0.99386,0.9523809523809523,1
GCF_022689645.1.fna,GCF_025143615.1.fna,0.992715,0.9523809523809523,1
GCF_022689645.1.fna,GCF_029926865.1.fna,0.9782120000000001,0.9523809523809523,1
GCF_022689645.1.fna,GCF_029926905.1.fna,0.9782120000000001,0.9523809523809523,1
GCF_022689645.1.fna,GCF_029926915.1.fna,0.9782120000000001,0.9523809523809523,1
GCF_022689645.1.fna,GCF_031631055.1.fna,0.990015,0.9047619047619048,1
GCF_022689645.1.fna,GCF_031727055.1.fna,0.9942789999999999,1.0,1
GCF_022689645.1.fna,GCF_031727075.1.fna,0.975552,0.9523809523809523,1
GCF_022689645.1.fna,GCF_031727235.1.fna,0.992407,1.0,1
GCF_022689645.1.fna,GCF_031727255.1.fna,0.9668869999999999,0.9523809523809523,1
GCF_022689645.1.fna,GCF_031727275.1.fna,0.992295,0.9047619047619048,1
GCF_022689645.1.fna,GCF_031727355.1.fna,0.976335,0.9523809523809523,1
GCF_022689645.1.fna,GCF_031727455.1.fna,0.974384,0.9523809523809523,1
GCF_022689645.1.fna,GCF_031727535.1.fna,0.9932940000000001,1.0,1
GCF_022689645.1.fna,GCF_031728075.1.fna,0.974381,1.0,1
GCF_022689645.1.fna,GCF_031728095.1.fna,0.99213,0.9523809523809523,1
GCF_022689645.1.fna,GCF_031728115.1.fna,0.9766790000000001,0.9523809523809523,1
GCF_022689645.1.fna,GCF_031728155.1.fna,0.9775100000000001,0.9523809523809523,1
GCF_022689645.1.fna,GCF_031728235.1.fna,0.975442,0.9523809523809523,1
GCF_022689645.1.fna,GCF_031728275.1.fna,0.994425,0.9523809523809523,1
GCF_022689645.1.fna,GCF_031728295.1.fna,0.977277,0.9523809523809523,1
GCF_022689645.1.fna,GCF_031728315.1.fna,0.9737690000000001,1.0,1
GCF_022689645.1.fna,GCF_031728335.1.fna,0.975175,0.9523809523809523,1
GCF_022689645.1.fna,GCF_031728415.1.fna,0.992246,0.9523809523809523,1
GCF_022689645.1.fna,GCF_031728455.1.fna,0.9921800000000001,0.9523809523809523,1
GCF_022689645.1.fna,GCF_031728475.1.fna,0.976387,0.9523809523809523,1
GCF_022689645.1.fna,GCF_031728495.1.fna,0.992205,0.9523809523809523,1
GCF_022689645.1.fna,GCF_031728515.1.fna,0.968073,0.9047619047619048,1
GCF_022689645.1.fna,GCF_031728555.1.fna,0.973783,1.0,1
GCF_022689645.1.fna,GCF_031728675.1.fna,0.9930929999999999,0.9523809523809523,1
GCF_022689645.1.fna,GCF_031728695.1.fna,0.9919549999999999,0.9523809523809523,1
GCF_022689645.1.fna,GCF_031728715.1.fna,0.992565,0.9523809523809523,1
GCF_022689645.1.fna,GCF_031728735.1.fna,0.972145,1.0,1
GCF_022689645.1.fna,GCF_031728745.1.fna,0.976729,0.9523809523809523,1
GCF_022689645.1.fna,GCF_031728795.1.fna,0.992772,0.9523809523809523,1
GCF_022689645.1.fna,GCF_031728835.1.fna,0.973997,1.0,1
GCF_022689645.1.fna,GCF_031728895.1.fna,0.993433,0.9523809523809523,1
GCF_022689645.1.fna,GCF_031729015.1.fna,0.9853959999999999,0.9523809523809523,1
GCF_022689645.1.fna,GCF_036419895.1.fna,0.992675,0.9523809523809523,1
GCF_022689645.1.fna,GCF_036420075.1.fna,0.9681390000000001,0.9047619047619048,1
GCF_022689645.1.fna,GCF_037694985.1.fna,0.9749890000000001,1.0,1
GCF_022689645.1.fna,GCF_037695175.1.fna,0.995657,0.9523809523809523,1
GCF_022689645.1.fna,GCF_037700135.1.fna,0.9746330000000001,1.0,1
GCF_022689645.1.fna,GCF_037700155.1.fna,0.977179,0.9523809523809523,1
GCF_022689645.1.fna,GCF_037700295.1.fna,0.9768129999999999,0.9047619047619048,1
GCF_022689645.1.fna,GCF_037700315.1.fna,0.993117,0.9523809523809523,1
GCF_022689645.1.fna,GCF_037700375.1.fna,0.994513,0.9523809523809523,1
GCF_022689645.1.fna,GCF_037700455.1.fna,0.994513,0.9523809523809523,1
GCF_022689645.1.fna,GCF_040947025.1.fna,0.9796710000000001,0.9523809523809523,1
GCF_022689645.1.fna,GCF_040947065.1.fna,0.988982,0.9523809523809523,1
GCF_022689645.1.fna,GCF_040947125.1.fna,0.995582,0.9523809523809523,1
GCF_022689645.1.fna,GCF_040947205.1.fna,0.9748990000000001,0.9047619047619048,1
GCF_022689645.1.fna,GCF_040947225.1.fna,0.991152,0.9523809523809523,1
GCF_022689645.1.fna,GCF_040947605.1.fna,0.975097,0.9523809523809523,1
GCF_022689645.1.fna,GCF_040947645.1.fna,0.975097,0.9523809523809523,1
GCF_022689645.1.fna,GCF_047653515.1.fna,0.9766429999999999,0.9523809523809523,1
GCF_022689645.1.fna,GCF_047653525.1.fna,0.975851,0.9523809523809523,1
GCF_022689645.1.fna,GCF_052950835.1.fna,0.9873820000000001,0.9523809523809523,1
GCF_022689645.1.fna,GCF_900458635.1.fna,0.9961620000000001,0.9523809523809523,1
GCF_022689645.1.fna,GCF_964211265.1.fna,0.993982,0.9523809523809523,1
GCF_022689665.1.fna,GCF_000269685.1.fna,0.974733,1.0,1
GCF_022689665.1.fna,GCF_002901845.1.fna,0.997007,0.8695652173913043,1
GCF_022689665.1.fna,GCF_013267575.1.fna,0.9949209999999999,0.9130434782608695,1
GCF_022689665.1.fna,GCF_015274535.1.fna,0.975505,0.9130434782608695,1
GCF_022689665.1.fna,GCF_015274585.1.fna,0.975505,0.9130434782608695,1
GCF_022689665.1.fna,GCF_015274655.1.fna,0.975505,0.9130434782608695,1
GCF_022689665.1.fna,GCF_015274675.1.fna,0.9765600000000001,0.9565217391304348,1
GCF_022689665.1.fna,GCF_017315625.1.fna,0.976812,0.9565217391304348,1
GCF_022689665.1.fna,GCF_017315645.1.fna,0.977372,0.9130434782608695,1
GCF_022689665.1.fna,GCF_022689565.1.fna,0.975791,0.8695652173913043,1
GCF_022689665.1.fna,GCF_022689575.1.fna,1.0,1.0,1
GCF_022689665.1.fna,GCF_022689615.1.fna,0.975008,0.8695652173913043,1
GCF_022689665.1.fna,GCF_022689645.1.fna,0.9931699999999999,0.9130434782608695,1
GCF_022689665.1.fna,GCF_022689665.1.fna,1.0,1.0,1
GCF_022689665.1.fna,GCF_022689675.1.fna,0.97556,0.9130434782608695,1
GCF_022689665.1.fna,GCF_022689705.1.fna,0.995185,0.9130434782608695,1
GCF_022689665.1.fna,GCF_022689725.1.fna,1.0,1.0,1
GCF_022689665.1.fna,GCF_022689745.1.fna,0.9755039999999999,0.9130434782608695,1
GCF_022689665.1.fna,GCF_022689765.1.fna,0.9695199999999999,0.9565217391304348,1
GCF_022689665.1.fna,GCF_022689775.1.fna,0.9947110000000001,0.8695652173913043,1
GCF_022689665.1.fna,GCF_022689785.1.fna,0.99461,0.9130434782608695,1
GCF_022689665.1.fna,GCF_022689825.1.fna,0.9695199999999999,0.9565217391304348,1
GCF_022689665.1.fna,GCF_022689845.1.fna,0.973151,0.9130434782608695,1
GCF_022689665.1.fna,GCF_022689855.1.fna,0.991844,0.9565217391304348,1
GCF_022689665.1.fna,GCF_022689905.1.fna,0.973605,0.9565217391304348,1
GCF_022689665.1.fna,GCF_022689925.1.fna,0.971965,0.8695652173913043,1
GCF_022689665.1.fna,GCF_022689945.1.fna,0.967711,0.8260869565217391,1
GCF_022689665.1.fna,GCF_022689965.1.fna,0.974857,0.9565217391304348,1
GCF_022689665.1.fna,GCF_022689975.1.fna,0.9695199999999999,0.9565217391304348,1
GCF_022689665.1.fna,GCF_022690005.1.fna,0.993744,0.9130434782608695,1
GCF_022689665.1.fna,GCF_022690025.1.fna,0.9938009999999999,1.0,1
GCF_022689665.1.fna,GCF_022690045.1.fna,0.993744,0.9130434782608695,1
GCF_022689665.1.fna,GCF_022690065.1.fna,0.973597,0.9565217391304348,1
GCF_022689665.1.fna,GCF_022690085.1.fna,0.9733419999999999,0.9130434782608695,1
GCF_022689665.1.fna,GCF_022690105.1.fna,0.973986,0.9565217391304348,1
GCF_022689665.1.fna,GCF_022690115.1.fna,0.9684569999999999,0.9565217391304348,1
GCF_022689665.1.fna,GCF_022690145.1.fna,0.973597,0.9565217391304348,1
GCF_022689665.1.fna,GCF_022690165.1.fna,0.973597,0.9565217391304348,1
GCF_022689665.1.fna,GCF_022690185.1.fna,0.9945579999999999,0.9130434782608695,1
GCF_022689665.1.fna,GCF_022690205.1.fna,0.9916429999999999,0.9130434782608695,1
GCF_022689665.1.fna,GCF_022690225.1.fna,0.993245,0.8695652173913043,1
GCF_022689665.1.fna,GCF_022690245.1.fna,0.974938,0.9130434782608695,1
GCF_022689665.1.fna,GCF_022690265.1.fna,0.973586,0.9565217391304348,1
GCF_022689665.1.fna,GCF_022690275.1.fna,0.9734520000000001,0.9565217391304348,1
GCF_022689665.1.fna,GCF_022690295.1.fna,0.9593609999999999,0.9130434782608695,1
GCF_022689665.1.fna,GCF_022690325.1.fna,0.987524,0.9565217391304348,1
GCF_022689665.1.fna,GCF_022690345.1.fna,0.975174,0.9565217391304348,1
GCF_022689665.1.fna,GCF_022690375.1.fna,0.993852,0.9130434782608695,1
GCF_022689665.1.fna,GCF_022690385.1.fna,0.972968,0.9565217391304348,1
GCF_022689665.1.fna,GCF_022690425.1.fna,0.9742489999999999,0.9565217391304348,1
GCF_022689665.1.fna,GCF_025143205.1.fna,0.975214,0.9130434782608695,1
GCF_022689665.1.fna,GCF_025143445.1.fna,0.99433,0.9130434782608695,1
GCF_022689665.1.fna,GCF_025143615.1.fna,0.994662,0.9130434782608695,1
GCF_022689665.1.fna,GCF_029926865.1.fna,0.972616,0.9565217391304348,1
GCF_022689665.1.fna,GCF_029926905.1.fna,0.972616,0.9565217391304348,1
GCF_022689665.1.fna,GCF_029926915.1.fna,0.972616,0.9565217391304348,1
GCF_022689665.1.fna,GCF_031631055.1.fna,0.989841,0.8695652173913043,1
GCF_022689665.1.fna,GCF_031727055.1.fna,0.9917440000000001,0.9565217391304348,1
GCF_022689665.1.fna,GCF_031727075.1.fna,0.97556,0.9130434782608695,1
GCF_022689665.1.fna,GCF_031727235.1.fna,0.991844,0.9565217391304348,1
GCF_022689665.1.fna,GCF_031727255.1.fna,0.9593609999999999,0.9130434782608695,1
GCF_022689665.1.fna,GCF_031727275.1.fna,0.988707,0.9130434782608695,1
GCF_022689665.1.fna,GCF_031727355.1.fna,0.975797,0.8695652173913043,1
GCF_022689665.1.fna,GCF_031727455.1.fna,0.973312,0.8695652173913043,1
GCF_022689665.1.fna,GCF_031727535.1.fna,0.9996240000000001,0.9565217391304348,1
GCF_022689665.1.fna,GCF_031728075.1.fna,0.9742489999999999,0.9565217391304348,1
GCF_022689665.1.fna,GCF_031728095.1.fna,0.993813,0.9130434782608695,1
GCF_022689665.1.fna,GCF_031728115.1.fna,0.976775,0.9130434782608695,1
GCF_022689665.1.fna,GCF_031728155.1.fna,0.976691,0.9565217391304348,1
GCF_022689665.1.fna,GCF_031728235.1.fna,0.9755379999999999,0.9565217391304348,1
GCF_022689665.1.fna,GCF_031728275.1.fna,0.995608,0.9130434782608695,1
GCF_022689665.1.fna,GCF_031728295.1.fna,0.977257,0.9130434782608695,1
GCF_022689665.1.fna,GCF_031728315.1.fna,0.973605,0.9565217391304348,1
GCF_022689665.1.fna,GCF_031728335.1.fna,0.973986,0.9565217391304348,1
GCF_022689665.1.fna,GCF_031728415.1.fna,0.989148,0.9565217391304348,1
GCF_022689665.1.fna,GCF_031728455.1.fna,0.995248,0.9130434782608695,1
GCF_022689665.1.fna,GCF_031728475.1.fna,0.974423,0.9130434782608695,1
GCF_022689665.1.fna,GCF_031728495.1.fna,0.988926,0.9565217391304348,1
GCF_022689665.1.fna,GCF_031728515.1.fna,0.967718,0.8260869565217391,1
GCF_022689665.1.fna,GCF_031728555.1.fna,0.973597,0.9565217391304348,1
GCF_022689665.1.fna,GCF_031728675.1.fna,0.994918,0.9130434782608695,1
GCF_022689665.1.fna,GCF_031728695.1.fna,0.9938750000000001,0.9130434782608695,1
GCF_022689665.1.fna,GCF_031728715.1.fna,0.994426,0.9130434782608695,1
GCF_022689665.1.fna,GCF_031728735.1.fna,0.971991,0.9565217391304348,1
GCF_022689665.1.fna,GCF_031728745.1.fna,0.9768479999999999,0.9130434782608695,1
GCF_022689665.1.fna,GCF_031728795.1.fna,0.9934059999999999,0.9130434782608695,1
GCF_022689665.1.fna,GCF_031728835.1.fna,0.973789,0.9565217391304348,1
GCF_022689665.1.fna,GCF_031728895.1.fna,0.9945440000000001,0.9130434782608695,1
GCF_022689665.1.fna,GCF_031729015.1.fna,0.98775,0.9130434782608695,1
GCF_022689665.1.fna,GCF_036419895.1.fna,0.987919,0.9565217391304348,1
GCF_022689665.1.fna,GCF_036420075.1.fna,0.967711,0.8260869565217391,1
GCF_022689665.1.fna,GCF_037694985.1.fna,0.9645619999999999,1.0,1
GCF_022689665.1.fna,GCF_037695175.1.fna,0.9927809999999999,0.9130434782608695,1
GCF_022689665.1.fna,GCF_037700135.1.fna,0.9739490000000001,0.9565217391304348,1
GCF_022689665.1.fna,GCF_037700155.1.fna,0.977127,0.9130434782608695,1
GCF_022689665.1.fna,GCF_037700295.1.fna,0.976776,0.8695652173913043,1
GCF_022689665.1.fna,GCF_037700315.1.fna,0.994877,0.9130434782608695,1
GCF_022689665.1.fna,GCF_037700375.1.fna,0.997144,0.9130434782608695,1
GCF_022689665.1.fna,GCF_037700455.1.fna,0.9972719999999999,0.9130434782608695,1
GCF_022689665.1.fna,GCF_040947025.1.fna,0.979414,0.9130434782608695,1
GCF_022689665.1.fna,GCF_040947065.1.fna,0.988857,0.9130434782608695,1
GCF_022689665.1.fna,GCF_040947125.1.fna,0.99241,0.9130434782608695,1
GCF_022689665.1.fna,GCF_040947205.1.fna,0.9751850000000001,0.8695652173913043,1
GCF_022689665.1.fna,GCF_040947225.1.fna,0.991193,0.9130434782608695,1
GCF_022689665.1.fna,GCF_040947605.1.fna,0.974997,0.9130434782608695,1
GCF_022689665.1.fna,GCF_040947645.1.fna,0.974997,0.9130434782608695,1
GCF_022689665.1.fna,GCF_047653515.1.fna,0.967267,0.9565217391304348,1
GCF_022689665.1.fna,GCF_047653525.1.fna,0.975566,0.9565217391304348,1
GCF_022689665.1.fna,GCF_052950835.1.fna,0.983739,0.9130434782608695,1
GCF_022689665.1.fna,GCF_900458635.1.fna,0.997007,0.8695652173913043,1
GCF_022689665.1.fna,GCF_964211265.1.fna,0.996406,0.9130434782608695,1
GCF_022689675.1.fna,GCF_000269685.1.fna,0.99413,0.9130434782608695,1
GCF_022689675.1.fna,GCF_002901845.1.fna,0.975478,0.8695652173913043,1
GCF_022689675.1.fna,GCF_013267575.1.fna,0.974265,0.8695652173913043,1
GCF_022689675.1.fna,GCF_015274535.1.fna,0.994835,0.9130434782608695,1
GCF_022689675.1.fna,GCF_015274585.1.fna,0.99607,0.8695652173913043,1
GCF_022689675.1.fna,GCF_015274655.1.fna,0.9948640000000001,0.9130434782608695,1
GCF_022689675.1.fna,GCF_015274675.1.fna,0.99292,1.0,1
GCF_022689675.1.fna,GCF_017315625.1.fna,0.993548,1.0,1
GCF_022689675.1.fna,GCF_017315645.1.fna,0.994475,1.0,1
GCF_022689675.1.fna,GCF_022689565.1.fna,0.9924679999999999,0.9565217391304348,1
GCF_022689675.1.fna,GCF_022689575.1.fna,0.975051,0.9130434782608695,1
GCF_022689675.1.fna,GCF_022689615.1.fna,0.999915,0.9565217391304348,1
GCF_022689675.1.fna,GCF_022689645.1.fna,0.975745,0.8695652173913043,1
GCF_022689675.1.fna,GCF_022689665.1.fna,0.9746980000000001,0.9130434782608695,1
GCF_022689675.1.fna,GCF_022689675.1.fna,1.0,1.0,1
GCF_022689675.1.fna,GCF_022689705.1.fna,0.975745,0.8695652173913043,1
GCF_022689675.1.fna,GCF_022689725.1.fna,0.975436,0.9130434782608695,1
GCF_022689675.1.fna,GCF_022689745.1.fna,0.99914,1.0,1
GCF_022689675.1.fna,GCF_022689765.1.fna,0.993258,1.0,1
GCF_022689675.1.fna,GCF_022689775.1.fna,0.97224,0.9130434782608695,1
GCF_022689675.1.fna,GCF_022689785.1.fna,0.974454,0.9130434782608695,1
GCF_022689675.1.fna,GCF_022689825.1.fna,0.992175,1.0,1
GCF_022689675.1.fna,GCF_022689845.1.fna,0.995868,0.9565217391304348,1
GCF_022689675.1.fna,GCF_022689855.1.fna,0.9725830000000001,0.9565217391304348,1
GCF_022689675.1.fna,GCF_022689905.1.fna,0.993043,1.0,1
GCF_022689675.1.fna,GCF_022689925.1.fna,0.9686589999999999,0.8695652173913043,1
GCF_022689675.1.fna,GCF_022689945.1.fna,0.985727,0.9130434782608695,1
GCF_022689675.1.fna,GCF_022689965.1.fna,0.992872,1.0,1
GCF_022689675.1.fna,GCF_022689975.1.fna,0.995403,0.9565217391304348,1
GCF_022689675.1.fna,GCF_022690005.1.fna,0.976506,0.9130434782608695,1
GCF_022689675.1.fna,GCF_022690025.1.fna,0.972254,0.9565217391304348,1
GCF_022689675.1.fna,GCF_022690045.1.fna,0.976506,0.9130434782608695,1
GCF_022689675.1.fna,GCF_022690065.1.fna,0.994955,0.9565217391304348,1
GCF_022689675.1.fna,GCF_022690085.1.fna,0.967383,0.9565217391304348,1
GCF_022689675.1.fna,GCF_022690105.1.fna,0.996262,0.9130434782608695,1
GCF_022689675.1.fna,GCF_022690115.1.fna,0.985795,0.9130434782608695,1
GCF_022689675.1.fna,GCF_022690145.1.fna,0.994992,0.9565217391304348,1
GCF_022689675.1.fna,GCF_022690165.1.fna,0.996029,0.9130434782608695,1
GCF_022689675.1.fna,GCF_022690185.1.fna,0.974416,0.9130434782608695,1
GCF_022689675.1.fna,GCF_022690205.1.fna,0.972217,0.9130434782608695,1
GCF_022689675.1.fna,GCF_022690225.1.fna,0.973713,0.9130434782608695,1
GCF_022689675.1.fna,GCF_022690245.1.fna,0.994739,0.9565217391304348,1
GCF_022689675.1.fna,GCF_022690265.1.fna,0.995548,0.9130434782608695,1
GCF_022689675.1.fna,GCF_022690275.1.fna,0.9964109999999999,0.9130434782608695,1
GCF_022689675.1.fna,GCF_022690295.1.fna,0.984713,0.9130434782608695,1
GCF_022689675.1.fna,GCF_022690325.1.fna,0.975434,0.9130434782608695,1
GCF_022689675.1.fna,GCF_022690345.1.fna,0.990843,1.0,1
GCF_022689675.1.fna,GCF_022690375.1.fna,0.97555,0.8695652173913043,1
GCF_022689675.1.fna,GCF_022690385.1.fna,0.99556,0.9565217391304348,1
GCF_022689675.1.fna,GCF_022690425.1.fna,0.9940640000000001,0.9565217391304348,1
GCF_022689675.1.fna,GCF_025143205.1.fna,0.996151,0.9130434782608695,1
GCF_022689675.1.fna,GCF_025143445.1.fna,0.975256,0.8695652173913043,1
GCF_022689675.1.fna,GCF_025143615.1.fna,0.972955,0.9565217391304348,1
GCF_022689675.1.fna,GCF_029926865.1.fna,0.992168,1.0,1
GCF_022689675.1.fna,GCF_029926905.1.fna,0.9922249999999999,1.0,1
GCF_022689675.1.fna,GCF_029926915.1.fna,0.9922249999999999,1.0,1
GCF_022689675.1.fna,GCF_031631055.1.fna,0.977498,0.8695652173913043,1
GCF_022689675.1.fna,GCF_031727055.1.fna,0.9726349999999999,0.9565217391304348,1
GCF_022689675.1.fna,GCF_031727075.1.fna,0.999965,1.0,1
GCF_022689675.1.fna,GCF_031727235.1.fna,0.9730329999999999,0.9565217391304348,1
GCF_022689675.1.fna,GCF_031727255.1.fna,0.9873489999999999,0.8695652173913043,1
GCF_022689675.1.fna,GCF_031727275.1.fna,0.975953,0.8695652173913043,1
GCF_022689675.1.fna,GCF_031727355.1.fna,0.994085,0.9565217391304348,1
GCF_022689675.1.fna,GCF_031727455.1.fna,0.9674429999999999,0.8695652173913043,1
GCF_022689675.1.fna,GCF_031727535.1.fna,0.9757429999999999,0.9130434782608695,1
GCF_022689675.1.fna,GCF_031728075.1.fna,0.9939790000000001,0.9565217391304348,1
GCF_022689675.1.fna,GCF_031728095.1.fna,0.973775,0.9565217391304348,1
GCF_022689675.1.fna,GCF_031728115.1.fna,0.99414,1.0,1
GCF_022689675.1.fna,GCF_031728155.1.fna,0.992097,1.0,1
GCF_022689675.1.fna,GCF_031728235.1.fna,0.9962730000000001,0.9565217391304348,1
GCF_022689675.1.fna,GCF_031728275.1.fna,0.9759699999999999,0.9130434782608695,1
GCF_022689675.1.fna,GCF_031728295.1.fna,0.994343,1.0,1
GCF_022689675.1.fna,GCF_031728315.1.fna,0.995171,0.9565217391304348,1
GCF_022689675.1.fna,GCF_031728335.1.fna,0.993273,0.9565217391304348,1
GCF_022689675.1.fna,GCF_031728415.1.fna,0.9771299999999999,0.9130434782608695,1
GCF_022689675.1.fna,GCF_031728455.1.fna,0.976807,0.9130434782608695,1
GCF_022689675.1.fna,GCF_031728475.1.fna,0.993139,1.0,1
GCF_022689675.1.fna,GCF_031728495.1.fna,0.974396,0.9565217391304348,1
GCF_022689675.1.fna,GCF_031728515.1.fna,0.982804,0.9130434782608695,1
GCF_022689675.1.fna,GCF_031728555.1.fna,0.9943529999999999,0.9565217391304348,1
GCF_022689675.1.fna,GCF_031728675.1.fna,0.974761,0.9130434782608695,1
GCF_022689675.1.fna,GCF_031728695.1.fna,0.9734860000000001,0.9565217391304348,1
GCF_022689675.1.fna,GCF_031728715.1.fna,0.975073,0.9130434782608695,1
GCF_022689675.1.fna,GCF_031728735.1.fna,0.99107,1.0,1
GCF_022689675.1.fna,GCF_031728745.1.fna,0.993744,0.9130434782608695,1
GCF_022689675.1.fna,GCF_031728795.1.fna,0.974412,0.9565217391304348,1
GCF_022689675.1.fna,GCF_031728835.1.fna,0.993694,0.9565217391304348,1
GCF_022689675.1.fna,GCF_031728895.1.fna,0.974071,0.9565217391304348,1
GCF_022689675.1.fna,GCF_031729015.1.fna,0.97438,0.8695652173913043,1
GCF_022689675.1.fna,GCF_036419895.1.fna,0.9751420000000001,0.9130434782608695,1
GCF_022689675.1.fna,GCF_036420075.1.fna,0.985727,0.9130434782608695,1
GCF_022689675.1.fna,GCF_037694985.1.fna,0.9935620000000001,0.9565217391304348,1
GCF_022689675.1.fna,GCF_037695175.1.fna,0.9752620000000001,0.8695652173913043,1
GCF_022689675.1.fna,GCF_037700135.1.fna,0.995146,1.0,1
GCF_022689675.1.fna,GCF_037700155.1.fna,0.993505,1.0,1
GCF_022689675.1.fna,GCF_037700295.1.fna,0.9891169999999999,0.9565217391304348,1
GCF_022689675.1.fna,GCF_037700315.1.fna,0.974156,0.9130434782608695,1
GCF_022689675.1.fna,GCF_037700375.1.fna,0.975048,0.9130434782608695,1
GCF_022689675.1.fna,GCF_037700455.1.fna,0.9759730000000001,0.9130434782608695,1
GCF_022689675.1.fna,GCF_040947025.1.fna,0.991193,0.9565217391304348,1
GCF_022689675.1.fna,GCF_040947065.1.fna,0.981072,0.8695652173913043,1
GCF_022689675.1.fna,GCF_040947125.1.fna,0.972836,0.9130434782608695,1
GCF_022689675.1.fna,GCF_040947205.1.fna,0.99529,0.9130434782608695,1
GCF_022689675.1.fna,GCF_040947225.1.fna,0.979183,0.9130434782608695,1
GCF_022689675.1.fna,GCF_040947605.1.fna,0.996915,0.8695652173913043,1
GCF_022689675.1.fna,GCF_040947645.1.fna,0.996915,0.8695652173913043,1
GCF_022689675.1.fna,GCF_047653515.1.fna,0.993667,0.9565217391304348,1
GCF_022689675.1.fna,GCF_047653525.1.fna,0.995789,1.0,1
GCF_022689675.1.fna,GCF_052950835.1.fna,0.970595,0.8695652173913043,1
GCF_022689675.1.fna,GCF_900458635.1.fna,0.975478,0.8695652173913043,1
GCF_022689675.1.fna,GCF_964211265.1.fna,0.974573,0.9565217391304348,1
GCF_022689705.1.fna,GCF_000269685.1.fna,0.976743,0.8076923076923077,1
GCF_022689705.1.fna,GCF_002901845.1.fna,0.9961620000000001,0.7692307692307693,1
GCF_022689705.1.fna,GCF_013267575.1.fna,0.9931329999999999,0.7692307692307693,1
GCF_022689705.1.fna,GCF_015274535.1.fna,0.975522,0.8076923076923077,1
GCF_022689705.1.fna,GCF_015274585.1.fna,0.975522,0.8076923076923077,1
GCF_022689705.1.fna,GCF_015274655.1.fna,0.975522,0.8076923076923077,1
GCF_022689705.1.fna,GCF_015274675.1.fna,0.9768680000000001,0.8076923076923077,1
GCF_022689705.1.fna,GCF_017315625.1.fna,0.977884,0.8076923076923077,1
GCF_022689705.1.fna,GCF_017315645.1.fna,0.977377,0.8076923076923077,1
GCF_022689705.1.fna,GCF_022689565.1.fna,0.976335,0.7692307692307693,1
GCF_022689705.1.fna,GCF_022689575.1.fna,0.994666,0.8076923076923077,1
GCF_022689705.1.fna,GCF_022689615.1.fna,0.975176,0.7692307692307693,1
GCF_022689705.1.fna,GCF_022689645.1.fna,1.0,0.7692307692307693,1
GCF_022689705.1.fna,GCF_022689665.1.fna,0.994469,0.8076923076923077,1
GCF_022689705.1.fna,GCF_022689675.1.fna,0.975834,0.8076923076923077,1
GCF_022689705.1.fna,GCF_022689705.1.fna,1.0,1.0,1
GCF_022689705.1.fna,GCF_022689725.1.fna,0.994919,0.8076923076923077,1
GCF_022689705.1.fna,GCF_022689745.1.fna,0.975785,0.8076923076923077,1
GCF_022689705.1.fna,GCF_022689765.1.fna,0.975813,0.8076923076923077,1
GCF_022689705.1.fna,GCF_022689775.1.fna,0.992709,0.7692307692307693,1
GCF_022689705.1.fna,GCF_022689785.1.fna,0.991894,0.8076923076923077,1
GCF_022689705.1.fna,GCF_022689825.1.fna,0.975731,0.8076923076923077,1
GCF_022689705.1.fna,GCF_022689845.1.fna,0.975395,0.7692307692307693,1
GCF_022689705.1.fna,GCF_022689855.1.fna,0.994911,0.8076923076923077,1
GCF_022689705.1.fna,GCF_022689905.1.fna,0.976104,0.8076923076923077,1
GCF_022689705.1.fna,GCF_022689925.1.fna,0.974511,0.7307692307692307,1
GCF_022689705.1.fna,GCF_022689945.1.fna,0.9681390000000001,0.7307692307692307,1
GCF_022689705.1.fna,GCF_022689965.1.fna,0.977573,0.8076923076923077,1
GCF_022689705.1.fna,GCF_022689975.1.fna,0.975389,0.8076923076923077,1
GCF_022689705.1.fna,GCF_022690005.1.fna,0.991274,0.8076923076923077,1
GCF_022689705.1.fna,GCF_022690025.1.fna,0.9945090000000001,0.8076923076923077,1
GCF_022689705.1.fna,GCF_022690045.1.fna,0.991274,0.8076923076923077,1
GCF_022689705.1.fna,GCF_022690065.1.fna,0.975178,0.8076923076923077,1
GCF_022689705.1.fna,GCF_022690085.1.fna,0.973641,0.8076923076923077,1
GCF_022689705.1.fna,GCF_022690105.1.fna,0.974979,0.8076923076923077,1
GCF_022689705.1.fna,GCF_022690115.1.fna,0.974381,0.8076923076923077,1
GCF_022689705.1.fna,GCF_022690145.1.fna,0.975178,0.8076923076923077,1
GCF_022689705.1.fna,GCF_022690165.1.fna,0.975525,0.8076923076923077,1
GCF_022689705.1.fna,GCF_022690185.1.fna,0.99187,0.8076923076923077,1
GCF_022689705.1.fna,GCF_022690205.1.fna,0.992682,0.7692307692307693,1
GCF_022689705.1.fna,GCF_022690225.1.fna,0.991341,0.7692307692307693,1
GCF_022689705.1.fna,GCF_022690245.1.fna,0.975016,0.8076923076923077,1
GCF_022689705.1.fna,GCF_022690265.1.fna,0.975166,0.8076923076923077,1
GCF_022689705.1.fna,GCF_022690275.1.fna,0.974417,0.7692307692307693,1
GCF_022689705.1.fna,GCF_022690295.1.fna,0.96827,0.7307692307692307,1
GCF_022689705.1.fna,GCF_022690325.1.fna,0.9930169999999999,0.8076923076923077,1
GCF_022689705.1.fna,GCF_022690345.1.fna,0.975742,0.8076923076923077,1
GCF_022689705.1.fna,GCF_022690375.1.fna,0.9934879999999999,0.7692307692307693,1
GCF_022689705.1.fna,GCF_022690385.1.fna,0.969078,0.8846153846153846,1
GCF_022689705.1.fna,GCF_022690425.1.fna,0.9739530000000001,0.9615384615384616,1
GCF_022689705.1.fna,GCF_025143205.1.fna,0.975361,0.8076923076923077,1
GCF_022689705.1.fna,GCF_025143445.1.fna,0.994971,0.7692307692307693,1
GCF_022689705.1.fna,GCF_025143615.1.fna,0.992375,0.8076923076923077,1
GCF_022689705.1.fna,GCF_029926865.1.fna,0.978196,0.8076923076923077,1
GCF_022689705.1.fna,GCF_029926905.1.fna,0.978196,0.8076923076923077,1
GCF_022689705.1.fna,GCF_029926915.1.fna,0.978196,0.8076923076923077,1
GCF_022689705.1.fna,GCF_031631055.1.fna,0.989289,0.7692307692307693,1
GCF_022689705.1.fna,GCF_031727055.1.fna,0.9966670000000001,0.8076923076923077,1
GCF_022689705.1.fna,GCF_031727075.1.fna,0.975834,0.8076923076923077,1
GCF_022689705.1.fna,GCF_031727235.1.fna,0.995213,0.8076923076923077,1
GCF_022689705.1.fna,GCF_031727255.1.fna,0.96827,0.7307692307692307,1
GCF_022689705.1.fna,GCF_031727275.1.fna,0.991788,0.7692307692307693,1
GCF_022689705.1.fna,GCF_031727355.1.fna,0.976335,0.7692307692307693,1
GCF_022689705.1.fna,GCF_031727455.1.fna,0.974384,0.7692307692307693,1
GCF_022689705.1.fna,GCF_031727535.1.fna,0.9950570000000001,0.8076923076923077,1
GCF_022689705.1.fna,GCF_031728075.1.fna,0.9739530000000001,0.9615384615384616,1
GCF_022689705.1.fna,GCF_031728095.1.fna,0.99213,0.7692307692307693,1
GCF_022689705.1.fna,GCF_031728115.1.fna,0.976859,0.8076923076923077,1
GCF_022689705.1.fna,GCF_031728155.1.fna,0.977731,0.8076923076923077,1
GCF_022689705.1.fna,GCF_031728235.1.fna,0.9757129999999999,0.8076923076923077,1
GCF_022689705.1.fna,GCF_031728275.1.fna,0.993902,0.8076923076923077,1
GCF_022689705.1.fna,GCF_031728295.1.fna,0.9774280000000001,0.8076923076923077,1
GCF_022689705.1.fna,GCF_031728315.1.fna,0.976528,0.8076923076923077,1
GCF_022689705.1.fna,GCF_031728335.1.fna,0.9754269999999999,0.8076923076923077,1
GCF_022689705.1.fna,GCF_031728415.1.fna,0.992009,0.8076923076923077,1
GCF_022689705.1.fna,GCF_031728455.1.fna,0.9921800000000001,0.7692307692307693,1
GCF_022689705.1.fna,GCF_031728475.1.fna,0.976547,0.8076923076923077,1
GCF_022689705.1.fna,GCF_031728495.1.fna,0.99197,0.8076923076923077,1
GCF_022689705.1.fna,GCF_031728515.1.fna,0.9669530000000001,0.8846153846153846,1
GCF_022689705.1.fna,GCF_031728555.1.fna,0.9756239999999999,0.8076923076923077,1
GCF_022689705.1.fna,GCF_031728675.1.fna,0.992721,0.8076923076923077,1
GCF_022689705.1.fna,GCF_031728695.1.fna,0.9916370000000001,0.8076923076923077,1
GCF_022689705.1.fna,GCF_031728715.1.fna,0.992232,0.8076923076923077,1
GCF_022689705.1.fna,GCF_031728735.1.fna,0.973973,0.8076923076923077,1
GCF_022689705.1.fna,GCF_031728745.1.fna,0.976729,0.7692307692307693,1
GCF_022689705.1.fna,GCF_031728795.1.fna,0.9923430000000001,0.8076923076923077,1
GCF_022689705.1.fna,GCF_031728835.1.fna,0.975839,0.8076923076923077,1
GCF_022689705.1.fna,GCF_031728895.1.fna,0.993086,0.8076923076923077,1
GCF_022689705.1.fna,GCF_031729015.1.fna,0.9925660000000001,0.7692307692307693,1
GCF_022689705.1.fna,GCF_036419895.1.fna,0.992337,0.8076923076923077,1
GCF_022689705.1.fna,GCF_036420075.1.fna,0.9681390000000001,0.7307692307692307,1
GCF_022689705.1.fna,GCF_037694985.1.fna,0.974961,0.8076923076923077,1
GCF_022689705.1.fna,GCF_037695175.1.fna,0.995657,0.7692307692307693,1
GCF_022689705.1.fna,GCF_037700135.1.fna,0.975239,0.8076923076923077,1
GCF_022689705.1.fna,GCF_037700155.1.fna,0.9769329999999999,0.8076923076923077,1
GCF_022689705.1.fna,GCF_037700295.1.fna,0.976572,0.7692307692307693,1
GCF_022689705.1.fna,GCF_037700315.1.fna,0.991899,0.8076923076923077,1
GCF_022689705.1.fna,GCF_037700375.1.fna,0.993463,0.8076923076923077,1
GCF_022689705.1.fna,GCF_037700455.1.fna,0.9940009999999999,0.8076923076923077,1
GCF_022689705.1.fna,GCF_040947025.1.fna,0.978935,0.8076923076923077,1
GCF_022689705.1.fna,GCF_040947065.1.fna,0.988951,0.8076923076923077,1
GCF_022689705.1.fna,GCF_040947125.1.fna,0.995582,0.7692307692307693,1
GCF_022689705.1.fna,GCF_040947205.1.fna,0.974707,0.7692307692307693,1
GCF_022689705.1.fna,GCF_040947225.1.fna,0.990886,0.8076923076923077,1
GCF_022689705.1.fna,GCF_040947605.1.fna,0.9753350000000001,0.8076923076923077,1
GCF_022689705.1.fna,GCF_040947645.1.fna,0.975097,0.7692307692307693,1
GCF_022689705.1.fna,GCF_047653515.1.fna,0.976874,0.8076923076923077,1
GCF_022689705.1.fna,GCF_047653525.1.fna,0.97607,0.8076923076923077,1
GCF_022689705.1.fna,GCF_052950835.1.fna,0.9897239999999999,0.7692307692307693,1
GCF_022689705.1.fna,GCF_900458635.1.fna,0.9961620000000001,0.7692307692307693,1
GCF_022689705.1.fna,GCF_964211265.1.fna,0.992979,0.8076923076923077,1
GCF_022689725.1.fna,GCF_000269685.1.fna,0.9746250000000001,1.0,1
GCF_022689725.1.fna,GCF_002901845.1.fna,0.997007,0.8695652173913043,1
GCF_022689725.1.fna,GCF_013267575.1.fna,0.9950620000000001,0.8695652173913043,1
GCF_022689725.1.fna,GCF_015274535.1.fna,0.975281,0.9130434782608695,1
GCF_022689725.1.fna,GCF_015274585.1.fna,0.975281,0.9130434782608695,1
GCF_022689725.1.fna,GCF_015274655.1.fna,0.975281,0.9130434782608695,1
GCF_022689725.1.fna,GCF_015274675.1.fna,0.976327,0.9565217391304348,1
GCF_022689725.1.fna,GCF_017315625.1.fna,0.976713,0.9565217391304348,1
GCF_022689725.1.fna,GCF_017315645.1.fna,0.97725,0.9130434782608695,1
GCF_022689725.1.fna,GCF_022689565.1.fna,0.975791,0.8695652173913043,1
GCF_022689725.1.fna,GCF_022689575.1.fna,0.999722,1.0,1
GCF_022689725.1.fna,GCF_022689615.1.fna,0.974884,0.8695652173913043,1
GCF_022689725.1.fna,GCF_022689645.1.fna,0.9931699999999999,0.9130434782608695,1
GCF_022689725.1.fna,GCF_022689665.1.fna,0.9994580000000001,1.0,1
GCF_022689725.1.fna,GCF_022689675.1.fna,0.975442,0.9130434782608695,1
GCF_022689725.1.fna,GCF_022689705.1.fna,0.9949790000000001,0.9130434782608695,1
GCF_022689725.1.fna,GCF_022689725.1.fna,1.0,1.0,1
GCF_022689725.1.fna,GCF_022689745.1.fna,0.9753539999999999,0.9130434782608695,1
GCF_022689725.1.fna,GCF_022689765.1.fna,0.9693170000000001,0.9565217391304348,1
GCF_022689725.1.fna,GCF_022689775.1.fna,0.9947110000000001,0.8695652173913043,1
GCF_022689725.1.fna,GCF_022689785.1.fna,0.993976,0.9130434782608695,1
GCF_022689725.1.fna,GCF_022689825.1.fna,0.969304,0.9565217391304348,1
GCF_022689725.1.fna,GCF_022689845.1.fna,0.973151,0.9130434782608695,1
GCF_022689725.1.fna,GCF_022689855.1.fna,0.991328,0.9565217391304348,1
GCF_022689725.1.fna,GCF_022689905.1.fna,0.973187,0.9565217391304348,1
GCF_022689725.1.fna,GCF_022689925.1.fna,0.971301,0.8695652173913043,1
GCF_022689725.1.fna,GCF_022689945.1.fna,0.967711,0.8260869565217391,1
GCF_022689725.1.fna,GCF_022689965.1.fna,0.974737,0.9565217391304348,1
GCF_022689725.1.fna,GCF_022689975.1.fna,0.969102,0.9565217391304348,1
GCF_022689725.1.fna,GCF_022690005.1.fna,0.99311,0.9130434782608695,1
GCF_022689725.1.fna,GCF_022690025.1.fna,0.9932460000000001,1.0,1
GCF_022689725.1.fna,GCF_022690045.1.fna,0.99311,0.9130434782608695,1
GCF_022689725.1.fna,GCF_022690065.1.fna,0.973189,0.9565217391304348,1
GCF_022689725.1.fna,GCF_022690085.1.fna,0.97244,0.9130434782608695,1
GCF_022689725.1.fna,GCF_022690105.1.fna,0.9736509999999999,0.9565217391304348,1
GCF_022689725.1.fna,GCF_022690115.1.fna,0.968746,0.9565217391304348,1
GCF_022689725.1.fna,GCF_022690145.1.fna,0.9731879999999999,0.9565217391304348,1
GCF_022689725.1.fna,GCF_022690165.1.fna,0.97339,0.9565217391304348,1
GCF_022689725.1.fna,GCF_022690185.1.fna,0.99399,0.9130434782608695,1
GCF_022689725.1.fna,GCF_022690205.1.fna,0.9916429999999999,0.9130434782608695,1
GCF_022689725.1.fna,GCF_022690225.1.fna,0.992889,0.8695652173913043,1
GCF_022689725.1.fna,GCF_022690245.1.fna,0.9747110000000001,0.9130434782608695,1
GCF_022689725.1.fna,GCF_022690265.1.fna,0.9731780000000001,0.9565217391304348,1
GCF_022689725.1.fna,GCF_022690275.1.fna,0.973431,0.9130434782608695,1
GCF_022689725.1.fna,GCF_022690295.1.fna,0.9593609999999999,0.9130434782608695,1
GCF_022689725.1.fna,GCF_022690325.1.fna,0.986942,0.9565217391304348,1
GCF_022689725.1.fna,GCF_022690345.1.fna,0.974762,0.9565217391304348,1
GCF_022689725.1.fna,GCF_022690375.1.fna,0.994331,0.8695652173913043,1
GCF_022689725.1.fna,GCF_022690385.1.fna,0.972764,0.9565217391304348,1
GCF_022689725.1.fna,GCF_022690425.1.fna,0.974098,0.9565217391304348,1
GCF_022689725.1.fna,GCF_025143205.1.fna,0.975011,0.9130434782608695,1
GCF_022689725.1.fna,GCF_025143445.1.fna,0.9953789999999999,0.8695652173913043,1
GCF_022689725.1.fna,GCF_025143615.1.fna,0.99454,0.9130434782608695,1
GCF_022689725.1.fna,GCF_029926865.1.fna,0.972651,0.9565217391304348,1
GCF_022689725.1.fna,GCF_029926905.1.fna,0.972651,0.9565217391304348,1
GCF_022689725.1.fna,GCF_029926915.1.fna,0.972651,0.9565217391304348,1
GCF_022689725.1.fna,GCF_031631055.1.fna,0.989179,0.8695652173913043,1
GCF_022689725.1.fna,GCF_031727055.1.fna,0.9914839999999999,0.9565217391304348,1
GCF_022689725.1.fna,GCF_031727075.1.fna,0.975442,0.9130434782608695,1
GCF_022689725.1.fna,GCF_031727235.1.fna,0.991725,0.9565217391304348,1
GCF_022689725.1.fna,GCF_031727255.1.fna,0.9593609999999999,0.9130434782608695,1
GCF_022689725.1.fna,GCF_031727275.1.fna,0.988274,0.9130434782608695,1
GCF_022689725.1.fna,GCF_031727355.1.fna,0.975791,0.8695652173913043,1
GCF_022689725.1.fna,GCF_031727455.1.fna,0.973312,0.8695652173913043,1
GCF_022689725.1.fna,GCF_031727535.1.fna,0.9996339999999999,0.9565217391304348,1
GCF_022689725.1.fna,GCF_031728075.1.fna,0.974098,0.9565217391304348,1
GCF_022689725.1.fna,GCF_031728095.1.fna,0.993634,0.9130434782608695,1
GCF_022689725.1.fna,GCF_031728115.1.fna,0.976624,0.9130434782608695,1
GCF_022689725.1.fna,GCF_031728155.1.fna,0.97653,0.9565217391304348,1
GCF_022689725.1.fna,GCF_031728235.1.fna,0.97529,0.9565217391304348,1
GCF_022689725.1.fna,GCF_031728275.1.fna,0.995479,0.9130434782608695,1
GCF_022689725.1.fna,GCF_031728295.1.fna,0.97711,0.9130434782608695,1
GCF_022689725.1.fna,GCF_031728315.1.fna,0.973402,0.9565217391304348,1
GCF_022689725.1.fna,GCF_031728335.1.fna,0.9738410000000001,0.9565217391304348,1
GCF_022689725.1.fna,GCF_031728415.1.fna,0.989036,0.9565217391304348,1
GCF_022689725.1.fna,GCF_031728455.1.fna,0.995068,0.9130434782608695,1
GCF_022689725.1.fna,GCF_031728475.1.fna,0.974927,0.9130434782608695,1
GCF_022689725.1.fna,GCF_031728495.1.fna,0.988828,0.9565217391304348,1
GCF_022689725.1.fna,GCF_031728515.1.fna,0.967718,0.8260869565217391,1
GCF_022689725.1.fna,GCF_031728555.1.fna,0.973403,0.9565217391304348,1
GCF_022689725.1.fna,GCF_031728675.1.fna,0.9947839999999999,0.9130434782608695,1
GCF_022689725.1.fna,GCF_031728695.1.fna,0.993741,0.9130434782608695,1
GCF_022689725.1.fna,GCF_031728715.1.fna,0.994371,0.9130434782608695,1
GCF_022689725.1.fna,GCF_031728735.1.fna,0.9719840000000001,0.9565217391304348,1
GCF_022689725.1.fna,GCF_031728745.1.fna,0.9762139999999999,0.8695652173913043,1
GCF_022689725.1.fna,GCF_031728795.1.fna,0.993278,0.9130434782608695,1
GCF_022689725.1.fna,GCF_031728835.1.fna,0.973596,0.9565217391304348,1
GCF_022689725.1.fna,GCF_031728895.1.fna,0.9944329999999999,0.9130434782608695,1
GCF_022689725.1.fna,GCF_031729015.1.fna,0.987773,0.9130434782608695,1
GCF_022689725.1.fna,GCF_036419895.1.fna,0.987866,0.9565217391304348,1
GCF_022689725.1.fna,GCF_036420075.1.fna,0.967711,0.8260869565217391,1
GCF_022689725.1.fna,GCF_037694985.1.fna,0.963951,1.0,1
GCF_022689725.1.fna,GCF_037695175.1.fna,0.9927809999999999,0.9130434782608695,1
GCF_022689725.1.fna,GCF_037700135.1.fna,0.973541,0.9565217391304348,1
GCF_022689725.1.fna,GCF_037700155.1.fna,0.976792,0.9130434782608695,1
GCF_022689725.1.fna,GCF_037700295.1.fna,0.9764060000000001,0.8695652173913043,1
GCF_022689725.1.fna,GCF_037700315.1.fna,0.994179,0.9130434782608695,1
GCF_022689725.1.fna,GCF_037700375.1.fna,0.996627,0.9130434782608695,1
GCF_022689725.1.fna,GCF_037700455.1.fna,0.997418,0.9130434782608695,1
GCF_022689725.1.fna,GCF_040947025.1.fna,0.9786109999999999,0.9130434782608695,1
GCF_022689725.1.fna,GCF_040947065.1.fna,0.9887210000000001,0.9130434782608695,1
GCF_022689725.1.fna,GCF_040947125.1.fna,0.99241,0.9130434782608695,1
GCF_022689725.1.fna,GCF_040947205.1.fna,0.974705,0.8695652173913043,1
GCF_022689725.1.fna,GCF_040947225.1.fna,0.991059,0.9130434782608695,1
GCF_022689725.1.fna,GCF_040947605.1.fna,0.97485,0.9130434782608695,1
GCF_022689725.1.fna,GCF_040947645.1.fna,0.974305,0.8695652173913043,1
GCF_022689725.1.fna,GCF_047653515.1.fna,0.967059,0.9565217391304348,1
GCF_022689725.1.fna,GCF_047653525.1.fna,0.9754259999999999,0.9565217391304348,1
GCF_022689725.1.fna,GCF_052950835.1.fna,0.983623,0.9130434782608695,1
GCF_022689725.1.fna,GCF_900458635.1.fna,0.997007,0.8695652173913043,1
GCF_022689725.1.fna,GCF_964211265.1.fna,0.9957699999999999,0.9130434782608695,1
GCF_022689745.1.fna,GCF_000269685.1.fna,0.9939209999999999,0.88,1
GCF_022689745.1.fna,GCF_002901845.1.fna,0.975478,0.8,1
GCF_022689745.1.fna,GCF_013267575.1.fna,0.974265,0.8,1
GCF_022689745.1.fna,GCF_015274535.1.fna,0.99553,0.88,1
GCF_022689745.1.fna,GCF_015274585.1.fna,0.9957349999999999,0.84,1
GCF_022689745.1.fna,GCF_015274655.1.fna,0.99536,0.88,1
GCF_022689745.1.fna,GCF_015274675.1.fna,0.9941599999999999,0.92,1
GCF_022689745.1.fna,GCF_017315625.1.fna,0.993788,0.92,1
GCF_022689745.1.fna,GCF_017315645.1.fna,0.994833,0.92,1
GCF_022689745.1.fna,GCF_022689565.1.fna,0.991617,0.88,1
GCF_022689745.1.fna,GCF_022689575.1.fna,0.97533,0.84,1
GCF_022689745.1.fna,GCF_022689615.1.fna,0.999453,0.92,1
GCF_022689745.1.fna,GCF_022689645.1.fna,0.975745,0.8,1
GCF_022689745.1.fna,GCF_022689665.1.fna,0.975125,0.84,1
GCF_022689745.1.fna,GCF_022689675.1.fna,0.998854,0.92,1
GCF_022689745.1.fna,GCF_022689705.1.fna,0.976041,0.84,1
GCF_022689745.1.fna,GCF_022689725.1.fna,0.975481,0.84,1
GCF_022689745.1.fna,GCF_022689745.1.fna,1.0,1.0,1
GCF_022689745.1.fna,GCF_022689765.1.fna,0.995701,0.92,1
GCF_022689745.1.fna,GCF_022689775.1.fna,0.9711669999999999,0.84,1
GCF_022689745.1.fna,GCF_022689785.1.fna,0.974813,0.84,1
GCF_022689745.1.fna,GCF_022689825.1.fna,0.9956919999999999,0.92,1
GCF_022689745.1.fna,GCF_022689845.1.fna,0.9962730000000001,0.88,1
GCF_022689745.1.fna,GCF_022689855.1.fna,0.971617,0.88,1
GCF_022689745.1.fna,GCF_022689905.1.fna,0.9928950000000001,0.92,1
GCF_022689745.1.fna,GCF_022689925.1.fna,0.967933,0.84,1
GCF_022689745.1.fna,GCF_022689945.1.fna,0.985255,0.88,1
GCF_022689745.1.fna,GCF_022689965.1.fna,0.9936010000000001,0.92,1
GCF_022689745.1.fna,GCF_022689975.1.fna,0.995632,0.88,1
GCF_022689745.1.fna,GCF_022690005.1.fna,0.9769880000000001,0.84,1
GCF_022689745.1.fna,GCF_022690025.1.fna,0.970916,0.88,1
GCF_022689745.1.fna,GCF_022690045.1.fna,0.9769880000000001,0.84,1
GCF_022689745.1.fna,GCF_022690065.1.fna,0.995557,0.88,1
GCF_022689745.1.fna,GCF_022690085.1.fna,0.967965,0.88,1
GCF_022689745.1.fna,GCF_022690105.1.fna,0.996525,0.84,1
GCF_022689745.1.fna,GCF_022690115.1.fna,0.9860840000000001,0.84,1
GCF_022689745.1.fna,GCF_022690145.1.fna,0.994839,0.88,1
GCF_022689745.1.fna,GCF_022690165.1.fna,0.996058,0.84,1
GCF_022689745.1.fna,GCF_022690185.1.fna,0.9749599999999999,0.84,1
GCF_022689745.1.fna,GCF_022690205.1.fna,0.971144,0.84,1
GCF_022689745.1.fna,GCF_022690225.1.fna,0.973586,0.84,1
GCF_022689745.1.fna,GCF_022690245.1.fna,0.995522,0.88,1
GCF_022689745.1.fna,GCF_022690265.1.fna,0.9958100000000001,0.84,1
GCF_022689745.1.fna,GCF_022690275.1.fna,0.9962059999999999,0.84,1
GCF_022689745.1.fna,GCF_022690295.1.fna,0.984968,0.84,1
GCF_022689745.1.fna,GCF_022690325.1.fna,0.97576,0.84,1
GCF_022689745.1.fna,GCF_022690345.1.fna,0.989341,0.96,1
GCF_022689745.1.fna,GCF_022690375.1.fna,0.97555,0.8,1
GCF_022689745.1.fna,GCF_022690385.1.fna,0.995713,0.88,1
GCF_022689745.1.fna,GCF_022690425.1.fna,0.9933700000000001,0.96,1
GCF_022689745.1.fna,GCF_025143205.1.fna,0.99599,0.84,1
GCF_022689745.1.fna,GCF_025143445.1.fna,0.9752620000000001,0.8,1
GCF_022689745.1.fna,GCF_025143615.1.fna,0.9718429999999999,0.88,1
GCF_022689745.1.fna,GCF_029926865.1.fna,0.9917520000000001,0.96,1
GCF_022689745.1.fna,GCF_029926905.1.fna,0.9928279999999999,0.92,1
GCF_022689745.1.fna,GCF_029926915.1.fna,0.9928279999999999,0.92,1
GCF_022689745.1.fna,GCF_031631055.1.fna,0.9773909999999999,0.84,1
GCF_022689745.1.fna,GCF_031727055.1.fna,0.9710129999999999,0.88,1
GCF_022689745.1.fna,GCF_031727075.1.fna,0.999285,0.92,1
GCF_022689745.1.fna,GCF_031727235.1.fna,0.971832,0.88,1
GCF_022689745.1.fna,GCF_031727255.1.fna,0.987604,0.8,1
GCF_022689745.1.fna,GCF_031727275.1.fna,0.9761799999999999,0.8,1
GCF_022689745.1.fna,GCF_031727355.1.fna,0.993745,0.92,1
GCF_022689745.1.fna,GCF_031727455.1.fna,0.9674429999999999,0.8,1
GCF_022689745.1.fna,GCF_031727535.1.fna,0.9756950000000001,0.84,1
GCF_022689745.1.fna,GCF_031728075.1.fna,0.9930939999999999,0.88,1
GCF_022689745.1.fna,GCF_031728095.1.fna,0.973588,0.88,1
GCF_022689745.1.fna,GCF_031728115.1.fna,0.993615,0.92,1
GCF_022689745.1.fna,GCF_031728155.1.fna,0.9936799999999999,0.92,1
GCF_022689745.1.fna,GCF_031728235.1.fna,0.995716,0.92,1
GCF_022689745.1.fna,GCF_031728275.1.fna,0.976041,0.84,1
GCF_022689745.1.fna,GCF_031728295.1.fna,0.994689,0.92,1
GCF_022689745.1.fna,GCF_031728315.1.fna,0.9950490000000001,0.88,1
GCF_022689745.1.fna,GCF_031728335.1.fna,0.994203,0.88,1
GCF_022689745.1.fna,GCF_031728415.1.fna,0.9771070000000001,0.84,1
GCF_022689745.1.fna,GCF_031728455.1.fna,0.9769410000000001,0.84,1
GCF_022689745.1.fna,GCF_031728475.1.fna,0.99315,0.96,1
GCF_022689745.1.fna,GCF_031728495.1.fna,0.972449,0.88,1
GCF_022689745.1.fna,GCF_031728515.1.fna,0.9827710000000001,0.84,1
GCF_022689745.1.fna,GCF_031728555.1.fna,0.993652,0.88,1
GCF_022689745.1.fna,GCF_031728675.1.fna,0.974725,0.84,1
GCF_022689745.1.fna,GCF_031728695.1.fna,0.97309,0.88,1
GCF_022689745.1.fna,GCF_031728715.1.fna,0.97505,0.84,1
GCF_022689745.1.fna,GCF_031728735.1.fna,0.991108,0.92,1
GCF_022689745.1.fna,GCF_031728745.1.fna,0.9929819999999999,0.88,1
GCF_022689745.1.fna,GCF_031728795.1.fna,0.975117,0.88,1
GCF_022689745.1.fna,GCF_031728835.1.fna,0.9952840000000001,0.88,1
GCF_022689745.1.fna,GCF_031728895.1.fna,0.972849,0.88,1
GCF_022689745.1.fna,GCF_031729015.1.fna,0.974443,0.8,1
GCF_022689745.1.fna,GCF_036419895.1.fna,0.975119,0.84,1
GCF_022689745.1.fna,GCF_036420075.1.fna,0.985255,0.88,1
GCF_022689745.1.fna,GCF_037694985.1.fna,0.9938800000000001,0.88,1
GCF_022689745.1.fna,GCF_037695175.1.fna,0.9752620000000001,0.8,1
GCF_022689745.1.fna,GCF_037700135.1.fna,0.995722,0.92,1
GCF_022689745.1.fna,GCF_037700155.1.fna,0.99291,0.96,1
GCF_022689745.1.fna,GCF_037700295.1.fna,0.9958899999999999,0.88,1
GCF_022689745.1.fna,GCF_037700315.1.fna,0.974632,0.84,1
GCF_022689745.1.fna,GCF_037700375.1.fna,0.975509,0.84,1
GCF_022689745.1.fna,GCF_037700455.1.fna,0.976023,0.84,1
GCF_022689745.1.fna,GCF_040947025.1.fna,0.991688,0.88,1
GCF_022689745.1.fna,GCF_040947065.1.fna,0.9812869999999999,0.84,1
GCF_022689745.1.fna,GCF_040947125.1.fna,0.9709439999999999,0.84,1
GCF_022689745.1.fna,GCF_040947205.1.fna,0.995552,0.84,1
GCF_022689745.1.fna,GCF_040947225.1.fna,0.9791759999999999,0.84,1
GCF_022689745.1.fna,GCF_040947605.1.fna,0.996745,0.84,1
GCF_022689745.1.fna,GCF_040947645.1.fna,0.996915,0.8,1
GCF_022689745.1.fna,GCF_047653515.1.fna,0.994016,0.92,1
GCF_022689745.1.fna,GCF_047653525.1.fna,0.9948659999999999,0.96,1
GCF_022689745.1.fna,GCF_052950835.1.fna,0.978526,0.8,1
GCF_022689745.1.fna,GCF_900458635.1.fna,0.975478,0.8,1
GCF_022689745.1.fna,GCF_964211265.1.fna,0.976022,0.88,1
GCF_022689765.1.fna,GCF_000269685.1.fna,0.984627,0.9166666666666666,1
GCF_022689765.1.fna,GCF_002901845.1.fna,0.975358,0.8333333333333334,1
GCF_022689765.1.fna,GCF_013267575.1.fna,0.9756940000000001,0.8333333333333334,1
GCF_022689765.1.fna,GCF_015274535.1.fna,0.9953369999999999,0.8333333333333334,1
GCF_022689765.1.fna,GCF_015274585.1.fna,0.9953369999999999,0.8333333333333334,1
GCF_022689765.1.fna,GCF_015274655.1.fna,0.9953369999999999,0.8333333333333334,1
GCF_022689765.1.fna,GCF_015274675.1.fna,0.985081,0.9583333333333334,1
GCF_022689765.1.fna,GCF_017315625.1.fna,0.9841930000000001,0.9166666666666666,1
GCF_022689765.1.fna,GCF_017315645.1.fna,0.9934860000000001,0.875,1
GCF_022689765.1.fna,GCF_022689565.1.fna,0.9936029999999999,0.875,1
GCF_022689765.1.fna,GCF_022689575.1.fna,0.968714,0.9166666666666666,1
GCF_022689765.1.fna,GCF_022689615.1.fna,0.9958629999999999,0.9166666666666666,1
GCF_022689765.1.fna,GCF_022689645.1.fna,0.975622,0.8333333333333334,1
GCF_022689765.1.fna,GCF_022689665.1.fna,0.9683410000000001,0.9166666666666666,1
GCF_022689765.1.fna,GCF_022689675.1.fna,0.99611,0.875,1
GCF_022689765.1.fna,GCF_022689705.1.fna,0.975622,0.8333333333333334,1
GCF_022689765.1.fna,GCF_022689725.1.fna,0.969007,0.9166666666666666,1
GCF_022689765.1.fna,GCF_022689745.1.fna,0.9955750000000001,0.9583333333333334,1
GCF_022689765.1.fna,GCF_022689765.1.fna,1.0,1.0,1
GCF_022689765.1.fna,GCF_022689775.1.fna,0.9761190000000001,0.8333333333333334,1
GCF_022689765.1.fna,GCF_022689785.1.fna,0.9755159999999999,0.875,1
GCF_022689765.1.fna,GCF_022689825.1.fna,0.999637,1.0,1
GCF_022689765.1.fna,GCF_022689845.1.fna,0.9983799999999999,0.875,1
GCF_022689765.1.fna,GCF_022689855.1.fna,0.974542,0.875,1
GCF_022689765.1.fna,GCF_022689905.1.fna,0.996385,0.9166666666666666,1
GCF_022689765.1.fna,GCF_022689925.1.fna,0.967355,0.875,1
GCF_022689765.1.fna,GCF_022689945.1.fna,0.986342,0.875,1
GCF_022689765.1.fna,GCF_022689965.1.fna,0.9932880000000001,0.9166666666666666,1
GCF_022689765.1.fna,GCF_022689975.1.fna,0.9993850000000001,0.9583333333333334,1
GCF_022689765.1.fna,GCF_022690005.1.fna,0.9763200000000001,0.875,1
GCF_022689765.1.fna,GCF_022690025.1.fna,0.970356,0.9166666666666666,1
GCF_022689765.1.fna,GCF_022690045.1.fna,0.9763200000000001,0.875,1
GCF_022689765.1.fna,GCF_022690065.1.fna,0.996331,0.875,1
GCF_022689765.1.fna,GCF_022690085.1.fna,0.968081,0.9166666666666666,1
GCF_022689765.1.fna,GCF_022690105.1.fna,0.9869499999999999,0.9166666666666666,1
GCF_022689765.1.fna,GCF_022690115.1.fna,0.982372,0.9166666666666666,1
GCF_022689765.1.fna,GCF_022690145.1.fna,0.996331,0.875,1
GCF_022689765.1.fna,GCF_022690165.1.fna,0.996818,0.875,1
GCF_022689765.1.fna,GCF_022690185.1.fna,0.975591,0.875,1
GCF_022689765.1.fna,GCF_022690205.1.fna,0.9760939999999999,0.8333333333333334,1
GCF_022689765.1.fna,GCF_022690225.1.fna,0.97598,0.8333333333333334,1
GCF_022689765.1.fna,GCF_022690245.1.fna,0.9969450000000001,0.875,1
GCF_022689765.1.fna,GCF_022690265.1.fna,0.9963110000000001,0.875,1
GCF_022689765.1.fna,GCF_022690275.1.fna,0.9879089999999999,0.9166666666666666,1
GCF_022689765.1.fna,GCF_022690295.1.fna,0.9710110000000001,0.9166666666666666,1
GCF_022689765.1.fna,GCF_022690325.1.fna,0.9692019999999999,0.9166666666666666,1
GCF_022689765.1.fna,GCF_022690345.1.fna,0.9812139999999999,1.0,1
GCF_022689765.1.fna,GCF_022690375.1.fna,0.976508,0.8333333333333334,1
GCF_022689765.1.fna,GCF_022690385.1.fna,0.998149,0.875,1
GCF_022689765.1.fna,GCF_022690425.1.fna,0.9931310000000001,0.9166666666666666,1
GCF_022689765.1.fna,GCF_025143205.1.fna,0.996854,0.875,1
GCF_022689765.1.fna,GCF_025143445.1.fna,0.975,0.8333333333333334,1
GCF_022689765.1.fna,GCF_025143615.1.fna,0.976113,0.8333333333333334,1
GCF_022689765.1.fna,GCF_029926865.1.fna,0.990155,1.0,1
GCF_022689765.1.fna,GCF_029926905.1.fna,0.990153,0.9583333333333334,1
GCF_022689765.1.fna,GCF_029926915.1.fna,0.990153,0.9583333333333334,1
GCF_022689765.1.fna,GCF_031631055.1.fna,0.978237,0.8333333333333334,1
GCF_022689765.1.fna,GCF_031727055.1.fna,0.974906,0.875,1
GCF_022689765.1.fna,GCF_031727075.1.fna,0.99611,0.875,1
GCF_022689765.1.fna,GCF_031727235.1.fna,0.974616,0.8333333333333334,1
GCF_022689765.1.fna,GCF_031727255.1.fna,0.9710850000000001,0.9166666666666666,1
GCF_022689765.1.fna,GCF_031727275.1.fna,0.971353,0.875,1
GCF_022689765.1.fna,GCF_031727355.1.fna,0.993113,0.9166666666666666,1
GCF_022689765.1.fna,GCF_031727455.1.fna,0.96821,0.8333333333333334,1
GCF_022689765.1.fna,GCF_031727535.1.fna,0.975594,0.875,1
GCF_022689765.1.fna,GCF_031728075.1.fna,0.99409,0.875,1
GCF_022689765.1.fna,GCF_031728095.1.fna,0.975282,0.8333333333333334,1
GCF_022689765.1.fna,GCF_031728115.1.fna,0.9942449999999999,0.9583333333333334,1
GCF_022689765.1.fna,GCF_031728155.1.fna,0.982804,0.9583333333333334,1
GCF_022689765.1.fna,GCF_031728235.1.fna,0.987854,0.9583333333333334,1
GCF_022689765.1.fna,GCF_031728275.1.fna,0.975526,0.8333333333333334,1
GCF_022689765.1.fna,GCF_031728295.1.fna,0.9943550000000001,0.9583333333333334,1
GCF_022689765.1.fna,GCF_031728315.1.fna,0.9970279999999999,0.9166666666666666,1
GCF_022689765.1.fna,GCF_031728335.1.fna,0.986727,0.9583333333333334,1
GCF_022689765.1.fna,GCF_031728415.1.fna,0.974739,0.875,1
GCF_022689765.1.fna,GCF_031728455.1.fna,0.976212,0.8333333333333334,1
GCF_022689765.1.fna,GCF_031728475.1.fna,0.994378,0.9166666666666666,1
GCF_022689765.1.fna,GCF_031728495.1.fna,0.9749079999999999,0.875,1
GCF_022689765.1.fna,GCF_031728515.1.fna,0.9762730000000001,0.875,1
GCF_022689765.1.fna,GCF_031728555.1.fna,0.996995,0.875,1
GCF_022689765.1.fna,GCF_031728675.1.fna,0.975989,0.875,1
GCF_022689765.1.fna,GCF_031728695.1.fna,0.975021,0.8333333333333334,1
GCF_022689765.1.fna,GCF_031728715.1.fna,0.975784,0.8333333333333334,1
GCF_022689765.1.fna,GCF_031728735.1.fna,0.993237,0.875,1
GCF_022689765.1.fna,GCF_031728745.1.fna,0.9944240000000001,0.875,1
GCF_022689765.1.fna,GCF_031728795.1.fna,0.976025,0.875,1
GCF_022689765.1.fna,GCF_031728835.1.fna,0.9966320000000001,0.9166666666666666,1
GCF_022689765.1.fna,GCF_031728895.1.fna,0.9754559999999999,0.8333333333333334,1
GCF_022689765.1.fna,GCF_031729015.1.fna,0.9712949999999999,0.875,1
GCF_022689765.1.fna,GCF_036419895.1.fna,0.971398,0.875,1
GCF_022689765.1.fna,GCF_036420075.1.fna,0.986343,0.875,1
GCF_022689765.1.fna,GCF_037694985.1.fna,0.990098,0.9583333333333334,1
GCF_022689765.1.fna,GCF_037695175.1.fna,0.973552,0.875,1
GCF_022689765.1.fna,GCF_037700135.1.fna,0.997766,0.9166666666666666,1
GCF_022689765.1.fna,GCF_037700155.1.fna,0.994133,0.9583333333333334,1
GCF_022689765.1.fna,GCF_037700295.1.fna,0.995557,0.9166666666666666,1
GCF_022689765.1.fna,GCF_037700315.1.fna,0.97533,0.875,1
GCF_022689765.1.fna,GCF_037700375.1.fna,0.975007,0.875,1
GCF_022689765.1.fna,GCF_037700455.1.fna,0.97589,0.875,1
GCF_022689765.1.fna,GCF_040947025.1.fna,0.990906,0.9166666666666666,1
GCF_022689765.1.fna,GCF_040947065.1.fna,0.980829,0.8333333333333334,1
GCF_022689765.1.fna,GCF_040947125.1.fna,0.9723909999999999,0.875,1
GCF_022689765.1.fna,GCF_040947205.1.fna,0.995556,0.875,1
GCF_022689765.1.fna,GCF_040947225.1.fna,0.9784959999999999,0.8333333333333334,1
GCF_022689765.1.fna,GCF_040947605.1.fna,0.9969060000000001,0.8333333333333334,1
GCF_022689765.1.fna,GCF_040947645.1.fna,0.9969060000000001,0.8333333333333334,1
GCF_022689765.1.fna,GCF_047653515.1.fna,0.9911639999999999,0.9166666666666666,1
GCF_022689765.1.fna,GCF_047653525.1.fna,0.99221,1.0,1
GCF_022689765.1.fna,GCF_052950835.1.fna,0.9708570000000001,0.875,1
GCF_022689765.1.fna,GCF_900458635.1.fna,0.975358,0.8333333333333334,1
GCF_022689765.1.fna,GCF_964211265.1.fna,0.9755400000000001,0.9166666666666666,1
GCF_022689775.1.fna,GCF_000269685.1.fna,0.977491,0.9090909090909091,1
GCF_022689775.1.fna,GCF_002901845.1.fna,0.9941070000000001,0.9090909090909091,1
GCF_022689775.1.fna,GCF_013267575.1.fna,0.9957680000000001,0.9090909090909091,1
GCF_022689775.1.fna,GCF_015274535.1.fna,0.975506,0.9090909090909091,1
GCF_022689775.1.fna,GCF_015274585.1.fna,0.975506,0.9090909090909091,1
GCF_022689775.1.fna,GCF_015274655.1.fna,0.975506,0.9090909090909091,1
GCF_022689775.1.fna,GCF_015274675.1.fna,0.967603,0.9545454545454546,1
GCF_022689775.1.fna,GCF_017315625.1.fna,0.977811,0.9090909090909091,1
GCF_022689775.1.fna,GCF_017315645.1.fna,0.9772759999999999,0.9090909090909091,1
GCF_022689775.1.fna,GCF_022689565.1.fna,0.975326,0.9090909090909091,1
GCF_022689775.1.fna,GCF_022689575.1.fna,0.994766,0.9090909090909091,1
GCF_022689775.1.fna,GCF_022689615.1.fna,0.9711,0.9090909090909091,1
GCF_022689775.1.fna,GCF_022689645.1.fna,0.992796,0.9090909090909091,1
GCF_022689775.1.fna,GCF_022689665.1.fna,0.994766,0.9090909090909091,1
GCF_022689775.1.fna,GCF_022689675.1.fna,0.974581,0.9090909090909091,1
GCF_022689775.1.fna,GCF_022689705.1.fna,0.992796,0.9090909090909091,1
GCF_022689775.1.fna,GCF_022689725.1.fna,0.994766,0.9090909090909091,1
GCF_022689775.1.fna,GCF_022689745.1.fna,0.974808,0.9090909090909091,1
GCF_022689775.1.fna,GCF_022689765.1.fna,0.975741,0.9545454545454546,1
GCF_022689775.1.fna,GCF_022689775.1.fna,1.0,1.0,1
GCF_022689775.1.fna,GCF_022689785.1.fna,0.99971,0.9090909090909091,1
GCF_022689775.1.fna,GCF_022689825.1.fna,0.9757819999999999,0.9545454545454546,1
GCF_022689775.1.fna,GCF_022689845.1.fna,0.9655429999999999,0.9545454545454546,1
GCF_022689775.1.fna,GCF_022689855.1.fna,0.9919910000000001,0.9545454545454546,1
GCF_022689775.1.fna,GCF_022689905.1.fna,0.976516,0.9090909090909091,1
GCF_022689775.1.fna,GCF_022689925.1.fna,0.961195,0.9090909090909091,1
GCF_022689775.1.fna,GCF_022689945.1.fna,0.960698,0.9545454545454546,1
GCF_022689775.1.fna,GCF_022689965.1.fna,0.9767910000000001,0.9090909090909091,1
GCF_022689775.1.fna,GCF_022689975.1.fna,0.975707,0.9090909090909091,1
GCF_022689775.1.fna,GCF_022690005.1.fna,0.994098,0.9090909090909091,1
GCF_022689775.1.fna,GCF_022690025.1.fna,0.993437,0.9545454545454546,1
GCF_022689775.1.fna,GCF_022690045.1.fna,0.994098,0.9090909090909091,1
GCF_022689775.1.fna,GCF_022690065.1.fna,0.9644379999999999,0.9545454545454546,1
GCF_022689775.1.fna,GCF_022690085.1.fna,0.9750409999999999,0.9090909090909091,1
GCF_022689775.1.fna,GCF_022690105.1.fna,0.97541,0.9090909090909091,1
GCF_022689775.1.fna,GCF_022690115.1.fna,0.9738509999999999,0.9090909090909091,1
GCF_022689775.1.fna,GCF_022690145.1.fna,0.9644379999999999,0.9545454545454546,1
GCF_022689775.1.fna,GCF_022690165.1.fna,0.9644379999999999,0.9545454545454546,1
GCF_022689775.1.fna,GCF_022690185.1.fna,0.991449,0.9545454545454546,1
GCF_022689775.1.fna,GCF_022690205.1.fna,0.9999769999999999,0.9545454545454546,1
GCF_022689775.1.fna,GCF_022690225.1.fna,0.980273,0.9090909090909091,1
GCF_022689775.1.fna,GCF_022690245.1.fna,0.9749909999999999,0.9090909090909091,1
GCF_022689775.1.fna,GCF_022690265.1.fna,0.97543,0.9090909090909091,1
GCF_022689775.1.fna,GCF_022690275.1.fna,0.974377,0.9090909090909091,1
GCF_022689775.1.fna,GCF_022690295.1.fna,0.9662609999999999,0.8636363636363636,1
GCF_022689775.1.fna,GCF_022690325.1.fna,0.9947060000000001,0.9090909090909091,1
GCF_022689775.1.fna,GCF_022690345.1.fna,0.974866,0.9090909090909091,1
GCF_022689775.1.fna,GCF_022690375.1.fna,0.994841,0.9090909090909091,1
GCF_022689775.1.fna,GCF_022690385.1.fna,0.975711,0.9090909090909091,1
GCF_022689775.1.fna,GCF_022690425.1.fna,0.9775870000000001,0.9090909090909091,1
GCF_022689775.1.fna,GCF_025143205.1.fna,0.975172,0.9090909090909091,1
GCF_022689775.1.fna,GCF_025143445.1.fna,0.992889,0.9090909090909091,1
GCF_022689775.1.fna,GCF_025143615.1.fna,0.9999049999999999,0.9545454545454546,1
GCF_022689775.1.fna,GCF_029926865.1.fna,0.978954,0.9090909090909091,1
GCF_022689775.1.fna,GCF_029926905.1.fna,0.978954,0.9090909090909091,1
GCF_022689775.1.fna,GCF_029926915.1.fna,0.978954,0.9090909090909091,1
GCF_022689775.1.fna,GCF_031631055.1.fna,0.9904649999999999,0.8636363636363636,1
GCF_022689775.1.fna,GCF_031727055.1.fna,0.978344,1.0,1
GCF_022689775.1.fna,GCF_031727075.1.fna,0.9746769999999999,0.9090909090909091,1
GCF_022689775.1.fna,GCF_031727235.1.fna,0.9919910000000001,0.9545454545454546,1
GCF_022689775.1.fna,GCF_031727255.1.fna,0.966269,0.8636363636363636,1
GCF_022689775.1.fna,GCF_031727275.1.fna,0.9809260000000001,0.9090909090909091,1
GCF_022689775.1.fna,GCF_031727355.1.fna,0.97505,0.9545454545454546,1
GCF_022689775.1.fna,GCF_031727455.1.fna,0.974814,0.9090909090909091,1
GCF_022689775.1.fna,GCF_031727535.1.fna,0.994841,0.9090909090909091,1
GCF_022689775.1.fna,GCF_031728075.1.fna,0.9775870000000001,0.9090909090909091,1
GCF_022689775.1.fna,GCF_031728095.1.fna,0.99533,0.9545454545454546,1
GCF_022689775.1.fna,GCF_031728115.1.fna,0.976749,0.9090909090909091,1
GCF_022689775.1.fna,GCF_031728155.1.fna,0.976582,0.9090909090909091,1
GCF_022689775.1.fna,GCF_031728235.1.fna,0.9704640000000001,1.0,1
GCF_022689775.1.fna,GCF_031728275.1.fna,0.995756,0.9090909090909091,1
GCF_022689775.1.fna,GCF_031728295.1.fna,0.9771129999999999,0.9090909090909091,1
GCF_022689775.1.fna,GCF_031728315.1.fna,0.976516,0.9090909090909091,1
GCF_022689775.1.fna,GCF_031728335.1.fna,0.97541,0.9090909090909091,1
GCF_022689775.1.fna,GCF_031728415.1.fna,0.993647,0.9090909090909091,1
GCF_022689775.1.fna,GCF_031728455.1.fna,0.993572,0.9090909090909091,1
GCF_022689775.1.fna,GCF_031728475.1.fna,0.975759,0.9545454545454546,1
GCF_022689775.1.fna,GCF_031728495.1.fna,0.992352,0.9545454545454546,1
GCF_022689775.1.fna,GCF_031728515.1.fna,0.965217,0.9090909090909091,1
GCF_022689775.1.fna,GCF_031728555.1.fna,0.9644379999999999,0.9545454545454546,1
GCF_022689775.1.fna,GCF_031728675.1.fna,0.995705,0.9090909090909091,1
GCF_022689775.1.fna,GCF_031728695.1.fna,0.9973480000000001,0.9090909090909091,1
GCF_022689775.1.fna,GCF_031728715.1.fna,0.999845,0.9090909090909091,1
GCF_022689775.1.fna,GCF_031728735.1.fna,0.9735349999999999,0.9090909090909091,1
GCF_022689775.1.fna,GCF_031728745.1.fna,0.9754649999999999,0.9545454545454546,1
GCF_022689775.1.fna,GCF_031728795.1.fna,0.9957210000000001,0.9090909090909091,1
GCF_022689775.1.fna,GCF_031728835.1.fna,0.9758669999999999,0.9545454545454546,1
GCF_022689775.1.fna,GCF_031728895.1.fna,0.9942449999999999,0.9545454545454546,1
GCF_022689775.1.fna,GCF_031729015.1.fna,0.99289,0.9090909090909091,1
GCF_022689775.1.fna,GCF_036419895.1.fna,0.99994,0.9090909090909091,1
GCF_022689775.1.fna,GCF_036420075.1.fna,0.960698,0.9545454545454546,1
GCF_022689775.1.fna,GCF_037694985.1.fna,0.976322,0.9090909090909091,1
GCF_022689775.1.fna,GCF_037695175.1.fna,0.994893,0.9090909090909091,1
GCF_022689775.1.fna,GCF_037700135.1.fna,0.975511,0.9090909090909091,1
GCF_022689775.1.fna,GCF_037700155.1.fna,0.9769840000000001,0.9545454545454546,1
GCF_022689775.1.fna,GCF_037700295.1.fna,0.976591,0.9090909090909091,1
GCF_022689775.1.fna,GCF_037700315.1.fna,0.994137,0.9545454545454546,1
GCF_022689775.1.fna,GCF_037700375.1.fna,0.9941960000000001,0.9090909090909091,1
GCF_022689775.1.fna,GCF_037700455.1.fna,0.9941960000000001,0.9090909090909091,1
GCF_022689775.1.fna,GCF_040947025.1.fna,0.978762,0.9090909090909091,1
GCF_022689775.1.fna,GCF_040947065.1.fna,0.980663,0.9545454545454546,1
GCF_022689775.1.fna,GCF_040947125.1.fna,0.983305,1.0,1
GCF_022689775.1.fna,GCF_040947205.1.fna,0.963625,0.9090909090909091,1
GCF_022689775.1.fna,GCF_040947225.1.fna,0.990554,0.9090909090909091,1
GCF_022689775.1.fna,GCF_040947605.1.fna,0.975249,0.9090909090909091,1
GCF_022689775.1.fna,GCF_040947645.1.fna,0.975249,0.9090909090909091,1
GCF_022689775.1.fna,GCF_047653515.1.fna,0.977768,0.9090909090909091,1
GCF_022689775.1.fna,GCF_047653525.1.fna,0.9712040000000001,0.9545454545454546,1
GCF_022689775.1.fna,GCF_052950835.1.fna,0.988078,0.9090909090909091,1
GCF_022689775.1.fna,GCF_900458635.1.fna,0.9941070000000001,0.9090909090909091,1
GCF_022689775.1.fna,GCF_964211265.1.fna,0.988854,1.0,1
GCF_022689785.1.fna,GCF_000269685.1.fna,0.977915,0.9545454545454546,1
GCF_022689785.1.fna,GCF_002901845.1.fna,0.994102,0.9090909090909091,1
GCF_022689785.1.fna,GCF_013267575.1.fna,0.9850960000000001,1.0,1
GCF_022689785.1.fna,GCF_015274535.1.fna,0.976102,0.9545454545454546,1
GCF_022689785.1.fna,GCF_015274585.1.fna,0.976102,0.9545454545454546,1
GCF_022689785.1.fna,GCF_015274655.1.fna,0.976102,0.9545454545454546,1
GCF_022689785.1.fna,GCF_015274675.1.fna,0.978105,0.9545454545454546,1
GCF_022689785.1.fna,GCF_017315625.1.fna,0.978221,0.9545454545454546,1
GCF_022689785.1.fna,GCF_017315645.1.fna,0.977727,0.9545454545454546,1
GCF_022689785.1.fna,GCF_022689565.1.fna,0.9753310000000001,0.9090909090909091,1
GCF_022689785.1.fna,GCF_022689575.1.fna,0.994575,0.9545454545454546,1
GCF_022689785.1.fna,GCF_022689615.1.fna,0.9744459999999999,0.9090909090909091,1
GCF_022689785.1.fna,GCF_022689645.1.fna,0.9927800000000001,0.9090909090909091,1
GCF_022689785.1.fna,GCF_022689665.1.fna,0.994575,0.9545454545454546,1
GCF_022689785.1.fna,GCF_022689675.1.fna,0.975156,0.9545454545454546,1
GCF_022689785.1.fna,GCF_022689705.1.fna,0.992563,0.9545454545454546,1
GCF_022689785.1.fna,GCF_022689725.1.fna,0.994575,0.9545454545454546,1
GCF_022689785.1.fna,GCF_022689745.1.fna,0.975168,0.9545454545454546,1
GCF_022689785.1.fna,GCF_022689765.1.fna,0.976177,0.9545454545454546,1
GCF_022689785.1.fna,GCF_022689775.1.fna,0.99971,0.9090909090909091,1
GCF_022689785.1.fna,GCF_022689785.1.fna,1.0,1.0,1
GCF_022689785.1.fna,GCF_022689825.1.fna,0.976177,0.9545454545454546,1
GCF_022689785.1.fna,GCF_022689845.1.fna,0.975399,0.9090909090909091,1
GCF_022689785.1.fna,GCF_022689855.1.fna,0.9934499999999999,0.9545454545454546,1
GCF_022689785.1.fna,GCF_022689905.1.fna,0.97711,0.9545454545454546,1
GCF_022689785.1.fna,GCF_022689925.1.fna,0.974733,0.8636363636363636,1
GCF_022689785.1.fna,GCF_022689945.1.fna,0.966237,0.8636363636363636,1
GCF_022689785.1.fna,GCF_022689965.1.fna,0.977285,0.9545454545454546,1
GCF_022689785.1.fna,GCF_022689975.1.fna,0.976177,0.9545454545454546,1
GCF_022689785.1.fna,GCF_022690005.1.fna,0.9941800000000001,0.9545454545454546,1
GCF_022689785.1.fna,GCF_022690025.1.fna,0.994579,0.9545454545454546,1
GCF_022689785.1.fna,GCF_022690045.1.fna,0.9941800000000001,0.9545454545454546,1
GCF_022689785.1.fna,GCF_022690065.1.fna,0.976078,0.9545454545454546,1
GCF_022689785.1.fna,GCF_022690085.1.fna,0.974896,0.9545454545454546,1
GCF_022689785.1.fna,GCF_022690105.1.fna,0.975948,0.9545454545454546,1
GCF_022689785.1.fna,GCF_022690115.1.fna,0.973214,0.9545454545454546,1
GCF_022689785.1.fna,GCF_022690145.1.fna,0.976078,0.9545454545454546,1
GCF_022689785.1.fna,GCF_022690165.1.fna,0.976078,0.9545454545454546,1
GCF_022689785.1.fna,GCF_022690185.1.fna,0.9996290000000001,1.0,1
GCF_022689785.1.fna,GCF_022690205.1.fna,0.999685,0.9090909090909091,1
GCF_022689785.1.fna,GCF_022690225.1.fna,0.9923040000000001,0.9090909090909091,1
GCF_022689785.1.fna,GCF_022690245.1.fna,0.975437,0.9545454545454546,1
GCF_022689785.1.fna,GCF_022690265.1.fna,0.976068,0.9545454545454546,1
GCF_022689785.1.fna,GCF_022690275.1.fna,0.9749169999999999,0.9545454545454546,1
GCF_022689785.1.fna,GCF_022690295.1.fna,0.9663630000000001,0.8636363636363636,1
GCF_022689785.1.fna,GCF_022690325.1.fna,0.994487,0.9545454545454546,1
GCF_022689785.1.fna,GCF_022690345.1.fna,0.975558,0.9545454545454546,1
GCF_022689785.1.fna,GCF_022690375.1.fna,0.9943000000000001,0.9545454545454546,1
GCF_022689785.1.fna,GCF_022690385.1.fna,0.9761960000000001,0.9545454545454546,1
GCF_022689785.1.fna,GCF_022690425.1.fna,0.97796,0.9545454545454546,1
GCF_022689785.1.fna,GCF_025143205.1.fna,0.9758209999999999,0.9545454545454546,1
GCF_022689785.1.fna,GCF_025143445.1.fna,0.994091,0.9090909090909091,1
GCF_022689785.1.fna,GCF_025143615.1.fna,0.999722,0.9545454545454546,1
GCF_022689785.1.fna,GCF_029926865.1.fna,0.97919,0.9545454545454546,1
GCF_022689785.1.fna,GCF_029926905.1.fna,0.97919,0.9545454545454546,1
GCF_022689785.1.fna,GCF_029926915.1.fna,0.979189,0.9545454545454546,1
GCF_022689785.1.fna,GCF_031631055.1.fna,0.9902549999999999,0.9090909090909091,1
GCF_022689785.1.fna,GCF_031727055.1.fna,0.9905809999999999,0.9545454545454546,1
GCF_022689785.1.fna,GCF_031727075.1.fna,0.975156,0.9545454545454546,1
GCF_022689785.1.fna,GCF_031727235.1.fna,0.9934499999999999,0.9545454545454546,1
GCF_022689785.1.fna,GCF_031727255.1.fna,0.9663630000000001,0.8636363636363636,1
GCF_022689785.1.fna,GCF_031727275.1.fna,0.993462,0.9090909090909091,1
GCF_022689785.1.fna,GCF_031727355.1.fna,0.9753310000000001,0.9090909090909091,1
GCF_022689785.1.fna,GCF_031727455.1.fna,0.974962,0.9090909090909091,1
GCF_022689785.1.fna,GCF_031727535.1.fna,0.9946269999999999,0.9545454545454546,1
GCF_022689785.1.fna,GCF_031728075.1.fna,0.97796,0.9545454545454546,1
GCF_022689785.1.fna,GCF_031728095.1.fna,0.987564,1.0,1
GCF_022689785.1.fna,GCF_031728115.1.fna,0.9772620000000001,0.9545454545454546,1
GCF_022689785.1.fna,GCF_031728155.1.fna,0.9771930000000001,0.9545454545454546,1
GCF_022689785.1.fna,GCF_031728235.1.fna,0.975,0.9545454545454546,1
GCF_022689785.1.fna,GCF_031728275.1.fna,0.991657,1.0,1
GCF_022689785.1.fna,GCF_031728295.1.fna,0.977595,0.9545454545454546,1
GCF_022689785.1.fna,GCF_031728315.1.fna,0.974012,1.0,1
GCF_022689785.1.fna,GCF_031728335.1.fna,0.975948,0.9545454545454546,1
GCF_022689785.1.fna,GCF_031728415.1.fna,0.993649,0.9545454545454546,1
GCF_022689785.1.fna,GCF_031728455.1.fna,0.993282,0.9545454545454546,1
GCF_022689785.1.fna,GCF_031728475.1.fna,0.9755379999999999,0.9545454545454546,1
GCF_022689785.1.fna,GCF_031728495.1.fna,0.993664,0.9545454545454546,1
GCF_022689785.1.fna,GCF_031728515.1.fna,0.966108,0.8636363636363636,1
GCF_022689785.1.fna,GCF_031728555.1.fna,0.976078,0.9545454545454546,1
GCF_022689785.1.fna,GCF_031728675.1.fna,0.985248,1.0,1
GCF_022689785.1.fna,GCF_031728695.1.fna,0.9866330000000001,1.0,1
GCF_022689785.1.fna,GCF_031728715.1.fna,0.9995390000000001,1.0,1
GCF_022689785.1.fna,GCF_031728735.1.fna,0.973945,0.9545454545454546,1
GCF_022689785.1.fna,GCF_031728745.1.fna,0.9726649999999999,1.0,1
GCF_022689785.1.fna,GCF_031728795.1.fna,0.994971,1.0,1
GCF_022689785.1.fna,GCF_031728835.1.fna,0.9762350000000001,0.9545454545454546,1
GCF_022689785.1.fna,GCF_031728895.1.fna,0.988403,1.0,1
GCF_022689785.1.fna,GCF_031729015.1.fna,0.999443,0.9545454545454546,1
GCF_022689785.1.fna,GCF_036419895.1.fna,0.999617,1.0,1
GCF_022689785.1.fna,GCF_036420075.1.fna,0.966237,0.8636363636363636,1
GCF_022689785.1.fna,GCF_037694985.1.fna,0.976309,0.9545454545454546,1
GCF_022689785.1.fna,GCF_037695175.1.fna,0.994838,0.9090909090909091,1
GCF_022689785.1.fna,GCF_037700135.1.fna,0.975996,0.9545454545454546,1
GCF_022689785.1.fna,GCF_037700155.1.fna,0.977482,0.9545454545454546,1
GCF_022689785.1.fna,GCF_037700295.1.fna,0.9773229999999999,0.9090909090909091,1
GCF_022689785.1.fna,GCF_037700315.1.fna,0.998479,0.9545454545454546,1
GCF_022689785.1.fna,GCF_037700375.1.fna,0.9939669999999999,0.9545454545454546,1
GCF_022689785.1.fna,GCF_037700455.1.fna,0.994042,0.9545454545454546,1
GCF_022689785.1.fna,GCF_040947025.1.fna,0.97895,0.9545454545454546,1
GCF_022689785.1.fna,GCF_040947065.1.fna,0.989517,1.0,1
GCF_022689785.1.fna,GCF_040947125.1.fna,0.994774,0.9090909090909091,1
GCF_022689785.1.fna,GCF_040947205.1.fna,0.9758140000000001,0.9090909090909091,1
GCF_022689785.1.fna,GCF_040947225.1.fna,0.990912,0.9545454545454546,1
GCF_022689785.1.fna,GCF_040947605.1.fna,0.975823,0.9545454545454546,1
GCF_022689785.1.fna,GCF_040947645.1.fna,0.975823,0.9545454545454546,1
GCF_022689785.1.fna,GCF_047653515.1.fna,0.977941,0.9545454545454546,1
GCF_022689785.1.fna,GCF_047653525.1.fna,0.9710559999999999,1.0,1
GCF_022689785.1.fna,GCF_052950835.1.fna,0.99084,0.9090909090909091,1
GCF_022689785.1.fna,GCF_900458635.1.fna,0.994102,0.9090909090909091,1
GCF_022689785.1.fna,GCF_964211265.1.fna,0.993613,0.9545454545454546,1
GCF_022689825.1.fna,GCF_000269685.1.fna,0.985131,0.9583333333333334,1
GCF_022689825.1.fna,GCF_002901845.1.fna,0.975358,0.8333333333333334,1
GCF_022689825.1.fna,GCF_013267575.1.fna,0.9756940000000001,0.8333333333333334,1
GCF_022689825.1.fna,GCF_015274535.1.fna,0.9954909999999999,0.875,1
GCF_022689825.1.fna,GCF_015274585.1.fna,0.9954909999999999,0.875,1
GCF_022689825.1.fna,GCF_015274655.1.fna,0.9954909999999999,0.875,1
GCF_022689825.1.fna,GCF_015274675.1.fna,0.9852639999999999,0.9583333333333334,1
GCF_022689825.1.fna,GCF_017315625.1.fna,0.984546,0.9583333333333334,1
GCF_022689825.1.fna,GCF_017315645.1.fna,0.993463,0.9166666666666666,1
GCF_022689825.1.fna,GCF_022689565.1.fna,0.9936029999999999,0.875,1
GCF_022689825.1.fna,GCF_022689575.1.fna,0.96899,0.9166666666666666,1
GCF_022689825.1.fna,GCF_022689615.1.fna,0.9957670000000001,0.9166666666666666,1
GCF_022689825.1.fna,GCF_022689645.1.fna,0.975622,0.8333333333333334,1
GCF_022689825.1.fna,GCF_022689665.1.fna,0.9687309999999999,0.9166666666666666,1
GCF_022689825.1.fna,GCF_022689675.1.fna,0.9958889999999999,0.9166666666666666,1
GCF_022689825.1.fna,GCF_022689705.1.fna,0.97588,0.875,1
GCF_022689825.1.fna,GCF_022689725.1.fna,0.969194,0.9166666666666666,1
GCF_022689825.1.fna,GCF_022689745.1.fna,0.995669,0.9583333333333334,1
GCF_022689825.1.fna,GCF_022689765.1.fna,1.0,0.9583333333333334,1
GCF_022689825.1.fna,GCF_022689775.1.fna,0.976155,0.8333333333333334,1
GCF_022689825.1.fna,GCF_022689785.1.fna,0.9759300000000001,0.875,1
GCF_022689825.1.fna,GCF_022689825.1.fna,1.0,1.0,1
GCF_022689825.1.fna,GCF_022689845.1.fna,0.9983799999999999,0.875,1
GCF_022689825.1.fna,GCF_022689855.1.fna,0.974843,0.875,1
GCF_022689825.1.fna,GCF_022689905.1.fna,0.9966389999999999,0.9166666666666666,1
GCF_022689825.1.fna,GCF_022689925.1.fna,0.967882,0.875,1
GCF_022689825.1.fna,GCF_022689945.1.fna,0.986355,0.875,1
GCF_022689825.1.fna,GCF_022689965.1.fna,0.993187,0.9583333333333334,1
GCF_022689825.1.fna,GCF_022689975.1.fna,0.9996290000000001,0.9583333333333334,1
GCF_022689825.1.fna,GCF_022690005.1.fna,0.976772,0.875,1
GCF_022689825.1.fna,GCF_022690025.1.fna,0.970754,0.9166666666666666,1
GCF_022689825.1.fna,GCF_022690045.1.fna,0.976772,0.875,1
GCF_022689825.1.fna,GCF_022690065.1.fna,0.996582,0.875,1
GCF_022689825.1.fna,GCF_022690085.1.fna,0.968512,0.9166666666666666,1
GCF_022689825.1.fna,GCF_022690105.1.fna,0.98713,0.9166666666666666,1
GCF_022689825.1.fna,GCF_022690115.1.fna,0.982525,0.9166666666666666,1
GCF_022689825.1.fna,GCF_022690145.1.fna,0.996582,0.875,1
GCF_022689825.1.fna,GCF_022690165.1.fna,0.997012,0.875,1
GCF_022689825.1.fna,GCF_022690185.1.fna,0.976108,0.875,1
GCF_022689825.1.fna,GCF_022690205.1.fna,0.9761310000000001,0.8333333333333334,1
GCF_022689825.1.fna,GCF_022690225.1.fna,0.976151,0.8333333333333334,1
GCF_022689825.1.fna,GCF_022690245.1.fna,0.9971460000000001,0.875,1
GCF_022689825.1.fna,GCF_022690265.1.fna,0.996562,0.875,1
GCF_022689825.1.fna,GCF_022690275.1.fna,0.987839,0.9166666666666666,1
GCF_022689825.1.fna,GCF_022690295.1.fna,0.9710110000000001,0.9166666666666666,1
GCF_022689825.1.fna,GCF_022690325.1.fna,0.969521,0.9166666666666666,1
GCF_022689825.1.fna,GCF_022690345.1.fna,0.981452,1.0,1
GCF_022689825.1.fna,GCF_022690375.1.fna,0.976508,0.8333333333333334,1
GCF_022689825.1.fna,GCF_022690385.1.fna,0.998149,0.875,1
GCF_022689825.1.fna,GCF_022690425.1.fna,0.9940640000000001,0.875,1
GCF_022689825.1.fna,GCF_025143205.1.fna,0.9968710000000001,0.875,1
GCF_022689825.1.fna,GCF_025143445.1.fna,0.975036,0.8333333333333334,1
GCF_022689825.1.fna,GCF_025143615.1.fna,0.976605,0.875,1
GCF_022689825.1.fna,GCF_029926865.1.fna,0.989999,1.0,1
GCF_022689825.1.fna,GCF_029926905.1.fna,0.989956,0.9583333333333334,1
GCF_022689825.1.fna,GCF_029926915.1.fna,0.989956,0.9583333333333334,1
GCF_022689825.1.fna,GCF_031631055.1.fna,0.978743,0.8333333333333334,1
GCF_022689825.1.fna,GCF_031727055.1.fna,0.97494,0.875,1
GCF_022689825.1.fna,GCF_031727075.1.fna,0.9958889999999999,0.9166666666666666,1
GCF_022689825.1.fna,GCF_031727235.1.fna,0.9751049999999999,0.875,1
GCF_022689825.1.fna,GCF_031727255.1.fna,0.971108,0.9166666666666666,1
GCF_022689825.1.fna,GCF_031727275.1.fna,0.971584,0.875,1
GCF_022689825.1.fna,GCF_031727355.1.fna,0.993047,0.9166666666666666,1
GCF_022689825.1.fna,GCF_031727455.1.fna,0.96821,0.8333333333333334,1
GCF_022689825.1.fna,GCF_031727535.1.fna,0.975693,0.875,1
GCF_022689825.1.fna,GCF_031728075.1.fna,0.9940640000000001,0.875,1
GCF_022689825.1.fna,GCF_031728095.1.fna,0.975333,0.8333333333333334,1
GCF_022689825.1.fna,GCF_031728115.1.fna,0.994015,0.9583333333333334,1
GCF_022689825.1.fna,GCF_031728155.1.fna,0.984213,0.9583333333333334,1
GCF_022689825.1.fna,GCF_031728235.1.fna,0.987805,0.9583333333333334,1
GCF_022689825.1.fna,GCF_031728275.1.fna,0.975889,0.875,1
GCF_022689825.1.fna,GCF_031728295.1.fna,0.9942350000000001,0.9583333333333334,1
GCF_022689825.1.fna,GCF_031728315.1.fna,0.9970279999999999,0.9166666666666666,1
GCF_022689825.1.fna,GCF_031728335.1.fna,0.986497,0.9583333333333334,1
GCF_022689825.1.fna,GCF_031728415.1.fna,0.975237,0.9166666666666666,1
GCF_022689825.1.fna,GCF_031728455.1.fna,0.976212,0.8333333333333334,1
GCF_022689825.1.fna,GCF_031728475.1.fna,0.994321,0.9166666666666666,1
GCF_022689825.1.fna,GCF_031728495.1.fna,0.975361,0.9166666666666666,1
GCF_022689825.1.fna,GCF_031728515.1.fna,0.976337,0.875,1
GCF_022689825.1.fna,GCF_031728555.1.fna,0.997013,0.875,1
GCF_022689825.1.fna,GCF_031728675.1.fna,0.9760930000000001,0.875,1
GCF_022689825.1.fna,GCF_031728695.1.fna,0.975552,0.875,1
GCF_022689825.1.fna,GCF_031728715.1.fna,0.976306,0.875,1
GCF_022689825.1.fna,GCF_031728735.1.fna,0.9932080000000001,0.9166666666666666,1
GCF_022689825.1.fna,GCF_031728745.1.fna,0.9943129999999999,0.875,1
GCF_022689825.1.fna,GCF_031728795.1.fna,0.976081,0.875,1
GCF_022689825.1.fna,GCF_031728835.1.fna,0.996818,0.9166666666666666,1
GCF_022689825.1.fna,GCF_031728895.1.fna,0.9758910000000001,0.875,1
GCF_022689825.1.fna,GCF_031729015.1.fna,0.971339,0.875,1
GCF_022689825.1.fna,GCF_036419895.1.fna,0.972095,0.9166666666666666,1
GCF_022689825.1.fna,GCF_036420075.1.fna,0.986355,0.875,1
GCF_022689825.1.fna,GCF_037694985.1.fna,0.99054,0.9583333333333334,1
GCF_022689825.1.fna,GCF_037695175.1.fna,0.973552,0.875,1
GCF_022689825.1.fna,GCF_037700135.1.fna,0.9980249999999999,0.9166666666666666,1
GCF_022689825.1.fna,GCF_037700155.1.fna,0.994201,0.9583333333333334,1
GCF_022689825.1.fna,GCF_037700295.1.fna,0.99576,0.9166666666666666,1
GCF_022689825.1.fna,GCF_037700315.1.fna,0.9757729999999999,0.875,1
GCF_022689825.1.fna,GCF_037700375.1.fna,0.975432,0.875,1
GCF_022689825.1.fna,GCF_037700455.1.fna,0.976079,0.875,1
GCF_022689825.1.fna,GCF_040947025.1.fna,0.9913200000000001,0.9166666666666666,1
GCF_022689825.1.fna,GCF_040947065.1.fna,0.981035,0.875,1
GCF_022689825.1.fna,GCF_040947125.1.fna,0.9723909999999999,0.875,1
GCF_022689825.1.fna,GCF_040947205.1.fna,0.995716,0.875,1
GCF_022689825.1.fna,GCF_040947225.1.fna,0.9788129999999999,0.875,1
GCF_022689825.1.fna,GCF_040947605.1.fna,0.996852,0.875,1
GCF_022689825.1.fna,GCF_040947645.1.fna,0.9969060000000001,0.8333333333333334,1
GCF_022689825.1.fna,GCF_047653515.1.fna,0.991134,0.9166666666666666,1
GCF_022689825.1.fna,GCF_047653525.1.fna,0.9923820000000001,1.0,1
GCF_022689825.1.fna,GCF_052950835.1.fna,0.97086,0.875,1
GCF_022689825.1.fna,GCF_900458635.1.fna,0.975358,0.8333333333333334,1
GCF_022689825.1.fna,GCF_964211265.1.fna,0.976002,0.9166666666666666,1
GCF_022689845.1.fna,GCF_000269685.1.fna,0.980015,0.8,1
GCF_022689845.1.fna,GCF_002901845.1.fna,0.969376,0.7333333333333333,1
GCF_022689845.1.fna,GCF_013267575.1.fna,0.975636,0.6666666666666666,1
GCF_022689845.1.fna,GCF_015274535.1.fna,0.9950239999999999,0.7333333333333333,1
GCF_022689845.1.fna,GCF_015274585.1.fna,0.995752,0.6666666666666666,1
GCF_022689845.1.fna,GCF_015274655.1.fna,0.995319,0.7,1
GCF_022689845.1.fna,GCF_015274675.1.fna,0.989165,0.7666666666666667,1
GCF_022689845.1.fna,GCF_017315625.1.fna,0.99383,0.7666666666666667,1
GCF_022689845.1.fna,GCF_017315645.1.fna,0.991213,0.8333333333333334,1
GCF_022689845.1.fna,GCF_022689565.1.fna,0.9933190000000001,0.7333333333333333,1
GCF_022689845.1.fna,GCF_022689575.1.fna,0.97331,0.7,1
GCF_022689845.1.fna,GCF_022689615.1.fna,0.992513,0.7333333333333333,1
GCF_022689845.1.fna,GCF_022689645.1.fna,0.974785,0.7,1
GCF_022689845.1.fna,GCF_022689665.1.fna,0.97331,0.7,1
GCF_022689845.1.fna,GCF_022689675.1.fna,0.995406,0.7333333333333333,1
GCF_022689845.1.fna,GCF_022689705.1.fna,0.9754999999999999,0.6666666666666666,1
GCF_022689845.1.fna,GCF_022689725.1.fna,0.97331,0.7,1
GCF_022689845.1.fna,GCF_022689745.1.fna,0.99639,0.7333333333333333,1
GCF_022689845.1.fna,GCF_022689765.1.fna,0.996611,0.7333333333333333,1
GCF_022689845.1.fna,GCF_022689775.1.fna,0.968518,0.7333333333333333,1
GCF_022689845.1.fna,GCF_022689785.1.fna,0.975445,0.6666666666666666,1
GCF_022689845.1.fna,GCF_022689825.1.fna,0.9951479999999999,0.7333333333333333,1
GCF_022689845.1.fna,GCF_022689845.1.fna,1.0,0.9666666666666667,1
GCF_022689845.1.fna,GCF_022689855.1.fna,0.9716039999999999,0.7333333333333333,1
GCF_022689845.1.fna,GCF_022689905.1.fna,0.9897469999999999,0.8333333333333334,1
GCF_022689845.1.fna,GCF_022689925.1.fna,0.957797,0.7,1
GCF_022689845.1.fna,GCF_022689945.1.fna,0.975836,0.7666666666666667,1
GCF_022689845.1.fna,GCF_022689965.1.fna,0.987452,0.8666666666666667,1
GCF_022689845.1.fna,GCF_022689975.1.fna,0.998374,0.7,1
GCF_022689845.1.fna,GCF_022690005.1.fna,0.976782,0.6666666666666666,1
GCF_022689845.1.fna,GCF_022690025.1.fna,0.9723919999999999,0.7333333333333333,1
GCF_022689845.1.fna,GCF_022690045.1.fna,0.976782,0.6666666666666666,1
GCF_022689845.1.fna,GCF_022690065.1.fna,0.9880939999999999,0.8333333333333334,1
GCF_022689845.1.fna,GCF_022690085.1.fna,0.969216,0.7,1
GCF_022689845.1.fna,GCF_022690105.1.fna,0.9970680000000001,0.6666666666666666,1
GCF_022689845.1.fna,GCF_022690115.1.fna,0.986225,0.6666666666666666,1
GCF_022689845.1.fna,GCF_022690145.1.fna,0.988103,0.8333333333333334,1
GCF_022689845.1.fna,GCF_022690165.1.fna,0.987807,0.8,1
GCF_022689845.1.fna,GCF_022690185.1.fna,0.966506,0.7,1
GCF_022689845.1.fna,GCF_022690205.1.fna,0.9714790000000001,0.7333333333333333,1
GCF_022689845.1.fna,GCF_022690225.1.fna,0.964024,0.7,1
GCF_022689845.1.fna,GCF_022690245.1.fna,0.997524,0.7,1
GCF_022689845.1.fna,GCF_022690265.1.fna,0.994636,0.7,1
GCF_022689845.1.fna,GCF_022690275.1.fna,0.995727,0.7,1
GCF_022689845.1.fna,GCF_022690295.1.fna,0.962138,0.8333333333333334,1
GCF_022689845.1.fna,GCF_022690325.1.fna,0.975112,0.6666666666666666,1
GCF_022689845.1.fna,GCF_022690345.1.fna,0.992308,0.7333333333333333,1
GCF_022689845.1.fna,GCF_022690375.1.fna,0.9632080000000001,0.7666666666666667,1
GCF_022689845.1.fna,GCF_022690385.1.fna,0.996185,0.7333333333333333,1
GCF_022689845.1.fna,GCF_022690425.1.fna,0.9917870000000001,0.7666666666666667,1
GCF_022689845.1.fna,GCF_025143205.1.fna,0.996497,0.6666666666666666,1
GCF_022689845.1.fna,GCF_025143445.1.fna,0.954079,0.7666666666666667,1
GCF_022689845.1.fna,GCF_025143615.1.fna,0.9739570000000001,0.7,1
GCF_022689845.1.fna,GCF_029926865.1.fna,0.993853,0.7333333333333333,1
GCF_022689845.1.fna,GCF_029926905.1.fna,0.993767,0.7666666666666667,1
GCF_022689845.1.fna,GCF_029926915.1.fna,0.993767,0.7666666666666667,1
GCF_022689845.1.fna,GCF_031631055.1.fna,0.970794,0.7,1
GCF_022689845.1.fna,GCF_031727055.1.fna,0.9630759999999999,0.8,1
GCF_022689845.1.fna,GCF_031727075.1.fna,0.995799,0.7333333333333333,1
GCF_022689845.1.fna,GCF_031727235.1.fna,0.9716039999999999,0.7333333333333333,1
GCF_022689845.1.fna,GCF_031727255.1.fna,0.963078,0.8,1
GCF_022689845.1.fna,GCF_031727275.1.fna,0.964076,0.6666666666666666,1
GCF_022689845.1.fna,GCF_031727355.1.fna,0.993695,0.7333333333333333,1
GCF_022689845.1.fna,GCF_031727455.1.fna,0.9576309999999999,0.7,1
GCF_022689845.1.fna,GCF_031727535.1.fna,0.973537,0.7,1
GCF_022689845.1.fna,GCF_031728075.1.fna,0.991631,0.7333333333333333,1
GCF_022689845.1.fna,GCF_031728095.1.fna,0.9689270000000001,0.7333333333333333,1
GCF_022689845.1.fna,GCF_031728115.1.fna,0.995171,0.7333333333333333,1
GCF_022689845.1.fna,GCF_031728155.1.fna,0.992835,0.7333333333333333,1
GCF_022689845.1.fna,GCF_031728235.1.fna,0.989584,0.7666666666666667,1
GCF_022689845.1.fna,GCF_031728275.1.fna,0.975473,0.6666666666666666,1
GCF_022689845.1.fna,GCF_031728295.1.fna,0.991023,0.8333333333333334,1
GCF_022689845.1.fna,GCF_031728315.1.fna,0.989795,0.8,1
GCF_022689845.1.fna,GCF_031728335.1.fna,0.989653,0.7666666666666667,1
GCF_022689845.1.fna,GCF_031728415.1.fna,0.963558,0.7333333333333333,1
GCF_022689845.1.fna,GCF_031728455.1.fna,0.976318,0.6666666666666666,1
GCF_022689845.1.fna,GCF_031728475.1.fna,0.994996,0.7,1
GCF_022689845.1.fna,GCF_031728495.1.fna,0.975049,0.7,1
GCF_022689845.1.fna,GCF_031728515.1.fna,0.9727070000000001,0.7333333333333333,1
GCF_022689845.1.fna,GCF_031728555.1.fna,0.9881270000000001,0.8333333333333334,1
GCF_022689845.1.fna,GCF_031728675.1.fna,0.9755670000000001,0.6666666666666666,1
GCF_022689845.1.fna,GCF_031728695.1.fna,0.9745090000000001,0.7,1
GCF_022689845.1.fna,GCF_031728715.1.fna,0.9752630000000001,0.6666666666666666,1
GCF_022689845.1.fna,GCF_031728735.1.fna,0.9760880000000001,0.8333333333333334,1
GCF_022689845.1.fna,GCF_031728745.1.fna,0.991503,0.7666666666666667,1
GCF_022689845.1.fna,GCF_031728795.1.fna,0.974405,0.7333333333333333,1
GCF_022689845.1.fna,GCF_031728835.1.fna,0.993931,0.7333333333333333,1
GCF_022689845.1.fna,GCF_031728895.1.fna,0.9684550000000001,0.7333333333333333,1
GCF_022689845.1.fna,GCF_031729015.1.fna,0.9684050000000001,0.6666666666666666,1
GCF_022689845.1.fna,GCF_036419895.1.fna,0.975356,0.6666666666666666,1
GCF_022689845.1.fna,GCF_036420075.1.fna,0.975836,0.7666666666666667,1
GCF_022689845.1.fna,GCF_037694985.1.fna,0.990886,0.8,1
GCF_022689845.1.fna,GCF_037695175.1.fna,0.975176,0.6666666666666666,1
GCF_022689845.1.fna,GCF_037700135.1.fna,0.9998739999999999,0.9,1
GCF_022689845.1.fna,GCF_037700155.1.fna,0.994599,0.7333333333333333,1
GCF_022689845.1.fna,GCF_037700295.1.fna,0.988572,0.7,1
GCF_022689845.1.fna,GCF_037700315.1.fna,0.967067,0.7333333333333333,1
GCF_022689845.1.fna,GCF_037700375.1.fna,0.9627119999999999,0.7666666666666667,1
GCF_022689845.1.fna,GCF_037700455.1.fna,0.9627119999999999,0.7666666666666667,1
GCF_022689845.1.fna,GCF_040947025.1.fna,0.987575,0.7666666666666667,1
GCF_022689845.1.fna,GCF_040947065.1.fna,0.972964,0.7333333333333333,1
GCF_022689845.1.fna,GCF_040947125.1.fna,0.964131,0.7666666666666667,1
GCF_022689845.1.fna,GCF_040947205.1.fna,0.977495,0.7666666666666667,1
GCF_022689845.1.fna,GCF_040947225.1.fna,0.978483,0.6666666666666666,1
GCF_022689845.1.fna,GCF_040947605.1.fna,0.996837,0.6666666666666666,1
GCF_022689845.1.fna,GCF_040947645.1.fna,0.996837,0.6666666666666666,1
GCF_022689845.1.fna,GCF_047653515.1.fna,0.995488,0.7,1
GCF_022689845.1.fna,GCF_047653525.1.fna,0.987749,0.8333333333333334,1
GCF_022689845.1.fna,GCF_052950835.1.fna,0.966879,0.6666666666666666,1
GCF_022689845.1.fna,GCF_900458635.1.fna,0.969376,0.7333333333333333,1
GCF_022689845.1.fna,GCF_964211265.1.fna,0.969272,0.7333333333333333,1
GCF_022689855.1.fna,GCF_000269685.1.fna,0.975449,0.92,1
GCF_022689855.1.fna,GCF_002901845.1.fna,0.994021,0.8,1
GCF_022689855.1.fna,GCF_013267575.1.fna,0.994205,0.84,1
GCF_022689855.1.fna,GCF_015274535.1.fna,0.9750650000000001,0.84,1
GCF_022689855.1.fna,GCF_015274585.1.fna,0.9750650000000001,0.84,1
GCF_022689855.1.fna,GCF_015274655.1.fna,0.9750650000000001,0.84,1
GCF_022689855.1.fna,GCF_015274675.1.fna,0.977375,0.88,1
GCF_022689855.1.fna,GCF_017315625.1.fna,0.977479,0.84,1
GCF_022689855.1.fna,GCF_017315645.1.fna,0.977499,0.84,1
GCF_022689855.1.fna,GCF_022689565.1.fna,0.9758159999999999,0.8,1
GCF_022689855.1.fna,GCF_022689575.1.fna,0.9917579999999999,0.88,1
GCF_022689855.1.fna,GCF_022689615.1.fna,0.973317,0.84,1
GCF_022689855.1.fna,GCF_022689645.1.fna,0.992403,0.84,1
GCF_022689855.1.fna,GCF_022689665.1.fna,0.991739,0.88,1
GCF_022689855.1.fna,GCF_022689675.1.fna,0.975131,0.84,1
GCF_022689855.1.fna,GCF_022689705.1.fna,0.99535,0.84,1
GCF_022689855.1.fna,GCF_022689725.1.fna,0.9917579999999999,0.88,1
GCF_022689855.1.fna,GCF_022689745.1.fna,0.974171,0.88,1
GCF_022689855.1.fna,GCF_022689765.1.fna,0.975155,0.84,1
GCF_022689855.1.fna,GCF_022689775.1.fna,0.992016,0.84,1
GCF_022689855.1.fna,GCF_022689785.1.fna,0.99334,0.84,1
GCF_022689855.1.fna,GCF_022689825.1.fna,0.975155,0.84,1
GCF_022689855.1.fna,GCF_022689845.1.fna,0.9723,0.84,1
GCF_022689855.1.fna,GCF_022689855.1.fna,1.0,1.0,1
GCF_022689855.1.fna,GCF_022689905.1.fna,0.9751479999999999,0.88,1
GCF_022689855.1.fna,GCF_022689925.1.fna,0.971827,0.84,1
GCF_022689855.1.fna,GCF_022689945.1.fna,0.968077,0.8,1
GCF_022689855.1.fna,GCF_022689965.1.fna,0.973801,0.96,1
GCF_022689855.1.fna,GCF_022689975.1.fna,0.975155,0.84,1
GCF_022689855.1.fna,GCF_022690005.1.fna,0.9921099999999999,0.84,1
GCF_022689855.1.fna,GCF_022690025.1.fna,0.990988,0.92,1
GCF_022689855.1.fna,GCF_022690045.1.fna,0.9921099999999999,0.84,1
GCF_022689855.1.fna,GCF_022690065.1.fna,0.972649,0.88,1
GCF_022689855.1.fna,GCF_022690085.1.fna,0.974834,0.84,1
GCF_022689855.1.fna,GCF_022690105.1.fna,0.975044,0.84,1
GCF_022689855.1.fna,GCF_022690115.1.fna,0.9734900000000001,0.84,1
GCF_022689855.1.fna,GCF_022690145.1.fna,0.972649,0.88,1
GCF_022689855.1.fna,GCF_022690165.1.fna,0.972672,0.88,1
GCF_022689855.1.fna,GCF_022690185.1.fna,0.993274,0.84,1
GCF_022689855.1.fna,GCF_022690205.1.fna,0.990074,0.88,1
GCF_022689855.1.fna,GCF_022690225.1.fna,0.992937,0.8,1
GCF_022689855.1.fna,GCF_022690245.1.fna,0.97443,0.84,1
GCF_022689855.1.fna,GCF_022690265.1.fna,0.972637,0.88,1
GCF_022689855.1.fna,GCF_022690275.1.fna,0.973815,0.8,1
GCF_022689855.1.fna,GCF_022690295.1.fna,0.965364,0.8,1
GCF_022689855.1.fna,GCF_022690325.1.fna,0.9933669999999999,0.84,1
GCF_022689855.1.fna,GCF_022690345.1.fna,0.9744079999999999,0.88,1
GCF_022689855.1.fna,GCF_022690375.1.fna,0.992073,0.84,1
GCF_022689855.1.fna,GCF_022690385.1.fna,0.9731449999999999,0.88,1
GCF_022689855.1.fna,GCF_022690425.1.fna,0.9739180000000001,0.88,1
GCF_022689855.1.fna,GCF_025143205.1.fna,0.974936,0.84,1
GCF_022689855.1.fna,GCF_025143445.1.fna,0.994088,0.8,1
GCF_022689855.1.fna,GCF_025143615.1.fna,0.992193,0.88,1
GCF_022689855.1.fna,GCF_029926865.1.fna,0.9779720000000001,0.84,1
GCF_022689855.1.fna,GCF_029926905.1.fna,0.9779720000000001,0.84,1
GCF_022689855.1.fna,GCF_029926915.1.fna,0.9779720000000001,0.84,1
GCF_022689855.1.fna,GCF_031631055.1.fna,0.98866,0.8,1
GCF_022689855.1.fna,GCF_031727055.1.fna,0.991694,0.92,1
GCF_022689855.1.fna,GCF_031727075.1.fna,0.975131,0.84,1
GCF_022689855.1.fna,GCF_031727235.1.fna,1.0,1.0,1
GCF_022689855.1.fna,GCF_031727255.1.fna,0.965364,0.8,1
GCF_022689855.1.fna,GCF_031727275.1.fna,0.993043,0.8,1
GCF_022689855.1.fna,GCF_031727355.1.fna,0.9747199999999999,0.84,1
GCF_022689855.1.fna,GCF_031727455.1.fna,0.975034,0.8,1
GCF_022689855.1.fna,GCF_031727535.1.fna,0.991891,0.88,1
GCF_022689855.1.fna,GCF_031728075.1.fna,0.9739180000000001,0.88,1
GCF_022689855.1.fna,GCF_031728095.1.fna,0.9912569999999999,0.88,1
GCF_022689855.1.fna,GCF_031728115.1.fna,0.976469,0.84,1
GCF_022689855.1.fna,GCF_031728155.1.fna,0.977288,0.84,1
GCF_022689855.1.fna,GCF_031728235.1.fna,0.974257,0.88,1
GCF_022689855.1.fna,GCF_031728275.1.fna,0.995164,0.84,1
GCF_022689855.1.fna,GCF_031728295.1.fna,0.9773860000000001,0.84,1
GCF_022689855.1.fna,GCF_031728315.1.fna,0.9751479999999999,0.88,1
GCF_022689855.1.fna,GCF_031728335.1.fna,0.9750449999999999,0.84,1
GCF_022689855.1.fna,GCF_031728415.1.fna,0.993391,0.84,1
GCF_022689855.1.fna,GCF_031728455.1.fna,0.993057,0.84,1
GCF_022689855.1.fna,GCF_031728475.1.fna,0.976311,0.84,1
GCF_022689855.1.fna,GCF_031728495.1.fna,0.9920699999999999,0.88,1
GCF_022689855.1.fna,GCF_031728515.1.fna,0.966421,0.8,1
GCF_022689855.1.fna,GCF_031728555.1.fna,0.972672,0.88,1
GCF_022689855.1.fna,GCF_031728675.1.fna,0.994417,0.84,1
GCF_022689855.1.fna,GCF_031728695.1.fna,0.9935590000000001,0.84,1
GCF_022689855.1.fna,GCF_031728715.1.fna,0.993263,0.84,1
GCF_022689855.1.fna,GCF_031728735.1.fna,0.9714400000000001,0.88,1
GCF_022689855.1.fna,GCF_031728745.1.fna,0.975611,0.88,1
GCF_022689855.1.fna,GCF_031728795.1.fna,0.993311,0.84,1
GCF_022689855.1.fna,GCF_031728835.1.fna,0.972845,0.88,1
GCF_022689855.1.fna,GCF_031728895.1.fna,0.992591,0.88,1
GCF_022689855.1.fna,GCF_031729015.1.fna,0.993083,0.8,1
GCF_022689855.1.fna,GCF_036419895.1.fna,0.993377,0.84,1
GCF_022689855.1.fna,GCF_036420075.1.fna,0.968077,0.8,1
GCF_022689855.1.fna,GCF_037694985.1.fna,0.9730599999999999,0.88,1
GCF_022689855.1.fna,GCF_037695175.1.fna,0.994834,0.8,1
GCF_022689855.1.fna,GCF_037700135.1.fna,0.972965,0.88,1
GCF_022689855.1.fna,GCF_037700155.1.fna,0.977265,0.84,1
GCF_022689855.1.fna,GCF_037700295.1.fna,0.9749800000000001,0.84,1
GCF_022689855.1.fna,GCF_037700315.1.fna,0.993232,0.84,1
GCF_022689855.1.fna,GCF_037700375.1.fna,0.993772,0.84,1
GCF_022689855.1.fna,GCF_037700455.1.fna,0.9939,0.84,1
GCF_022689855.1.fna,GCF_040947025.1.fna,0.978958,0.88,1
GCF_022689855.1.fna,GCF_040947065.1.fna,0.987847,0.84,1
GCF_022689855.1.fna,GCF_040947125.1.fna,0.993754,0.84,1
GCF_022689855.1.fna,GCF_040947205.1.fna,0.974574,0.8,1
GCF_022689855.1.fna,GCF_040947225.1.fna,0.991339,0.84,1
GCF_022689855.1.fna,GCF_040947605.1.fna,0.97469,0.84,1
GCF_022689855.1.fna,GCF_040947645.1.fna,0.97469,0.84,1
GCF_022689855.1.fna,GCF_047653515.1.fna,0.97706,0.84,1
GCF_022689855.1.fna,GCF_047653525.1.fna,0.9746469999999999,0.88,1
GCF_022689855.1.fna,GCF_052950835.1.fna,0.988359,0.8,1
GCF_022689855.1.fna,GCF_900458635.1.fna,0.994021,0.8,1
GCF_022689855.1.fna,GCF_964211265.1.fna,0.9914459999999999,0.88,1
GCF_022689905.1.fna,GCF_000269685.1.fna,0.988538,0.9259259259259259,1
GCF_022689905.1.fna,GCF_002901845.1.fna,0.9679559999999999,0.8518518518518519,1
GCF_022689905.1.fna,GCF_013267575.1.fna,0.976866,0.7777777777777778,1
GCF_022689905.1.fna,GCF_015274535.1.fna,0.9948739999999999,0.8148148148148148,1
GCF_022689905.1.fna,GCF_015274585.1.fna,0.995192,0.7777777777777778,1
GCF_022689905.1.fna,GCF_015274655.1.fna,0.993547,0.8148148148148148,1
GCF_022689905.1.fna,GCF_015274675.1.fna,0.987886,0.9259259259259259,1
GCF_022689905.1.fna,GCF_017315625.1.fna,0.995083,0.8518518518518519,1
GCF_022689905.1.fna,GCF_017315645.1.fna,0.988477,0.9259259259259259,1
GCF_022689905.1.fna,GCF_022689565.1.fna,0.992658,0.8148148148148148,1
GCF_022689905.1.fna,GCF_022689575.1.fna,0.973661,0.8148148148148148,1
GCF_022689905.1.fna,GCF_022689615.1.fna,0.9942700000000001,0.8148148148148148,1
GCF_022689905.1.fna,GCF_022689645.1.fna,0.9737560000000001,0.7777777777777778,1
GCF_022689905.1.fna,GCF_022689665.1.fna,0.973499,0.8148148148148148,1
GCF_022689905.1.fna,GCF_022689675.1.fna,0.994315,0.8518518518518519,1
GCF_022689905.1.fna,GCF_022689705.1.fna,0.976668,0.7777777777777778,1
GCF_022689905.1.fna,GCF_022689725.1.fna,0.973661,0.8148148148148148,1
GCF_022689905.1.fna,GCF_022689745.1.fna,0.993241,0.8518518518518519,1
GCF_022689905.1.fna,GCF_022689765.1.fna,0.99494,0.8518518518518519,1
GCF_022689905.1.fna,GCF_022689775.1.fna,0.9693309999999999,0.8148148148148148,1
GCF_022689905.1.fna,GCF_022689785.1.fna,0.977023,0.7777777777777778,1
GCF_022689905.1.fna,GCF_022689825.1.fna,0.9938030000000001,0.8518518518518519,1
GCF_022689905.1.fna,GCF_022689845.1.fna,0.9875839999999999,0.9629629629629629,1
GCF_022689905.1.fna,GCF_022689855.1.fna,0.974495,0.8518518518518519,1
GCF_022689905.1.fna,GCF_022689905.1.fna,1.0,1.0,1
GCF_022689905.1.fna,GCF_022689925.1.fna,0.967961,0.7777777777777778,1
GCF_022689905.1.fna,GCF_022689945.1.fna,0.976442,0.8148148148148148,1
GCF_022689905.1.fna,GCF_022689965.1.fna,0.9859789999999999,0.9629629629629629,1
GCF_022689905.1.fna,GCF_022689975.1.fna,0.9970310000000001,0.8148148148148148,1
GCF_022689905.1.fna,GCF_022690005.1.fna,0.977922,0.7777777777777778,1
GCF_022689905.1.fna,GCF_022690025.1.fna,0.972858,0.8518518518518519,1
GCF_022689905.1.fna,GCF_022690045.1.fna,0.977922,0.7777777777777778,1
GCF_022689905.1.fna,GCF_022690065.1.fna,0.985454,0.9629629629629629,1
GCF_022689905.1.fna,GCF_022690085.1.fna,0.968733,0.8148148148148148,1
GCF_022689905.1.fna,GCF_022690105.1.fna,0.9959690000000001,0.7777777777777778,1
GCF_022689905.1.fna,GCF_022690115.1.fna,0.985313,0.7777777777777778,1
GCF_022689905.1.fna,GCF_022690145.1.fna,0.985511,0.9629629629629629,1
GCF_022689905.1.fna,GCF_022690165.1.fna,0.985162,0.9259259259259259,1
GCF_022689905.1.fna,GCF_022690185.1.fna,0.9698690000000001,0.8148148148148148,1
GCF_022689905.1.fna,GCF_022690205.1.fna,0.974259,0.8148148148148148,1
GCF_022689905.1.fna,GCF_022690225.1.fna,0.9765609999999999,0.7777777777777778,1
GCF_022689905.1.fna,GCF_022690245.1.fna,0.995935,0.8148148148148148,1
GCF_022689905.1.fna,GCF_022690265.1.fna,0.9928480000000001,0.8148148148148148,1
GCF_022689905.1.fna,GCF_022690275.1.fna,0.994498,0.8148148148148148,1
GCF_022689905.1.fna,GCF_022690295.1.fna,0.960443,0.9259259259259259,1
GCF_022689905.1.fna,GCF_022690325.1.fna,0.9767220000000001,0.7777777777777778,1
GCF_022689905.1.fna,GCF_022690345.1.fna,0.992098,0.8518518518518519,1
GCF_022689905.1.fna,GCF_022690375.1.fna,0.972749,0.8518518518518519,1
GCF_022689905.1.fna,GCF_022690385.1.fna,0.9942829999999999,0.8518518518518519,1
GCF_022689905.1.fna,GCF_022690425.1.fna,0.989575,0.8518518518518519,1
GCF_022689905.1.fna,GCF_025143205.1.fna,0.9960439999999999,0.7777777777777778,1
GCF_022689905.1.fna,GCF_025143445.1.fna,0.966469,0.8148148148148148,1
GCF_022689905.1.fna,GCF_025143615.1.fna,0.9759439999999999,0.8148148148148148,1
GCF_022689905.1.fna,GCF_029926865.1.fna,0.991862,0.8518518518518519,1
GCF_022689905.1.fna,GCF_029926905.1.fna,0.991862,0.8518518518518519,1
GCF_022689905.1.fna,GCF_029926915.1.fna,0.991862,0.8518518518518519,1
GCF_022689905.1.fna,GCF_031631055.1.fna,0.970377,0.8148148148148148,1
GCF_022689905.1.fna,GCF_031727055.1.fna,0.965456,0.9259259259259259,1
GCF_022689905.1.fna,GCF_031727075.1.fna,0.994315,0.8518518518518519,1
GCF_022689905.1.fna,GCF_031727235.1.fna,0.974495,0.8518518518518519,1
GCF_022689905.1.fna,GCF_031727255.1.fna,0.960886,0.8888888888888888,1
GCF_022689905.1.fna,GCF_031727275.1.fna,0.976922,0.7407407407407407,1
GCF_022689905.1.fna,GCF_031727355.1.fna,0.992918,0.8148148148148148,1
GCF_022689905.1.fna,GCF_031727455.1.fna,0.967846,0.7407407407407407,1
GCF_022689905.1.fna,GCF_031727535.1.fna,0.973862,0.8148148148148148,1
GCF_022689905.1.fna,GCF_031728075.1.fna,0.989575,0.8518518518518519,1
GCF_022689905.1.fna,GCF_031728095.1.fna,0.970286,0.8518518518518519,1
GCF_022689905.1.fna,GCF_031728115.1.fna,0.993943,0.8518518518518519,1
GCF_022689905.1.fna,GCF_031728155.1.fna,0.9907680000000001,0.8518518518518519,1
GCF_022689905.1.fna,GCF_031728235.1.fna,0.9902190000000001,0.8888888888888888,1
GCF_022689905.1.fna,GCF_031728275.1.fna,0.9766549999999999,0.7777777777777778,1
GCF_022689905.1.fna,GCF_031728295.1.fna,0.989086,0.9259259259259259,1
GCF_022689905.1.fna,GCF_031728315.1.fna,1.0,0.9629629629629629,1
GCF_022689905.1.fna,GCF_031728335.1.fna,0.989146,0.8888888888888888,1
GCF_022689905.1.fna,GCF_031728415.1.fna,0.974452,0.8148148148148148,1
GCF_022689905.1.fna,GCF_031728455.1.fna,0.977494,0.7777777777777778,1
GCF_022689905.1.fna,GCF_031728475.1.fna,0.9927790000000001,0.8518518518518519,1
GCF_022689905.1.fna,GCF_031728495.1.fna,0.976588,0.8148148148148148,1
GCF_022689905.1.fna,GCF_031728515.1.fna,0.972095,0.8148148148148148,1
GCF_022689905.1.fna,GCF_031728555.1.fna,0.9854980000000001,0.9629629629629629,1
GCF_022689905.1.fna,GCF_031728675.1.fna,0.976747,0.7777777777777778,1
GCF_022689905.1.fna,GCF_031728695.1.fna,0.976145,0.8148148148148148,1
GCF_022689905.1.fna,GCF_031728715.1.fna,0.9769159999999999,0.7777777777777778,1
GCF_022689905.1.fna,GCF_031728735.1.fna,0.976932,1.0,1
GCF_022689905.1.fna,GCF_031728745.1.fna,0.9879439999999999,0.8888888888888888,1
GCF_022689905.1.fna,GCF_031728795.1.fna,0.976657,0.8148148148148148,1
GCF_022689905.1.fna,GCF_031728835.1.fna,0.9923730000000001,0.8518518518518519,1
GCF_022689905.1.fna,GCF_031728895.1.fna,0.971358,0.8518518518518519,1
GCF_022689905.1.fna,GCF_031729015.1.fna,0.976349,0.7407407407407407,1
GCF_022689905.1.fna,GCF_036419895.1.fna,0.976977,0.7777777777777778,1
GCF_022689905.1.fna,GCF_036420075.1.fna,0.976442,0.8148148148148148,1
GCF_022689905.1.fna,GCF_037694985.1.fna,0.997051,0.9629629629629629,1
GCF_022689905.1.fna,GCF_037695175.1.fna,0.975808,0.7407407407407407,1
GCF_022689905.1.fna,GCF_037700135.1.fna,0.993816,0.8888888888888888,1
GCF_022689905.1.fna,GCF_037700155.1.fna,0.9937590000000001,0.8518518518518519,1
GCF_022689905.1.fna,GCF_037700295.1.fna,0.989165,0.8148148148148148,1
GCF_022689905.1.fna,GCF_037700315.1.fna,0.967936,0.8518518518518519,1
GCF_022689905.1.fna,GCF_037700375.1.fna,0.964458,0.8888888888888888,1
GCF_022689905.1.fna,GCF_037700455.1.fna,0.964699,0.8888888888888888,1
GCF_022689905.1.fna,GCF_040947025.1.fna,0.982376,0.9259259259259259,1
GCF_022689905.1.fna,GCF_040947065.1.fna,0.973887,0.8518518518518519,1
GCF_022689905.1.fna,GCF_040947125.1.fna,0.968468,0.8518518518518519,1
GCF_022689905.1.fna,GCF_040947205.1.fna,0.9888509999999999,0.8518518518518519,1
GCF_022689905.1.fna,GCF_040947225.1.fna,0.97962,0.7777777777777778,1
GCF_022689905.1.fna,GCF_040947605.1.fna,0.996111,0.7777777777777778,1
GCF_022689905.1.fna,GCF_040947645.1.fna,0.996111,0.7777777777777778,1
GCF_022689905.1.fna,GCF_047653515.1.fna,0.9940359999999999,0.8148148148148148,1
GCF_022689905.1.fna,GCF_047653525.1.fna,0.9871949999999999,0.9259259259259259,1
GCF_022689905.1.fna,GCF_052950835.1.fna,0.973161,0.7407407407407407,1
GCF_022689905.1.fna,GCF_900458635.1.fna,0.9679559999999999,0.8518518518518519,1
GCF_022689905.1.fna,GCF_964211265.1.fna,0.9678249999999999,0.8518518518518519,1
GCF_022689925.1.fna,GCF_000269685.1.fna,0.961451,1.0,1
GCF_022689925.1.fna,GCF_002901845.1.fna,0.9545560000000001,0.9130434782608695,1
GCF_022689925.1.fna,GCF_013267575.1.fna,0.973904,0.8695652173913043,1
GCF_022689925.1.fna,GCF_015274535.1.fna,0.967916,0.8695652173913043,1
GCF_022689925.1.fna,GCF_015274585.1.fna,0.967916,0.8695652173913043,1
GCF_022689925.1.fna,GCF_015274655.1.fna,0.967916,0.8695652173913043,1
GCF_022689925.1.fna,GCF_015274675.1.fna,0.96406,0.9565217391304348,1
GCF_022689925.1.fna,GCF_017315625.1.fna,0.969301,0.9130434782608695,1
GCF_022689925.1.fna,GCF_017315645.1.fna,0.969803,0.9130434782608695,1
GCF_022689925.1.fna,GCF_022689565.1.fna,0.964962,0.9130434782608695,1
GCF_022689925.1.fna,GCF_022689575.1.fna,0.9715640000000001,0.9130434782608695,1
GCF_022689925.1.fna,GCF_022689615.1.fna,0.968271,0.9130434782608695,1
GCF_022689925.1.fna,GCF_022689645.1.fna,0.9668439999999999,0.9130434782608695,1
GCF_022689925.1.fna,GCF_022689665.1.fna,0.971386,0.9130434782608695,1
GCF_022689925.1.fna,GCF_022689675.1.fna,0.968271,0.9130434782608695,1
GCF_022689925.1.fna,GCF_022689705.1.fna,0.974653,0.8695652173913043,1
GCF_022689925.1.fna,GCF_022689725.1.fna,0.971658,0.9130434782608695,1
GCF_022689925.1.fna,GCF_022689745.1.fna,0.968477,0.9130434782608695,1
GCF_022689925.1.fna,GCF_022689765.1.fna,0.969152,0.9130434782608695,1
GCF_022689925.1.fna,GCF_022689775.1.fna,0.969275,0.8695652173913043,1
GCF_022689925.1.fna,GCF_022689785.1.fna,0.9749639999999999,0.8695652173913043,1
GCF_022689925.1.fna,GCF_022689825.1.fna,0.969152,0.9130434782608695,1
GCF_022689925.1.fna,GCF_022689845.1.fna,0.9683360000000001,0.9130434782608695,1
GCF_022689925.1.fna,GCF_022689855.1.fna,0.973388,0.9130434782608695,1
GCF_022689925.1.fna,GCF_022689905.1.fna,0.9677020000000001,0.9565217391304348,1
GCF_022689925.1.fna,GCF_022689925.1.fna,1.0,1.0,1
GCF_022689925.1.fna,GCF_022689945.1.fna,0.963345,0.8695652173913043,1
GCF_022689925.1.fna,GCF_022689965.1.fna,0.9693649999999999,0.9565217391304348,1
GCF_022689925.1.fna,GCF_022689975.1.fna,0.969105,0.9130434782608695,1
GCF_022689925.1.fna,GCF_022690005.1.fna,0.971776,0.8695652173913043,1
GCF_022689925.1.fna,GCF_022690025.1.fna,0.971547,0.9130434782608695,1
GCF_022689925.1.fna,GCF_022690045.1.fna,0.971776,0.8695652173913043,1
GCF_022689925.1.fna,GCF_022690065.1.fna,0.967817,0.9130434782608695,1
GCF_022689925.1.fna,GCF_022690085.1.fna,0.99905,0.9130434782608695,1
GCF_022689925.1.fna,GCF_022690105.1.fna,0.9683790000000001,0.8695652173913043,1
GCF_022689925.1.fna,GCF_022690115.1.fna,0.967898,0.8695652173913043,1
GCF_022689925.1.fna,GCF_022690145.1.fna,0.967817,0.9130434782608695,1
GCF_022689925.1.fna,GCF_022690165.1.fna,0.967888,0.9130434782608695,1
GCF_022689925.1.fna,GCF_022690185.1.fna,0.963863,0.9130434782608695,1
GCF_022689925.1.fna,GCF_022690205.1.fna,0.9655800000000001,0.9130434782608695,1
GCF_022689925.1.fna,GCF_022690225.1.fna,0.973554,0.8695652173913043,1
GCF_022689925.1.fna,GCF_022690245.1.fna,0.9679829999999999,0.8695652173913043,1
GCF_022689925.1.fna,GCF_022690265.1.fna,0.967804,0.9130434782608695,1
GCF_022689925.1.fna,GCF_022690275.1.fna,0.968959,0.9130434782608695,1
GCF_022689925.1.fna,GCF_022690295.1.fna,0.952345,0.9565217391304348,1
GCF_022689925.1.fna,GCF_022690325.1.fna,0.973341,0.8695652173913043,1
GCF_022689925.1.fna,GCF_022690345.1.fna,0.968696,0.9130434782608695,1
GCF_022689925.1.fna,GCF_022690375.1.fna,0.966362,0.9130434782608695,1
GCF_022689925.1.fna,GCF_022690385.1.fna,0.967966,0.9565217391304348,1
GCF_022689925.1.fna,GCF_022690425.1.fna,0.9694320000000001,0.9130434782608695,1
GCF_022689925.1.fna,GCF_025143205.1.fna,0.9686969999999999,0.8695652173913043,1
GCF_022689925.1.fna,GCF_025143445.1.fna,0.966553,0.9130434782608695,1
GCF_022689925.1.fna,GCF_025143615.1.fna,0.975077,0.8695652173913043,1
GCF_022689925.1.fna,GCF_029926865.1.fna,0.970693,0.9130434782608695,1
GCF_022689925.1.fna,GCF_029926905.1.fna,0.970693,0.9130434782608695,1
GCF_022689925.1.fna,GCF_029926915.1.fna,0.970693,0.9130434782608695,1
GCF_022689925.1.fna,GCF_031631055.1.fna,0.963368,0.8695652173913043,1
GCF_022689925.1.fna,GCF_031727055.1.fna,0.966669,0.9565217391304348,1
GCF_022689925.1.fna,GCF_031727075.1.fna,0.968271,0.9130434782608695,1
GCF_022689925.1.fna,GCF_031727235.1.fna,0.97351,0.9130434782608695,1
GCF_022689925.1.fna,GCF_031727255.1.fna,0.952345,0.9565217391304348,1
GCF_022689925.1.fna,GCF_031727275.1.fna,0.972495,0.8695652173913043,1
GCF_022689925.1.fna,GCF_031727355.1.fna,0.9686159999999999,0.9130434782608695,1
GCF_022689925.1.fna,GCF_031727455.1.fna,0.995568,0.9130434782608695,1
GCF_022689925.1.fna,GCF_031727535.1.fna,0.972018,0.9130434782608695,1
GCF_022689925.1.fna,GCF_031728075.1.fna,0.9694320000000001,0.9130434782608695,1
GCF_022689925.1.fna,GCF_031728095.1.fna,0.9747539999999999,0.8695652173913043,1
GCF_022689925.1.fna,GCF_031728115.1.fna,0.969456,0.9130434782608695,1
GCF_022689925.1.fna,GCF_031728155.1.fna,0.970445,0.9130434782608695,1
GCF_022689925.1.fna,GCF_031728235.1.fna,0.961236,0.9130434782608695,1
GCF_022689925.1.fna,GCF_031728275.1.fna,0.974148,0.8695652173913043,1
GCF_022689925.1.fna,GCF_031728295.1.fna,0.96991,0.9130434782608695,1
GCF_022689925.1.fna,GCF_031728315.1.fna,0.9677479999999999,0.9565217391304348,1
GCF_022689925.1.fna,GCF_031728335.1.fna,0.9684510000000001,0.8695652173913043,1
GCF_022689925.1.fna,GCF_031728415.1.fna,0.9724250000000001,0.9130434782608695,1
GCF_022689925.1.fna,GCF_031728455.1.fna,0.972474,0.8695652173913043,1
GCF_022689925.1.fna,GCF_031728475.1.fna,0.9706279999999999,0.9130434782608695,1
GCF_022689925.1.fna,GCF_031728495.1.fna,0.972564,0.8695652173913043,1
GCF_022689925.1.fna,GCF_031728515.1.fna,0.963556,0.9130434782608695,1
GCF_022689925.1.fna,GCF_031728555.1.fna,0.967888,0.9130434782608695,1
GCF_022689925.1.fna,GCF_031728675.1.fna,0.974117,0.8695652173913043,1
GCF_022689925.1.fna,GCF_031728695.1.fna,0.97456,0.8695652173913043,1
GCF_022689925.1.fna,GCF_031728715.1.fna,0.974954,0.8695652173913043,1
GCF_022689925.1.fna,GCF_031728735.1.fna,0.9678319999999999,0.9565217391304348,1
GCF_022689925.1.fna,GCF_031728745.1.fna,0.968391,0.8695652173913043,1
GCF_022689925.1.fna,GCF_031728795.1.fna,0.974848,0.8695652173913043,1
GCF_022689925.1.fna,GCF_031728835.1.fna,0.967799,0.9130434782608695,1
GCF_022689925.1.fna,GCF_031728895.1.fna,0.9734470000000001,0.8695652173913043,1
GCF_022689925.1.fna,GCF_031729015.1.fna,0.9749519999999999,0.8695652173913043,1
GCF_022689925.1.fna,GCF_036419895.1.fna,0.97505,0.8695652173913043,1
GCF_022689925.1.fna,GCF_036420075.1.fna,0.9633459999999999,0.8695652173913043,1
GCF_022689925.1.fna,GCF_037694985.1.fna,0.967307,0.9565217391304348,1
GCF_022689925.1.fna,GCF_037695175.1.fna,0.96565,0.8695652173913043,1
GCF_022689925.1.fna,GCF_037700135.1.fna,0.968275,0.9565217391304348,1
GCF_022689925.1.fna,GCF_037700155.1.fna,0.9698730000000001,0.9130434782608695,1
GCF_022689925.1.fna,GCF_037700295.1.fna,0.9697629999999999,0.8695652173913043,1
GCF_022689925.1.fna,GCF_037700315.1.fna,0.974406,0.8695652173913043,1
GCF_022689925.1.fna,GCF_037700375.1.fna,0.964604,0.9130434782608695,1
GCF_022689925.1.fna,GCF_037700455.1.fna,0.965126,0.9130434782608695,1
GCF_022689925.1.fna,GCF_040947025.1.fna,0.9695529999999999,0.9130434782608695,1
GCF_022689925.1.fna,GCF_040947065.1.fna,0.971595,0.8695652173913043,1
GCF_022689925.1.fna,GCF_040947125.1.fna,0.95717,0.9130434782608695,1
GCF_022689925.1.fna,GCF_040947205.1.fna,0.9692529999999999,0.9130434782608695,1
GCF_022689925.1.fna,GCF_040947225.1.fna,0.972024,0.8695652173913043,1
GCF_022689925.1.fna,GCF_040947605.1.fna,0.9685769999999999,0.8695652173913043,1
GCF_022689925.1.fna,GCF_040947645.1.fna,0.9685769999999999,0.8695652173913043,1
GCF_022689925.1.fna,GCF_047653515.1.fna,0.969236,0.8695652173913043,1
GCF_022689925.1.fna,GCF_047653525.1.fna,0.9693219999999999,0.9130434782608695,1
GCF_022689925.1.fna,GCF_052950835.1.fna,0.972892,0.8695652173913043,1
GCF_022689925.1.fna,GCF_900458635.1.fna,0.962641,0.9130434782608695,1
GCF_022689925.1.fna,GCF_964211265.1.fna,0.973075,0.8695652173913043,1
GCF_022689945.1.fna,GCF_000269685.1.fna,0.9801340000000001,0.7419354838709677,1
GCF_022689945.1.fna,GCF_002901845.1.fna,0.967979,0.6129032258064516,1
GCF_022689945.1.fna,GCF_013267575.1.fna,0.968167,0.6451612903225806,1
GCF_022689945.1.fna,GCF_015274535.1.fna,0.985002,0.6774193548387096,1
GCF_022689945.1.fna,GCF_015274585.1.fna,0.990343,0.6129032258064516,1
GCF_022689945.1.fna,GCF_015274655.1.fna,0.987607,0.6451612903225806,1
GCF_022689945.1.fna,GCF_015274675.1.fna,0.9890439999999999,0.7096774193548387,1
GCF_022689945.1.fna,GCF_017315625.1.fna,0.984211,0.7096774193548387,1
GCF_022689945.1.fna,GCF_017315645.1.fna,0.978231,0.7419354838709677,1
GCF_022689945.1.fna,GCF_022689565.1.fna,0.9846739999999999,0.6774193548387096,1
GCF_022689945.1.fna,GCF_022689575.1.fna,0.967796,0.6129032258064516,1
GCF_022689945.1.fna,GCF_022689615.1.fna,0.990233,0.6774193548387096,1
GCF_022689945.1.fna,GCF_022689645.1.fna,0.968112,0.6129032258064516,1
GCF_022689945.1.fna,GCF_022689665.1.fna,0.967796,0.6129032258064516,1
GCF_022689945.1.fna,GCF_022689675.1.fna,0.9890349999999999,0.6774193548387096,1
GCF_022689945.1.fna,GCF_022689705.1.fna,0.968112,0.6129032258064516,1
GCF_022689945.1.fna,GCF_022689725.1.fna,0.967796,0.6129032258064516,1
GCF_022689945.1.fna,GCF_022689745.1.fna,0.989008,0.6774193548387096,1
GCF_022689945.1.fna,GCF_022689765.1.fna,0.9928180000000001,0.6451612903225806,1
GCF_022689945.1.fna,GCF_022689775.1.fna,0.9600799999999999,0.6774193548387096,1
GCF_022689945.1.fna,GCF_022689785.1.fna,0.966353,0.6129032258064516,1
GCF_022689945.1.fna,GCF_022689825.1.fna,0.988268,0.6774193548387096,1
GCF_022689945.1.fna,GCF_022689845.1.fna,0.981412,0.7096774193548387,1
GCF_022689945.1.fna,GCF_022689855.1.fna,0.965594,0.6774193548387096,1
GCF_022689945.1.fna,GCF_022689905.1.fna,0.980141,0.7096774193548387,1
GCF_022689945.1.fna,GCF_022689925.1.fna,0.966662,0.6451612903225806,1
GCF_022689945.1.fna,GCF_022689945.1.fna,1.0,1.0,1
GCF_022689945.1.fna,GCF_022689965.1.fna,0.984704,0.7419354838709677,1
GCF_022689945.1.fna,GCF_022689975.1.fna,0.992078,0.6451612903225806,1
GCF_022689945.1.fna,GCF_022690005.1.fna,0.9689260000000001,0.6129032258064516,1
GCF_022689945.1.fna,GCF_022690025.1.fna,0.9647,0.6451612903225806,1
GCF_022689945.1.fna,GCF_022690045.1.fna,0.9689260000000001,0.6129032258064516,1
GCF_022689945.1.fna,GCF_022690065.1.fna,0.980568,0.6774193548387096,1
GCF_022689945.1.fna,GCF_022690085.1.fna,0.9626439999999999,0.6451612903225806,1
GCF_022689945.1.fna,GCF_022690105.1.fna,0.99197,0.6129032258064516,1
GCF_022689945.1.fna,GCF_022690115.1.fna,0.972553,0.6451612903225806,1
GCF_022689945.1.fna,GCF_022690145.1.fna,0.980006,0.6774193548387096,1
GCF_022689945.1.fna,GCF_022690165.1.fna,0.9818380000000001,0.6451612903225806,1
GCF_022689945.1.fna,GCF_022690185.1.fna,0.9664360000000001,0.6129032258064516,1
GCF_022689945.1.fna,GCF_022690205.1.fna,0.963781,0.6451612903225806,1
GCF_022689945.1.fna,GCF_022690225.1.fna,0.9676309999999999,0.6451612903225806,1
GCF_022689945.1.fna,GCF_022690245.1.fna,0.988484,0.6451612903225806,1
GCF_022689945.1.fna,GCF_022690265.1.fna,0.990797,0.6129032258064516,1
GCF_022689945.1.fna,GCF_022690275.1.fna,0.991572,0.6451612903225806,1
GCF_022689945.1.fna,GCF_022690295.1.fna,0.998889,0.7096774193548387,1
GCF_022689945.1.fna,GCF_022690325.1.fna,0.967754,0.6129032258064516,1
GCF_022689945.1.fna,GCF_022690345.1.fna,0.9819599999999999,0.7096774193548387,1
GCF_022689945.1.fna,GCF_022690375.1.fna,0.966198,0.6129032258064516,1
GCF_022689945.1.fna,GCF_022690385.1.fna,0.9917659999999999,0.6774193548387096,1
GCF_022689945.1.fna,GCF_022690425.1.fna,0.982411,0.6774193548387096,1
GCF_022689945.1.fna,GCF_025143205.1.fna,0.990673,0.6129032258064516,1
GCF_022689945.1.fna,GCF_025143445.1.fna,0.9697709999999999,0.6451612903225806,1
GCF_022689945.1.fna,GCF_025143615.1.fna,0.965535,0.6774193548387096,1
GCF_022689945.1.fna,GCF_029926865.1.fna,0.981656,0.7419354838709677,1
GCF_022689945.1.fna,GCF_029926905.1.fna,0.9816469999999999,0.7419354838709677,1
GCF_022689945.1.fna,GCF_029926915.1.fna,0.9816469999999999,0.7419354838709677,1
GCF_022689945.1.fna,GCF_031631055.1.fna,0.964097,0.6451612903225806,1
GCF_022689945.1.fna,GCF_031727055.1.fna,0.9643309999999999,0.6451612903225806,1
GCF_022689945.1.fna,GCF_031727075.1.fna,0.9897079999999999,0.6774193548387096,1
GCF_022689945.1.fna,GCF_031727235.1.fna,0.965594,0.6774193548387096,1
GCF_022689945.1.fna,GCF_031727255.1.fna,0.9989919999999999,0.6774193548387096,1
GCF_022689945.1.fna,GCF_031727275.1.fna,0.968119,0.6129032258064516,1
GCF_022689945.1.fna,GCF_031727355.1.fna,0.9834579999999999,0.7096774193548387,1
GCF_022689945.1.fna,GCF_031727455.1.fna,0.961293,0.6129032258064516,1
GCF_022689945.1.fna,GCF_031727535.1.fna,0.968031,0.6129032258064516,1
GCF_022689945.1.fna,GCF_031728075.1.fna,0.9841209999999999,0.6451612903225806,1
GCF_022689945.1.fna,GCF_031728095.1.fna,0.96155,0.6774193548387096,1
GCF_022689945.1.fna,GCF_031728115.1.fna,0.988522,0.6774193548387096,1
GCF_022689945.1.fna,GCF_031728155.1.fna,0.985371,0.6774193548387096,1
GCF_022689945.1.fna,GCF_031728235.1.fna,0.985555,0.6774193548387096,1
GCF_022689945.1.fna,GCF_031728275.1.fna,0.96825,0.6129032258064516,1
GCF_022689945.1.fna,GCF_031728295.1.fna,0.977838,0.7419354838709677,1
GCF_022689945.1.fna,GCF_031728315.1.fna,0.9821840000000001,0.6774193548387096,1
GCF_022689945.1.fna,GCF_031728335.1.fna,0.978406,0.6774193548387096,1
GCF_022689945.1.fna,GCF_031728415.1.fna,0.9682219999999999,0.6129032258064516,1
GCF_022689945.1.fna,GCF_031728455.1.fna,0.9681829999999999,0.6129032258064516,1
GCF_022689945.1.fna,GCF_031728475.1.fna,0.988311,0.6774193548387096,1
GCF_022689945.1.fna,GCF_031728495.1.fna,0.965717,0.6451612903225806,1
GCF_022689945.1.fna,GCF_031728515.1.fna,0.996875,0.8064516129032258,1
GCF_022689945.1.fna,GCF_031728555.1.fna,0.980051,0.6774193548387096,1
GCF_022689945.1.fna,GCF_031728675.1.fna,0.966472,0.6129032258064516,1
GCF_022689945.1.fna,GCF_031728695.1.fna,0.9640730000000001,0.6451612903225806,1
GCF_022689945.1.fna,GCF_031728715.1.fna,0.96623,0.6129032258064516,1
GCF_022689945.1.fna,GCF_031728735.1.fna,0.989165,0.6774193548387096,1
GCF_022689945.1.fna,GCF_031728745.1.fna,0.982051,0.7096774193548387,1
GCF_022689945.1.fna,GCF_031728795.1.fna,0.9664480000000001,0.6451612903225806,1
GCF_022689945.1.fna,GCF_031728835.1.fna,0.989033,0.6451612903225806,1
GCF_022689945.1.fna,GCF_031728895.1.fna,0.964928,0.6451612903225806,1
GCF_022689945.1.fna,GCF_031729015.1.fna,0.9663249999999999,0.6129032258064516,1
GCF_022689945.1.fna,GCF_036419895.1.fna,0.966303,0.6129032258064516,1
GCF_022689945.1.fna,GCF_036420075.1.fna,0.999694,1.0,1
GCF_022689945.1.fna,GCF_037694985.1.fna,0.982607,0.6774193548387096,1
GCF_022689945.1.fna,GCF_037695175.1.fna,0.9680719999999999,0.6129032258064516,1
GCF_022689945.1.fna,GCF_037700135.1.fna,0.990201,0.6774193548387096,1
GCF_022689945.1.fna,GCF_037700155.1.fna,0.982996,0.7096774193548387,1
GCF_022689945.1.fna,GCF_037700295.1.fna,0.99086,0.6451612903225806,1
GCF_022689945.1.fna,GCF_037700315.1.fna,0.9636020000000001,0.6451612903225806,1
GCF_022689945.1.fna,GCF_037700375.1.fna,0.9683700000000001,0.6129032258064516,1
GCF_022689945.1.fna,GCF_037700455.1.fna,0.9683700000000001,0.6129032258064516,1
GCF_022689945.1.fna,GCF_040947025.1.fna,0.986111,0.6774193548387096,1
GCF_022689945.1.fna,GCF_040947065.1.fna,0.9747549999999999,0.6129032258064516,1
GCF_022689945.1.fna,GCF_040947125.1.fna,0.954299,0.6774193548387096,1
GCF_022689945.1.fna,GCF_040947205.1.fna,0.9910209999999999,0.6774193548387096,1
GCF_022689945.1.fna,GCF_040947225.1.fna,0.970348,0.6129032258064516,1
GCF_022689945.1.fna,GCF_040947605.1.fna,0.991373,0.6129032258064516,1
GCF_022689945.1.fna,GCF_040947645.1.fna,0.991374,0.6129032258064516,1
GCF_022689945.1.fna,GCF_047653515.1.fna,0.9884149999999999,0.6774193548387096,1
GCF_022689945.1.fna,GCF_047653525.1.fna,0.984413,0.7741935483870968,1
GCF_022689945.1.fna,GCF_052950835.1.fna,0.974177,0.6129032258064516,1
GCF_022689945.1.fna,GCF_900458635.1.fna,0.967978,0.6129032258064516,1
GCF_022689945.1.fna,GCF_964211265.1.fna,0.9654,0.6774193548387096,1
GCF_022689965.1.fna,GCF_000269685.1.fna,0.984332,0.8666666666666667,1
GCF_022689965.1.fna,GCF_002901845.1.fna,0.968916,0.7666666666666667,1
GCF_022689965.1.fna,GCF_013267575.1.fna,0.976307,0.6666666666666666,1
GCF_022689965.1.fna,GCF_015274535.1.fna,0.9916429999999999,0.7,1
GCF_022689965.1.fna,GCF_015274585.1.fna,0.9929330000000001,0.6666666666666666,1
GCF_022689965.1.fna,GCF_015274655.1.fna,0.991892,0.7,1
GCF_022689965.1.fna,GCF_015274675.1.fna,0.9839220000000001,0.9,1
GCF_022689965.1.fna,GCF_017315625.1.fna,0.990906,0.7666666666666667,1
GCF_022689965.1.fna,GCF_017315645.1.fna,0.991703,0.8333333333333334,1
GCF_022689965.1.fna,GCF_022689565.1.fna,0.996296,0.7333333333333333,1
GCF_022689965.1.fna,GCF_022689575.1.fna,0.974569,0.7333333333333333,1
GCF_022689965.1.fna,GCF_022689615.1.fna,0.99233,0.7666666666666667,1
GCF_022689965.1.fna,GCF_022689645.1.fna,0.9757170000000001,0.7,1
GCF_022689965.1.fna,GCF_022689665.1.fna,0.9742350000000001,0.7333333333333333,1
GCF_022689965.1.fna,GCF_022689675.1.fna,0.992786,0.7666666666666667,1
GCF_022689965.1.fna,GCF_022689705.1.fna,0.977773,0.7,1
GCF_022689965.1.fna,GCF_022689725.1.fna,0.974933,0.7333333333333333,1
GCF_022689965.1.fna,GCF_022689745.1.fna,0.992302,0.8,1
GCF_022689965.1.fna,GCF_022689765.1.fna,0.993501,0.7666666666666667,1
GCF_022689965.1.fna,GCF_022689775.1.fna,0.974033,0.7,1
GCF_022689965.1.fna,GCF_022689785.1.fna,0.9768600000000001,0.7,1
GCF_022689965.1.fna,GCF_022689825.1.fna,0.993273,0.7666666666666667,1
GCF_022689965.1.fna,GCF_022689845.1.fna,0.9834529999999999,0.8666666666666667,1
GCF_022689965.1.fna,GCF_022689855.1.fna,0.972767,0.8,1
GCF_022689965.1.fna,GCF_022689905.1.fna,0.981452,0.9,1
GCF_022689965.1.fna,GCF_022689925.1.fna,0.9675509999999999,0.7333333333333333,1
GCF_022689965.1.fna,GCF_022689945.1.fna,0.986596,0.7333333333333333,1
GCF_022689965.1.fna,GCF_022689965.1.fna,1.0,1.0,1
GCF_022689965.1.fna,GCF_022689975.1.fna,0.9930880000000001,0.7333333333333333,1
GCF_022689965.1.fna,GCF_022690005.1.fna,0.9779049999999999,0.7,1
GCF_022689965.1.fna,GCF_022690025.1.fna,0.972336,0.7666666666666667,1
GCF_022689965.1.fna,GCF_022690045.1.fna,0.9779049999999999,0.7,1
GCF_022689965.1.fna,GCF_022690065.1.fna,0.980442,0.8666666666666667,1
GCF_022689965.1.fna,GCF_022690085.1.fna,0.9694780000000001,0.7333333333333333,1
GCF_022689965.1.fna,GCF_022690105.1.fna,0.9930589999999999,0.7,1
GCF_022689965.1.fna,GCF_022690115.1.fna,0.985514,0.7,1
GCF_022689965.1.fna,GCF_022690145.1.fna,0.9805329999999999,0.8666666666666667,1
GCF_022689965.1.fna,GCF_022690165.1.fna,0.9805800000000001,0.8333333333333334,1
GCF_022689965.1.fna,GCF_022690185.1.fna,0.969846,0.7333333333333333,1
GCF_022689965.1.fna,GCF_022690205.1.fna,0.97211,0.7333333333333333,1
GCF_022689965.1.fna,GCF_022690225.1.fna,0.976952,0.7,1
GCF_022689965.1.fna,GCF_022690245.1.fna,0.992663,0.7333333333333333,1
GCF_022689965.1.fna,GCF_022690265.1.fna,0.990707,0.7333333333333333,1
GCF_022689965.1.fna,GCF_022690275.1.fna,0.99334,0.7,1
GCF_022689965.1.fna,GCF_022690295.1.fna,0.964882,0.8333333333333334,1
GCF_022689965.1.fna,GCF_022690325.1.fna,0.97811,0.7,1
GCF_022689965.1.fna,GCF_022690345.1.fna,0.993331,0.7666666666666667,1
GCF_022689965.1.fna,GCF_022690375.1.fna,0.967808,0.7666666666666667,1
GCF_022689965.1.fna,GCF_022690385.1.fna,0.991553,0.7666666666666667,1
GCF_022689965.1.fna,GCF_022690425.1.fna,0.990399,0.8,1
GCF_022689965.1.fna,GCF_025143205.1.fna,0.993687,0.7,1
GCF_022689965.1.fna,GCF_025143445.1.fna,0.960852,0.7666666666666667,1
GCF_022689965.1.fna,GCF_025143615.1.fna,0.9746670000000001,0.7333333333333333,1
GCF_022689965.1.fna,GCF_029926865.1.fna,0.991802,0.8,1
GCF_022689965.1.fna,GCF_029926905.1.fna,0.991806,0.7666666666666667,1
GCF_022689965.1.fna,GCF_029926915.1.fna,0.991806,0.7666666666666667,1
GCF_022689965.1.fna,GCF_031631055.1.fna,0.970233,0.7666666666666667,1
GCF_022689965.1.fna,GCF_031727055.1.fna,0.9662959999999999,0.8333333333333334,1
GCF_022689965.1.fna,GCF_031727075.1.fna,0.993159,0.7666666666666667,1
GCF_022689965.1.fna,GCF_031727235.1.fna,0.973176,0.8,1
GCF_022689965.1.fna,GCF_031727255.1.fna,0.966456,0.8,1
GCF_022689965.1.fna,GCF_031727275.1.fna,0.977359,0.6666666666666666,1
GCF_022689965.1.fna,GCF_031727355.1.fna,0.996139,0.7666666666666667,1
GCF_022689965.1.fna,GCF_031727455.1.fna,0.959056,0.7,1
GCF_022689965.1.fna,GCF_031727535.1.fna,0.975408,0.7333333333333333,1
GCF_022689965.1.fna,GCF_031728075.1.fna,0.990708,0.7666666666666667,1
GCF_022689965.1.fna,GCF_031728095.1.fna,0.96573,0.7333333333333333,1
GCF_022689965.1.fna,GCF_031728115.1.fna,0.991337,0.7666666666666667,1
GCF_022689965.1.fna,GCF_031728155.1.fna,0.995389,0.7666666666666667,1
GCF_022689965.1.fna,GCF_031728235.1.fna,0.986533,0.8333333333333334,1
GCF_022689965.1.fna,GCF_031728275.1.fna,0.978089,0.7,1
GCF_022689965.1.fna,GCF_031728295.1.fna,0.991006,0.8333333333333334,1
GCF_022689965.1.fna,GCF_031728315.1.fna,0.9822679999999999,0.8666666666666667,1
GCF_022689965.1.fna,GCF_031728335.1.fna,0.98429,0.8,1
GCF_022689965.1.fna,GCF_031728415.1.fna,0.968789,0.7666666666666667,1
GCF_022689965.1.fna,GCF_031728455.1.fna,0.978132,0.7,1
GCF_022689965.1.fna,GCF_031728475.1.fna,0.9928910000000001,0.8,1
GCF_022689965.1.fna,GCF_031728495.1.fna,0.9756189999999999,0.7333333333333333,1
GCF_022689965.1.fna,GCF_031728515.1.fna,0.9713630000000001,0.7333333333333333,1
GCF_022689965.1.fna,GCF_031728555.1.fna,0.980767,0.8666666666666667,1
GCF_022689965.1.fna,GCF_031728675.1.fna,0.97678,0.7,1
GCF_022689965.1.fna,GCF_031728695.1.fna,0.975865,0.7333333333333333,1
GCF_022689965.1.fna,GCF_031728715.1.fna,0.977561,0.7,1
GCF_022689965.1.fna,GCF_031728735.1.fna,0.976811,0.8666666666666667,1
GCF_022689965.1.fna,GCF_031728745.1.fna,0.9870829999999999,0.8,1
GCF_022689965.1.fna,GCF_031728795.1.fna,0.976433,0.7333333333333333,1
GCF_022689965.1.fna,GCF_031728835.1.fna,0.991371,0.7666666666666667,1
GCF_022689965.1.fna,GCF_031728895.1.fna,0.971781,0.7666666666666667,1
GCF_022689965.1.fna,GCF_031729015.1.fna,0.976943,0.6666666666666666,1
GCF_022689965.1.fna,GCF_036419895.1.fna,0.977552,0.7,1
GCF_022689965.1.fna,GCF_036420075.1.fna,0.986596,0.7333333333333333,1
GCF_022689965.1.fna,GCF_037694985.1.fna,0.981896,0.8666666666666667,1
GCF_022689965.1.fna,GCF_037695175.1.fna,0.9773820000000001,0.6666666666666666,1
GCF_022689965.1.fna,GCF_037700135.1.fna,0.9911650000000001,0.8,1
GCF_022689965.1.fna,GCF_037700155.1.fna,0.993392,0.8,1
GCF_022689965.1.fna,GCF_037700295.1.fna,0.994127,0.7333333333333333,1
GCF_022689965.1.fna,GCF_037700315.1.fna,0.972595,0.7333333333333333,1
GCF_022689965.1.fna,GCF_037700375.1.fna,0.9683379999999999,0.8,1
GCF_022689965.1.fna,GCF_037700455.1.fna,0.969127,0.8,1
GCF_022689965.1.fna,GCF_040947025.1.fna,0.986053,0.8666666666666667,1
GCF_022689965.1.fna,GCF_040947065.1.fna,0.973934,0.7666666666666667,1
GCF_022689965.1.fna,GCF_040947125.1.fna,0.967298,0.7666666666666667,1
GCF_022689965.1.fna,GCF_040947205.1.fna,0.987419,0.7666666666666667,1
GCF_022689965.1.fna,GCF_040947225.1.fna,0.9804170000000001,0.7,1
GCF_022689965.1.fna,GCF_040947605.1.fna,0.9934449999999999,0.6666666666666666,1
GCF_022689965.1.fna,GCF_040947645.1.fna,0.9934449999999999,0.6666666666666666,1
GCF_022689965.1.fna,GCF_047653515.1.fna,0.992363,0.7666666666666667,1
GCF_022689965.1.fna,GCF_047653525.1.fna,0.99053,0.8333333333333334,1
GCF_022689965.1.fna,GCF_052950835.1.fna,0.9779829999999999,0.6666666666666666,1
GCF_022689965.1.fna,GCF_900458635.1.fna,0.968916,0.7666666666666667,1
GCF_022689965.1.fna,GCF_964211265.1.fna,0.977432,0.7333333333333333,1
GCF_022689975.1.fna,GCF_000269685.1.fna,0.9852219999999999,0.9565217391304348,1
GCF_022689975.1.fna,GCF_002901845.1.fna,0.975358,0.8695652173913043,1
GCF_022689975.1.fna,GCF_013267575.1.fna,0.976283,0.9130434782608695,1
GCF_022689975.1.fna,GCF_015274535.1.fna,0.995487,0.9130434782608695,1
GCF_022689975.1.fna,GCF_015274585.1.fna,0.995487,0.9130434782608695,1
GCF_022689975.1.fna,GCF_015274655.1.fna,0.995487,0.9130434782608695,1
GCF_022689975.1.fna,GCF_015274675.1.fna,0.985168,0.9565217391304348,1
GCF_022689975.1.fna,GCF_017315625.1.fna,0.9845489999999999,1.0,1
GCF_022689975.1.fna,GCF_017315645.1.fna,0.99339,0.9565217391304348,1
GCF_022689975.1.fna,GCF_022689565.1.fna,0.9936029999999999,0.9130434782608695,1
GCF_022689975.1.fna,GCF_022689575.1.fna,0.969385,0.9565217391304348,1
GCF_022689975.1.fna,GCF_022689615.1.fna,0.995959,0.9130434782608695,1
GCF_022689975.1.fna,GCF_022689645.1.fna,0.975622,0.8695652173913043,1
GCF_022689975.1.fna,GCF_022689665.1.fna,0.969222,0.9565217391304348,1
GCF_022689975.1.fna,GCF_022689675.1.fna,0.99593,0.9565217391304348,1
GCF_022689975.1.fna,GCF_022689705.1.fna,0.976049,0.9130434782608695,1
GCF_022689975.1.fna,GCF_022689725.1.fna,0.969385,0.9565217391304348,1
GCF_022689975.1.fna,GCF_022689745.1.fna,0.9958069999999999,0.9565217391304348,1
GCF_022689975.1.fna,GCF_022689765.1.fna,1.0,1.0,1
GCF_022689975.1.fna,GCF_022689775.1.fna,0.975518,0.8695652173913043,1
GCF_022689975.1.fna,GCF_022689785.1.fna,0.976079,0.9130434782608695,1
GCF_022689975.1.fna,GCF_022689825.1.fna,1.0,1.0,1
GCF_022689975.1.fna,GCF_022689845.1.fna,0.9983799999999999,0.9130434782608695,1
GCF_022689975.1.fna,GCF_022689855.1.fna,0.975212,0.9130434782608695,1
GCF_022689975.1.fna,GCF_022689905.1.fna,0.9970279999999999,0.9565217391304348,1
GCF_022689975.1.fna,GCF_022689925.1.fna,0.969391,0.8695652173913043,1
GCF_022689975.1.fna,GCF_022689945.1.fna,0.9875069999999999,0.8695652173913043,1
GCF_022689975.1.fna,GCF_022689965.1.fna,0.993321,0.9565217391304348,1
GCF_022689975.1.fna,GCF_022689975.1.fna,1.0,1.0,1
GCF_022689975.1.fna,GCF_022690005.1.fna,0.977252,0.9130434782608695,1
GCF_022689975.1.fna,GCF_022690025.1.fna,0.971222,0.9565217391304348,1
GCF_022689975.1.fna,GCF_022690045.1.fna,0.977252,0.9130434782608695,1
GCF_022689975.1.fna,GCF_022690065.1.fna,0.996999,0.9130434782608695,1
GCF_022689975.1.fna,GCF_022690085.1.fna,0.969027,0.9565217391304348,1
GCF_022689975.1.fna,GCF_022690105.1.fna,0.98748,0.9565217391304348,1
GCF_022689975.1.fna,GCF_022690115.1.fna,0.982445,0.9565217391304348,1
GCF_022689975.1.fna,GCF_022690145.1.fna,0.996999,0.9130434782608695,1
GCF_022689975.1.fna,GCF_022690165.1.fna,0.997013,0.9130434782608695,1
GCF_022689975.1.fna,GCF_022690185.1.fna,0.9760030000000001,0.9130434782608695,1
GCF_022689975.1.fna,GCF_022690205.1.fna,0.9754940000000001,0.8695652173913043,1
GCF_022689975.1.fna,GCF_022690225.1.fna,0.97654,0.8695652173913043,1
GCF_022689975.1.fna,GCF_022690245.1.fna,0.9971460000000001,0.9130434782608695,1
GCF_022689975.1.fna,GCF_022690265.1.fna,0.9969790000000001,0.9130434782608695,1
GCF_022689975.1.fna,GCF_022690275.1.fna,0.987417,1.0,1
GCF_022689975.1.fna,GCF_022690295.1.fna,0.9710110000000001,0.9565217391304348,1
GCF_022689975.1.fna,GCF_022690325.1.fna,0.969894,0.9565217391304348,1
GCF_022689975.1.fna,GCF_022690345.1.fna,0.9824649999999999,1.0,1
GCF_022689975.1.fna,GCF_022690375.1.fna,0.9767589999999999,0.9130434782608695,1
GCF_022689975.1.fna,GCF_022690385.1.fna,0.9980889999999999,0.9565217391304348,1
GCF_022689975.1.fna,GCF_022690425.1.fna,0.9940000000000001,0.9130434782608695,1
GCF_022689975.1.fna,GCF_025143205.1.fna,0.9968710000000001,0.9130434782608695,1
GCF_022689975.1.fna,GCF_025143445.1.fna,0.975232,0.8695652173913043,1
GCF_022689975.1.fna,GCF_025143615.1.fna,0.976145,0.9130434782608695,1
GCF_022689975.1.fna,GCF_029926865.1.fna,0.989649,1.0,1
GCF_022689975.1.fna,GCF_029926905.1.fna,0.989649,1.0,1
GCF_022689975.1.fna,GCF_029926915.1.fna,0.989649,1.0,1
GCF_022689975.1.fna,GCF_031631055.1.fna,0.979364,0.8260869565217391,1
GCF_022689975.1.fna,GCF_031727055.1.fna,0.975127,0.9130434782608695,1
GCF_022689975.1.fna,GCF_031727075.1.fna,0.99593,0.9565217391304348,1
GCF_022689975.1.fna,GCF_031727235.1.fna,0.975212,0.9130434782608695,1
GCF_022689975.1.fna,GCF_031727255.1.fna,0.97101,0.9565217391304348,1
GCF_022689975.1.fna,GCF_031727275.1.fna,0.9718859999999999,0.9130434782608695,1
GCF_022689975.1.fna,GCF_031727355.1.fna,0.9936029999999999,0.9130434782608695,1
GCF_022689975.1.fna,GCF_031727455.1.fna,0.96821,0.8695652173913043,1
GCF_022689975.1.fna,GCF_031727535.1.fna,0.97587,0.9130434782608695,1
GCF_022689975.1.fna,GCF_031728075.1.fna,0.9940000000000001,0.9130434782608695,1
GCF_022689975.1.fna,GCF_031728095.1.fna,0.9753820000000001,0.9130434782608695,1
GCF_022689975.1.fna,GCF_031728115.1.fna,0.9953400000000001,0.9565217391304348,1
GCF_022689975.1.fna,GCF_031728155.1.fna,0.983801,1.0,1
GCF_022689975.1.fna,GCF_031728235.1.fna,0.987762,0.9565217391304348,1
GCF_022689975.1.fna,GCF_031728275.1.fna,0.976043,0.9130434782608695,1
GCF_022689975.1.fna,GCF_031728295.1.fna,0.9942730000000001,0.9565217391304348,1
GCF_022689975.1.fna,GCF_031728315.1.fna,0.9970279999999999,0.9565217391304348,1
GCF_022689975.1.fna,GCF_031728335.1.fna,0.98748,0.9565217391304348,1
GCF_022689975.1.fna,GCF_031728415.1.fna,0.975313,0.9565217391304348,1
GCF_022689975.1.fna,GCF_031728455.1.fna,0.9766840000000001,0.9130434782608695,1
GCF_022689975.1.fna,GCF_031728475.1.fna,0.9940049999999999,0.9130434782608695,1
GCF_022689975.1.fna,GCF_031728495.1.fna,0.975452,0.9565217391304348,1
GCF_022689975.1.fna,GCF_031728515.1.fna,0.976121,0.9130434782608695,1
GCF_022689975.1.fna,GCF_031728555.1.fna,0.997013,0.9130434782608695,1
GCF_022689975.1.fna,GCF_031728675.1.fna,0.976175,0.9130434782608695,1
GCF_022689975.1.fna,GCF_031728695.1.fna,0.9752190000000001,0.9130434782608695,1
GCF_022689975.1.fna,GCF_031728715.1.fna,0.975958,0.9130434782608695,1
GCF_022689975.1.fna,GCF_031728735.1.fna,0.99518,0.9130434782608695,1
GCF_022689975.1.fna,GCF_031728745.1.fna,0.995723,0.9130434782608695,1
GCF_022689975.1.fna,GCF_031728795.1.fna,0.976147,0.9130434782608695,1
GCF_022689975.1.fna,GCF_031728835.1.fna,0.9967199999999999,0.9130434782608695,1
GCF_022689975.1.fna,GCF_031728895.1.fna,0.975988,0.9130434782608695,1
GCF_022689975.1.fna,GCF_031729015.1.fna,0.9708960000000001,0.9130434782608695,1
GCF_022689975.1.fna,GCF_036419895.1.fna,0.971764,0.9565217391304348,1
GCF_022689975.1.fna,GCF_036420075.1.fna,0.9875069999999999,0.8695652173913043,1
GCF_022689975.1.fna,GCF_037694985.1.fna,0.9910899999999999,1.0,1
GCF_022689975.1.fna,GCF_037695175.1.fna,0.973552,0.9130434782608695,1
GCF_022689975.1.fna,GCF_037700135.1.fna,0.998416,0.9565217391304348,1
GCF_022689975.1.fna,GCF_037700155.1.fna,0.994773,0.9565217391304348,1
GCF_022689975.1.fna,GCF_037700295.1.fna,0.9966240000000001,0.9130434782608695,1
GCF_022689975.1.fna,GCF_037700315.1.fna,0.976375,0.9130434782608695,1
GCF_022689975.1.fna,GCF_037700375.1.fna,0.97599,0.9130434782608695,1
GCF_022689975.1.fna,GCF_037700455.1.fna,0.9762649999999999,0.9130434782608695,1
GCF_022689975.1.fna,GCF_040947025.1.fna,0.9918689999999999,0.9565217391304348,1
GCF_022689975.1.fna,GCF_040947065.1.fna,0.981082,0.9130434782608695,1
GCF_022689975.1.fna,GCF_040947125.1.fna,0.9723909999999999,0.9130434782608695,1
GCF_022689975.1.fna,GCF_040947205.1.fna,0.996114,0.9130434782608695,1
GCF_022689975.1.fna,GCF_040947225.1.fna,0.978896,0.9130434782608695,1
GCF_022689975.1.fna,GCF_040947605.1.fna,0.9968049999999999,0.9130434782608695,1
GCF_022689975.1.fna,GCF_040947645.1.fna,0.9968049999999999,0.9130434782608695,1
GCF_022689975.1.fna,GCF_047653515.1.fna,0.9908880000000001,0.9130434782608695,1
GCF_022689975.1.fna,GCF_047653525.1.fna,0.993176,1.0,1
GCF_022689975.1.fna,GCF_052950835.1.fna,0.9708199999999999,0.8695652173913043,1
GCF_022689975.1.fna,GCF_900458635.1.fna,0.975358,0.8695652173913043,1
GCF_022689975.1.fna,GCF_964211265.1.fna,0.976938,0.9130434782608695,1
GCF_022690005.1.fna,GCF_000269685.1.fna,0.978245,1.0,1
GCF_022690005.1.fna,GCF_002901845.1.fna,0.993653,0.9523809523809523,1
GCF_022690005.1.fna,GCF_013267575.1.fna,0.992847,1.0,1
GCF_022690005.1.fna,GCF_015274535.1.fna,0.977066,1.0,1
GCF_022690005.1.fna,GCF_015274585.1.fna,0.977066,1.0,1
GCF_022690005.1.fna,GCF_015274655.1.fna,0.977066,1.0,1
GCF_022690005.1.fna,GCF_015274675.1.fna,0.97844,1.0,1
GCF_022690005.1.fna,GCF_017315625.1.fna,0.979605,1.0,1
GCF_022690005.1.fna,GCF_017315645.1.fna,0.978258,1.0,1
GCF_022690005.1.fna,GCF_022689565.1.fna,0.9771909999999999,0.9523809523809523,1
GCF_022690005.1.fna,GCF_022689575.1.fna,0.993785,1.0,1
GCF_022690005.1.fna,GCF_022689615.1.fna,0.976704,0.9523809523809523,1
GCF_022690005.1.fna,GCF_022689645.1.fna,0.9922,0.9523809523809523,1
GCF_022690005.1.fna,GCF_022689665.1.fna,0.993785,1.0,1
GCF_022690005.1.fna,GCF_022689675.1.fna,0.977374,1.0,1
GCF_022690005.1.fna,GCF_022689705.1.fna,0.992035,1.0,1
GCF_022690005.1.fna,GCF_022689725.1.fna,0.993785,1.0,1
GCF_022690005.1.fna,GCF_022689745.1.fna,0.9773850000000001,1.0,1
GCF_022690005.1.fna,GCF_022689765.1.fna,0.977356,1.0,1
GCF_022690005.1.fna,GCF_022689775.1.fna,0.9940770000000001,0.9523809523809523,1
GCF_022690005.1.fna,GCF_022689785.1.fna,0.994267,1.0,1
GCF_022690005.1.fna,GCF_022689825.1.fna,0.977356,1.0,1
GCF_022690005.1.fna,GCF_022689845.1.fna,0.976661,0.9523809523809523,1
GCF_022690005.1.fna,GCF_022689855.1.fna,0.992293,1.0,1
GCF_022690005.1.fna,GCF_022689905.1.fna,0.9780840000000001,1.0,1
GCF_022690005.1.fna,GCF_022689925.1.fna,0.972542,0.9047619047619048,1
GCF_022690005.1.fna,GCF_022689945.1.fna,0.968579,0.9047619047619048,1
GCF_022690005.1.fna,GCF_022689965.1.fna,0.978502,1.0,1
GCF_022690005.1.fna,GCF_022689975.1.fna,0.977356,1.0,1
GCF_022690005.1.fna,GCF_022690005.1.fna,1.0,1.0,1
GCF_022690005.1.fna,GCF_022690025.1.fna,0.993836,1.0,1
GCF_022690005.1.fna,GCF_022690045.1.fna,1.0,1.0,1
GCF_022690005.1.fna,GCF_022690065.1.fna,0.9772799999999999,1.0,1
GCF_022690005.1.fna,GCF_022690085.1.fna,0.971782,1.0,1
GCF_022690005.1.fna,GCF_022690105.1.fna,0.9771810000000001,1.0,1
GCF_022690005.1.fna,GCF_022690115.1.fna,0.974721,1.0,1
GCF_022690005.1.fna,GCF_022690145.1.fna,0.9772799999999999,1.0,1
GCF_022690005.1.fna,GCF_022690165.1.fna,0.9772799999999999,1.0,1
GCF_022690005.1.fna,GCF_022690185.1.fna,0.9942700000000001,1.0,1
GCF_022690005.1.fna,GCF_022690205.1.fna,0.994049,0.9523809523809523,1
GCF_022690005.1.fna,GCF_022690225.1.fna,0.9932880000000001,0.9523809523809523,1
GCF_022690005.1.fna,GCF_022690245.1.fna,0.9766419999999999,1.0,1
GCF_022690005.1.fna,GCF_022690265.1.fna,0.977269,1.0,1
GCF_022690005.1.fna,GCF_022690275.1.fna,0.975886,1.0,1
GCF_022690005.1.fna,GCF_022690295.1.fna,0.957538,0.9523809523809523,1
GCF_022690005.1.fna,GCF_022690325.1.fna,0.99444,1.0,1
GCF_022690005.1.fna,GCF_022690345.1.fna,0.976985,1.0,1
GCF_022690005.1.fna,GCF_022690375.1.fna,0.992783,1.0,1
GCF_022690005.1.fna,GCF_022690385.1.fna,0.9772719999999999,1.0,1
GCF_022690005.1.fna,GCF_022690425.1.fna,0.9767180000000001,1.0,1
GCF_022690005.1.fna,GCF_025143205.1.fna,0.977098,1.0,1
GCF_022690005.1.fna,GCF_025143445.1.fna,0.994804,0.9523809523809523,1
GCF_022690005.1.fna,GCF_025143615.1.fna,0.994349,1.0,1
GCF_022690005.1.fna,GCF_029926865.1.fna,0.978315,1.0,1
GCF_022690005.1.fna,GCF_029926905.1.fna,0.978315,1.0,1
GCF_022690005.1.fna,GCF_029926915.1.fna,0.978315,1.0,1
GCF_022690005.1.fna,GCF_031631055.1.fna,0.98922,0.9523809523809523,1
GCF_022690005.1.fna,GCF_031727055.1.fna,0.9898180000000001,1.0,1
GCF_022690005.1.fna,GCF_031727075.1.fna,0.977374,1.0,1
GCF_022690005.1.fna,GCF_031727235.1.fna,0.992293,1.0,1
GCF_022690005.1.fna,GCF_031727255.1.fna,0.957537,0.9523809523809523,1
GCF_022690005.1.fna,GCF_031727275.1.fna,0.997654,0.9523809523809523,1
GCF_022690005.1.fna,GCF_031727355.1.fna,0.9771909999999999,0.9523809523809523,1
GCF_022690005.1.fna,GCF_031727455.1.fna,0.971807,0.9523809523809523,1
GCF_022690005.1.fna,GCF_031727535.1.fna,0.9938400000000001,1.0,1
GCF_022690005.1.fna,GCF_031728075.1.fna,0.9767180000000001,1.0,1
GCF_022690005.1.fna,GCF_031728095.1.fna,0.992836,1.0,1
GCF_022690005.1.fna,GCF_031728115.1.fna,0.9784189999999999,1.0,1
GCF_022690005.1.fna,GCF_031728155.1.fna,0.978619,1.0,1
GCF_022690005.1.fna,GCF_031728235.1.fna,0.9774250000000001,1.0,1
GCF_022690005.1.fna,GCF_031728275.1.fna,0.994956,1.0,1
GCF_022690005.1.fna,GCF_031728295.1.fna,0.9781270000000001,1.0,1
GCF_022690005.1.fna,GCF_031728315.1.fna,0.9780840000000001,1.0,1
GCF_022690005.1.fna,GCF_031728335.1.fna,0.977182,1.0,1
GCF_022690005.1.fna,GCF_031728415.1.fna,0.997633,1.0,1
GCF_022690005.1.fna,GCF_031728455.1.fna,0.9972679999999999,1.0,1
GCF_022690005.1.fna,GCF_031728475.1.fna,0.975746,1.0,1
GCF_022690005.1.fna,GCF_031728495.1.fna,0.997652,1.0,1
GCF_022690005.1.fna,GCF_031728515.1.fna,0.957368,0.9523809523809523,1
GCF_022690005.1.fna,GCF_031728555.1.fna,0.9772799999999999,1.0,1
GCF_022690005.1.fna,GCF_031728675.1.fna,0.992951,1.0,1
GCF_022690005.1.fna,GCF_031728695.1.fna,0.992893,1.0,1
GCF_022690005.1.fna,GCF_031728715.1.fna,0.9941580000000001,1.0,1
GCF_022690005.1.fna,GCF_031728735.1.fna,0.974722,1.0,1
GCF_022690005.1.fna,GCF_031728745.1.fna,0.978704,1.0,1
GCF_022690005.1.fna,GCF_031728795.1.fna,0.992106,1.0,1
GCF_022690005.1.fna,GCF_031728835.1.fna,0.97706,1.0,1
GCF_022690005.1.fna,GCF_031728895.1.fna,0.995005,1.0,1
GCF_022690005.1.fna,GCF_031729015.1.fna,0.9941110000000001,0.9523809523809523,1
GCF_022690005.1.fna,GCF_036419895.1.fna,0.994258,1.0,1
GCF_022690005.1.fna,GCF_036420075.1.fna,0.968579,0.9047619047619048,1
GCF_022690005.1.fna,GCF_037694985.1.fna,0.977354,1.0,1
GCF_022690005.1.fna,GCF_037695175.1.fna,0.9939950000000001,0.9523809523809523,1
GCF_022690005.1.fna,GCF_037700135.1.fna,0.977254,1.0,1
GCF_022690005.1.fna,GCF_037700155.1.fna,0.978109,1.0,1
GCF_022690005.1.fna,GCF_037700295.1.fna,0.978031,0.9523809523809523,1
GCF_022690005.1.fna,GCF_037700315.1.fna,0.9936790000000001,1.0,1
GCF_022690005.1.fna,GCF_037700375.1.fna,0.992961,1.0,1
GCF_022690005.1.fna,GCF_037700455.1.fna,0.993026,1.0,1
GCF_022690005.1.fna,GCF_040947025.1.fna,0.980433,1.0,1
GCF_022690005.1.fna,GCF_040947065.1.fna,0.9898950000000001,1.0,1
GCF_022690005.1.fna,GCF_040947125.1.fna,0.9939149999999999,0.9523809523809523,1
GCF_022690005.1.fna,GCF_040947205.1.fna,0.9768519999999999,0.9523809523809523,1
GCF_022690005.1.fna,GCF_040947225.1.fna,0.995877,1.0,1
GCF_022690005.1.fna,GCF_040947605.1.fna,0.97677,1.0,1
GCF_022690005.1.fna,GCF_040947645.1.fna,0.97677,1.0,1
GCF_022690005.1.fna,GCF_047653515.1.fna,0.978286,1.0,1
GCF_022690005.1.fna,GCF_047653525.1.fna,0.977727,1.0,1
GCF_022690005.1.fna,GCF_052950835.1.fna,0.9894029999999999,0.9523809523809523,1
GCF_022690005.1.fna,GCF_900458635.1.fna,0.993653,0.9523809523809523,1
GCF_022690005.1.fna,GCF_964211265.1.fna,0.993418,1.0,1
GCF_022690025.1.fna,GCF_000269685.1.fna,0.968302,0.9583333333333334,1
GCF_022690025.1.fna,GCF_002901845.1.fna,0.9970300000000001,0.8333333333333334,1
GCF_022690025.1.fna,GCF_013267575.1.fna,0.99496,0.875,1
GCF_022690025.1.fna,GCF_015274535.1.fna,0.9756440000000001,0.875,1
GCF_022690025.1.fna,GCF_015274585.1.fna,0.9756440000000001,0.875,1
GCF_022690025.1.fna,GCF_015274655.1.fna,0.9756440000000001,0.875,1
GCF_022690025.1.fna,GCF_015274675.1.fna,0.9698359999999999,0.9166666666666666,1
GCF_022690025.1.fna,GCF_017315625.1.fna,0.970184,0.9166666666666666,1
GCF_022690025.1.fna,GCF_017315645.1.fna,0.9775,0.875,1
GCF_022690025.1.fna,GCF_022689565.1.fna,0.975889,0.8333333333333334,1
GCF_022690025.1.fna,GCF_022689575.1.fna,0.993823,0.9583333333333334,1
GCF_022690025.1.fna,GCF_022689615.1.fna,0.975102,0.8333333333333334,1
GCF_022690025.1.fna,GCF_022689645.1.fna,0.99324,0.875,1
GCF_022690025.1.fna,GCF_022689665.1.fna,0.993823,0.9583333333333334,1
GCF_022690025.1.fna,GCF_022689675.1.fna,0.97565,0.875,1
GCF_022690025.1.fna,GCF_022689705.1.fna,0.995243,0.875,1
GCF_022690025.1.fna,GCF_022689725.1.fna,0.993823,0.9583333333333334,1
GCF_022690025.1.fna,GCF_022689745.1.fna,0.975582,0.875,1
GCF_022690025.1.fna,GCF_022689765.1.fna,0.971224,0.9166666666666666,1
GCF_022690025.1.fna,GCF_022689775.1.fna,0.993412,0.875,1
GCF_022690025.1.fna,GCF_022689785.1.fna,0.994632,0.875,1
GCF_022690025.1.fna,GCF_022689825.1.fna,0.970505,0.9583333333333334,1
GCF_022690025.1.fna,GCF_022689845.1.fna,0.973267,0.875,1
GCF_022690025.1.fna,GCF_022689855.1.fna,0.9910809999999999,0.9583333333333334,1
GCF_022690025.1.fna,GCF_022689905.1.fna,0.973704,0.9166666666666666,1
GCF_022690025.1.fna,GCF_022689925.1.fna,0.970915,0.875,1
GCF_022690025.1.fna,GCF_022689945.1.fna,0.9678329999999999,0.7916666666666666,1
GCF_022690025.1.fna,GCF_022689965.1.fna,0.975059,0.9166666666666666,1
GCF_022690025.1.fna,GCF_022689975.1.fna,0.971224,0.9166666666666666,1
GCF_022690025.1.fna,GCF_022690005.1.fna,0.9937940000000001,0.875,1
GCF_022690025.1.fna,GCF_022690025.1.fna,1.0,1.0,1
GCF_022690025.1.fna,GCF_022690045.1.fna,0.9937940000000001,0.875,1
GCF_022690025.1.fna,GCF_022690065.1.fna,0.973709,0.9166666666666666,1
GCF_022690025.1.fna,GCF_022690085.1.fna,0.973463,0.875,1
GCF_022690025.1.fna,GCF_022690105.1.fna,0.9684139999999999,0.9166666666666666,1
GCF_022690025.1.fna,GCF_022690115.1.fna,0.9711029999999999,0.9166666666666666,1
GCF_022690025.1.fna,GCF_022690145.1.fna,0.973709,0.9166666666666666,1
GCF_022690025.1.fna,GCF_022690165.1.fna,0.973709,0.9166666666666666,1
GCF_022690025.1.fna,GCF_022690185.1.fna,0.994593,0.875,1
GCF_022690025.1.fna,GCF_022690205.1.fna,0.9905419999999999,0.9166666666666666,1
GCF_022690025.1.fna,GCF_022690225.1.fna,0.993313,0.8333333333333334,1
GCF_022690025.1.fna,GCF_022690245.1.fna,0.975054,0.875,1
GCF_022690025.1.fna,GCF_022690265.1.fna,0.973698,0.9166666666666666,1
GCF_022690025.1.fna,GCF_022690275.1.fna,0.967426,0.9166666666666666,1
GCF_022690025.1.fna,GCF_022690295.1.fna,0.9640949999999999,0.875,1
GCF_022690025.1.fna,GCF_022690325.1.fna,0.9850409999999999,0.9166666666666666,1
GCF_022690025.1.fna,GCF_022690345.1.fna,0.968983,0.9583333333333334,1
GCF_022690025.1.fna,GCF_022690375.1.fna,0.993922,0.875,1
GCF_022690025.1.fna,GCF_022690385.1.fna,0.973128,0.9166666666666666,1
GCF_022690025.1.fna,GCF_022690425.1.fna,0.974376,0.9166666666666666,1
GCF_022690025.1.fna,GCF_025143205.1.fna,0.975338,0.875,1
GCF_022690025.1.fna,GCF_025143445.1.fna,0.994401,0.875,1
GCF_022690025.1.fna,GCF_025143615.1.fna,0.993429,0.9166666666666666,1
GCF_022690025.1.fna,GCF_029926865.1.fna,0.974174,0.9166666666666666,1
GCF_022690025.1.fna,GCF_029926905.1.fna,0.974174,0.9166666666666666,1
GCF_022690025.1.fna,GCF_029926915.1.fna,0.974174,0.9166666666666666,1
GCF_022690025.1.fna,GCF_031631055.1.fna,0.989926,0.8333333333333334,1
GCF_022690025.1.fna,GCF_031727055.1.fna,0.9921169999999999,0.9583333333333334,1
GCF_022690025.1.fna,GCF_031727075.1.fna,0.97565,0.875,1
GCF_022690025.1.fna,GCF_031727235.1.fna,0.9910809999999999,0.9583333333333334,1
GCF_022690025.1.fna,GCF_031727255.1.fna,0.9640949999999999,0.875,1
GCF_022690025.1.fna,GCF_031727275.1.fna,0.9943810000000001,0.875,1
GCF_022690025.1.fna,GCF_031727355.1.fna,0.9745999999999999,0.875,1
GCF_022690025.1.fna,GCF_031727455.1.fna,0.973398,0.8333333333333334,1
GCF_022690025.1.fna,GCF_031727535.1.fna,0.9997029999999999,0.9166666666666666,1
GCF_022690025.1.fna,GCF_031728075.1.fna,0.974376,0.9166666666666666,1
GCF_022690025.1.fna,GCF_031728095.1.fna,0.9938389999999999,0.875,1
GCF_022690025.1.fna,GCF_031728115.1.fna,0.9756140000000001,0.9166666666666666,1
GCF_022690025.1.fna,GCF_031728155.1.fna,0.970298,0.9166666666666666,1
GCF_022690025.1.fna,GCF_031728235.1.fna,0.969472,0.9583333333333334,1
GCF_022690025.1.fna,GCF_031728275.1.fna,0.995671,0.875,1
GCF_022690025.1.fna,GCF_031728295.1.fna,0.977359,0.875,1
GCF_022690025.1.fna,GCF_031728315.1.fna,0.973704,0.9166666666666666,1
GCF_022690025.1.fna,GCF_031728335.1.fna,0.9684139999999999,0.9166666666666666,1
GCF_022690025.1.fna,GCF_031728415.1.fna,0.991854,0.9166666666666666,1
GCF_022690025.1.fna,GCF_031728455.1.fna,0.9952960000000001,0.875,1
GCF_022690025.1.fna,GCF_031728475.1.fna,0.9745510000000001,0.875,1
GCF_022690025.1.fna,GCF_031728495.1.fna,0.992214,0.9583333333333334,1
GCF_022690025.1.fna,GCF_031728515.1.fna,0.9663120000000001,0.8333333333333334,1
GCF_022690025.1.fna,GCF_031728555.1.fna,0.973709,0.9166666666666666,1
GCF_022690025.1.fna,GCF_031728675.1.fna,0.994956,0.875,1
GCF_022690025.1.fna,GCF_031728695.1.fna,0.993913,0.875,1
GCF_022690025.1.fna,GCF_031728715.1.fna,0.994463,0.875,1
GCF_022690025.1.fna,GCF_031728735.1.fna,0.972162,0.9166666666666666,1
GCF_022690025.1.fna,GCF_031728745.1.fna,0.9754470000000001,0.9166666666666666,1
GCF_022690025.1.fna,GCF_031728795.1.fna,0.993477,0.875,1
GCF_022690025.1.fna,GCF_031728835.1.fna,0.973899,0.9166666666666666,1
GCF_022690025.1.fna,GCF_031728895.1.fna,0.994122,0.9166666666666666,1
GCF_022690025.1.fna,GCF_031729015.1.fna,0.988493,0.875,1
GCF_022690025.1.fna,GCF_036419895.1.fna,0.988428,0.9166666666666666,1
GCF_022690025.1.fna,GCF_036420075.1.fna,0.967834,0.7916666666666666,1
GCF_022690025.1.fna,GCF_037694985.1.fna,0.9719589999999999,0.9583333333333334,1
GCF_022690025.1.fna,GCF_037695175.1.fna,0.996798,0.875,1
GCF_022690025.1.fna,GCF_037700135.1.fna,0.974079,0.9166666666666666,1
GCF_022690025.1.fna,GCF_037700155.1.fna,0.9772280000000001,0.875,1
GCF_022690025.1.fna,GCF_037700295.1.fna,0.975607,0.875,1
GCF_022690025.1.fna,GCF_037700315.1.fna,0.9948940000000001,0.875,1
GCF_022690025.1.fna,GCF_037700375.1.fna,0.997198,0.875,1
GCF_022690025.1.fna,GCF_037700455.1.fna,0.997324,0.875,1
GCF_022690025.1.fna,GCF_040947025.1.fna,0.9795010000000001,0.875,1
GCF_022690025.1.fna,GCF_040947065.1.fna,0.988905,0.875,1
GCF_022690025.1.fna,GCF_040947125.1.fna,0.996775,0.9166666666666666,1
GCF_022690025.1.fna,GCF_040947205.1.fna,0.975328,0.8333333333333334,1
GCF_022690025.1.fna,GCF_040947225.1.fna,0.9912569999999999,0.875,1
GCF_022690025.1.fna,GCF_040947605.1.fna,0.97512,0.875,1
GCF_022690025.1.fna,GCF_040947645.1.fna,0.97512,0.875,1
GCF_022690025.1.fna,GCF_047653515.1.fna,0.972135,0.9166666666666666,1
GCF_022690025.1.fna,GCF_047653525.1.fna,0.9738500000000001,0.9583333333333334,1
GCF_022690025.1.fna,GCF_052950835.1.fna,0.97899,0.875,1
GCF_022690025.1.fna,GCF_900458635.1.fna,0.9970300000000001,0.8333333333333334,1
GCF_022690025.1.fna,GCF_964211265.1.fna,0.995941,0.9166666666666666,1
GCF_022690045.1.fna,GCF_000269685.1.fna,0.978245,1.0,1
GCF_022690045.1.fna,GCF_002901845.1.fna,0.993653,0.9523809523809523,1
GCF_022690045.1.fna,GCF_013267575.1.fna,0.992847,1.0,1
GCF_022690045.1.fna,GCF_015274535.1.fna,0.977066,1.0,1
GCF_022690045.1.fna,GCF_015274585.1.fna,0.977066,1.0,1
GCF_022690045.1.fna,GCF_015274655.1.fna,0.977066,1.0,1
GCF_022690045.1.fna,GCF_015274675.1.fna,0.97844,1.0,1
GCF_022690045.1.fna,GCF_017315625.1.fna,0.979605,1.0,1
GCF_022690045.1.fna,GCF_017315645.1.fna,0.978258,1.0,1
GCF_022690045.1.fna,GCF_022689565.1.fna,0.9771909999999999,0.9523809523809523,1
GCF_022690045.1.fna,GCF_022689575.1.fna,0.993785,1.0,1
GCF_022690045.1.fna,GCF_022689615.1.fna,0.976704,0.9523809523809523,1
GCF_022690045.1.fna,GCF_022689645.1.fna,0.9922,0.9523809523809523,1
GCF_022690045.1.fna,GCF_022689665.1.fna,0.993785,1.0,1
GCF_022690045.1.fna,GCF_022689675.1.fna,0.977374,1.0,1
GCF_022690045.1.fna,GCF_022689705.1.fna,0.992035,1.0,1
GCF_022690045.1.fna,GCF_022689725.1.fna,0.993785,1.0,1
GCF_022690045.1.fna,GCF_022689745.1.fna,0.9773850000000001,1.0,1
GCF_022690045.1.fna,GCF_022689765.1.fna,0.977356,1.0,1
GCF_022690045.1.fna,GCF_022689775.1.fna,0.9940770000000001,0.9523809523809523,1
GCF_022690045.1.fna,GCF_022689785.1.fna,0.994267,1.0,1
GCF_022690045.1.fna,GCF_022689825.1.fna,0.977356,1.0,1
GCF_022690045.1.fna,GCF_022689845.1.fna,0.976661,0.9523809523809523,1
GCF_022690045.1.fna,GCF_022689855.1.fna,0.992293,1.0,1
GCF_022690045.1.fna,GCF_022689905.1.fna,0.9780840000000001,1.0,1
GCF_022690045.1.fna,GCF_022689925.1.fna,0.972542,0.9047619047619048,1
GCF_022690045.1.fna,GCF_022689945.1.fna,0.968579,0.9047619047619048,1
GCF_022690045.1.fna,GCF_022689965.1.fna,0.978502,1.0,1
GCF_022690045.1.fna,GCF_022689975.1.fna,0.977356,1.0,1
GCF_022690045.1.fna,GCF_022690005.1.fna,1.0,1.0,1
GCF_022690045.1.fna,GCF_022690025.1.fna,0.993836,1.0,1
GCF_022690045.1.fna,GCF_022690045.1.fna,1.0,1.0,1
GCF_022690045.1.fna,GCF_022690065.1.fna,0.9772799999999999,1.0,1
GCF_022690045.1.fna,GCF_022690085.1.fna,0.971782,1.0,1
GCF_022690045.1.fna,GCF_022690105.1.fna,0.9771810000000001,1.0,1
GCF_022690045.1.fna,GCF_022690115.1.fna,0.974721,1.0,1
GCF_022690045.1.fna,GCF_022690145.1.fna,0.9772799999999999,1.0,1
GCF_022690045.1.fna,GCF_022690165.1.fna,0.9772799999999999,1.0,1
GCF_022690045.1.fna,GCF_022690185.1.fna,0.9942700000000001,1.0,1
GCF_022690045.1.fna,GCF_022690205.1.fna,0.994049,0.9523809523809523,1
GCF_022690045.1.fna,GCF_022690225.1.fna,0.9932880000000001,0.9523809523809523,1
GCF_022690045.1.fna,GCF_022690245.1.fna,0.9766419999999999,1.0,1
GCF_022690045.1.fna,GCF_022690265.1.fna,0.977269,1.0,1
GCF_022690045.1.fna,GCF_022690275.1.fna,0.975886,1.0,1
GCF_022690045.1.fna,GCF_022690295.1.fna,0.957538,0.9523809523809523,1
GCF_022690045.1.fna,GCF_022690325.1.fna,0.99444,1.0,1
GCF_022690045.1.fna,GCF_022690345.1.fna,0.976985,1.0,1
GCF_022690045.1.fna,GCF_022690375.1.fna,0.992783,1.0,1
GCF_022690045.1.fna,GCF_022690385.1.fna,0.9772719999999999,1.0,1
GCF_022690045.1.fna,GCF_022690425.1.fna,0.9767180000000001,1.0,1
GCF_022690045.1.fna,GCF_025143205.1.fna,0.977098,1.0,1
GCF_022690045.1.fna,GCF_025143445.1.fna,0.994804,0.9523809523809523,1
GCF_022690045.1.fna,GCF_025143615.1.fna,0.994349,1.0,1
GCF_022690045.1.fna,GCF_029926865.1.fna,0.978315,1.0,1
GCF_022690045.1.fna,GCF_029926905.1.fna,0.978315,1.0,1
GCF_022690045.1.fna,GCF_029926915.1.fna,0.978315,1.0,1
GCF_022690045.1.fna,GCF_031631055.1.fna,0.98922,0.9523809523809523,1
GCF_022690045.1.fna,GCF_031727055.1.fna,0.9898180000000001,1.0,1
GCF_022690045.1.fna,GCF_031727075.1.fna,0.977374,1.0,1
GCF_022690045.1.fna,GCF_031727235.1.fna,0.992293,1.0,1
GCF_022690045.1.fna,GCF_031727255.1.fna,0.957537,0.9523809523809523,1
GCF_022690045.1.fna,GCF_031727275.1.fna,0.997654,0.9523809523809523,1
GCF_022690045.1.fna,GCF_031727355.1.fna,0.9771909999999999,0.9523809523809523,1
GCF_022690045.1.fna,GCF_031727455.1.fna,0.971807,0.9523809523809523,1
GCF_022690045.1.fna,GCF_031727535.1.fna,0.9938400000000001,1.0,1
GCF_022690045.1.fna,GCF_031728075.1.fna,0.9767180000000001,1.0,1
GCF_022690045.1.fna,GCF_031728095.1.fna,0.992836,1.0,1
GCF_022690045.1.fna,GCF_031728115.1.fna,0.9784189999999999,1.0,1
GCF_022690045.1.fna,GCF_031728155.1.fna,0.978619,1.0,1
GCF_022690045.1.fna,GCF_031728235.1.fna,0.9774250000000001,1.0,1
GCF_022690045.1.fna,GCF_031728275.1.fna,0.994956,1.0,1
GCF_022690045.1.fna,GCF_031728295.1.fna,0.9781270000000001,1.0,1
GCF_022690045.1.fna,GCF_031728315.1.fna,0.9780840000000001,1.0,1
GCF_022690045.1.fna,GCF_031728335.1.fna,0.977182,1.0,1
GCF_022690045.1.fna,GCF_031728415.1.fna,0.997633,1.0,1
GCF_022690045.1.fna,GCF_031728455.1.fna,0.9972679999999999,1.0,1
GCF_022690045.1.fna,GCF_031728475.1.fna,0.975746,1.0,1
GCF_022690045.1.fna,GCF_031728495.1.fna,0.997652,1.0,1
GCF_022690045.1.fna,GCF_031728515.1.fna,0.957368,0.9523809523809523,1
GCF_022690045.1.fna,GCF_031728555.1.fna,0.9772799999999999,1.0,1
GCF_022690045.1.fna,GCF_031728675.1.fna,0.992951,1.0,1
GCF_022690045.1.fna,GCF_031728695.1.fna,0.992893,1.0,1
GCF_022690045.1.fna,GCF_031728715.1.fna,0.9941580000000001,1.0,1
GCF_022690045.1.fna,GCF_031728735.1.fna,0.974722,1.0,1
GCF_022690045.1.fna,GCF_031728745.1.fna,0.978704,1.0,1
GCF_022690045.1.fna,GCF_031728795.1.fna,0.992106,1.0,1
GCF_022690045.1.fna,GCF_031728835.1.fna,0.97706,1.0,1
GCF_022690045.1.fna,GCF_031728895.1.fna,0.995005,1.0,1
GCF_022690045.1.fna,GCF_031729015.1.fna,0.9941110000000001,0.9523809523809523,1
GCF_022690045.1.fna,GCF_036419895.1.fna,0.994258,1.0,1
GCF_022690045.1.fna,GCF_036420075.1.fna,0.968579,0.9047619047619048,1
GCF_022690045.1.fna,GCF_037694985.1.fna,0.977354,1.0,1
GCF_022690045.1.fna,GCF_037695175.1.fna,0.9939950000000001,0.9523809523809523,1
GCF_022690045.1.fna,GCF_037700135.1.fna,0.977254,1.0,1
GCF_022690045.1.fna,GCF_037700155.1.fna,0.978109,1.0,1
GCF_022690045.1.fna,GCF_037700295.1.fna,0.978031,0.9523809523809523,1
GCF_022690045.1.fna,GCF_037700315.1.fna,0.9936790000000001,1.0,1
GCF_022690045.1.fna,GCF_037700375.1.fna,0.992961,1.0,1
GCF_022690045.1.fna,GCF_037700455.1.fna,0.993026,1.0,1
GCF_022690045.1.fna,GCF_040947025.1.fna,0.980433,1.0,1
GCF_022690045.1.fna,GCF_040947065.1.fna,0.9898950000000001,1.0,1
GCF_022690045.1.fna,GCF_040947125.1.fna,0.9939149999999999,0.9523809523809523,1
GCF_022690045.1.fna,GCF_040947205.1.fna,0.9768519999999999,0.9523809523809523,1
GCF_022690045.1.fna,GCF_040947225.1.fna,0.995877,1.0,1
GCF_022690045.1.fna,GCF_040947605.1.fna,0.97677,1.0,1
GCF_022690045.1.fna,GCF_040947645.1.fna,0.97677,1.0,1
GCF_022690045.1.fna,GCF_047653515.1.fna,0.978286,1.0,1
GCF_022690045.1.fna,GCF_047653525.1.fna,0.977727,1.0,1
GCF_022690045.1.fna,GCF_052950835.1.fna,0.9894029999999999,0.9523809523809523,1
GCF_022690045.1.fna,GCF_900458635.1.fna,0.993653,0.9523809523809523,1
GCF_022690045.1.fna,GCF_964211265.1.fna,0.993418,1.0,1
GCF_022690065.1.fna,GCF_000269685.1.fna,0.9870099999999999,0.8275862068965517,1
GCF_022690065.1.fna,GCF_002901845.1.fna,0.970126,0.7586206896551724,1
GCF_022690065.1.fna,GCF_013267575.1.fna,0.975938,0.7241379310344828,1
GCF_022690065.1.fna,GCF_015274535.1.fna,0.995872,0.7931034482758621,1
GCF_022690065.1.fna,GCF_015274585.1.fna,0.9966119999999999,0.7241379310344828,1
GCF_022690065.1.fna,GCF_015274655.1.fna,0.9962380000000001,0.7586206896551724,1
GCF_022690065.1.fna,GCF_015274675.1.fna,0.9885349999999999,0.8275862068965517,1
GCF_022690065.1.fna,GCF_017315625.1.fna,0.993994,0.7931034482758621,1
GCF_022690065.1.fna,GCF_017315645.1.fna,0.9869549999999999,0.8620689655172413,1
GCF_022690065.1.fna,GCF_022689565.1.fna,0.9947079999999999,0.7241379310344828,1
GCF_022690065.1.fna,GCF_022689575.1.fna,0.973719,0.7586206896551724,1
GCF_022690065.1.fna,GCF_022689615.1.fna,0.995782,0.7241379310344828,1
GCF_022690065.1.fna,GCF_022689645.1.fna,0.9738030000000001,0.7241379310344828,1
GCF_022690065.1.fna,GCF_022689665.1.fna,0.973549,0.7586206896551724,1
GCF_022690065.1.fna,GCF_022689675.1.fna,0.9951430000000001,0.7586206896551724,1
GCF_022690065.1.fna,GCF_022689705.1.fna,0.975807,0.7241379310344828,1
GCF_022690065.1.fna,GCF_022689725.1.fna,0.973719,0.7586206896551724,1
GCF_022690065.1.fna,GCF_022689745.1.fna,0.993846,0.7931034482758621,1
GCF_022690065.1.fna,GCF_022689765.1.fna,0.9951770000000001,0.7586206896551724,1
GCF_022690065.1.fna,GCF_022689775.1.fna,0.968665,0.7586206896551724,1
GCF_022690065.1.fna,GCF_022689785.1.fna,0.9759680000000001,0.7241379310344828,1
GCF_022690065.1.fna,GCF_022689825.1.fna,0.9939910000000001,0.7586206896551724,1
GCF_022690065.1.fna,GCF_022689845.1.fna,0.9881059999999999,0.896551724137931,1
GCF_022690065.1.fna,GCF_022689855.1.fna,0.9720019999999999,0.7931034482758621,1
GCF_022690065.1.fna,GCF_022689905.1.fna,0.987667,0.8620689655172413,1
GCF_022690065.1.fna,GCF_022689925.1.fna,0.967923,0.6896551724137931,1
GCF_022690065.1.fna,GCF_022689945.1.fna,0.9751690000000001,0.7586206896551724,1
GCF_022690065.1.fna,GCF_022689965.1.fna,0.985242,0.896551724137931,1
GCF_022690065.1.fna,GCF_022689975.1.fna,0.9969929999999999,0.7241379310344828,1
GCF_022690065.1.fna,GCF_022690005.1.fna,0.9771129999999999,0.7241379310344828,1
GCF_022690065.1.fna,GCF_022690025.1.fna,0.972907,0.7931034482758621,1
GCF_022690065.1.fna,GCF_022690045.1.fna,0.9771129999999999,0.7241379310344828,1
GCF_022690065.1.fna,GCF_022690065.1.fna,1.0,1.0,1
GCF_022690065.1.fna,GCF_022690085.1.fna,0.9687730000000001,0.7241379310344828,1
GCF_022690065.1.fna,GCF_022690105.1.fna,0.996729,0.7241379310344828,1
GCF_022690065.1.fna,GCF_022690115.1.fna,0.977753,0.7241379310344828,1
GCF_022690065.1.fna,GCF_022690145.1.fna,0.999959,0.9655172413793104,1
GCF_022690065.1.fna,GCF_022690165.1.fna,1.0,0.9310344827586207,1
GCF_022690065.1.fna,GCF_022690185.1.fna,0.969026,0.7586206896551724,1
GCF_022690065.1.fna,GCF_022690205.1.fna,0.971579,0.7586206896551724,1
GCF_022690065.1.fna,GCF_022690225.1.fna,0.9757349999999999,0.7241379310344828,1
GCF_022690065.1.fna,GCF_022690245.1.fna,0.996539,0.7586206896551724,1
GCF_022690065.1.fna,GCF_022690265.1.fna,0.999984,0.8275862068965517,1
GCF_022690065.1.fna,GCF_022690275.1.fna,0.9956910000000001,0.7241379310344828,1
GCF_022690065.1.fna,GCF_022690295.1.fna,0.9704210000000001,0.7931034482758621,1
GCF_022690065.1.fna,GCF_022690325.1.fna,0.975758,0.7241379310344828,1
GCF_022690065.1.fna,GCF_022690345.1.fna,0.992533,0.7586206896551724,1
GCF_022690065.1.fna,GCF_022690375.1.fna,0.9738549999999999,0.7931034482758621,1
GCF_022690065.1.fna,GCF_022690385.1.fna,0.9934869999999999,0.7586206896551724,1
GCF_022690065.1.fna,GCF_022690425.1.fna,0.994018,0.7931034482758621,1
GCF_022690065.1.fna,GCF_025143205.1.fna,0.9993989999999999,0.7931034482758621,1
GCF_022690065.1.fna,GCF_025143445.1.fna,0.963331,0.7586206896551724,1
GCF_022690065.1.fna,GCF_025143615.1.fna,0.974888,0.7586206896551724,1
GCF_022690065.1.fna,GCF_029926865.1.fna,0.99274,0.7586206896551724,1
GCF_022690065.1.fna,GCF_029926905.1.fna,0.9926170000000001,0.7931034482758621,1
GCF_022690065.1.fna,GCF_029926915.1.fna,0.9926170000000001,0.7931034482758621,1
GCF_022690065.1.fna,GCF_031631055.1.fna,0.9621980000000001,0.7931034482758621,1
GCF_022690065.1.fna,GCF_031727055.1.fna,0.971096,0.8275862068965517,1
GCF_022690065.1.fna,GCF_031727075.1.fna,0.995596,0.7586206896551724,1
GCF_022690065.1.fna,GCF_031727235.1.fna,0.9720019999999999,0.7931034482758621,1
GCF_022690065.1.fna,GCF_031727255.1.fna,0.971451,0.7586206896551724,1
GCF_022690065.1.fna,GCF_031727275.1.fna,0.976225,0.6896551724137931,1
GCF_022690065.1.fna,GCF_031727355.1.fna,0.9950600000000001,0.7241379310344828,1
GCF_022690065.1.fna,GCF_031727455.1.fna,0.968561,0.6896551724137931,1
GCF_022690065.1.fna,GCF_031727535.1.fna,0.97395,0.7586206896551724,1
GCF_022690065.1.fna,GCF_031728075.1.fna,0.9933679999999999,0.7931034482758621,1
GCF_022690065.1.fna,GCF_031728095.1.fna,0.969687,0.7931034482758621,1
GCF_022690065.1.fna,GCF_031728115.1.fna,0.994971,0.7586206896551724,1
GCF_022690065.1.fna,GCF_031728155.1.fna,0.992654,0.7586206896551724,1
GCF_022690065.1.fna,GCF_031728235.1.fna,0.994887,0.7931034482758621,1
GCF_022690065.1.fna,GCF_031728275.1.fna,0.975813,0.7241379310344828,1
GCF_022690065.1.fna,GCF_031728295.1.fna,0.987398,0.8620689655172413,1
GCF_022690065.1.fna,GCF_031728315.1.fna,0.987445,0.8275862068965517,1
GCF_022690065.1.fna,GCF_031728335.1.fna,0.9820869999999999,0.8620689655172413,1
GCF_022690065.1.fna,GCF_031728415.1.fna,0.9651510000000001,0.7931034482758621,1
GCF_022690065.1.fna,GCF_031728455.1.fna,0.976841,0.7241379310344828,1
GCF_022690065.1.fna,GCF_031728475.1.fna,0.9943890000000001,0.7931034482758621,1
GCF_022690065.1.fna,GCF_031728495.1.fna,0.9758499999999999,0.7586206896551724,1
GCF_022690065.1.fna,GCF_031728515.1.fna,0.9827079999999999,0.6896551724137931,1
GCF_022690065.1.fna,GCF_031728555.1.fna,0.9999769999999999,0.9655172413793104,1
GCF_022690065.1.fna,GCF_031728675.1.fna,0.975813,0.7241379310344828,1
GCF_022690065.1.fna,GCF_031728695.1.fna,0.975128,0.7586206896551724,1
GCF_022690065.1.fna,GCF_031728715.1.fna,0.975939,0.7241379310344828,1
GCF_022690065.1.fna,GCF_031728735.1.fna,0.98637,0.8620689655172413,1
GCF_022690065.1.fna,GCF_031728745.1.fna,0.988913,0.8275862068965517,1
GCF_022690065.1.fna,GCF_031728795.1.fna,0.975479,0.7931034482758621,1
GCF_022690065.1.fna,GCF_031728835.1.fna,0.9989709999999999,0.7931034482758621,1
GCF_022690065.1.fna,GCF_031728895.1.fna,0.970364,0.7931034482758621,1
GCF_022690065.1.fna,GCF_031729015.1.fna,0.975236,0.6896551724137931,1
GCF_022690065.1.fna,GCF_036419895.1.fna,0.975982,0.7241379310344828,1
GCF_022690065.1.fna,GCF_036420075.1.fna,0.9751690000000001,0.7586206896551724,1
GCF_022690065.1.fna,GCF_037694985.1.fna,0.987594,0.8275862068965517,1
GCF_022690065.1.fna,GCF_037695175.1.fna,0.9749890000000001,0.6896551724137931,1
GCF_022690065.1.fna,GCF_037700135.1.fna,0.9944419999999999,0.8275862068965517,1
GCF_022690065.1.fna,GCF_037700155.1.fna,0.9945010000000001,0.7586206896551724,1
GCF_022690065.1.fna,GCF_037700295.1.fna,0.989737,0.7241379310344828,1
GCF_022690065.1.fna,GCF_037700315.1.fna,0.966512,0.7931034482758621,1
GCF_022690065.1.fna,GCF_037700375.1.fna,0.963917,0.8275862068965517,1
GCF_022690065.1.fna,GCF_037700455.1.fna,0.9641580000000001,0.8275862068965517,1
GCF_022690065.1.fna,GCF_040947025.1.fna,0.9858450000000001,0.7931034482758621,1
GCF_022690065.1.fna,GCF_040947065.1.fna,0.978875,0.7586206896551724,1
GCF_022690065.1.fna,GCF_040947125.1.fna,0.963762,0.7931034482758621,1
GCF_022690065.1.fna,GCF_040947205.1.fna,0.984892,0.7586206896551724,1
GCF_022690065.1.fna,GCF_040947225.1.fna,0.978835,0.7241379310344828,1
GCF_022690065.1.fna,GCF_040947605.1.fna,0.997628,0.7241379310344828,1
GCF_022690065.1.fna,GCF_040947645.1.fna,0.997628,0.7241379310344828,1
GCF_022690065.1.fna,GCF_047653515.1.fna,0.995475,0.7931034482758621,1
GCF_022690065.1.fna,GCF_047653525.1.fna,0.9847549999999999,0.8275862068965517,1
GCF_022690065.1.fna,GCF_052950835.1.fna,0.972893,0.7241379310344828,1
GCF_022690065.1.fna,GCF_900458635.1.fna,0.970126,0.7586206896551724,1
GCF_022690065.1.fna,GCF_964211265.1.fna,0.9702660000000001,0.7931034482758621,1
GCF_022690085.1.fna,GCF_000269685.1.fna,0.970215,0.9565217391304348,1
GCF_022690085.1.fna,GCF_002901845.1.fna,0.9735290000000001,0.8695652173913043,1
GCF_022690085.1.fna,GCF_013267575.1.fna,0.974089,0.9130434782608695,1
GCF_022690085.1.fna,GCF_015274535.1.fna,0.968227,0.9130434782608695,1
GCF_022690085.1.fna,GCF_015274585.1.fna,0.968227,0.9130434782608695,1
GCF_022690085.1.fna,GCF_015274655.1.fna,0.968227,0.9130434782608695,1
GCF_022690085.1.fna,GCF_015274675.1.fna,0.970322,0.9565217391304348,1
GCF_022690085.1.fna,GCF_017315625.1.fna,0.969576,0.9565217391304348,1
GCF_022690085.1.fna,GCF_017315645.1.fna,0.970214,0.9565217391304348,1
GCF_022690085.1.fna,GCF_022689565.1.fna,0.969016,0.9130434782608695,1
GCF_022690085.1.fna,GCF_022689575.1.fna,0.973526,0.9130434782608695,1
GCF_022690085.1.fna,GCF_022689615.1.fna,0.968917,0.9130434782608695,1
GCF_022690085.1.fna,GCF_022689645.1.fna,0.974664,0.8695652173913043,1
GCF_022690085.1.fna,GCF_022689665.1.fna,0.973526,0.9130434782608695,1
GCF_022690085.1.fna,GCF_022689675.1.fna,0.968831,0.9565217391304348,1
GCF_022690085.1.fna,GCF_022689705.1.fna,0.974707,0.9130434782608695,1
GCF_022690085.1.fna,GCF_022689725.1.fna,0.973526,0.9130434782608695,1
GCF_022690085.1.fna,GCF_022689745.1.fna,0.9688479999999999,0.9565217391304348,1
GCF_022690085.1.fna,GCF_022689765.1.fna,0.969482,0.9565217391304348,1
GCF_022690085.1.fna,GCF_022689775.1.fna,0.975212,0.8695652173913043,1
GCF_022690085.1.fna,GCF_022689785.1.fna,0.9752290000000001,0.9130434782608695,1
GCF_022690085.1.fna,GCF_022689825.1.fna,0.969482,0.9565217391304348,1
GCF_022690085.1.fna,GCF_022689845.1.fna,0.969377,0.9130434782608695,1
GCF_022690085.1.fna,GCF_022689855.1.fna,0.9752719999999999,0.9130434782608695,1
GCF_022690085.1.fna,GCF_022689905.1.fna,0.9691649999999999,0.9565217391304348,1
GCF_022690085.1.fna,GCF_022689925.1.fna,0.999416,0.8695652173913043,1
GCF_022690085.1.fna,GCF_022689945.1.fna,0.962863,0.8695652173913043,1
GCF_022690085.1.fna,GCF_022689965.1.fna,0.9707859999999999,0.9565217391304348,1
GCF_022690085.1.fna,GCF_022689975.1.fna,0.969482,0.9565217391304348,1
GCF_022690085.1.fna,GCF_022690005.1.fna,0.972135,0.9130434782608695,1
GCF_022690085.1.fna,GCF_022690025.1.fna,0.973635,0.9130434782608695,1
GCF_022690085.1.fna,GCF_022690045.1.fna,0.972135,0.9130434782608695,1
GCF_022690085.1.fna,GCF_022690065.1.fna,0.969228,0.9130434782608695,1
GCF_022690085.1.fna,GCF_022690085.1.fna,1.0,1.0,1
GCF_022690085.1.fna,GCF_022690105.1.fna,0.96899,0.9130434782608695,1
GCF_022690085.1.fna,GCF_022690115.1.fna,0.967927,0.9130434782608695,1
GCF_022690085.1.fna,GCF_022690145.1.fna,0.969228,0.9130434782608695,1
GCF_022690085.1.fna,GCF_022690165.1.fna,0.969228,0.9130434782608695,1
GCF_022690085.1.fna,GCF_022690185.1.fna,0.974889,0.9130434782608695,1
GCF_022690085.1.fna,GCF_022690205.1.fna,0.975218,0.8695652173913043,1
GCF_022690085.1.fna,GCF_022690225.1.fna,0.974234,0.8695652173913043,1
GCF_022690085.1.fna,GCF_022690245.1.fna,0.968422,0.9130434782608695,1
GCF_022690085.1.fna,GCF_022690265.1.fna,0.9692149999999999,0.9130434782608695,1
GCF_022690085.1.fna,GCF_022690275.1.fna,0.968656,0.9565217391304348,1
GCF_022690085.1.fna,GCF_022690295.1.fna,0.95257,0.9130434782608695,1
GCF_022690085.1.fna,GCF_022690325.1.fna,0.973549,0.9130434782608695,1
GCF_022690085.1.fna,GCF_022690345.1.fna,0.969139,0.9565217391304348,1
GCF_022690085.1.fna,GCF_022690375.1.fna,0.9746980000000001,0.9130434782608695,1
GCF_022690085.1.fna,GCF_022690385.1.fna,0.9693940000000001,0.9565217391304348,1
GCF_022690085.1.fna,GCF_022690425.1.fna,0.9709099999999999,0.9130434782608695,1
GCF_022690085.1.fna,GCF_025143205.1.fna,0.969065,0.9130434782608695,1
GCF_022690085.1.fna,GCF_025143445.1.fna,0.972872,0.9130434782608695,1
GCF_022690085.1.fna,GCF_025143615.1.fna,0.975063,0.9130434782608695,1
GCF_022690085.1.fna,GCF_029926865.1.fna,0.9710529999999999,0.9565217391304348,1
GCF_022690085.1.fna,GCF_029926905.1.fna,0.9710529999999999,0.9565217391304348,1
GCF_022690085.1.fna,GCF_029926915.1.fna,0.9710529999999999,0.9565217391304348,1
GCF_022690085.1.fna,GCF_031631055.1.fna,0.975415,0.8695652173913043,1
GCF_022690085.1.fna,GCF_031727055.1.fna,0.976973,0.9130434782608695,1
GCF_022690085.1.fna,GCF_031727075.1.fna,0.968831,0.9565217391304348,1
GCF_022690085.1.fna,GCF_031727235.1.fna,0.9752719999999999,0.9130434782608695,1
GCF_022690085.1.fna,GCF_031727255.1.fna,0.95257,0.9130434782608695,1
GCF_022690085.1.fna,GCF_031727275.1.fna,0.972748,0.8695652173913043,1
GCF_022690085.1.fna,GCF_031727355.1.fna,0.969598,0.9130434782608695,1
GCF_022690085.1.fna,GCF_031727455.1.fna,0.9996389999999999,0.8695652173913043,1
GCF_022690085.1.fna,GCF_031727535.1.fna,0.973785,0.9130434782608695,1
GCF_022690085.1.fna,GCF_031728075.1.fna,0.9709099999999999,0.9130434782608695,1
GCF_022690085.1.fna,GCF_031728095.1.fna,0.9747979999999999,0.9130434782608695,1
GCF_022690085.1.fna,GCF_031728115.1.fna,0.969957,0.9565217391304348,1
GCF_022690085.1.fna,GCF_031728155.1.fna,0.9706959999999999,0.9565217391304348,1
GCF_022690085.1.fna,GCF_031728235.1.fna,0.9679829999999999,0.9130434782608695,1
GCF_022690085.1.fna,GCF_031728275.1.fna,0.974041,0.9130434782608695,1
GCF_022690085.1.fna,GCF_031728295.1.fna,0.970355,0.9565217391304348,1
GCF_022690085.1.fna,GCF_031728315.1.fna,0.9691649999999999,0.9565217391304348,1
GCF_022690085.1.fna,GCF_031728335.1.fna,0.96899,0.9130434782608695,1
GCF_022690085.1.fna,GCF_031728415.1.fna,0.972568,0.9130434782608695,1
GCF_022690085.1.fna,GCF_031728455.1.fna,0.9724200000000001,0.9130434782608695,1
GCF_022690085.1.fna,GCF_031728475.1.fna,0.9703459999999999,0.9565217391304348,1
GCF_022690085.1.fna,GCF_031728495.1.fna,0.97253,0.9130434782608695,1
GCF_022690085.1.fna,GCF_031728515.1.fna,0.952224,0.9130434782608695,1
GCF_022690085.1.fna,GCF_031728555.1.fna,0.969228,0.9130434782608695,1
GCF_022690085.1.fna,GCF_031728675.1.fna,0.974084,0.9130434782608695,1
GCF_022690085.1.fna,GCF_031728695.1.fna,0.97458,0.9130434782608695,1
GCF_022690085.1.fna,GCF_031728715.1.fna,0.9748699999999999,0.9130434782608695,1
GCF_022690085.1.fna,GCF_031728735.1.fna,0.968618,0.9565217391304348,1
GCF_022690085.1.fna,GCF_031728745.1.fna,0.968797,0.9130434782608695,1
GCF_022690085.1.fna,GCF_031728795.1.fna,0.974691,0.9130434782608695,1
GCF_022690085.1.fna,GCF_031728835.1.fna,0.969149,0.9130434782608695,1
GCF_022690085.1.fna,GCF_031728895.1.fna,0.973391,0.9130434782608695,1
GCF_022690085.1.fna,GCF_031729015.1.fna,0.975212,0.8695652173913043,1
GCF_022690085.1.fna,GCF_036419895.1.fna,0.974898,0.9130434782608695,1
GCF_022690085.1.fna,GCF_036420075.1.fna,0.962863,0.8695652173913043,1
GCF_022690085.1.fna,GCF_037694985.1.fna,0.9688120000000001,0.9565217391304348,1
GCF_022690085.1.fna,GCF_037695175.1.fna,0.973835,0.8695652173913043,1
GCF_022690085.1.fna,GCF_037700135.1.fna,0.969491,0.9565217391304348,1
GCF_022690085.1.fna,GCF_037700155.1.fna,0.9703409999999999,0.9565217391304348,1
GCF_022690085.1.fna,GCF_037700295.1.fna,0.9702419999999999,0.9130434782608695,1
GCF_022690085.1.fna,GCF_037700315.1.fna,0.9750279999999999,0.9130434782608695,1
GCF_022690085.1.fna,GCF_037700375.1.fna,0.9737260000000001,0.9130434782608695,1
GCF_022690085.1.fna,GCF_037700455.1.fna,0.9738500000000001,0.9130434782608695,1
GCF_022690085.1.fna,GCF_040947025.1.fna,0.97036,0.9565217391304348,1
GCF_022690085.1.fna,GCF_040947065.1.fna,0.971418,0.9130434782608695,1
GCF_022690085.1.fna,GCF_040947125.1.fna,0.973724,0.8695652173913043,1
GCF_022690085.1.fna,GCF_040947205.1.fna,0.9698749999999999,0.9130434782608695,1
GCF_022690085.1.fna,GCF_040947225.1.fna,0.972175,0.9130434782608695,1
GCF_022690085.1.fna,GCF_040947605.1.fna,0.9690460000000001,0.9130434782608695,1
GCF_022690085.1.fna,GCF_040947645.1.fna,0.9690460000000001,0.9130434782608695,1
GCF_022690085.1.fna,GCF_047653515.1.fna,0.969615,0.9130434782608695,1
GCF_022690085.1.fna,GCF_047653525.1.fna,0.9698749999999999,0.9565217391304348,1
GCF_022690085.1.fna,GCF_052950835.1.fna,0.973152,0.8695652173913043,1
GCF_022690085.1.fna,GCF_900458635.1.fna,0.9735290000000001,0.8695652173913043,1
GCF_022690085.1.fna,GCF_964211265.1.fna,0.973672,0.9130434782608695,1
GCF_022690105.1.fna,GCF_000269685.1.fna,0.993412,1.0,1
GCF_022690105.1.fna,GCF_002901845.1.fna,0.974958,0.9090909090909091,1
GCF_022690105.1.fna,GCF_013267575.1.fna,0.9757210000000001,0.9545454545454546,1
GCF_022690105.1.fna,GCF_015274535.1.fna,0.9963110000000001,0.9545454545454546,1
GCF_022690105.1.fna,GCF_015274585.1.fna,0.9963110000000001,0.9545454545454546,1
GCF_022690105.1.fna,GCF_015274655.1.fna,0.9963110000000001,0.9545454545454546,1
GCF_022690105.1.fna,GCF_015274675.1.fna,0.993651,1.0,1
GCF_022690105.1.fna,GCF_017315625.1.fna,0.99272,1.0,1
GCF_022690105.1.fna,GCF_017315645.1.fna,0.994224,0.9545454545454546,1
GCF_022690105.1.fna,GCF_022689565.1.fna,0.993939,0.9090909090909091,1
GCF_022690105.1.fna,GCF_022689575.1.fna,0.9740810000000001,1.0,1
GCF_022690105.1.fna,GCF_022689615.1.fna,0.996891,0.9090909090909091,1
GCF_022690105.1.fna,GCF_022689645.1.fna,0.9751819999999999,0.9090909090909091,1
GCF_022690105.1.fna,GCF_022689665.1.fna,0.97392,1.0,1
GCF_022690105.1.fna,GCF_022689675.1.fna,0.996876,0.9545454545454546,1
GCF_022690105.1.fna,GCF_022689705.1.fna,0.9755710000000001,0.9545454545454546,1
GCF_022690105.1.fna,GCF_022689725.1.fna,0.9740810000000001,1.0,1
GCF_022690105.1.fna,GCF_022689745.1.fna,0.996765,0.9545454545454546,1
GCF_022690105.1.fna,GCF_022689765.1.fna,0.98745,1.0,1
GCF_022690105.1.fna,GCF_022689775.1.fna,0.9753879999999999,0.9090909090909091,1
GCF_022690105.1.fna,GCF_022689785.1.fna,0.9758910000000001,0.9545454545454546,1
GCF_022690105.1.fna,GCF_022689825.1.fna,0.98745,1.0,1
GCF_022690105.1.fna,GCF_022689845.1.fna,0.997051,0.9090909090909091,1
GCF_022690105.1.fna,GCF_022689855.1.fna,0.975046,0.9545454545454546,1
GCF_022690105.1.fna,GCF_022689905.1.fna,0.995945,0.9545454545454546,1
GCF_022690105.1.fna,GCF_022689925.1.fna,0.9685349999999999,0.8636363636363636,1
GCF_022690105.1.fna,GCF_022689945.1.fna,0.986414,0.8636363636363636,1
GCF_022690105.1.fna,GCF_022689965.1.fna,0.99344,0.9545454545454546,1
GCF_022690105.1.fna,GCF_022689975.1.fna,0.98745,1.0,1
GCF_022690105.1.fna,GCF_022690005.1.fna,0.9770449999999999,0.9545454545454546,1
GCF_022690105.1.fna,GCF_022690025.1.fna,0.9684189999999999,1.0,1
GCF_022690105.1.fna,GCF_022690045.1.fna,0.9770449999999999,0.9545454545454546,1
GCF_022690105.1.fna,GCF_022690065.1.fna,0.9967199999999999,0.9545454545454546,1
GCF_022690105.1.fna,GCF_022690085.1.fna,0.9684579999999999,0.9545454545454546,1
GCF_022690105.1.fna,GCF_022690105.1.fna,1.0,1.0,1
GCF_022690105.1.fna,GCF_022690115.1.fna,0.977947,0.9545454545454546,1
GCF_022690105.1.fna,GCF_022690145.1.fna,0.9967199999999999,0.9545454545454546,1
GCF_022690105.1.fna,GCF_022690165.1.fna,0.996729,0.9545454545454546,1
GCF_022690105.1.fna,GCF_022690185.1.fna,0.975829,0.9545454545454546,1
GCF_022690105.1.fna,GCF_022690205.1.fna,0.975363,0.9090909090909091,1
GCF_022690105.1.fna,GCF_022690225.1.fna,0.97639,0.9090909090909091,1
GCF_022690105.1.fna,GCF_022690245.1.fna,0.997055,0.9545454545454546,1
GCF_022690105.1.fna,GCF_022690265.1.fna,0.9967,0.9545454545454546,1
GCF_022690105.1.fna,GCF_022690275.1.fna,0.9947110000000001,1.0,1
GCF_022690105.1.fna,GCF_022690295.1.fna,0.977716,0.9090909090909091,1
GCF_022690105.1.fna,GCF_022690325.1.fna,0.970982,1.0,1
GCF_022690105.1.fna,GCF_022690345.1.fna,0.992059,1.0,1
GCF_022690105.1.fna,GCF_022690375.1.fna,0.9762869999999999,0.9545454545454546,1
GCF_022690105.1.fna,GCF_022690385.1.fna,0.9968309999999999,0.9545454545454546,1
GCF_022690105.1.fna,GCF_022690425.1.fna,0.995476,0.9545454545454546,1
GCF_022690105.1.fna,GCF_025143205.1.fna,0.9969499999999999,0.9545454545454546,1
GCF_022690105.1.fna,GCF_025143445.1.fna,0.9751430000000001,0.9090909090909091,1
GCF_022690105.1.fna,GCF_025143615.1.fna,0.975939,0.9545454545454546,1
GCF_022690105.1.fna,GCF_029926865.1.fna,0.9850180000000001,1.0,1
GCF_022690105.1.fna,GCF_029926905.1.fna,0.9850180000000001,1.0,1
GCF_022690105.1.fna,GCF_029926915.1.fna,0.9850180000000001,1.0,1
GCF_022690105.1.fna,GCF_031631055.1.fna,0.9786079999999999,0.8636363636363636,1
GCF_022690105.1.fna,GCF_031727055.1.fna,0.974918,0.9545454545454546,1
GCF_022690105.1.fna,GCF_031727075.1.fna,0.996875,0.9545454545454546,1
GCF_022690105.1.fna,GCF_031727235.1.fna,0.975046,0.9545454545454546,1
GCF_022690105.1.fna,GCF_031727255.1.fna,0.977716,0.9090909090909091,1
GCF_022690105.1.fna,GCF_031727275.1.fna,0.96831,0.9545454545454546,1
GCF_022690105.1.fna,GCF_031727355.1.fna,0.993939,0.9090909090909091,1
GCF_022690105.1.fna,GCF_031727455.1.fna,0.968156,0.9090909090909091,1
GCF_022690105.1.fna,GCF_031727535.1.fna,0.975607,0.9545454545454546,1
GCF_022690105.1.fna,GCF_031728075.1.fna,0.995476,0.9545454545454546,1
GCF_022690105.1.fna,GCF_031728095.1.fna,0.975326,0.9545454545454546,1
GCF_022690105.1.fna,GCF_031728115.1.fna,0.997038,0.9545454545454546,1
GCF_022690105.1.fna,GCF_031728155.1.fna,0.9935339999999999,1.0,1
GCF_022690105.1.fna,GCF_031728235.1.fna,0.994699,1.0,1
GCF_022690105.1.fna,GCF_031728275.1.fna,0.975708,0.9545454545454546,1
GCF_022690105.1.fna,GCF_031728295.1.fna,0.99452,0.9545454545454546,1
GCF_022690105.1.fna,GCF_031728315.1.fna,0.995945,0.9545454545454546,1
GCF_022690105.1.fna,GCF_031728335.1.fna,1.0,1.0,1
GCF_022690105.1.fna,GCF_031728415.1.fna,0.9701569999999999,1.0,1
GCF_022690105.1.fna,GCF_031728455.1.fna,0.976626,0.9545454545454546,1
GCF_022690105.1.fna,GCF_031728475.1.fna,0.9939239999999999,0.9545454545454546,1
GCF_022690105.1.fna,GCF_031728495.1.fna,0.9701470000000001,1.0,1
GCF_022690105.1.fna,GCF_031728515.1.fna,0.9867910000000001,0.8636363636363636,1
GCF_022690105.1.fna,GCF_031728555.1.fna,0.996729,0.9545454545454546,1
GCF_022690105.1.fna,GCF_031728675.1.fna,0.975636,0.9545454545454546,1
GCF_022690105.1.fna,GCF_031728695.1.fna,0.975073,0.9545454545454546,1
GCF_022690105.1.fna,GCF_031728715.1.fna,0.975799,0.9545454545454546,1
GCF_022690105.1.fna,GCF_031728735.1.fna,0.9955660000000001,0.9090909090909091,1
GCF_022690105.1.fna,GCF_031728745.1.fna,0.9969119999999999,0.9545454545454546,1
GCF_022690105.1.fna,GCF_031728795.1.fna,0.975878,0.9545454545454546,1
GCF_022690105.1.fna,GCF_031728835.1.fna,0.996219,0.9545454545454546,1
GCF_022690105.1.fna,GCF_031728895.1.fna,0.975848,0.9545454545454546,1
GCF_022690105.1.fna,GCF_031729015.1.fna,0.965367,0.9545454545454546,1
GCF_022690105.1.fna,GCF_036419895.1.fna,0.966532,1.0,1
GCF_022690105.1.fna,GCF_036420075.1.fna,0.986414,0.8636363636363636,1
GCF_022690105.1.fna,GCF_037694985.1.fna,0.983836,1.0,1
GCF_022690105.1.fna,GCF_037695175.1.fna,0.9671810000000001,0.9545454545454546,1
GCF_022690105.1.fna,GCF_037700135.1.fna,0.996938,0.9545454545454546,1
GCF_022690105.1.fna,GCF_037700155.1.fna,0.994873,0.9545454545454546,1
GCF_022690105.1.fna,GCF_037700295.1.fna,0.996812,0.9090909090909091,1
GCF_022690105.1.fna,GCF_037700315.1.fna,0.975832,0.9545454545454546,1
GCF_022690105.1.fna,GCF_037700375.1.fna,0.975626,0.9545454545454546,1
GCF_022690105.1.fna,GCF_037700455.1.fna,0.975916,0.9545454545454546,1
GCF_022690105.1.fna,GCF_040947025.1.fna,0.991735,0.9545454545454546,1
GCF_022690105.1.fna,GCF_040947065.1.fna,0.98123,0.9545454545454546,1
GCF_022690105.1.fna,GCF_040947125.1.fna,0.968264,0.9545454545454546,1
GCF_022690105.1.fna,GCF_040947205.1.fna,0.9966750000000001,0.9090909090909091,1
GCF_022690105.1.fna,GCF_040947225.1.fna,0.9786069999999999,0.9545454545454546,1
GCF_022690105.1.fna,GCF_040947605.1.fna,0.997355,0.9545454545454546,1
GCF_022690105.1.fna,GCF_040947645.1.fna,0.997355,0.9545454545454546,1
GCF_022690105.1.fna,GCF_047653515.1.fna,0.985823,1.0,1
GCF_022690105.1.fna,GCF_047653525.1.fna,0.9956699999999999,1.0,1
GCF_022690105.1.fna,GCF_052950835.1.fna,0.971952,0.9090909090909091,1
GCF_022690105.1.fna,GCF_900458635.1.fna,0.974958,0.9090909090909091,1
GCF_022690105.1.fna,GCF_964211265.1.fna,0.976614,0.9545454545454546,1
GCF_022690115.1.fna,GCF_000269685.1.fna,0.977524,0.84,1
GCF_022690115.1.fna,GCF_002901845.1.fna,0.974757,0.8,1
GCF_022690115.1.fna,GCF_013267575.1.fna,0.973797,0.8,1
GCF_022690115.1.fna,GCF_015274535.1.fna,0.986173,0.8,1
GCF_022690115.1.fna,GCF_015274585.1.fna,0.986173,0.8,1
GCF_022690115.1.fna,GCF_015274655.1.fna,0.986173,0.8,1
GCF_022690115.1.fna,GCF_015274675.1.fna,0.9774769999999999,0.84,1
GCF_022690115.1.fna,GCF_017315625.1.fna,0.9775,0.84,1
GCF_022690115.1.fna,GCF_017315645.1.fna,0.9853019999999999,0.84,1
GCF_022690115.1.fna,GCF_022689565.1.fna,0.986506,0.8,1
GCF_022690115.1.fna,GCF_022689575.1.fna,0.968558,0.88,1
GCF_022690115.1.fna,GCF_022689615.1.fna,0.9876220000000001,0.76,1
GCF_022690115.1.fna,GCF_022689645.1.fna,0.9749479999999999,0.8,1
GCF_022690115.1.fna,GCF_022689665.1.fna,0.968312,0.88,1
GCF_022690115.1.fna,GCF_022689675.1.fna,0.986853,0.8,1
GCF_022690115.1.fna,GCF_022689705.1.fna,0.974632,0.84,1
GCF_022690115.1.fna,GCF_022689725.1.fna,0.96882,0.88,1
GCF_022690115.1.fna,GCF_022689745.1.fna,0.986965,0.8,1
GCF_022690115.1.fna,GCF_022689765.1.fna,0.9835039999999999,0.84,1
GCF_022690115.1.fna,GCF_022689775.1.fna,0.9739,0.8,1
GCF_022690115.1.fna,GCF_022689785.1.fna,0.9732160000000001,0.84,1
GCF_022690115.1.fna,GCF_022689825.1.fna,0.9835039999999999,0.84,1
GCF_022690115.1.fna,GCF_022689845.1.fna,0.987457,0.76,1
GCF_022690115.1.fna,GCF_022689855.1.fna,0.9735729999999999,0.84,1
GCF_022690115.1.fna,GCF_022689905.1.fna,0.986601,0.8,1
GCF_022690115.1.fna,GCF_022689925.1.fna,0.968463,0.76,1
GCF_022690115.1.fna,GCF_022689945.1.fna,0.9725050000000001,0.8,1
GCF_022690115.1.fna,GCF_022689965.1.fna,0.985462,0.84,1
GCF_022690115.1.fna,GCF_022689975.1.fna,0.9833240000000001,0.84,1
GCF_022690115.1.fna,GCF_022690005.1.fna,0.974774,0.84,1
GCF_022690115.1.fna,GCF_022690025.1.fna,0.971189,0.88,1
GCF_022690115.1.fna,GCF_022690045.1.fna,0.974774,0.84,1
GCF_022690115.1.fna,GCF_022690065.1.fna,0.9867170000000001,0.8,1
GCF_022690115.1.fna,GCF_022690085.1.fna,0.9673430000000001,0.84,1
GCF_022690115.1.fna,GCF_022690105.1.fna,0.9779300000000001,0.84,1
GCF_022690115.1.fna,GCF_022690115.1.fna,1.0,1.0,1
GCF_022690115.1.fna,GCF_022690145.1.fna,0.9867170000000001,0.8,1
GCF_022690115.1.fna,GCF_022690165.1.fna,0.986939,0.8,1
GCF_022690115.1.fna,GCF_022690185.1.fna,0.973078,0.84,1
GCF_022690115.1.fna,GCF_022690205.1.fna,0.97387,0.8,1
GCF_022690115.1.fna,GCF_022690225.1.fna,0.9754989999999999,0.8,1
GCF_022690115.1.fna,GCF_022690245.1.fna,0.9864879999999999,0.8,1
GCF_022690115.1.fna,GCF_022690265.1.fna,0.986694,0.8,1
GCF_022690115.1.fna,GCF_022690275.1.fna,0.9765389999999999,0.8,1
GCF_022690115.1.fna,GCF_022690295.1.fna,0.9795950000000001,0.8,1
GCF_022690115.1.fna,GCF_022690325.1.fna,0.967333,0.88,1
GCF_022690115.1.fna,GCF_022690345.1.fna,0.974109,0.88,1
GCF_022690115.1.fna,GCF_022690375.1.fna,0.97481,0.8,1
GCF_022690115.1.fna,GCF_022690385.1.fna,0.98665,0.8,1
GCF_022690115.1.fna,GCF_022690425.1.fna,0.9845430000000001,0.84,1
GCF_022690115.1.fna,GCF_025143205.1.fna,0.987082,0.8,1
GCF_022690115.1.fna,GCF_025143445.1.fna,0.97422,0.8,1
GCF_022690115.1.fna,GCF_025143615.1.fna,0.973621,0.84,1
GCF_022690115.1.fna,GCF_029926865.1.fna,0.9788420000000001,0.96,1
GCF_022690115.1.fna,GCF_029926905.1.fna,0.9788420000000001,0.96,1
GCF_022690115.1.fna,GCF_029926915.1.fna,0.9788420000000001,0.96,1
GCF_022690115.1.fna,GCF_031631055.1.fna,0.9759610000000001,0.8,1
GCF_022690115.1.fna,GCF_031727055.1.fna,0.9743609999999999,0.84,1
GCF_022690115.1.fna,GCF_031727075.1.fna,0.986853,0.8,1
GCF_022690115.1.fna,GCF_031727235.1.fna,0.9739,0.84,1
GCF_022690115.1.fna,GCF_031727255.1.fna,0.9795950000000001,0.8,1
GCF_022690115.1.fna,GCF_031727275.1.fna,0.9721989999999999,0.84,1
GCF_022690115.1.fna,GCF_031727355.1.fna,0.986506,0.8,1
GCF_022690115.1.fna,GCF_031727455.1.fna,0.968398,0.8,1
GCF_022690115.1.fna,GCF_031727535.1.fna,0.974418,0.84,1
GCF_022690115.1.fna,GCF_031728075.1.fna,0.9845430000000001,0.84,1
GCF_022690115.1.fna,GCF_031728095.1.fna,0.973311,0.84,1
GCF_022690115.1.fna,GCF_031728115.1.fna,0.9860479999999999,0.8,1
GCF_022690115.1.fna,GCF_031728155.1.fna,0.9756529999999999,0.88,1
GCF_022690115.1.fna,GCF_031728235.1.fna,0.977764,0.84,1
GCF_022690115.1.fna,GCF_031728275.1.fna,0.974377,0.84,1
GCF_022690115.1.fna,GCF_031728295.1.fna,0.985239,0.84,1
GCF_022690115.1.fna,GCF_031728315.1.fna,0.986789,0.8,1
GCF_022690115.1.fna,GCF_031728335.1.fna,0.975724,0.88,1
GCF_022690115.1.fna,GCF_031728415.1.fna,0.9736920000000001,0.88,1
GCF_022690115.1.fna,GCF_031728455.1.fna,0.97524,0.8,1
GCF_022690115.1.fna,GCF_031728475.1.fna,0.985754,0.8,1
GCF_022690115.1.fna,GCF_031728495.1.fna,0.97393,0.88,1
GCF_022690115.1.fna,GCF_031728515.1.fna,0.9725020000000001,0.8,1
GCF_022690115.1.fna,GCF_031728555.1.fna,0.984053,0.84,1
GCF_022690115.1.fna,GCF_031728675.1.fna,0.9734520000000001,0.84,1
GCF_022690115.1.fna,GCF_031728695.1.fna,0.972988,0.84,1
GCF_022690115.1.fna,GCF_031728715.1.fna,0.9733660000000001,0.84,1
GCF_022690115.1.fna,GCF_031728735.1.fna,0.9845010000000001,0.84,1
GCF_022690115.1.fna,GCF_031728745.1.fna,0.9871800000000001,0.76,1
GCF_022690115.1.fna,GCF_031728795.1.fna,0.97367,0.84,1
GCF_022690115.1.fna,GCF_031728835.1.fna,0.986664,0.8,1
GCF_022690115.1.fna,GCF_031728895.1.fna,0.974205,0.84,1
GCF_022690115.1.fna,GCF_031729015.1.fna,0.969186,0.84,1
GCF_022690115.1.fna,GCF_036419895.1.fna,0.969603,0.88,1
GCF_022690115.1.fna,GCF_036420075.1.fna,0.9725050000000001,0.8,1
GCF_022690115.1.fna,GCF_037694985.1.fna,0.980606,0.84,1
GCF_022690115.1.fna,GCF_037695175.1.fna,0.973433,0.84,1
GCF_022690115.1.fna,GCF_037700135.1.fna,0.98607,0.8,1
GCF_022690115.1.fna,GCF_037700155.1.fna,0.9849800000000001,0.84,1
GCF_022690115.1.fna,GCF_037700295.1.fna,0.986221,0.8,1
GCF_022690115.1.fna,GCF_037700315.1.fna,0.973276,0.84,1
GCF_022690115.1.fna,GCF_037700375.1.fna,0.9743160000000001,0.84,1
GCF_022690115.1.fna,GCF_037700455.1.fna,0.9748739999999999,0.84,1
GCF_022690115.1.fna,GCF_040947025.1.fna,0.983392,0.84,1
GCF_022690115.1.fna,GCF_040947065.1.fna,0.9766419999999999,0.84,1
GCF_022690115.1.fna,GCF_040947125.1.fna,0.9723869999999999,0.84,1
GCF_022690115.1.fna,GCF_040947205.1.fna,0.985799,0.8,1
GCF_022690115.1.fna,GCF_040947225.1.fna,0.976311,0.84,1
GCF_022690115.1.fna,GCF_040947605.1.fna,0.9852989999999999,0.84,1
GCF_022690115.1.fna,GCF_040947645.1.fna,0.986289,0.8,1
GCF_022690115.1.fna,GCF_047653515.1.fna,0.982984,0.84,1
GCF_022690115.1.fna,GCF_047653525.1.fna,0.9844729999999999,0.84,1
GCF_022690115.1.fna,GCF_052950835.1.fna,0.9691379999999999,0.8,1
GCF_022690115.1.fna,GCF_900458635.1.fna,0.971371,0.84,1
GCF_022690115.1.fna,GCF_964211265.1.fna,0.9745820000000001,0.84,1
GCF_022690145.1.fna,GCF_000269685.1.fna,0.9870099999999999,0.8571428571428571,1
GCF_022690145.1.fna,GCF_002901845.1.fna,0.970126,0.7857142857142857,1
GCF_022690145.1.fna,GCF_013267575.1.fna,0.975938,0.75,1
GCF_022690145.1.fna,GCF_015274535.1.fna,0.9957210000000001,0.7857142857142857,1
GCF_022690145.1.fna,GCF_015274585.1.fna,0.9966119999999999,0.75,1
GCF_022690145.1.fna,GCF_015274655.1.fna,0.996,0.7857142857142857,1
GCF_022690145.1.fna,GCF_015274675.1.fna,0.98811,0.8571428571428571,1
GCF_022690145.1.fna,GCF_017315625.1.fna,0.994008,0.7857142857142857,1
GCF_022690145.1.fna,GCF_017315645.1.fna,0.986832,0.8571428571428571,1
GCF_022690145.1.fna,GCF_022689565.1.fna,0.9935339999999999,0.75,1
GCF_022690145.1.fna,GCF_022689575.1.fna,0.973719,0.7857142857142857,1
GCF_022690145.1.fna,GCF_022689615.1.fna,0.99548,0.75,1
GCF_022690145.1.fna,GCF_022689645.1.fna,0.9738030000000001,0.75,1
GCF_022690145.1.fna,GCF_022689665.1.fna,0.973549,0.7857142857142857,1
GCF_022690145.1.fna,GCF_022689675.1.fna,0.995486,0.7857142857142857,1
GCF_022690145.1.fna,GCF_022689705.1.fna,0.975807,0.75,1
GCF_022690145.1.fna,GCF_022689725.1.fna,0.973719,0.7857142857142857,1
GCF_022690145.1.fna,GCF_022689745.1.fna,0.995212,0.7857142857142857,1
GCF_022690145.1.fna,GCF_022689765.1.fna,0.99521,0.7857142857142857,1
GCF_022690145.1.fna,GCF_022689775.1.fna,0.967493,0.7857142857142857,1
GCF_022690145.1.fna,GCF_022689785.1.fna,0.9759680000000001,0.75,1
GCF_022690145.1.fna,GCF_022689825.1.fna,0.993542,0.7857142857142857,1
GCF_022690145.1.fna,GCF_022689845.1.fna,0.988051,0.8928571428571429,1
GCF_022690145.1.fna,GCF_022689855.1.fna,0.970554,0.8214285714285714,1
GCF_022690145.1.fna,GCF_022689905.1.fna,0.9867659999999999,0.8928571428571429,1
GCF_022690145.1.fna,GCF_022689925.1.fna,0.967923,0.7142857142857143,1
GCF_022690145.1.fna,GCF_022689945.1.fna,0.975957,0.75,1
GCF_022690145.1.fna,GCF_022689965.1.fna,0.9856189999999999,0.8928571428571429,1
GCF_022690145.1.fna,GCF_022689975.1.fna,0.9969929999999999,0.75,1
GCF_022690145.1.fna,GCF_022690005.1.fna,0.9771129999999999,0.75,1
GCF_022690145.1.fna,GCF_022690025.1.fna,0.971305,0.8214285714285714,1
GCF_022690145.1.fna,GCF_022690045.1.fna,0.9771129999999999,0.75,1
GCF_022690145.1.fna,GCF_022690065.1.fna,0.9999089999999999,1.0,1
GCF_022690145.1.fna,GCF_022690085.1.fna,0.9687730000000001,0.75,1
GCF_022690145.1.fna,GCF_022690105.1.fna,0.996729,0.75,1
GCF_022690145.1.fna,GCF_022690115.1.fna,0.978197,0.75,1
GCF_022690145.1.fna,GCF_022690145.1.fna,1.0,1.0,1
GCF_022690145.1.fna,GCF_022690165.1.fna,1.0,0.9642857142857143,1
GCF_022690145.1.fna,GCF_022690185.1.fna,0.969026,0.7857142857142857,1
GCF_022690145.1.fna,GCF_022690205.1.fna,0.970408,0.7857142857142857,1
GCF_022690145.1.fna,GCF_022690225.1.fna,0.9746779999999999,0.75,1
GCF_022690145.1.fna,GCF_022690245.1.fna,0.99617,0.7857142857142857,1
GCF_022690145.1.fna,GCF_022690265.1.fna,0.999984,0.8571428571428571,1
GCF_022690145.1.fna,GCF_022690275.1.fna,0.9956910000000001,0.75,1
GCF_022690145.1.fna,GCF_022690295.1.fna,0.9700270000000001,0.8214285714285714,1
GCF_022690145.1.fna,GCF_022690325.1.fna,0.975758,0.75,1
GCF_022690145.1.fna,GCF_022690345.1.fna,0.9913,0.7857142857142857,1
GCF_022690145.1.fna,GCF_022690375.1.fna,0.9738549999999999,0.8214285714285714,1
GCF_022690145.1.fna,GCF_022690385.1.fna,0.9934869999999999,0.7857142857142857,1
GCF_022690145.1.fna,GCF_022690425.1.fna,0.993739,0.8214285714285714,1
GCF_022690145.1.fna,GCF_025143205.1.fna,0.9993989999999999,0.8214285714285714,1
GCF_022690145.1.fna,GCF_025143445.1.fna,0.963331,0.7857142857142857,1
GCF_022690145.1.fna,GCF_025143615.1.fna,0.973716,0.7857142857142857,1
GCF_022690145.1.fna,GCF_029926865.1.fna,0.992604,0.7857142857142857,1
GCF_022690145.1.fna,GCF_029926905.1.fna,0.9926470000000001,0.7857142857142857,1
GCF_022690145.1.fna,GCF_029926915.1.fna,0.9926470000000001,0.7857142857142857,1
GCF_022690145.1.fna,GCF_031631055.1.fna,0.9621590000000001,0.8214285714285714,1
GCF_022690145.1.fna,GCF_031727055.1.fna,0.9694759999999999,0.8571428571428571,1
GCF_022690145.1.fna,GCF_031727075.1.fna,0.9955379999999999,0.7857142857142857,1
GCF_022690145.1.fna,GCF_031727235.1.fna,0.970553,0.8214285714285714,1
GCF_022690145.1.fna,GCF_031727255.1.fna,0.971451,0.7857142857142857,1
GCF_022690145.1.fna,GCF_031727275.1.fna,0.976225,0.7142857142857143,1
GCF_022690145.1.fna,GCF_031727355.1.fna,0.9950570000000001,0.75,1
GCF_022690145.1.fna,GCF_031727455.1.fna,0.968561,0.7142857142857143,1
GCF_022690145.1.fna,GCF_031727535.1.fna,0.97395,0.7857142857142857,1
GCF_022690145.1.fna,GCF_031728075.1.fna,0.9935309999999999,0.8214285714285714,1
GCF_022690145.1.fna,GCF_031728095.1.fna,0.9693609999999999,0.8214285714285714,1
GCF_022690145.1.fna,GCF_031728115.1.fna,0.994387,0.7857142857142857,1
GCF_022690145.1.fna,GCF_031728155.1.fna,0.992326,0.7857142857142857,1
GCF_022690145.1.fna,GCF_031728235.1.fna,0.994679,0.8214285714285714,1
GCF_022690145.1.fna,GCF_031728275.1.fna,0.975813,0.75,1
GCF_022690145.1.fna,GCF_031728295.1.fna,0.987577,0.8571428571428571,1
GCF_022690145.1.fna,GCF_031728315.1.fna,0.987445,0.8571428571428571,1
GCF_022690145.1.fna,GCF_031728335.1.fna,0.9818680000000001,0.8928571428571429,1
GCF_022690145.1.fna,GCF_031728415.1.fna,0.9651510000000001,0.8214285714285714,1
GCF_022690145.1.fna,GCF_031728455.1.fna,0.976841,0.75,1
GCF_022690145.1.fna,GCF_031728475.1.fna,0.9939579999999999,0.8214285714285714,1
GCF_022690145.1.fna,GCF_031728495.1.fna,0.97384,0.7857142857142857,1
GCF_022690145.1.fna,GCF_031728515.1.fna,0.980641,0.7142857142857143,1
GCF_022690145.1.fna,GCF_031728555.1.fna,0.9992570000000001,1.0,1
GCF_022690145.1.fna,GCF_031728675.1.fna,0.975813,0.75,1
GCF_022690145.1.fna,GCF_031728695.1.fna,0.974384,0.7857142857142857,1
GCF_022690145.1.fna,GCF_031728715.1.fna,0.975939,0.75,1
GCF_022690145.1.fna,GCF_031728735.1.fna,0.985973,0.8928571428571429,1
GCF_022690145.1.fna,GCF_031728745.1.fna,0.988812,0.8571428571428571,1
GCF_022690145.1.fna,GCF_031728795.1.fna,0.9756480000000001,0.7857142857142857,1
GCF_022690145.1.fna,GCF_031728835.1.fna,0.997825,0.8214285714285714,1
GCF_022690145.1.fna,GCF_031728895.1.fna,0.9693930000000001,0.8214285714285714,1
GCF_022690145.1.fna,GCF_031729015.1.fna,0.975236,0.7142857142857143,1
GCF_022690145.1.fna,GCF_036419895.1.fna,0.975982,0.75,1
GCF_022690145.1.fna,GCF_036420075.1.fna,0.975957,0.75,1
GCF_022690145.1.fna,GCF_037694985.1.fna,0.987594,0.8571428571428571,1
GCF_022690145.1.fna,GCF_037695175.1.fna,0.9749890000000001,0.7142857142857143,1
GCF_022690145.1.fna,GCF_037700135.1.fna,0.99473,0.8214285714285714,1
GCF_022690145.1.fna,GCF_037700155.1.fna,0.993744,0.7857142857142857,1
GCF_022690145.1.fna,GCF_037700295.1.fna,0.9893770000000001,0.75,1
GCF_022690145.1.fna,GCF_037700315.1.fna,0.966512,0.8214285714285714,1
GCF_022690145.1.fna,GCF_037700375.1.fna,0.963917,0.8571428571428571,1
GCF_022690145.1.fna,GCF_037700455.1.fna,0.9641580000000001,0.8571428571428571,1
GCF_022690145.1.fna,GCF_040947025.1.fna,0.9858450000000001,0.8214285714285714,1
GCF_022690145.1.fna,GCF_040947065.1.fna,0.978875,0.7857142857142857,1
GCF_022690145.1.fna,GCF_040947125.1.fna,0.962042,0.8214285714285714,1
GCF_022690145.1.fna,GCF_040947205.1.fna,0.984892,0.7857142857142857,1
GCF_022690145.1.fna,GCF_040947225.1.fna,0.978835,0.75,1
GCF_022690145.1.fna,GCF_040947605.1.fna,0.997628,0.75,1
GCF_022690145.1.fna,GCF_040947645.1.fna,0.997628,0.75,1
GCF_022690145.1.fna,GCF_047653515.1.fna,0.995685,0.7857142857142857,1
GCF_022690145.1.fna,GCF_047653525.1.fna,0.9847830000000001,0.8571428571428571,1
GCF_022690145.1.fna,GCF_052950835.1.fna,0.9726680000000001,0.75,1
GCF_022690145.1.fna,GCF_900458635.1.fna,0.970126,0.7857142857142857,1
GCF_022690145.1.fna,GCF_964211265.1.fna,0.9697790000000001,0.8214285714285714,1
GCF_022690165.1.fna,GCF_000269685.1.fna,0.987023,0.8888888888888888,1
GCF_022690165.1.fna,GCF_002901845.1.fna,0.970126,0.8148148148148148,1
GCF_022690165.1.fna,GCF_013267575.1.fna,0.975332,0.7407407407407407,1
GCF_022690165.1.fna,GCF_015274535.1.fna,0.9966079999999999,0.7777777777777778,1
GCF_022690165.1.fna,GCF_015274585.1.fna,0.9966079999999999,0.7777777777777778,1
GCF_022690165.1.fna,GCF_015274655.1.fna,0.9966079999999999,0.7777777777777778,1
GCF_022690165.1.fna,GCF_015274675.1.fna,0.98869,0.8518518518518519,1
GCF_022690165.1.fna,GCF_017315625.1.fna,0.993973,0.7777777777777778,1
GCF_022690165.1.fna,GCF_017315645.1.fna,0.986371,0.8518518518518519,1
GCF_022690165.1.fna,GCF_022689565.1.fna,0.994896,0.7407407407407407,1
GCF_022690165.1.fna,GCF_022689575.1.fna,0.973304,0.8148148148148148,1
GCF_022690165.1.fna,GCF_022689615.1.fna,0.9961279999999999,0.7407407407407407,1
GCF_022690165.1.fna,GCF_022689645.1.fna,0.9738030000000001,0.7777777777777778,1
GCF_022690165.1.fna,GCF_022689665.1.fna,0.973042,0.8148148148148148,1
GCF_022690165.1.fna,GCF_022689675.1.fna,0.996103,0.7777777777777778,1
GCF_022690165.1.fna,GCF_022689705.1.fna,0.975621,0.7777777777777778,1
GCF_022690165.1.fna,GCF_022689725.1.fna,0.97351,0.8148148148148148,1
GCF_022690165.1.fna,GCF_022689745.1.fna,0.996016,0.7777777777777778,1
GCF_022690165.1.fna,GCF_022689765.1.fna,0.996986,0.7777777777777778,1
GCF_022690165.1.fna,GCF_022689775.1.fna,0.969528,0.7777777777777778,1
GCF_022690165.1.fna,GCF_022689785.1.fna,0.975482,0.7777777777777778,1
GCF_022690165.1.fna,GCF_022689825.1.fna,0.996971,0.7777777777777778,1
GCF_022690165.1.fna,GCF_022689845.1.fna,0.987788,0.8888888888888888,1
GCF_022690165.1.fna,GCF_022689855.1.fna,0.972253,0.8148148148148148,1
GCF_022690165.1.fna,GCF_022689905.1.fna,0.9870680000000001,0.8888888888888888,1
GCF_022690165.1.fna,GCF_022689925.1.fna,0.967486,0.7407407407407407,1
GCF_022690165.1.fna,GCF_022689945.1.fna,0.977422,0.7407407407407407,1
GCF_022690165.1.fna,GCF_022689965.1.fna,0.98544,0.8888888888888888,1
GCF_022690165.1.fna,GCF_022689975.1.fna,0.996562,0.7777777777777778,1
GCF_022690165.1.fna,GCF_022690005.1.fna,0.976616,0.7777777777777778,1
GCF_022690165.1.fna,GCF_022690025.1.fna,0.973193,0.8148148148148148,1
GCF_022690165.1.fna,GCF_022690045.1.fna,0.976616,0.7777777777777778,1
GCF_022690165.1.fna,GCF_022690065.1.fna,0.9996510000000001,1.0,1
GCF_022690165.1.fna,GCF_022690085.1.fna,0.968185,0.7777777777777778,1
GCF_022690165.1.fna,GCF_022690105.1.fna,0.9963299999999999,0.7777777777777778,1
GCF_022690165.1.fna,GCF_022690115.1.fna,0.9867940000000001,0.7407407407407407,1
GCF_022690165.1.fna,GCF_022690145.1.fna,0.9996510000000001,1.0,1
GCF_022690165.1.fna,GCF_022690165.1.fna,1.0,1.0,1
GCF_022690165.1.fna,GCF_022690185.1.fna,0.9685630000000001,0.8148148148148148,1
GCF_022690165.1.fna,GCF_022690205.1.fna,0.9725820000000001,0.7777777777777778,1
GCF_022690165.1.fna,GCF_022690225.1.fna,0.975901,0.7407407407407407,1
GCF_022690165.1.fna,GCF_022690245.1.fna,0.996472,0.7777777777777778,1
GCF_022690165.1.fna,GCF_022690265.1.fna,0.9995910000000001,0.8888888888888888,1
GCF_022690165.1.fna,GCF_022690275.1.fna,0.9965890000000001,0.7407407407407407,1
GCF_022690165.1.fna,GCF_022690295.1.fna,0.9715250000000001,0.8148148148148148,1
GCF_022690165.1.fna,GCF_022690325.1.fna,0.975318,0.7777777777777778,1
GCF_022690165.1.fna,GCF_022690345.1.fna,0.992475,0.7777777777777778,1
GCF_022690165.1.fna,GCF_022690375.1.fna,0.973505,0.8148148148148148,1
GCF_022690165.1.fna,GCF_022690385.1.fna,0.993326,0.7777777777777778,1
GCF_022690165.1.fna,GCF_022690425.1.fna,0.994157,0.8148148148148148,1
GCF_022690165.1.fna,GCF_025143205.1.fna,0.999392,0.8518518518518519,1
GCF_022690165.1.fna,GCF_025143445.1.fna,0.963138,0.8148148148148148,1
GCF_022690165.1.fna,GCF_025143615.1.fna,0.975943,0.7777777777777778,1
GCF_022690165.1.fna,GCF_029926865.1.fna,0.992632,0.7777777777777778,1
GCF_022690165.1.fna,GCF_029926905.1.fna,0.992632,0.7777777777777778,1
GCF_022690165.1.fna,GCF_029926915.1.fna,0.992632,0.7777777777777778,1
GCF_022690165.1.fna,GCF_031631055.1.fna,0.961075,0.8148148148148148,1
GCF_022690165.1.fna,GCF_031727055.1.fna,0.9715699999999999,0.8518518518518519,1
GCF_022690165.1.fna,GCF_031727075.1.fna,0.996103,0.7777777777777778,1
GCF_022690165.1.fna,GCF_031727235.1.fna,0.972521,0.8148148148148148,1
GCF_022690165.1.fna,GCF_031727255.1.fna,0.971451,0.8148148148148148,1
GCF_022690165.1.fna,GCF_031727275.1.fna,0.9758929999999999,0.7407407407407407,1
GCF_022690165.1.fna,GCF_031727355.1.fna,0.994896,0.7407407407407407,1
GCF_022690165.1.fna,GCF_031727455.1.fna,0.968561,0.7407407407407407,1
GCF_022690165.1.fna,GCF_031727535.1.fna,0.973762,0.8148148148148148,1
GCF_022690165.1.fna,GCF_031728075.1.fna,0.994157,0.8148148148148148,1
GCF_022690165.1.fna,GCF_031728095.1.fna,0.96872,0.7777777777777778,1
GCF_022690165.1.fna,GCF_031728115.1.fna,0.995699,0.7777777777777778,1
GCF_022690165.1.fna,GCF_031728155.1.fna,0.9943139999999999,0.7777777777777778,1
GCF_022690165.1.fna,GCF_031728235.1.fna,0.995197,0.8148148148148148,1
GCF_022690165.1.fna,GCF_031728275.1.fna,0.975646,0.7777777777777778,1
GCF_022690165.1.fna,GCF_031728295.1.fna,0.987263,0.8518518518518519,1
GCF_022690165.1.fna,GCF_031728315.1.fna,0.987439,0.8888888888888888,1
GCF_022690165.1.fna,GCF_031728335.1.fna,0.983941,0.8888888888888888,1
GCF_022690165.1.fna,GCF_031728415.1.fna,0.965055,0.8518518518518519,1
GCF_022690165.1.fna,GCF_031728455.1.fna,0.976376,0.7407407407407407,1
GCF_022690165.1.fna,GCF_031728475.1.fna,0.9946630000000001,0.8148148148148148,1
GCF_022690165.1.fna,GCF_031728495.1.fna,0.976857,0.7777777777777778,1
GCF_022690165.1.fna,GCF_031728515.1.fna,0.9862860000000001,0.7037037037037037,1
GCF_022690165.1.fna,GCF_031728555.1.fna,0.999995,1.0,1
GCF_022690165.1.fna,GCF_031728675.1.fna,0.9757049999999999,0.7777777777777778,1
GCF_022690165.1.fna,GCF_031728695.1.fna,0.9751460000000001,0.7777777777777778,1
GCF_022690165.1.fna,GCF_031728715.1.fna,0.975835,0.7777777777777778,1
GCF_022690165.1.fna,GCF_031728735.1.fna,0.9881409999999999,0.8888888888888888,1
GCF_022690165.1.fna,GCF_031728745.1.fna,0.9895999999999999,0.8148148148148148,1
GCF_022690165.1.fna,GCF_031728795.1.fna,0.976057,0.7777777777777778,1
GCF_022690165.1.fna,GCF_031728835.1.fna,0.999339,0.8148148148148148,1
GCF_022690165.1.fna,GCF_031728895.1.fna,0.971238,0.8148148148148148,1
GCF_022690165.1.fna,GCF_031729015.1.fna,0.975236,0.7407407407407407,1
GCF_022690165.1.fna,GCF_036419895.1.fna,0.975877,0.7777777777777778,1
GCF_022690165.1.fna,GCF_036420075.1.fna,0.977422,0.7407407407407407,1
GCF_022690165.1.fna,GCF_037694985.1.fna,0.9870310000000001,0.8888888888888888,1
GCF_022690165.1.fna,GCF_037695175.1.fna,0.9749890000000001,0.7407407407407407,1
GCF_022690165.1.fna,GCF_037700135.1.fna,0.99432,0.8148148148148148,1
GCF_022690165.1.fna,GCF_037700155.1.fna,0.994065,0.7777777777777778,1
GCF_022690165.1.fna,GCF_037700295.1.fna,0.9959640000000001,0.7407407407407407,1
GCF_022690165.1.fna,GCF_037700315.1.fna,0.96592,0.8518518518518519,1
GCF_022690165.1.fna,GCF_037700375.1.fna,0.9634229999999999,0.8888888888888888,1
GCF_022690165.1.fna,GCF_037700455.1.fna,0.9639749999999999,0.8888888888888888,1
GCF_022690165.1.fna,GCF_040947025.1.fna,0.98528,0.8518518518518519,1
GCF_022690165.1.fna,GCF_040947065.1.fna,0.9788049999999999,0.8148148148148148,1
GCF_022690165.1.fna,GCF_040947125.1.fna,0.964183,0.8148148148148148,1
GCF_022690165.1.fna,GCF_040947205.1.fna,0.9844729999999999,0.8148148148148148,1
GCF_022690165.1.fna,GCF_040947225.1.fna,0.9787269999999999,0.7777777777777778,1
GCF_022690165.1.fna,GCF_040947605.1.fna,0.9976619999999999,0.7777777777777778,1
GCF_022690165.1.fna,GCF_040947645.1.fna,0.9977750000000001,0.7407407407407407,1
GCF_022690165.1.fna,GCF_047653515.1.fna,0.995742,0.7777777777777778,1
GCF_022690165.1.fna,GCF_047653525.1.fna,0.98421,0.8518518518518519,1
GCF_022690165.1.fna,GCF_052950835.1.fna,0.979661,0.7407407407407407,1
GCF_022690165.1.fna,GCF_900458635.1.fna,0.970126,0.8148148148148148,1
GCF_022690165.1.fna,GCF_964211265.1.fna,0.970055,0.8148148148148148,1
GCF_022690185.1.fna,GCF_000269685.1.fna,0.9778570000000001,0.9130434782608695,1
GCF_022690185.1.fna,GCF_002901845.1.fna,0.994086,0.8695652173913043,1
GCF_022690185.1.fna,GCF_013267575.1.fna,0.986103,0.9565217391304348,1
GCF_022690185.1.fna,GCF_015274535.1.fna,0.976043,0.9130434782608695,1
GCF_022690185.1.fna,GCF_015274585.1.fna,0.976043,0.9130434782608695,1
GCF_022690185.1.fna,GCF_015274655.1.fna,0.976043,0.9130434782608695,1
GCF_022690185.1.fna,GCF_015274675.1.fna,0.9674250000000001,0.9565217391304348,1
GCF_022690185.1.fna,GCF_017315625.1.fna,0.978168,0.9130434782608695,1
GCF_022690185.1.fna,GCF_017315645.1.fna,0.977646,0.9130434782608695,1
GCF_022690185.1.fna,GCF_022689565.1.fna,0.9752670000000001,0.8695652173913043,1
GCF_022690185.1.fna,GCF_022689575.1.fna,0.9945959999999999,0.9130434782608695,1
GCF_022690185.1.fna,GCF_022689615.1.fna,0.974338,0.8695652173913043,1
GCF_022690185.1.fna,GCF_022689645.1.fna,0.9927750000000001,0.8695652173913043,1
GCF_022690185.1.fna,GCF_022689665.1.fna,0.9945959999999999,0.9130434782608695,1
GCF_022690185.1.fna,GCF_022689675.1.fna,0.9750920000000001,0.9130434782608695,1
GCF_022690185.1.fna,GCF_022689705.1.fna,0.992559,0.9130434782608695,1
GCF_022690185.1.fna,GCF_022689725.1.fna,0.9945959999999999,0.9130434782608695,1
GCF_022690185.1.fna,GCF_022689745.1.fna,0.9751040000000001,0.9130434782608695,1
GCF_022690185.1.fna,GCF_022689765.1.fna,0.976071,0.9130434782608695,1
GCF_022690185.1.fna,GCF_022689775.1.fna,0.9877819999999999,0.9130434782608695,1
GCF_022690185.1.fna,GCF_022689785.1.fna,0.999638,0.9565217391304348,1
GCF_022690185.1.fna,GCF_022689825.1.fna,0.976071,0.9130434782608695,1
GCF_022690185.1.fna,GCF_022689845.1.fna,0.9642919999999999,0.9130434782608695,1
GCF_022690185.1.fna,GCF_022689855.1.fna,0.993389,0.9130434782608695,1
GCF_022690185.1.fna,GCF_022689905.1.fna,0.966475,0.9565217391304348,1
GCF_022690185.1.fna,GCF_022689925.1.fna,0.974487,0.8260869565217391,1
GCF_022690185.1.fna,GCF_022689945.1.fna,0.966035,0.8260869565217391,1
GCF_022690185.1.fna,GCF_022689965.1.fna,0.9666459999999999,0.9565217391304348,1
GCF_022690185.1.fna,GCF_022689975.1.fna,0.976071,0.9130434782608695,1
GCF_022690185.1.fna,GCF_022690005.1.fna,0.9942730000000001,0.9130434782608695,1
GCF_022690185.1.fna,GCF_022690025.1.fna,0.994612,0.9130434782608695,1
GCF_022690185.1.fna,GCF_022690045.1.fna,0.9942730000000001,0.9130434782608695,1
GCF_022690185.1.fna,GCF_022690065.1.fna,0.976015,0.9130434782608695,1
GCF_022690185.1.fna,GCF_022690085.1.fna,0.974654,0.9130434782608695,1
GCF_022690185.1.fna,GCF_022690105.1.fna,0.9759059999999999,0.9130434782608695,1
GCF_022690185.1.fna,GCF_022690115.1.fna,0.973123,0.9130434782608695,1
GCF_022690185.1.fna,GCF_022690145.1.fna,0.976015,0.9130434782608695,1
GCF_022690185.1.fna,GCF_022690165.1.fna,0.976015,0.9130434782608695,1
GCF_022690185.1.fna,GCF_022690185.1.fna,1.0,1.0,1
GCF_022690185.1.fna,GCF_022690205.1.fna,0.999928,0.8695652173913043,1
GCF_022690185.1.fna,GCF_022690225.1.fna,0.992364,0.8695652173913043,1
GCF_022690185.1.fna,GCF_022690245.1.fna,0.9753879999999999,0.9130434782608695,1
GCF_022690185.1.fna,GCF_022690265.1.fna,0.976004,0.9130434782608695,1
GCF_022690185.1.fna,GCF_022690275.1.fna,0.974809,0.9130434782608695,1
GCF_022690185.1.fna,GCF_022690295.1.fna,0.9662139999999999,0.8260869565217391,1
GCF_022690185.1.fna,GCF_022690325.1.fna,0.9944970000000001,0.9130434782608695,1
GCF_022690185.1.fna,GCF_022690345.1.fna,0.975513,0.9130434782608695,1
GCF_022690185.1.fna,GCF_022690375.1.fna,0.9942730000000001,0.9130434782608695,1
GCF_022690185.1.fna,GCF_022690385.1.fna,0.976107,0.9130434782608695,1
GCF_022690185.1.fna,GCF_022690425.1.fna,0.9779300000000001,0.9130434782608695,1
GCF_022690185.1.fna,GCF_025143205.1.fna,0.975758,0.9130434782608695,1
GCF_022690185.1.fna,GCF_025143445.1.fna,0.993964,0.8695652173913043,1
GCF_022690185.1.fna,GCF_025143615.1.fna,0.9998600000000001,0.9130434782608695,1
GCF_022690185.1.fna,GCF_029926865.1.fna,0.9790869999999999,0.9130434782608695,1
GCF_022690185.1.fna,GCF_029926905.1.fna,0.9790869999999999,0.9130434782608695,1
GCF_022690185.1.fna,GCF_029926915.1.fna,0.9790869999999999,0.9130434782608695,1
GCF_022690185.1.fna,GCF_031631055.1.fna,0.990164,0.8695652173913043,1
GCF_022690185.1.fna,GCF_031727055.1.fna,0.9905459999999999,0.9130434782608695,1
GCF_022690185.1.fna,GCF_031727075.1.fna,0.9750920000000001,0.9130434782608695,1
GCF_022690185.1.fna,GCF_031727235.1.fna,0.993389,0.9130434782608695,1
GCF_022690185.1.fna,GCF_031727255.1.fna,0.9662139999999999,0.8260869565217391,1
GCF_022690185.1.fna,GCF_031727275.1.fna,0.993543,0.8695652173913043,1
GCF_022690185.1.fna,GCF_031727355.1.fna,0.9752670000000001,0.8695652173913043,1
GCF_022690185.1.fna,GCF_031727455.1.fna,0.974683,0.8695652173913043,1
GCF_022690185.1.fna,GCF_031727535.1.fna,0.994657,0.9130434782608695,1
GCF_022690185.1.fna,GCF_031728075.1.fna,0.9779300000000001,0.9130434782608695,1
GCF_022690185.1.fna,GCF_031728095.1.fna,0.980467,1.0,1
GCF_022690185.1.fna,GCF_031728115.1.fna,0.9772150000000001,0.9130434782608695,1
GCF_022690185.1.fna,GCF_031728155.1.fna,0.977148,0.9130434782608695,1
GCF_022690185.1.fna,GCF_031728235.1.fna,0.974993,0.9130434782608695,1
GCF_022690185.1.fna,GCF_031728275.1.fna,0.9917189999999999,0.9565217391304348,1
GCF_022690185.1.fna,GCF_031728295.1.fna,0.9775149999999999,0.9130434782608695,1
GCF_022690185.1.fna,GCF_031728315.1.fna,0.964045,1.0,1
GCF_022690185.1.fna,GCF_031728335.1.fna,0.9759059999999999,0.9130434782608695,1
GCF_022690185.1.fna,GCF_031728415.1.fna,0.9937560000000001,0.9130434782608695,1
GCF_022690185.1.fna,GCF_031728455.1.fna,0.993374,0.9130434782608695,1
GCF_022690185.1.fna,GCF_031728475.1.fna,0.9755119999999999,0.9130434782608695,1
GCF_022690185.1.fna,GCF_031728495.1.fna,0.993772,0.9130434782608695,1
GCF_022690185.1.fna,GCF_031728515.1.fna,0.965959,0.8260869565217391,1
GCF_022690185.1.fna,GCF_031728555.1.fna,0.976015,0.9130434782608695,1
GCF_022690185.1.fna,GCF_031728675.1.fna,0.986256,0.9565217391304348,1
GCF_022690185.1.fna,GCF_031728695.1.fna,0.9877549999999999,0.9565217391304348,1
GCF_022690185.1.fna,GCF_031728715.1.fna,0.999816,0.9565217391304348,1
GCF_022690185.1.fna,GCF_031728735.1.fna,0.973921,0.9130434782608695,1
GCF_022690185.1.fna,GCF_031728745.1.fna,0.972577,0.9565217391304348,1
GCF_022690185.1.fna,GCF_031728795.1.fna,0.9948990000000001,0.9565217391304348,1
GCF_022690185.1.fna,GCF_031728835.1.fna,0.9761690000000001,0.9130434782608695,1
GCF_022690185.1.fna,GCF_031728895.1.fna,0.9886889999999999,0.9565217391304348,1
GCF_022690185.1.fna,GCF_031729015.1.fna,0.999699,0.9130434782608695,1
GCF_022690185.1.fna,GCF_036419895.1.fna,0.999952,0.9565217391304348,1
GCF_022690185.1.fna,GCF_036420075.1.fna,0.966035,0.8260869565217391,1
GCF_022690185.1.fna,GCF_037694985.1.fna,0.96572,0.9565217391304348,1
GCF_022690185.1.fna,GCF_037695175.1.fna,0.994872,0.8695652173913043,1
GCF_022690185.1.fna,GCF_037700135.1.fna,0.9758910000000001,0.9130434782608695,1
GCF_022690185.1.fna,GCF_037700155.1.fna,0.977398,0.9130434782608695,1
GCF_022690185.1.fna,GCF_037700295.1.fna,0.977236,0.8695652173913043,1
GCF_022690185.1.fna,GCF_037700315.1.fna,0.989819,0.9565217391304348,1
GCF_022690185.1.fna,GCF_037700375.1.fna,0.993937,0.9130434782608695,1
GCF_022690185.1.fna,GCF_037700455.1.fna,0.994012,0.9130434782608695,1
GCF_022690185.1.fna,GCF_040947025.1.fna,0.9682299999999999,0.9565217391304348,1
GCF_022690185.1.fna,GCF_040947065.1.fna,0.978956,1.0,1
GCF_022690185.1.fna,GCF_040947125.1.fna,0.994795,0.8695652173913043,1
GCF_022690185.1.fna,GCF_040947205.1.fna,0.975724,0.8695652173913043,1
GCF_022690185.1.fna,GCF_040947225.1.fna,0.990962,0.9130434782608695,1
GCF_022690185.1.fna,GCF_040947605.1.fna,0.9757399999999999,0.9130434782608695,1
GCF_022690185.1.fna,GCF_040947645.1.fna,0.9757399999999999,0.9130434782608695,1
GCF_022690185.1.fna,GCF_047653515.1.fna,0.9778830000000001,0.9130434782608695,1
GCF_022690185.1.fna,GCF_047653525.1.fna,0.970964,0.9565217391304348,1
GCF_022690185.1.fna,GCF_052950835.1.fna,0.990755,0.8695652173913043,1
GCF_022690185.1.fna,GCF_900458635.1.fna,0.994086,0.8695652173913043,1
GCF_022690185.1.fna,GCF_964211265.1.fna,0.9822679999999999,0.9565217391304348,1
GCF_022690205.1.fna,GCF_000269685.1.fna,0.9753050000000001,0.84,1
GCF_022690205.1.fna,GCF_002901845.1.fna,0.994069,0.8,1
GCF_022690205.1.fna,GCF_013267575.1.fna,0.995737,0.8,1
GCF_022690205.1.fna,GCF_015274535.1.fna,0.975471,0.8,1
GCF_022690205.1.fna,GCF_015274585.1.fna,0.975472,0.8,1
GCF_022690205.1.fna,GCF_015274655.1.fna,0.975471,0.8,1
GCF_022690205.1.fna,GCF_015274675.1.fna,0.97749,0.8,1
GCF_022690205.1.fna,GCF_017315625.1.fna,0.977801,0.8,1
GCF_022690205.1.fna,GCF_017315645.1.fna,0.977256,0.8,1
GCF_022690205.1.fna,GCF_022689565.1.fna,0.975312,0.8,1
GCF_022690205.1.fna,GCF_022689575.1.fna,0.9917440000000001,0.84,1
GCF_022690205.1.fna,GCF_022689615.1.fna,0.9710909999999999,0.8,1
GCF_022690205.1.fna,GCF_022689645.1.fna,0.989648,0.84,1
GCF_022690205.1.fna,GCF_022689665.1.fna,0.9917440000000001,0.84,1
GCF_022690205.1.fna,GCF_022689675.1.fna,0.9745480000000001,0.8,1
GCF_022690205.1.fna,GCF_022689705.1.fna,0.992759,0.8,1
GCF_022690205.1.fna,GCF_022689725.1.fna,0.9917440000000001,0.84,1
GCF_022690205.1.fna,GCF_022689745.1.fna,0.974774,0.8,1
GCF_022690205.1.fna,GCF_022689765.1.fna,0.9757210000000001,0.84,1
GCF_022690205.1.fna,GCF_022689775.1.fna,0.9999769999999999,0.84,1
GCF_022690205.1.fna,GCF_022689785.1.fna,0.999685,0.8,1
GCF_022690205.1.fna,GCF_022689825.1.fna,0.975761,0.84,1
GCF_022690205.1.fna,GCF_022689845.1.fna,0.972805,0.84,1
GCF_022690205.1.fna,GCF_022689855.1.fna,0.990065,0.88,1
GCF_022690205.1.fna,GCF_022689905.1.fna,0.975373,0.84,1
GCF_022690205.1.fna,GCF_022689925.1.fna,0.960254,0.84,1
GCF_022690205.1.fna,GCF_022689945.1.fna,0.965175,0.8,1
GCF_022690205.1.fna,GCF_022689965.1.fna,0.9746389999999999,0.84,1
GCF_022690205.1.fna,GCF_022689975.1.fna,0.975686,0.8,1
GCF_022690205.1.fna,GCF_022690005.1.fna,0.9940720000000001,0.8,1
GCF_022690205.1.fna,GCF_022690025.1.fna,0.9906130000000001,0.88,1
GCF_022690205.1.fna,GCF_022690045.1.fna,0.9940720000000001,0.8,1
GCF_022690205.1.fna,GCF_022690065.1.fna,0.9726250000000001,0.84,1
GCF_022690205.1.fna,GCF_022690085.1.fna,0.975042,0.8,1
GCF_022690205.1.fna,GCF_022690105.1.fna,0.975376,0.8,1
GCF_022690205.1.fna,GCF_022690115.1.fna,0.9738209999999999,0.8,1
GCF_022690205.1.fna,GCF_022690145.1.fna,0.9726250000000001,0.84,1
GCF_022690205.1.fna,GCF_022690165.1.fna,0.9726250000000001,0.84,1
GCF_022690205.1.fna,GCF_022690185.1.fna,0.999928,0.8,1
GCF_022690205.1.fna,GCF_022690205.1.fna,1.0,1.0,1
GCF_022690205.1.fna,GCF_022690225.1.fna,0.9802620000000001,0.8,1
GCF_022690205.1.fna,GCF_022690245.1.fna,0.974969,0.8,1
GCF_022690205.1.fna,GCF_022690265.1.fna,0.972614,0.84,1
GCF_022690205.1.fna,GCF_022690275.1.fna,0.9743470000000001,0.8,1
GCF_022690205.1.fna,GCF_022690295.1.fna,0.964581,0.8,1
GCF_022690205.1.fna,GCF_022690325.1.fna,0.994674,0.8,1
GCF_022690205.1.fna,GCF_022690345.1.fna,0.9748319999999999,0.8,1
GCF_022690205.1.fna,GCF_022690375.1.fna,0.994804,0.8,1
GCF_022690205.1.fna,GCF_022690385.1.fna,0.9736090000000001,0.84,1
GCF_022690205.1.fna,GCF_022690425.1.fna,0.974654,0.84,1
GCF_022690205.1.fna,GCF_025143205.1.fna,0.9751380000000001,0.8,1
GCF_022690205.1.fna,GCF_025143445.1.fna,0.992855,0.8,1
GCF_022690205.1.fna,GCF_025143615.1.fna,0.999888,0.84,1
GCF_022690205.1.fna,GCF_029926865.1.fna,0.98027,0.92,1
GCF_022690205.1.fna,GCF_029926905.1.fna,0.980269,0.92,1
GCF_022690205.1.fna,GCF_029926915.1.fna,0.9789329999999999,0.8,1
GCF_022690205.1.fna,GCF_031631055.1.fna,0.990427,0.76,1
GCF_022690205.1.fna,GCF_031727055.1.fna,0.986687,0.88,1
GCF_022690205.1.fna,GCF_031727075.1.fna,0.9746429999999999,0.8,1
GCF_022690205.1.fna,GCF_031727235.1.fna,0.990065,0.88,1
GCF_022690205.1.fna,GCF_031727255.1.fna,0.964589,0.8,1
GCF_022690205.1.fna,GCF_031727275.1.fna,0.980917,0.8,1
GCF_022690205.1.fna,GCF_031727355.1.fna,0.975036,0.84,1
GCF_022690205.1.fna,GCF_031727455.1.fna,0.9748,0.8,1
GCF_022690205.1.fna,GCF_031727535.1.fna,0.991815,0.84,1
GCF_022690205.1.fna,GCF_031728075.1.fna,0.974654,0.84,1
GCF_022690205.1.fna,GCF_031728095.1.fna,0.998473,0.8,1
GCF_022690205.1.fna,GCF_031728115.1.fna,0.9767279999999999,0.8,1
GCF_022690205.1.fna,GCF_031728155.1.fna,0.976548,0.8,1
GCF_022690205.1.fna,GCF_031728235.1.fna,0.9743120000000001,0.84,1
GCF_022690205.1.fna,GCF_031728275.1.fna,0.995733,0.8,1
GCF_022690205.1.fna,GCF_031728295.1.fna,0.977092,0.8,1
GCF_022690205.1.fna,GCF_031728315.1.fna,0.975372,0.84,1
GCF_022690205.1.fna,GCF_031728335.1.fna,0.975376,0.8,1
GCF_022690205.1.fna,GCF_031728415.1.fna,0.993617,0.8,1
GCF_022690205.1.fna,GCF_031728455.1.fna,0.993542,0.8,1
GCF_022690205.1.fna,GCF_031728475.1.fna,0.9757399999999999,0.84,1
GCF_022690205.1.fna,GCF_031728495.1.fna,0.992323,0.84,1
GCF_022690205.1.fna,GCF_031728515.1.fna,0.96521,0.8,1
GCF_022690205.1.fna,GCF_031728555.1.fna,0.9726250000000001,0.84,1
GCF_022690205.1.fna,GCF_031728675.1.fna,0.995681,0.8,1
GCF_022690205.1.fna,GCF_031728695.1.fna,0.997317,0.8,1
GCF_022690205.1.fna,GCF_031728715.1.fna,0.99982,0.8,1
GCF_022690205.1.fna,GCF_031728735.1.fna,0.971374,0.84,1
GCF_022690205.1.fna,GCF_031728745.1.fna,0.975433,0.84,1
GCF_022690205.1.fna,GCF_031728795.1.fna,0.9956900000000001,0.8,1
GCF_022690205.1.fna,GCF_031728835.1.fna,0.973158,0.88,1
GCF_022690205.1.fna,GCF_031728895.1.fna,0.99422,0.84,1
GCF_022690205.1.fna,GCF_031729015.1.fna,0.992884,0.8,1
GCF_022690205.1.fna,GCF_036419895.1.fna,0.999916,0.8,1
GCF_022690205.1.fna,GCF_036420075.1.fna,0.965175,0.8,1
GCF_022690205.1.fna,GCF_037694985.1.fna,0.974291,0.84,1
GCF_022690205.1.fna,GCF_037695175.1.fna,0.994859,0.8,1
GCF_022690205.1.fna,GCF_037700135.1.fna,0.972961,0.84,1
GCF_022690205.1.fna,GCF_037700155.1.fna,0.976952,0.84,1
GCF_022690205.1.fna,GCF_037700295.1.fna,0.976557,0.8,1
GCF_022690205.1.fna,GCF_037700315.1.fna,0.998578,0.8,1
GCF_022690205.1.fna,GCF_037700375.1.fna,0.994161,0.8,1
GCF_022690205.1.fna,GCF_037700455.1.fna,0.994161,0.8,1
GCF_022690205.1.fna,GCF_040947025.1.fna,0.978741,0.8,1
GCF_022690205.1.fna,GCF_040947065.1.fna,0.9896210000000001,0.8,1
GCF_022690205.1.fna,GCF_040947125.1.fna,0.993456,0.84,1
GCF_022690205.1.fna,GCF_040947205.1.fna,0.96363,0.8,1
GCF_022690205.1.fna,GCF_040947225.1.fna,0.990529,0.8,1
GCF_022690205.1.fna,GCF_040947605.1.fna,0.975228,0.8,1
GCF_022690205.1.fna,GCF_040947645.1.fna,0.975228,0.8,1
GCF_022690205.1.fna,GCF_047653515.1.fna,0.9777469999999999,0.8,1
GCF_022690205.1.fna,GCF_047653525.1.fna,0.975848,0.8,1
GCF_022690205.1.fna,GCF_052950835.1.fna,0.988073,0.8,1
GCF_022690205.1.fna,GCF_900458635.1.fna,0.994069,0.8,1
GCF_022690205.1.fna,GCF_964211265.1.fna,0.991802,0.84,1
GCF_022690225.1.fna,GCF_000269685.1.fna,0.978283,0.8695652173913043,1
GCF_022690225.1.fna,GCF_002901845.1.fna,0.981607,0.8695652173913043,1
GCF_022690225.1.fna,GCF_013267575.1.fna,0.992088,0.8695652173913043,1
GCF_022690225.1.fna,GCF_015274535.1.fna,0.974315,0.9565217391304348,1
GCF_022690225.1.fna,GCF_015274585.1.fna,0.974574,0.9130434782608695,1
GCF_022690225.1.fna,GCF_015274655.1.fna,0.972644,0.9565217391304348,1
GCF_022690225.1.fna,GCF_015274675.1.fna,0.976106,0.9130434782608695,1
GCF_022690225.1.fna,GCF_017315625.1.fna,0.978402,0.9130434782608695,1
GCF_022690225.1.fna,GCF_017315645.1.fna,0.9786920000000001,0.9130434782608695,1
GCF_022690225.1.fna,GCF_022689565.1.fna,0.973866,0.9130434782608695,1
GCF_022690225.1.fna,GCF_022689575.1.fna,0.993292,0.8695652173913043,1
GCF_022690225.1.fna,GCF_022689615.1.fna,0.975831,0.9130434782608695,1
GCF_022690225.1.fna,GCF_022689645.1.fna,0.9845950000000001,0.8695652173913043,1
GCF_022690225.1.fna,GCF_022689665.1.fna,0.993083,0.8695652173913043,1
GCF_022690225.1.fna,GCF_022689675.1.fna,0.975831,0.9130434782608695,1
GCF_022690225.1.fna,GCF_022689705.1.fna,0.9918210000000001,0.8695652173913043,1
GCF_022690225.1.fna,GCF_022689725.1.fna,0.993292,0.8695652173913043,1
GCF_022690225.1.fna,GCF_022689745.1.fna,0.974173,0.9130434782608695,1
GCF_022690225.1.fna,GCF_022689765.1.fna,0.9737269999999999,0.9130434782608695,1
GCF_022690225.1.fna,GCF_022689775.1.fna,0.98298,0.9130434782608695,1
GCF_022690225.1.fna,GCF_022689785.1.fna,0.992206,0.8695652173913043,1
GCF_022690225.1.fna,GCF_022689825.1.fna,0.97262,0.9130434782608695,1
GCF_022690225.1.fna,GCF_022689845.1.fna,0.975377,0.8695652173913043,1
GCF_022690225.1.fna,GCF_022689855.1.fna,0.9916710000000001,0.9130434782608695,1
GCF_022690225.1.fna,GCF_022689905.1.fna,0.976696,0.9130434782608695,1
GCF_022690225.1.fna,GCF_022689925.1.fna,0.9735240000000001,0.8260869565217391,1
GCF_022690225.1.fna,GCF_022689945.1.fna,0.968205,0.8695652173913043,1
GCF_022690225.1.fna,GCF_022689965.1.fna,0.977941,0.9130434782608695,1
GCF_022690225.1.fna,GCF_022689975.1.fna,0.976386,0.8695652173913043,1
GCF_022690225.1.fna,GCF_022690005.1.fna,0.993085,0.8695652173913043,1
GCF_022690225.1.fna,GCF_022690025.1.fna,0.991572,0.9130434782608695,1
GCF_022690225.1.fna,GCF_022690045.1.fna,0.993085,0.8695652173913043,1
GCF_022690225.1.fna,GCF_022690065.1.fna,0.975921,0.9130434782608695,1
GCF_022690225.1.fna,GCF_022690085.1.fna,0.973513,0.8695652173913043,1
GCF_022690225.1.fna,GCF_022690105.1.fna,0.976333,0.8695652173913043,1
GCF_022690225.1.fna,GCF_022690115.1.fna,0.975353,0.8695652173913043,1
GCF_022690225.1.fna,GCF_022690145.1.fna,0.9759680000000001,0.9130434782608695,1
GCF_022690225.1.fna,GCF_022690165.1.fna,0.976272,0.8695652173913043,1
GCF_022690225.1.fna,GCF_022690185.1.fna,0.9922629999999999,0.8695652173913043,1
GCF_022690225.1.fna,GCF_022690205.1.fna,0.9797490000000001,0.9130434782608695,1
GCF_022690225.1.fna,GCF_022690225.1.fna,1.0,1.0,1
GCF_022690225.1.fna,GCF_022690245.1.fna,0.974055,1.0,1
GCF_022690225.1.fna,GCF_022690265.1.fna,0.9762479999999999,0.8695652173913043,1
GCF_022690225.1.fna,GCF_022690275.1.fna,0.975771,0.8695652173913043,1
GCF_022690225.1.fna,GCF_022690295.1.fna,0.9683710000000001,0.8695652173913043,1
GCF_022690225.1.fna,GCF_022690325.1.fna,0.992523,0.8695652173913043,1
GCF_022690225.1.fna,GCF_022690345.1.fna,0.9764409999999999,0.9130434782608695,1
GCF_022690225.1.fna,GCF_022690375.1.fna,0.9922580000000001,0.9130434782608695,1
GCF_022690225.1.fna,GCF_022690385.1.fna,0.97634,0.8695652173913043,1
GCF_022690225.1.fna,GCF_022690425.1.fna,0.9769190000000001,0.9130434782608695,1
GCF_022690225.1.fna,GCF_025143205.1.fna,0.975998,0.8695652173913043,1
GCF_022690225.1.fna,GCF_025143445.1.fna,0.98956,0.9130434782608695,1
GCF_022690225.1.fna,GCF_025143615.1.fna,0.990904,0.9130434782608695,1
GCF_022690225.1.fna,GCF_029926865.1.fna,0.9785739999999999,0.9130434782608695,1
GCF_022690225.1.fna,GCF_029926905.1.fna,0.9785739999999999,0.9130434782608695,1
GCF_022690225.1.fna,GCF_029926915.1.fna,0.9785739999999999,0.9130434782608695,1
GCF_022690225.1.fna,GCF_031631055.1.fna,0.984435,0.9130434782608695,1
GCF_022690225.1.fna,GCF_031727055.1.fna,0.988888,0.9130434782608695,1
GCF_022690225.1.fna,GCF_031727075.1.fna,0.975831,0.9130434782608695,1
GCF_022690225.1.fna,GCF_031727235.1.fna,0.991683,0.9130434782608695,1
GCF_022690225.1.fna,GCF_031727255.1.fna,0.969529,0.8260869565217391,1
GCF_022690225.1.fna,GCF_031727275.1.fna,0.9935259999999999,0.8695652173913043,1
GCF_022690225.1.fna,GCF_031727355.1.fna,0.977327,0.9130434782608695,1
GCF_022690225.1.fna,GCF_031727455.1.fna,0.9722459999999999,0.8695652173913043,1
GCF_022690225.1.fna,GCF_031727535.1.fna,0.993436,0.8695652173913043,1
GCF_022690225.1.fna,GCF_031728075.1.fna,0.977101,0.9130434782608695,1
GCF_022690225.1.fna,GCF_031728095.1.fna,0.9908549999999999,0.9130434782608695,1
GCF_022690225.1.fna,GCF_031728115.1.fna,0.977279,0.9130434782608695,1
GCF_022690225.1.fna,GCF_031728155.1.fna,0.974701,0.9130434782608695,1
GCF_022690225.1.fna,GCF_031728235.1.fna,0.9760930000000001,0.9130434782608695,1
GCF_022690225.1.fna,GCF_031728275.1.fna,0.99165,0.9130434782608695,1
GCF_022690225.1.fna,GCF_031728295.1.fna,0.978724,0.9130434782608695,1
GCF_022690225.1.fna,GCF_031728315.1.fna,0.976977,0.8695652173913043,1
GCF_022690225.1.fna,GCF_031728335.1.fna,0.972448,0.9130434782608695,1
GCF_022690225.1.fna,GCF_031728415.1.fna,0.993572,0.8695652173913043,1
GCF_022690225.1.fna,GCF_031728455.1.fna,0.993342,0.8695652173913043,1
GCF_022690225.1.fna,GCF_031728475.1.fna,0.975511,0.9130434782608695,1
GCF_022690225.1.fna,GCF_031728495.1.fna,0.9920269999999999,0.9130434782608695,1
GCF_022690225.1.fna,GCF_031728515.1.fna,0.9675279999999999,0.8695652173913043,1
GCF_022690225.1.fna,GCF_031728555.1.fna,0.975943,0.9130434782608695,1
GCF_022690225.1.fna,GCF_031728675.1.fna,0.992052,0.8695652173913043,1
GCF_022690225.1.fna,GCF_031728695.1.fna,0.9904959999999999,0.9130434782608695,1
GCF_022690225.1.fna,GCF_031728715.1.fna,0.9922580000000001,0.8695652173913043,1
GCF_022690225.1.fna,GCF_031728735.1.fna,0.9730329999999999,0.9130434782608695,1
GCF_022690225.1.fna,GCF_031728745.1.fna,0.974414,0.9130434782608695,1
GCF_022690225.1.fna,GCF_031728795.1.fna,0.991471,0.9130434782608695,1
GCF_022690225.1.fna,GCF_031728835.1.fna,0.976082,0.9130434782608695,1
GCF_022690225.1.fna,GCF_031728895.1.fna,0.988694,0.9565217391304348,1
GCF_022690225.1.fna,GCF_031729015.1.fna,0.992226,0.8695652173913043,1
GCF_022690225.1.fna,GCF_036419895.1.fna,0.992321,0.8695652173913043,1
GCF_022690225.1.fna,GCF_036420075.1.fna,0.968205,0.8695652173913043,1
GCF_022690225.1.fna,GCF_037694985.1.fna,0.976016,0.8695652173913043,1
GCF_022690225.1.fna,GCF_037695175.1.fna,0.9815560000000001,0.8695652173913043,1
GCF_022690225.1.fna,GCF_037700135.1.fna,0.975988,0.9130434782608695,1
GCF_022690225.1.fna,GCF_037700155.1.fna,0.978589,0.9130434782608695,1
GCF_022690225.1.fna,GCF_037700295.1.fna,0.970835,0.8695652173913043,1
GCF_022690225.1.fna,GCF_037700315.1.fna,0.9920699999999999,0.8695652173913043,1
GCF_022690225.1.fna,GCF_037700375.1.fna,0.9892740000000001,0.9130434782608695,1
GCF_022690225.1.fna,GCF_037700455.1.fna,0.9896309999999999,0.9130434782608695,1
GCF_022690225.1.fna,GCF_040947025.1.fna,0.980084,0.8695652173913043,1
GCF_022690225.1.fna,GCF_040947065.1.fna,0.9856560000000001,0.9130434782608695,1
GCF_022690225.1.fna,GCF_040947125.1.fna,0.980481,0.9130434782608695,1
GCF_022690225.1.fna,GCF_040947205.1.fna,0.9752670000000001,0.9130434782608695,1
GCF_022690225.1.fna,GCF_040947225.1.fna,0.9916119999999999,0.8695652173913043,1
GCF_022690225.1.fna,GCF_040947605.1.fna,0.974272,0.9130434782608695,1
GCF_022690225.1.fna,GCF_040947645.1.fna,0.974272,0.9130434782608695,1
GCF_022690225.1.fna,GCF_047653515.1.fna,0.9777419999999999,0.9130434782608695,1
GCF_022690225.1.fna,GCF_047653525.1.fna,0.976212,0.9130434782608695,1
GCF_022690225.1.fna,GCF_052950835.1.fna,0.985317,0.9130434782608695,1
GCF_022690225.1.fna,GCF_900458635.1.fna,0.9925440000000001,0.8695652173913043,1
GCF_022690225.1.fna,GCF_964211265.1.fna,0.9883759999999999,0.9130434782608695,1
GCF_022690245.1.fna,GCF_000269685.1.fna,0.986428,0.875,1
GCF_022690245.1.fna,GCF_002901845.1.fna,0.9746779999999999,0.8333333333333334,1
GCF_022690245.1.fna,GCF_013267575.1.fna,0.974772,0.8333333333333334,1
GCF_022690245.1.fna,GCF_015274535.1.fna,0.993379,0.9583333333333334,1
GCF_022690245.1.fna,GCF_015274585.1.fna,0.9937239999999999,0.9166666666666666,1
GCF_022690245.1.fna,GCF_015274655.1.fna,0.9932899999999999,0.9583333333333334,1
GCF_022690245.1.fna,GCF_015274675.1.fna,0.9944299999999999,0.875,1
GCF_022690245.1.fna,GCF_017315625.1.fna,0.9934499999999999,0.9166666666666666,1
GCF_022690245.1.fna,GCF_017315645.1.fna,0.99414,0.9166666666666666,1
GCF_022690245.1.fna,GCF_022689565.1.fna,0.9912380000000001,0.875,1
GCF_022690245.1.fna,GCF_022689575.1.fna,0.974731,0.875,1
GCF_022690245.1.fna,GCF_022689615.1.fna,0.9951409999999999,0.875,1
GCF_022690245.1.fna,GCF_022689645.1.fna,0.974872,0.8333333333333334,1
GCF_022690245.1.fna,GCF_022689665.1.fna,0.974459,0.875,1
GCF_022690245.1.fna,GCF_022689675.1.fna,0.99446,0.9166666666666666,1
GCF_022690245.1.fna,GCF_022689705.1.fna,0.975165,0.875,1
GCF_022690245.1.fna,GCF_022689725.1.fna,0.974944,0.875,1
GCF_022690245.1.fna,GCF_022689745.1.fna,0.995488,0.9166666666666666,1
GCF_022690245.1.fna,GCF_022689765.1.fna,0.995196,0.9166666666666666,1
GCF_022690245.1.fna,GCF_022689775.1.fna,0.97088,0.875,1
GCF_022690245.1.fna,GCF_022689785.1.fna,0.9749490000000001,0.875,1
GCF_022690245.1.fna,GCF_022689825.1.fna,0.993889,0.9166666666666666,1
GCF_022690245.1.fna,GCF_022689845.1.fna,0.997245,0.875,1
GCF_022690245.1.fna,GCF_022689855.1.fna,0.970886,0.9166666666666666,1
GCF_022690245.1.fna,GCF_022689905.1.fna,0.993785,0.9166666666666666,1
GCF_022690245.1.fna,GCF_022689925.1.fna,0.967766,0.7916666666666666,1
GCF_022690245.1.fna,GCF_022689945.1.fna,0.9841150000000001,0.8333333333333334,1
GCF_022690245.1.fna,GCF_022689965.1.fna,0.991819,0.9166666666666666,1
GCF_022690245.1.fna,GCF_022689975.1.fna,0.996735,0.875,1
GCF_022690245.1.fna,GCF_022690005.1.fna,0.9760509999999999,0.875,1
GCF_022690245.1.fna,GCF_022690025.1.fna,0.9706619999999999,0.9166666666666666,1
GCF_022690245.1.fna,GCF_022690045.1.fna,0.9760509999999999,0.875,1
GCF_022690245.1.fna,GCF_022690065.1.fna,0.995834,0.9166666666666666,1
GCF_022690245.1.fna,GCF_022690085.1.fna,0.9674720000000001,0.875,1
GCF_022690245.1.fna,GCF_022690105.1.fna,0.996704,0.875,1
GCF_022690245.1.fna,GCF_022690115.1.fna,0.9852630000000001,0.875,1
GCF_022690245.1.fna,GCF_022690145.1.fna,0.9956050000000001,0.9166666666666666,1
GCF_022690245.1.fna,GCF_022690165.1.fna,0.996521,0.875,1
GCF_022690245.1.fna,GCF_022690185.1.fna,0.9748829999999999,0.875,1
GCF_022690245.1.fna,GCF_022690205.1.fna,0.9708570000000001,0.875,1
GCF_022690245.1.fna,GCF_022690225.1.fna,0.973235,0.9583333333333334,1
GCF_022690245.1.fna,GCF_022690245.1.fna,1.0,1.0,1
GCF_022690245.1.fna,GCF_022690265.1.fna,0.9960720000000001,0.875,1
GCF_022690245.1.fna,GCF_022690275.1.fna,0.996208,0.8333333333333334,1
GCF_022690245.1.fna,GCF_022690295.1.fna,0.971632,0.875,1
GCF_022690245.1.fna,GCF_022690325.1.fna,0.974938,0.875,1
GCF_022690245.1.fna,GCF_022690345.1.fna,0.989695,0.9166666666666666,1
GCF_022690245.1.fna,GCF_022690375.1.fna,0.976779,0.875,1
GCF_022690245.1.fna,GCF_022690385.1.fna,0.9975780000000001,0.8333333333333334,1
GCF_022690245.1.fna,GCF_022690425.1.fna,0.994132,0.9166666666666666,1
GCF_022690245.1.fna,GCF_025143205.1.fna,0.996728,0.875,1
GCF_022690245.1.fna,GCF_025143445.1.fna,0.972259,0.875,1
GCF_022690245.1.fna,GCF_025143615.1.fna,0.9715989999999999,0.9166666666666666,1
GCF_022690245.1.fna,GCF_029926865.1.fna,0.9923449999999999,0.9166666666666666,1
GCF_022690245.1.fna,GCF_029926905.1.fna,0.9929349999999999,0.9166666666666666,1
GCF_022690245.1.fna,GCF_029926915.1.fna,0.9929349999999999,0.9166666666666666,1
GCF_022690245.1.fna,GCF_031631055.1.fna,0.974539,0.875,1
GCF_022690245.1.fna,GCF_031727055.1.fna,0.970638,0.9166666666666666,1
GCF_022690245.1.fna,GCF_031727075.1.fna,0.994858,0.9166666666666666,1
GCF_022690245.1.fna,GCF_031727235.1.fna,0.971136,0.9166666666666666,1
GCF_022690245.1.fna,GCF_031727255.1.fna,0.973646,0.8333333333333334,1
GCF_022690245.1.fna,GCF_031727275.1.fna,0.975372,0.8333333333333334,1
GCF_022690245.1.fna,GCF_031727355.1.fna,0.9931570000000001,0.875,1
GCF_022690245.1.fna,GCF_031727455.1.fna,0.967787,0.8333333333333334,1
GCF_022690245.1.fna,GCF_031727535.1.fna,0.975158,0.875,1
GCF_022690245.1.fna,GCF_031728075.1.fna,0.9928919999999999,0.9166666666666666,1
GCF_022690245.1.fna,GCF_031728095.1.fna,0.973071,0.875,1
GCF_022690245.1.fna,GCF_031728115.1.fna,0.993896,0.9166666666666666,1
GCF_022690245.1.fna,GCF_031728155.1.fna,0.992687,0.9166666666666666,1
GCF_022690245.1.fna,GCF_031728235.1.fna,0.9953369999999999,0.9166666666666666,1
GCF_022690245.1.fna,GCF_031728275.1.fna,0.9725579999999999,0.9166666666666666,1
GCF_022690245.1.fna,GCF_031728295.1.fna,0.994387,0.9166666666666666,1
GCF_022690245.1.fna,GCF_031728315.1.fna,0.9959739999999999,0.875,1
GCF_022690245.1.fna,GCF_031728335.1.fna,0.994359,0.9166666666666666,1
GCF_022690245.1.fna,GCF_031728415.1.fna,0.976335,0.875,1
GCF_022690245.1.fna,GCF_031728455.1.fna,0.9757720000000001,0.8333333333333334,1
GCF_022690245.1.fna,GCF_031728475.1.fna,0.9938410000000001,0.875,1
GCF_022690245.1.fna,GCF_031728495.1.fna,0.971571,0.9166666666666666,1
GCF_022690245.1.fna,GCF_031728515.1.fna,0.968978,0.875,1
GCF_022690245.1.fna,GCF_031728555.1.fna,0.9948239999999999,0.9166666666666666,1
GCF_022690245.1.fna,GCF_031728675.1.fna,0.975215,0.875,1
GCF_022690245.1.fna,GCF_031728695.1.fna,0.9731409999999999,0.9166666666666666,1
GCF_022690245.1.fna,GCF_031728715.1.fna,0.975279,0.875,1
GCF_022690245.1.fna,GCF_031728735.1.fna,0.992346,0.875,1
GCF_022690245.1.fna,GCF_031728745.1.fna,0.994213,0.875,1
GCF_022690245.1.fna,GCF_031728795.1.fna,0.975212,0.9166666666666666,1
GCF_022690245.1.fna,GCF_031728835.1.fna,0.9933069999999999,0.9166666666666666,1
GCF_022690245.1.fna,GCF_031728895.1.fna,0.970058,0.9583333333333334,1
GCF_022690245.1.fna,GCF_031729015.1.fna,0.974725,0.8333333333333334,1
GCF_022690245.1.fna,GCF_036419895.1.fna,0.975324,0.875,1
GCF_022690245.1.fna,GCF_036420075.1.fna,0.9841150000000001,0.8333333333333334,1
GCF_022690245.1.fna,GCF_037694985.1.fna,0.9945059999999999,0.875,1
GCF_022690245.1.fna,GCF_037695175.1.fna,0.974593,0.8333333333333334,1
GCF_022690245.1.fna,GCF_037700135.1.fna,0.996958,0.9166666666666666,1
GCF_022690245.1.fna,GCF_037700155.1.fna,0.9924209999999999,0.9166666666666666,1
GCF_022690245.1.fna,GCF_037700295.1.fna,0.988459,0.875,1
GCF_022690245.1.fna,GCF_037700315.1.fna,0.9749070000000001,0.875,1
GCF_022690245.1.fna,GCF_037700375.1.fna,0.972342,0.9166666666666666,1
GCF_022690245.1.fna,GCF_037700455.1.fna,0.97296,0.9166666666666666,1
GCF_022690245.1.fna,GCF_040947025.1.fna,0.9906919999999999,0.875,1
GCF_022690245.1.fna,GCF_040947065.1.fna,0.978235,0.9166666666666666,1
GCF_022690245.1.fna,GCF_040947125.1.fna,0.9704940000000001,0.875,1
GCF_022690245.1.fna,GCF_040947205.1.fna,0.993817,0.875,1
GCF_022690245.1.fna,GCF_040947225.1.fna,0.978344,0.875,1
GCF_022690245.1.fna,GCF_040947605.1.fna,0.993347,0.9166666666666666,1
GCF_022690245.1.fna,GCF_040947645.1.fna,0.993231,0.875,1
GCF_022690245.1.fna,GCF_047653515.1.fna,0.995338,0.875,1
GCF_022690245.1.fna,GCF_047653525.1.fna,0.996179,0.9166666666666666,1
GCF_022690245.1.fna,GCF_052950835.1.fna,0.9680150000000001,0.875,1
GCF_022690245.1.fna,GCF_900458635.1.fna,0.9746779999999999,0.8333333333333334,1
GCF_022690245.1.fna,GCF_964211265.1.fna,0.975089,0.9166666666666666,1
GCF_022690265.1.fna,GCF_000269685.1.fna,0.9922839999999999,0.9166666666666666,1
GCF_022690265.1.fna,GCF_002901845.1.fna,0.975288,0.8333333333333334,1
GCF_022690265.1.fna,GCF_013267575.1.fna,0.9759300000000001,0.875,1
GCF_022690265.1.fna,GCF_015274535.1.fna,0.9965930000000001,0.875,1
GCF_022690265.1.fna,GCF_015274585.1.fna,0.9965930000000001,0.875,1
GCF_022690265.1.fna,GCF_015274655.1.fna,0.9965930000000001,0.875,1
GCF_022690265.1.fna,GCF_015274675.1.fna,0.995309,0.875,1
GCF_022690265.1.fna,GCF_017315625.1.fna,0.9939830000000001,0.875,1
GCF_022690265.1.fna,GCF_017315645.1.fna,0.993325,0.875,1
GCF_022690265.1.fna,GCF_022689565.1.fna,0.9948739999999999,0.8333333333333334,1
GCF_022690265.1.fna,GCF_022689575.1.fna,0.973712,0.9166666666666666,1
GCF_022690265.1.fna,GCF_022689615.1.fna,0.996172,0.8333333333333334,1
GCF_022690265.1.fna,GCF_022689645.1.fna,0.973784,0.875,1
GCF_022690265.1.fna,GCF_022689665.1.fna,0.973542,0.9166666666666666,1
GCF_022690265.1.fna,GCF_022689675.1.fna,0.9961450000000001,0.875,1
GCF_022690265.1.fna,GCF_022689705.1.fna,0.975788,0.875,1
GCF_022690265.1.fna,GCF_022689725.1.fna,0.973712,0.9166666666666666,1
GCF_022690265.1.fna,GCF_022689745.1.fna,0.9960169999999999,0.875,1
GCF_022690265.1.fna,GCF_022689765.1.fna,0.996974,0.875,1
GCF_022690265.1.fna,GCF_022689775.1.fna,0.975452,0.8333333333333334,1
GCF_022690265.1.fna,GCF_022689785.1.fna,0.97596,0.875,1
GCF_022690265.1.fna,GCF_022689825.1.fna,0.996974,0.875,1
GCF_022690265.1.fna,GCF_022689845.1.fna,0.9945189999999999,0.875,1
GCF_022690265.1.fna,GCF_022689855.1.fna,0.9726170000000001,0.9166666666666666,1
GCF_022690265.1.fna,GCF_022689905.1.fna,0.992774,0.9166666666666666,1
GCF_022690265.1.fna,GCF_022689925.1.fna,0.967915,0.8333333333333334,1
GCF_022690265.1.fna,GCF_022689945.1.fna,0.985984,0.7916666666666666,1
GCF_022690265.1.fna,GCF_022689965.1.fna,0.991024,0.9166666666666666,1
GCF_022690265.1.fna,GCF_022689975.1.fna,0.996974,0.875,1
GCF_022690265.1.fna,GCF_022690005.1.fna,0.977106,0.875,1
GCF_022690265.1.fna,GCF_022690025.1.fna,0.97367,0.9166666666666666,1
GCF_022690265.1.fna,GCF_022690045.1.fna,0.977106,0.875,1
GCF_022690265.1.fna,GCF_022690065.1.fna,0.999984,1.0,1
GCF_022690265.1.fna,GCF_022690085.1.fna,0.968766,0.875,1
GCF_022690265.1.fna,GCF_022690105.1.fna,0.9967100000000001,0.875,1
GCF_022690265.1.fna,GCF_022690115.1.fna,0.9867159999999999,0.8333333333333334,1
GCF_022690265.1.fna,GCF_022690145.1.fna,0.999984,1.0,1
GCF_022690265.1.fna,GCF_022690165.1.fna,0.999984,1.0,1
GCF_022690265.1.fna,GCF_022690185.1.fna,0.975939,0.875,1
GCF_022690265.1.fna,GCF_022690205.1.fna,0.972575,0.875,1
GCF_022690265.1.fna,GCF_022690225.1.fna,0.976297,0.8333333333333334,1
GCF_022690265.1.fna,GCF_022690245.1.fna,0.9964749999999999,0.875,1
GCF_022690265.1.fna,GCF_022690265.1.fna,1.0,1.0,1
GCF_022690265.1.fna,GCF_022690275.1.fna,0.995671,0.875,1
GCF_022690265.1.fna,GCF_022690295.1.fna,0.984305,0.8333333333333334,1
GCF_022690265.1.fna,GCF_022690325.1.fna,0.975761,0.875,1
GCF_022690265.1.fna,GCF_022690345.1.fna,0.992878,0.875,1
GCF_022690265.1.fna,GCF_022690375.1.fna,0.976706,0.875,1
GCF_022690265.1.fna,GCF_022690385.1.fna,0.993468,0.9166666666666666,1
GCF_022690265.1.fna,GCF_022690425.1.fna,0.99409,0.9166666666666666,1
GCF_022690265.1.fna,GCF_025143205.1.fna,0.999382,0.9583333333333334,1
GCF_022690265.1.fna,GCF_025143445.1.fna,0.975085,0.8333333333333334,1
GCF_022690265.1.fna,GCF_025143615.1.fna,0.97604,0.875,1
GCF_022690265.1.fna,GCF_029926865.1.fna,0.992547,0.875,1
GCF_022690265.1.fna,GCF_029926905.1.fna,0.992547,0.875,1
GCF_022690265.1.fna,GCF_029926915.1.fna,0.992547,0.875,1
GCF_022690265.1.fna,GCF_031631055.1.fna,0.978891,0.7916666666666666,1
GCF_022690265.1.fna,GCF_031727055.1.fna,0.973242,0.9166666666666666,1
GCF_022690265.1.fna,GCF_031727075.1.fna,0.9961450000000001,0.875,1
GCF_022690265.1.fna,GCF_031727235.1.fna,0.9726170000000001,0.9166666666666666,1
GCF_022690265.1.fna,GCF_031727255.1.fna,0.984305,0.8333333333333334,1
GCF_022690265.1.fna,GCF_031727275.1.fna,0.976217,0.8333333333333334,1
GCF_022690265.1.fna,GCF_031727355.1.fna,0.9948739999999999,0.8333333333333334,1
GCF_022690265.1.fna,GCF_031727455.1.fna,0.968541,0.8333333333333334,1
GCF_022690265.1.fna,GCF_031727535.1.fna,0.973943,0.9166666666666666,1
GCF_022690265.1.fna,GCF_031728075.1.fna,0.99409,0.9166666666666666,1
GCF_022690265.1.fna,GCF_031728095.1.fna,0.975411,0.875,1
GCF_022690265.1.fna,GCF_031728115.1.fna,0.995646,0.875,1
GCF_022690265.1.fna,GCF_031728155.1.fna,0.994382,0.875,1
GCF_022690265.1.fna,GCF_031728235.1.fna,0.996035,0.875,1
GCF_022690265.1.fna,GCF_031728275.1.fna,0.9758060000000001,0.875,1
GCF_022690265.1.fna,GCF_031728295.1.fna,0.994219,0.875,1
GCF_022690265.1.fna,GCF_031728315.1.fna,0.992774,0.9166666666666666,1
GCF_022690265.1.fna,GCF_031728335.1.fna,0.9967100000000001,0.875,1
GCF_022690265.1.fna,GCF_031728415.1.fna,0.976979,0.875,1
GCF_022690265.1.fna,GCF_031728455.1.fna,0.9768330000000001,0.875,1
GCF_022690265.1.fna,GCF_031728475.1.fna,0.9942409999999999,0.9166666666666666,1
GCF_022690265.1.fna,GCF_031728495.1.fna,0.976971,0.875,1
GCF_022690265.1.fna,GCF_031728515.1.fna,0.986265,0.7916666666666666,1
GCF_022690265.1.fna,GCF_031728555.1.fna,0.999984,1.0,1
GCF_022690265.1.fna,GCF_031728675.1.fna,0.9758060000000001,0.875,1
GCF_022690265.1.fna,GCF_031728695.1.fna,0.9752460000000001,0.875,1
GCF_022690265.1.fna,GCF_031728715.1.fna,0.9759319999999999,0.875,1
GCF_022690265.1.fna,GCF_031728735.1.fna,0.994315,0.9166666666666666,1
GCF_022690265.1.fna,GCF_031728745.1.fna,0.9958629999999999,0.875,1
GCF_022690265.1.fna,GCF_031728795.1.fna,0.976147,0.875,1
GCF_022690265.1.fna,GCF_031728835.1.fna,0.999328,0.9166666666666666,1
GCF_022690265.1.fna,GCF_031728895.1.fna,0.975884,0.875,1
GCF_022690265.1.fna,GCF_031729015.1.fna,0.975228,0.8333333333333334,1
GCF_022690265.1.fna,GCF_036419895.1.fna,0.9759739999999999,0.875,1
GCF_022690265.1.fna,GCF_036420075.1.fna,0.985984,0.7916666666666666,1
GCF_022690265.1.fna,GCF_037694985.1.fna,0.992913,0.9166666666666666,1
GCF_022690265.1.fna,GCF_037695175.1.fna,0.974981,0.8333333333333334,1
GCF_022690265.1.fna,GCF_037700135.1.fna,0.994718,0.9166666666666666,1
GCF_022690265.1.fna,GCF_037700155.1.fna,0.994437,0.875,1
GCF_022690265.1.fna,GCF_037700295.1.fna,0.9963549999999999,0.8333333333333334,1
GCF_022690265.1.fna,GCF_037700315.1.fna,0.975924,0.875,1
GCF_022690265.1.fna,GCF_037700375.1.fna,0.975803,0.875,1
GCF_022690265.1.fna,GCF_037700455.1.fna,0.976077,0.875,1
GCF_022690265.1.fna,GCF_040947025.1.fna,0.9915550000000001,0.875,1
GCF_022690265.1.fna,GCF_040947065.1.fna,0.9815560000000001,0.875,1
GCF_022690265.1.fna,GCF_040947125.1.fna,0.9749169999999999,0.8333333333333334,1
GCF_022690265.1.fna,GCF_040947205.1.fna,0.9960850000000001,0.8333333333333334,1
GCF_022690265.1.fna,GCF_040947225.1.fna,0.978816,0.875,1
GCF_022690265.1.fna,GCF_040947605.1.fna,0.997608,0.875,1
GCF_022690265.1.fna,GCF_040947645.1.fna,0.997608,0.875,1
GCF_022690265.1.fna,GCF_047653515.1.fna,0.99574,0.875,1
GCF_022690265.1.fna,GCF_047653525.1.fna,0.9966459999999999,0.875,1
GCF_022690265.1.fna,GCF_052950835.1.fna,0.979686,0.8333333333333334,1
GCF_022690265.1.fna,GCF_900458635.1.fna,0.975288,0.8333333333333334,1
GCF_022690265.1.fna,GCF_964211265.1.fna,0.97681,0.875,1
GCF_022690275.1.fna,GCF_000269685.1.fna,0.9938400000000001,1.0,1
GCF_022690275.1.fna,GCF_002901845.1.fna,0.974101,0.8695652173913043,1
GCF_022690275.1.fna,GCF_013267575.1.fna,0.975049,0.9130434782608695,1
GCF_022690275.1.fna,GCF_015274535.1.fna,0.995599,0.9130434782608695,1
GCF_022690275.1.fna,GCF_015274585.1.fna,0.995599,0.9130434782608695,1
GCF_022690275.1.fna,GCF_015274655.1.fna,0.995599,0.9130434782608695,1
GCF_022690275.1.fna,GCF_015274675.1.fna,0.9933299999999999,1.0,1
GCF_022690275.1.fna,GCF_017315625.1.fna,0.9928130000000001,1.0,1
GCF_022690275.1.fna,GCF_017315645.1.fna,0.994483,0.9565217391304348,1
GCF_022690275.1.fna,GCF_022689565.1.fna,0.992826,0.9130434782608695,1
GCF_022690275.1.fna,GCF_022689575.1.fna,0.9737210000000001,0.9565217391304348,1
GCF_022690275.1.fna,GCF_022689615.1.fna,0.996406,0.9130434782608695,1
GCF_022690275.1.fna,GCF_022689645.1.fna,0.9745159999999999,0.8695652173913043,1
GCF_022690275.1.fna,GCF_022689665.1.fna,0.973713,0.9565217391304348,1
GCF_022690275.1.fna,GCF_022689675.1.fna,0.9965569999999999,0.9565217391304348,1
GCF_022690275.1.fna,GCF_022689705.1.fna,0.975014,0.9130434782608695,1
GCF_022690275.1.fna,GCF_022689725.1.fna,0.9737210000000001,0.9565217391304348,1
GCF_022690275.1.fna,GCF_022689745.1.fna,0.995702,0.9565217391304348,1
GCF_022690275.1.fna,GCF_022689765.1.fna,0.9882040000000001,1.0,1
GCF_022690275.1.fna,GCF_022689775.1.fna,0.974959,0.8695652173913043,1
GCF_022690275.1.fna,GCF_022689785.1.fna,0.975213,0.9130434782608695,1
GCF_022690275.1.fna,GCF_022689825.1.fna,0.9879770000000001,1.0,1
GCF_022690275.1.fna,GCF_022689845.1.fna,0.995791,0.9130434782608695,1
GCF_022690275.1.fna,GCF_022689855.1.fna,0.974181,0.9130434782608695,1
GCF_022690275.1.fna,GCF_022689905.1.fna,0.994573,0.9565217391304348,1
GCF_022690275.1.fna,GCF_022689925.1.fna,0.9690819999999999,0.8695652173913043,1
GCF_022690275.1.fna,GCF_022689945.1.fna,0.986909,0.8695652173913043,1
GCF_022690275.1.fna,GCF_022689965.1.fna,0.993347,0.9565217391304348,1
GCF_022690275.1.fna,GCF_022689975.1.fna,0.9876309999999999,1.0,1
GCF_022690275.1.fna,GCF_022690005.1.fna,0.9763259999999999,0.9130434782608695,1
GCF_022690275.1.fna,GCF_022690025.1.fna,0.967615,0.9565217391304348,1
GCF_022690275.1.fna,GCF_022690045.1.fna,0.9763259999999999,0.9130434782608695,1
GCF_022690275.1.fna,GCF_022690065.1.fna,0.9957739999999999,0.9130434782608695,1
GCF_022690275.1.fna,GCF_022690085.1.fna,0.968484,0.9565217391304348,1
GCF_022690275.1.fna,GCF_022690105.1.fna,0.9948990000000001,0.9565217391304348,1
GCF_022690275.1.fna,GCF_022690115.1.fna,0.9747520000000001,0.9565217391304348,1
GCF_022690275.1.fna,GCF_022690145.1.fna,0.9957739999999999,0.9130434782608695,1
GCF_022690275.1.fna,GCF_022690165.1.fna,0.996371,0.9130434782608695,1
GCF_022690275.1.fna,GCF_022690185.1.fna,0.975198,0.9130434782608695,1
GCF_022690275.1.fna,GCF_022690205.1.fna,0.9746290000000001,0.8695652173913043,1
GCF_022690275.1.fna,GCF_022690225.1.fna,0.975958,0.8695652173913043,1
GCF_022690275.1.fna,GCF_022690245.1.fna,0.9958880000000001,0.9130434782608695,1
GCF_022690275.1.fna,GCF_022690265.1.fna,0.995752,0.9130434782608695,1
GCF_022690275.1.fna,GCF_022690275.1.fna,1.0,1.0,1
GCF_022690275.1.fna,GCF_022690295.1.fna,0.9788089999999999,0.9130434782608695,1
GCF_022690275.1.fna,GCF_022690325.1.fna,0.970535,0.9565217391304348,1
GCF_022690275.1.fna,GCF_022690345.1.fna,0.991064,1.0,1
GCF_022690275.1.fna,GCF_022690375.1.fna,0.9759990000000001,0.9130434782608695,1
GCF_022690275.1.fna,GCF_022690385.1.fna,0.99559,0.9565217391304348,1
GCF_022690275.1.fna,GCF_022690425.1.fna,0.994799,0.9130434782608695,1
GCF_022690275.1.fna,GCF_025143205.1.fna,0.9964419999999999,0.9130434782608695,1
GCF_022690275.1.fna,GCF_025143445.1.fna,0.97465,0.8695652173913043,1
GCF_022690275.1.fna,GCF_025143615.1.fna,0.975563,0.9130434782608695,1
GCF_022690275.1.fna,GCF_029926865.1.fna,0.983936,1.0,1
GCF_022690275.1.fna,GCF_029926905.1.fna,0.983936,1.0,1
GCF_022690275.1.fna,GCF_029926915.1.fna,0.983935,1.0,1
GCF_022690275.1.fna,GCF_031631055.1.fna,0.978207,0.8260869565217391,1
GCF_022690275.1.fna,GCF_031727055.1.fna,0.9741630000000001,0.9130434782608695,1
GCF_022690275.1.fna,GCF_031727075.1.fna,0.9965569999999999,0.9565217391304348,1
GCF_022690275.1.fna,GCF_031727235.1.fna,0.9745130000000001,0.9130434782608695,1
GCF_022690275.1.fna,GCF_031727255.1.fna,0.9788089999999999,0.9130434782608695,1
GCF_022690275.1.fna,GCF_031727275.1.fna,0.9658150000000001,0.9130434782608695,1
GCF_022690275.1.fna,GCF_031727355.1.fna,0.9936889999999999,0.9130434782608695,1
GCF_022690275.1.fna,GCF_031727455.1.fna,0.967772,0.8695652173913043,1
GCF_022690275.1.fna,GCF_031727535.1.fna,0.975081,0.9130434782608695,1
GCF_022690275.1.fna,GCF_031728075.1.fna,0.994058,0.9130434782608695,1
GCF_022690275.1.fna,GCF_031728095.1.fna,0.97506,0.9130434782608695,1
GCF_022690275.1.fna,GCF_031728115.1.fna,0.995752,0.9565217391304348,1
GCF_022690275.1.fna,GCF_031728155.1.fna,0.993024,1.0,1
GCF_022690275.1.fna,GCF_031728235.1.fna,0.995189,0.9565217391304348,1
GCF_022690275.1.fna,GCF_031728275.1.fna,0.9751770000000001,0.9130434782608695,1
GCF_022690275.1.fna,GCF_031728295.1.fna,0.994055,0.9565217391304348,1
GCF_022690275.1.fna,GCF_031728315.1.fna,0.995314,0.9565217391304348,1
GCF_022690275.1.fna,GCF_031728335.1.fna,0.995518,0.9565217391304348,1
GCF_022690275.1.fna,GCF_031728415.1.fna,0.9682599999999999,0.9565217391304348,1
GCF_022690275.1.fna,GCF_031728455.1.fna,0.9760639999999999,0.9130434782608695,1
GCF_022690275.1.fna,GCF_031728475.1.fna,0.9945149999999999,0.9565217391304348,1
GCF_022690275.1.fna,GCF_031728495.1.fna,0.968249,0.9565217391304348,1
GCF_022690275.1.fna,GCF_031728515.1.fna,0.987049,0.8695652173913043,1
GCF_022690275.1.fna,GCF_031728555.1.fna,0.996601,0.9130434782608695,1
GCF_022690275.1.fna,GCF_031728675.1.fna,0.9748290000000001,0.9130434782608695,1
GCF_022690275.1.fna,GCF_031728695.1.fna,0.97473,0.9130434782608695,1
GCF_022690275.1.fna,GCF_031728715.1.fna,0.975449,0.9130434782608695,1
GCF_022690275.1.fna,GCF_031728735.1.fna,0.993832,0.9565217391304348,1
GCF_022690275.1.fna,GCF_031728745.1.fna,0.995242,0.9130434782608695,1
GCF_022690275.1.fna,GCF_031728795.1.fna,0.975675,0.9130434782608695,1
GCF_022690275.1.fna,GCF_031728835.1.fna,0.996179,0.9130434782608695,1
GCF_022690275.1.fna,GCF_031728895.1.fna,0.9754600000000001,0.9130434782608695,1
GCF_022690275.1.fna,GCF_031729015.1.fna,0.974838,0.8695652173913043,1
GCF_022690275.1.fna,GCF_036419895.1.fna,0.975525,0.9130434782608695,1
GCF_022690275.1.fna,GCF_036420075.1.fna,0.986909,0.8695652173913043,1
GCF_022690275.1.fna,GCF_037694985.1.fna,0.9939279999999999,0.9565217391304348,1
GCF_022690275.1.fna,GCF_037695175.1.fna,0.965274,0.9130434782608695,1
GCF_022690275.1.fna,GCF_037700135.1.fna,0.995757,0.9565217391304348,1
GCF_022690275.1.fna,GCF_037700155.1.fna,0.993863,0.9565217391304348,1
GCF_022690275.1.fna,GCF_037700295.1.fna,0.9955620000000001,0.9130434782608695,1
GCF_022690275.1.fna,GCF_037700315.1.fna,0.975489,0.9130434782608695,1
GCF_022690275.1.fna,GCF_037700375.1.fna,0.9751829999999999,0.9130434782608695,1
GCF_022690275.1.fna,GCF_037700455.1.fna,0.975197,0.9130434782608695,1
GCF_022690275.1.fna,GCF_040947025.1.fna,0.9912820000000001,0.9565217391304348,1
GCF_022690275.1.fna,GCF_040947065.1.fna,0.981331,0.9130434782608695,1
GCF_022690275.1.fna,GCF_040947125.1.fna,0.966747,0.9130434782608695,1
GCF_022690275.1.fna,GCF_040947205.1.fna,0.996132,0.9130434782608695,1
GCF_022690275.1.fna,GCF_040947225.1.fna,0.978266,0.9130434782608695,1
GCF_022690275.1.fna,GCF_040947605.1.fna,0.997605,0.9130434782608695,1
GCF_022690275.1.fna,GCF_040947645.1.fna,0.997364,0.9130434782608695,1
GCF_022690275.1.fna,GCF_047653515.1.fna,0.9856480000000001,0.9565217391304348,1
GCF_022690275.1.fna,GCF_047653525.1.fna,0.995431,1.0,1
GCF_022690275.1.fna,GCF_052950835.1.fna,0.9727070000000001,0.8695652173913043,1
GCF_022690275.1.fna,GCF_900458635.1.fna,0.9745569999999999,0.8695652173913043,1
GCF_022690275.1.fna,GCF_964211265.1.fna,0.976098,0.9130434782608695,1
GCF_022690295.1.fna,GCF_000269685.1.fna,0.959842,0.8275862068965517,1
GCF_022690295.1.fna,GCF_002901845.1.fna,0.951879,0.7241379310344828,1
GCF_022690295.1.fna,GCF_013267575.1.fna,0.9552670000000001,0.6896551724137931,1
GCF_022690295.1.fna,GCF_015274535.1.fna,0.989329,0.6551724137931034,1
GCF_022690295.1.fna,GCF_015274585.1.fna,0.9858119999999999,0.6551724137931034,1
GCF_022690295.1.fna,GCF_015274655.1.fna,0.9891570000000001,0.6551724137931034,1
GCF_022690295.1.fna,GCF_015274675.1.fna,0.9664780000000001,0.7931034482758621,1
GCF_022690295.1.fna,GCF_017315625.1.fna,0.977894,0.7241379310344828,1
GCF_022690295.1.fna,GCF_017315645.1.fna,0.97018,0.7931034482758621,1
GCF_022690295.1.fna,GCF_022689565.1.fna,0.972961,0.7586206896551724,1
GCF_022690295.1.fna,GCF_022689575.1.fna,0.959391,0.7241379310344828,1
GCF_022690295.1.fna,GCF_022689615.1.fna,0.990358,0.6896551724137931,1
GCF_022690295.1.fna,GCF_022689645.1.fna,0.956348,0.7241379310344828,1
GCF_022690295.1.fna,GCF_022689665.1.fna,0.959391,0.7241379310344828,1
GCF_022690295.1.fna,GCF_022689675.1.fna,0.99043,0.6896551724137931,1
GCF_022690295.1.fna,GCF_022689705.1.fna,0.957128,0.6896551724137931,1
GCF_022690295.1.fna,GCF_022689725.1.fna,0.959391,0.7241379310344828,1
GCF_022690295.1.fna,GCF_022689745.1.fna,0.990358,0.6896551724137931,1
GCF_022690295.1.fna,GCF_022689765.1.fna,0.984768,0.7241379310344828,1
GCF_022690295.1.fna,GCF_022689775.1.fna,0.963224,0.6896551724137931,1
GCF_022690295.1.fna,GCF_022689785.1.fna,0.966345,0.6551724137931034,1
GCF_022690295.1.fna,GCF_022689825.1.fna,0.983947,0.7241379310344828,1
GCF_022690295.1.fna,GCF_022689845.1.fna,0.985679,0.7586206896551724,1
GCF_022690295.1.fna,GCF_022689855.1.fna,0.962808,0.7241379310344828,1
GCF_022690295.1.fna,GCF_022689905.1.fna,0.983032,0.7586206896551724,1
GCF_022690295.1.fna,GCF_022689925.1.fna,0.956802,0.7241379310344828,1
GCF_022690295.1.fna,GCF_022689945.1.fna,0.9990439999999999,0.7586206896551724,1
GCF_022690295.1.fna,GCF_022689965.1.fna,0.969415,0.8275862068965517,1
GCF_022690295.1.fna,GCF_022689975.1.fna,0.9795659999999999,0.7241379310344828,1
GCF_022690295.1.fna,GCF_022690005.1.fna,0.957533,0.6896551724137931,1
GCF_022690295.1.fna,GCF_022690025.1.fna,0.961384,0.7586206896551724,1
GCF_022690295.1.fna,GCF_022690045.1.fna,0.957533,0.6896551724137931,1
GCF_022690295.1.fna,GCF_022690065.1.fna,0.985401,0.7241379310344828,1
GCF_022690295.1.fna,GCF_022690085.1.fna,0.952264,0.7241379310344828,1
GCF_022690295.1.fna,GCF_022690105.1.fna,0.98,0.6896551724137931,1
GCF_022690295.1.fna,GCF_022690115.1.fna,0.979684,0.6896551724137931,1
GCF_022690295.1.fna,GCF_022690145.1.fna,0.985401,0.7241379310344828,1
GCF_022690295.1.fna,GCF_022690165.1.fna,0.9873999999999999,0.6896551724137931,1
GCF_022690295.1.fna,GCF_022690185.1.fna,0.957965,0.6896551724137931,1
GCF_022690295.1.fna,GCF_022690205.1.fna,0.961665,0.7241379310344828,1
GCF_022690295.1.fna,GCF_022690225.1.fna,0.9675239999999999,0.6896551724137931,1
GCF_022690295.1.fna,GCF_022690245.1.fna,0.9900990000000001,0.6551724137931034,1
GCF_022690295.1.fna,GCF_022690265.1.fna,0.991265,0.6551724137931034,1
GCF_022690295.1.fna,GCF_022690275.1.fna,0.977835,0.7241379310344828,1
GCF_022690295.1.fna,GCF_022690295.1.fna,1.0,1.0,1
GCF_022690295.1.fna,GCF_022690325.1.fna,0.949815,0.7241379310344828,1
GCF_022690295.1.fna,GCF_022690345.1.fna,0.974263,0.7586206896551724,1
GCF_022690295.1.fna,GCF_022690375.1.fna,0.953439,0.7241379310344828,1
GCF_022690295.1.fna,GCF_022690385.1.fna,0.9794710000000001,0.7241379310344828,1
GCF_022690295.1.fna,GCF_022690425.1.fna,0.981419,0.7241379310344828,1
GCF_022690295.1.fna,GCF_025143205.1.fna,0.993499,0.6206896551724138,1
GCF_022690295.1.fna,GCF_025143445.1.fna,0.95923,0.7241379310344828,1
GCF_022690295.1.fna,GCF_025143615.1.fna,0.9632989999999999,0.6896551724137931,1
GCF_022690295.1.fna,GCF_029926865.1.fna,0.9674330000000001,0.7931034482758621,1
GCF_022690295.1.fna,GCF_029926905.1.fna,0.9674330000000001,0.7931034482758621,1
GCF_022690295.1.fna,GCF_029926915.1.fna,0.9674330000000001,0.7931034482758621,1
GCF_022690295.1.fna,GCF_031631055.1.fna,0.959697,0.6896551724137931,1
GCF_022690295.1.fna,GCF_031727055.1.fna,0.9456789999999999,0.8275862068965517,1
GCF_022690295.1.fna,GCF_031727075.1.fna,0.990358,0.6896551724137931,1
GCF_022690295.1.fna,GCF_031727235.1.fna,0.962808,0.7241379310344828,1
GCF_022690295.1.fna,GCF_031727255.1.fna,1.0,0.9310344827586207,1
GCF_022690295.1.fna,GCF_031727275.1.fna,0.9638760000000001,0.6896551724137931,1
GCF_022690295.1.fna,GCF_031727355.1.fna,0.973591,0.7586206896551724,1
GCF_022690295.1.fna,GCF_031727455.1.fna,0.94074,0.7241379310344828,1
GCF_022690295.1.fna,GCF_031727535.1.fna,0.9676560000000001,0.6896551724137931,1
GCF_022690295.1.fna,GCF_031728075.1.fna,0.981419,0.7241379310344828,1
GCF_022690295.1.fna,GCF_031728095.1.fna,0.964458,0.6896551724137931,1
GCF_022690295.1.fna,GCF_031728115.1.fna,0.9897549999999999,0.6896551724137931,1
GCF_022690295.1.fna,GCF_031728155.1.fna,0.9749859999999999,0.7586206896551724,1
GCF_022690295.1.fna,GCF_031728235.1.fna,0.976939,0.7241379310344828,1
GCF_022690295.1.fna,GCF_031728275.1.fna,0.9572759999999999,0.6896551724137931,1
GCF_022690295.1.fna,GCF_031728295.1.fna,0.980441,0.7586206896551724,1
GCF_022690295.1.fna,GCF_031728315.1.fna,0.977288,0.7586206896551724,1
GCF_022690295.1.fna,GCF_031728335.1.fna,0.9768380000000001,0.7241379310344828,1
GCF_022690295.1.fna,GCF_031728415.1.fna,0.9581270000000001,0.7241379310344828,1
GCF_022690295.1.fna,GCF_031728455.1.fna,0.96839,0.6551724137931034,1
GCF_022690295.1.fna,GCF_031728475.1.fna,0.977261,0.7241379310344828,1
GCF_022690295.1.fna,GCF_031728495.1.fna,0.963601,0.7241379310344828,1
GCF_022690295.1.fna,GCF_031728515.1.fna,0.9913209999999999,0.896551724137931,1
GCF_022690295.1.fna,GCF_031728555.1.fna,0.9849060000000001,0.7241379310344828,1
GCF_022690295.1.fna,GCF_031728675.1.fna,0.955208,0.6896551724137931,1
GCF_022690295.1.fna,GCF_031728695.1.fna,0.9534659999999999,0.7241379310344828,1
GCF_022690295.1.fna,GCF_031728715.1.fna,0.966196,0.6551724137931034,1
GCF_022690295.1.fna,GCF_031728735.1.fna,0.973126,0.8275862068965517,1
GCF_022690295.1.fna,GCF_031728745.1.fna,0.9855119999999999,0.6896551724137931,1
GCF_022690295.1.fna,GCF_031728795.1.fna,0.954899,0.7241379310344828,1
GCF_022690295.1.fna,GCF_031728835.1.fna,0.988674,0.6896551724137931,1
GCF_022690295.1.fna,GCF_031728895.1.fna,0.956382,0.7241379310344828,1
GCF_022690295.1.fna,GCF_031729015.1.fna,0.962492,0.6896551724137931,1
GCF_022690295.1.fna,GCF_036419895.1.fna,0.9624710000000001,0.6896551724137931,1
GCF_022690295.1.fna,GCF_036420075.1.fna,0.995904,0.7931034482758621,1
GCF_022690295.1.fna,GCF_037694985.1.fna,0.977957,0.7931034482758621,1
GCF_022690295.1.fna,GCF_037695175.1.fna,0.9662120000000001,0.6896551724137931,1
GCF_022690295.1.fna,GCF_037700135.1.fna,0.988945,0.7241379310344828,1
GCF_022690295.1.fna,GCF_037700155.1.fna,0.984425,0.7241379310344828,1
GCF_022690295.1.fna,GCF_037700295.1.fna,0.984363,0.6896551724137931,1
GCF_022690295.1.fna,GCF_037700315.1.fna,0.966545,0.6551724137931034,1
GCF_022690295.1.fna,GCF_037700375.1.fna,0.9659789999999999,0.6896551724137931,1
GCF_022690295.1.fna,GCF_037700455.1.fna,0.9659789999999999,0.6896551724137931,1
GCF_022690295.1.fna,GCF_040947025.1.fna,0.98053,0.7241379310344828,1
GCF_022690295.1.fna,GCF_040947065.1.fna,0.950613,0.7586206896551724,1
GCF_022690295.1.fna,GCF_040947125.1.fna,0.9574739999999999,0.7586206896551724,1
GCF_022690295.1.fna,GCF_040947205.1.fna,0.9817629999999999,0.6896551724137931,1
GCF_022690295.1.fna,GCF_040947225.1.fna,0.959257,0.6896551724137931,1
GCF_022690295.1.fna,GCF_040947605.1.fna,0.983477,0.6551724137931034,1
GCF_022690295.1.fna,GCF_040947645.1.fna,0.983477,0.6551724137931034,1
GCF_022690295.1.fna,GCF_047653515.1.fna,0.976305,0.7241379310344828,1
GCF_022690295.1.fna,GCF_047653525.1.fna,0.985048,0.7241379310344828,1
GCF_022690295.1.fna,GCF_052950835.1.fna,0.9670359999999999,0.6551724137931034,1
GCF_022690295.1.fna,GCF_900458635.1.fna,0.951879,0.7241379310344828,1
GCF_022690295.1.fna,GCF_964211265.1.fna,0.96655,0.6896551724137931,1
GCF_022690325.1.fna,GCF_000269685.1.fna,0.9717210000000001,1.0,1
GCF_022690325.1.fna,GCF_002901845.1.fna,0.994919,0.9090909090909091,1
GCF_022690325.1.fna,GCF_013267575.1.fna,0.99356,0.9545454545454546,1
GCF_022690325.1.fna,GCF_015274535.1.fna,0.9760070000000001,0.9545454545454546,1
GCF_022690325.1.fna,GCF_015274585.1.fna,0.9760070000000001,0.9545454545454546,1
GCF_022690325.1.fna,GCF_015274655.1.fna,0.9760070000000001,0.9545454545454546,1
GCF_022690325.1.fna,GCF_015274675.1.fna,0.971867,1.0,1
GCF_022690325.1.fna,GCF_017315625.1.fna,0.972946,1.0,1
GCF_022690325.1.fna,GCF_017315645.1.fna,0.9773520000000001,0.9545454545454546,1
GCF_022690325.1.fna,GCF_022689565.1.fna,0.97603,0.9090909090909091,1
GCF_022690325.1.fna,GCF_022689575.1.fna,0.98753,1.0,1
GCF_022690325.1.fna,GCF_022689615.1.fna,0.9754510000000001,0.9090909090909091,1
GCF_022690325.1.fna,GCF_022689645.1.fna,0.993941,0.9090909090909091,1
GCF_022690325.1.fna,GCF_022689665.1.fna,0.98753,1.0,1
GCF_022690325.1.fna,GCF_022689675.1.fna,0.976068,0.9545454545454546,1
GCF_022690325.1.fna,GCF_022689705.1.fna,0.993673,0.9545454545454546,1
GCF_022690325.1.fna,GCF_022689725.1.fna,0.98753,1.0,1
GCF_022690325.1.fna,GCF_022689745.1.fna,0.976068,0.9545454545454546,1
GCF_022690325.1.fna,GCF_022689765.1.fna,0.9699509999999999,1.0,1
GCF_022690325.1.fna,GCF_022689775.1.fna,0.9947199999999999,0.9090909090909091,1
GCF_022690325.1.fna,GCF_022689785.1.fna,0.9945780000000001,0.9545454545454546,1
GCF_022690325.1.fna,GCF_022689825.1.fna,0.9699509999999999,1.0,1
GCF_022690325.1.fna,GCF_022689845.1.fna,0.975158,0.9090909090909091,1
GCF_022690325.1.fna,GCF_022689855.1.fna,0.993511,0.9545454545454546,1
GCF_022690325.1.fna,GCF_022689905.1.fna,0.976827,0.9545454545454546,1
GCF_022690325.1.fna,GCF_022689925.1.fna,0.9743510000000001,0.8636363636363636,1
GCF_022690325.1.fna,GCF_022689945.1.fna,0.9677800000000001,0.8636363636363636,1
GCF_022690325.1.fna,GCF_022689965.1.fna,0.9786450000000001,0.9545454545454546,1
GCF_022690325.1.fna,GCF_022689975.1.fna,0.9699509999999999,1.0,1
GCF_022690325.1.fna,GCF_022690005.1.fna,0.994469,0.9545454545454546,1
GCF_022690325.1.fna,GCF_022690025.1.fna,0.984993,1.0,1
GCF_022690325.1.fna,GCF_022690045.1.fna,0.994469,0.9545454545454546,1
GCF_022690325.1.fna,GCF_022690065.1.fna,0.975873,0.9545454545454546,1
GCF_022690325.1.fna,GCF_022690085.1.fna,0.973279,0.9545454545454546,1
GCF_022690325.1.fna,GCF_022690105.1.fna,0.9710529999999999,1.0,1
GCF_022690325.1.fna,GCF_022690115.1.fna,0.9668819999999999,1.0,1
GCF_022690325.1.fna,GCF_022690145.1.fna,0.975873,0.9545454545454546,1
GCF_022690325.1.fna,GCF_022690165.1.fna,0.975873,0.9545454545454546,1
GCF_022690325.1.fna,GCF_022690185.1.fna,0.9945229999999999,0.9545454545454546,1
GCF_022690325.1.fna,GCF_022690205.1.fna,0.99469,0.9090909090909091,1
GCF_022690325.1.fna,GCF_022690225.1.fna,0.9926940000000001,0.9090909090909091,1
GCF_022690325.1.fna,GCF_022690245.1.fna,0.975475,0.9545454545454546,1
GCF_022690325.1.fna,GCF_022690265.1.fna,0.975873,0.9545454545454546,1
GCF_022690325.1.fna,GCF_022690275.1.fna,0.969889,1.0,1
GCF_022690325.1.fna,GCF_022690295.1.fna,0.9600690000000001,0.9090909090909091,1
GCF_022690325.1.fna,GCF_022690325.1.fna,1.0,1.0,1
GCF_022690325.1.fna,GCF_022690345.1.fna,0.971505,1.0,1
GCF_022690325.1.fna,GCF_022690375.1.fna,0.992702,0.9545454545454546,1
GCF_022690325.1.fna,GCF_022690385.1.fna,0.976029,0.9545454545454546,1
GCF_022690325.1.fna,GCF_022690425.1.fna,0.976611,0.9545454545454546,1
GCF_022690325.1.fna,GCF_025143205.1.fna,0.97575,0.9545454545454546,1
GCF_022690325.1.fna,GCF_025143445.1.fna,0.996567,0.9090909090909091,1
GCF_022690325.1.fna,GCF_025143615.1.fna,0.994613,0.9545454545454546,1
GCF_022690325.1.fna,GCF_029926865.1.fna,0.9707009999999999,1.0,1
GCF_022690325.1.fna,GCF_029926905.1.fna,0.9707009999999999,1.0,1
GCF_022690325.1.fna,GCF_029926915.1.fna,0.9707009999999999,1.0,1
GCF_022690325.1.fna,GCF_031631055.1.fna,0.989957,0.9090909090909091,1
GCF_022690325.1.fna,GCF_031727055.1.fna,0.991803,0.9545454545454546,1
GCF_022690325.1.fna,GCF_031727075.1.fna,0.976068,0.9545454545454546,1
GCF_022690325.1.fna,GCF_031727235.1.fna,0.993511,0.9545454545454546,1
GCF_022690325.1.fna,GCF_031727255.1.fna,0.9600690000000001,0.9090909090909091,1
GCF_022690325.1.fna,GCF_031727275.1.fna,0.9873919999999999,0.9545454545454546,1
GCF_022690325.1.fna,GCF_031727355.1.fna,0.976114,0.9090909090909091,1
GCF_022690325.1.fna,GCF_031727455.1.fna,0.973319,0.9090909090909091,1
GCF_022690325.1.fna,GCF_031727535.1.fna,0.994536,0.9545454545454546,1
GCF_022690325.1.fna,GCF_031728075.1.fna,0.976611,0.9545454545454546,1
GCF_022690325.1.fna,GCF_031728095.1.fna,0.9940340000000001,0.9545454545454546,1
GCF_022690325.1.fna,GCF_031728115.1.fna,0.97702,0.9545454545454546,1
GCF_022690325.1.fna,GCF_031728155.1.fna,0.972969,1.0,1
GCF_022690325.1.fna,GCF_031728235.1.fna,0.970759,1.0,1
GCF_022690325.1.fna,GCF_031728275.1.fna,0.995305,0.9545454545454546,1
GCF_022690325.1.fna,GCF_031728295.1.fna,0.977243,0.9545454545454546,1
GCF_022690325.1.fna,GCF_031728315.1.fna,0.976827,0.9545454545454546,1
GCF_022690325.1.fna,GCF_031728335.1.fna,0.9710529999999999,1.0,1
GCF_022690325.1.fna,GCF_031728415.1.fna,0.988503,1.0,1
GCF_022690325.1.fna,GCF_031728455.1.fna,0.994291,0.9545454545454546,1
GCF_022690325.1.fna,GCF_031728475.1.fna,0.974324,0.9545454545454546,1
GCF_022690325.1.fna,GCF_031728495.1.fna,0.988521,1.0,1
GCF_022690325.1.fna,GCF_031728515.1.fna,0.967726,0.8636363636363636,1
GCF_022690325.1.fna,GCF_031728555.1.fna,0.975873,0.9545454545454546,1
GCF_022690325.1.fna,GCF_031728675.1.fna,0.9936740000000001,0.9545454545454546,1
GCF_022690325.1.fna,GCF_031728695.1.fna,0.9938009999999999,0.9545454545454546,1
GCF_022690325.1.fna,GCF_031728715.1.fna,0.994398,0.9545454545454546,1
GCF_022690325.1.fna,GCF_031728735.1.fna,0.974194,0.9545454545454546,1
GCF_022690325.1.fna,GCF_031728745.1.fna,0.9771460000000001,0.9545454545454546,1
GCF_022690325.1.fna,GCF_031728795.1.fna,0.995243,0.9545454545454546,1
GCF_022690325.1.fna,GCF_031728835.1.fna,0.975763,0.9545454545454546,1
GCF_022690325.1.fna,GCF_031728895.1.fna,0.997435,0.9545454545454546,1
GCF_022690325.1.fna,GCF_031729015.1.fna,0.987338,0.9545454545454546,1
GCF_022690325.1.fna,GCF_036419895.1.fna,0.987591,1.0,1
GCF_022690325.1.fna,GCF_036420075.1.fna,0.9677800000000001,0.8636363636363636,1
GCF_022690325.1.fna,GCF_037694985.1.fna,0.9674809999999999,1.0,1
GCF_022690325.1.fna,GCF_037695175.1.fna,0.988631,0.9545454545454546,1
GCF_022690325.1.fna,GCF_037700135.1.fna,0.975984,0.9545454545454546,1
GCF_022690325.1.fna,GCF_037700155.1.fna,0.977128,0.9545454545454546,1
GCF_022690325.1.fna,GCF_037700295.1.fna,0.977027,0.9090909090909091,1
GCF_022690325.1.fna,GCF_037700315.1.fna,0.9940349999999999,0.9545454545454546,1
GCF_022690325.1.fna,GCF_037700375.1.fna,0.993595,0.9545454545454546,1
GCF_022690325.1.fna,GCF_037700455.1.fna,0.993653,0.9545454545454546,1
GCF_022690325.1.fna,GCF_040947025.1.fna,0.980466,0.9545454545454546,1
GCF_022690325.1.fna,GCF_040947065.1.fna,0.989478,0.9545454545454546,1
GCF_022690325.1.fna,GCF_040947125.1.fna,0.9871070000000001,0.9545454545454546,1
GCF_022690325.1.fna,GCF_040947205.1.fna,0.975719,0.9090909090909091,1
GCF_022690325.1.fna,GCF_040947225.1.fna,0.9929399999999999,0.9545454545454546,1
GCF_022690325.1.fna,GCF_040947605.1.fna,0.9755459999999999,0.9545454545454546,1
GCF_022690325.1.fna,GCF_040947645.1.fna,0.9755459999999999,0.9545454545454546,1
GCF_022690325.1.fna,GCF_047653515.1.fna,0.9688420000000001,1.0,1
GCF_022690325.1.fna,GCF_047653525.1.fna,0.971509,1.0,1
GCF_022690325.1.fna,GCF_052950835.1.fna,0.988927,0.9545454545454546,1
GCF_022690325.1.fna,GCF_900458635.1.fna,0.994919,0.9090909090909091,1
GCF_022690325.1.fna,GCF_964211265.1.fna,0.9939520000000001,0.9545454545454546,1
GCF_022690345.1.fna,GCF_000269685.1.fna,0.9932070000000001,0.92,1
GCF_022690345.1.fna,GCF_002901845.1.fna,0.977393,0.8,1
GCF_022690345.1.fna,GCF_013267575.1.fna,0.976614,0.84,1
GCF_022690345.1.fna,GCF_015274535.1.fna,0.9927849999999999,0.88,1
GCF_022690345.1.fna,GCF_015274585.1.fna,0.993114,0.84,1
GCF_022690345.1.fna,GCF_015274655.1.fna,0.990391,0.88,1
GCF_022690345.1.fna,GCF_015274675.1.fna,0.990938,0.96,1
GCF_022690345.1.fna,GCF_017315625.1.fna,0.990765,0.96,1
GCF_022690345.1.fna,GCF_017315645.1.fna,0.994773,0.92,1
GCF_022690345.1.fna,GCF_022689565.1.fna,0.994868,0.88,1
GCF_022690345.1.fna,GCF_022689575.1.fna,0.976704,0.88,1
GCF_022690345.1.fna,GCF_022689615.1.fna,0.9923609999999999,0.92,1
GCF_022690345.1.fna,GCF_022689645.1.fna,0.977496,0.8,1
GCF_022690345.1.fna,GCF_022689665.1.fna,0.976548,0.88,1
GCF_022690345.1.fna,GCF_022689675.1.fna,0.993621,0.92,1
GCF_022690345.1.fna,GCF_022689705.1.fna,0.97784,0.84,1
GCF_022690345.1.fna,GCF_022689725.1.fna,0.976704,0.88,1
GCF_022690345.1.fna,GCF_022689745.1.fna,0.990785,0.96,1
GCF_022690345.1.fna,GCF_022689765.1.fna,0.983113,0.96,1
GCF_022690345.1.fna,GCF_022689775.1.fna,0.9760509999999999,0.84,1
GCF_022690345.1.fna,GCF_022689785.1.fna,0.9770409999999999,0.84,1
GCF_022690345.1.fna,GCF_022689825.1.fna,0.9830929999999999,0.96,1
GCF_022690345.1.fna,GCF_022689845.1.fna,0.9943940000000001,0.88,1
GCF_022690345.1.fna,GCF_022689855.1.fna,0.976909,0.88,1
GCF_022690345.1.fna,GCF_022689905.1.fna,0.993946,0.92,1
GCF_022690345.1.fna,GCF_022689925.1.fna,0.969379,0.84,1
GCF_022690345.1.fna,GCF_022689945.1.fna,0.984658,0.88,1
GCF_022690345.1.fna,GCF_022689965.1.fna,0.9955769999999999,0.92,1
GCF_022690345.1.fna,GCF_022689975.1.fna,0.983823,0.92,1
GCF_022690345.1.fna,GCF_022690005.1.fna,0.978323,0.84,1
GCF_022690345.1.fna,GCF_022690025.1.fna,0.970088,0.92,1
GCF_022690345.1.fna,GCF_022690045.1.fna,0.978323,0.84,1
GCF_022690345.1.fna,GCF_022690065.1.fna,0.994469,0.88,1
GCF_022690345.1.fna,GCF_022690085.1.fna,0.9703449999999999,0.88,1
GCF_022690345.1.fna,GCF_022690105.1.fna,0.9934829999999999,0.88,1
GCF_022690345.1.fna,GCF_022690115.1.fna,0.975711,0.88,1
GCF_022690345.1.fna,GCF_022690145.1.fna,0.9944769999999999,0.88,1
GCF_022690345.1.fna,GCF_022690165.1.fna,0.994417,0.84,1
GCF_022690345.1.fna,GCF_022690185.1.fna,0.977004,0.84,1
GCF_022690345.1.fna,GCF_022690205.1.fna,0.976028,0.84,1
GCF_022690345.1.fna,GCF_022690225.1.fna,0.978048,0.84,1
GCF_022690345.1.fna,GCF_022690245.1.fna,0.9941150000000001,0.88,1
GCF_022690345.1.fna,GCF_022690265.1.fna,0.9943810000000001,0.84,1
GCF_022690345.1.fna,GCF_022690275.1.fna,0.992283,0.92,1
GCF_022690345.1.fna,GCF_022690295.1.fna,0.967044,0.92,1
GCF_022690345.1.fna,GCF_022690325.1.fna,0.9727330000000001,0.88,1
GCF_022690345.1.fna,GCF_022690345.1.fna,1.0,1.0,1
GCF_022690345.1.fna,GCF_022690375.1.fna,0.9765229999999999,0.84,1
GCF_022690345.1.fna,GCF_022690385.1.fna,0.9941160000000001,0.88,1
GCF_022690345.1.fna,GCF_022690425.1.fna,0.9936119999999999,0.92,1
GCF_022690345.1.fna,GCF_025143205.1.fna,0.994285,0.84,1
GCF_022690345.1.fna,GCF_025143445.1.fna,0.97775,0.8,1
GCF_022690345.1.fna,GCF_025143615.1.fna,0.976623,0.88,1
GCF_022690345.1.fna,GCF_029926865.1.fna,0.984568,0.96,1
GCF_022690345.1.fna,GCF_029926905.1.fna,0.984568,0.96,1
GCF_022690345.1.fna,GCF_029926915.1.fna,0.984568,0.96,1
GCF_022690345.1.fna,GCF_031631055.1.fna,0.977106,0.84,1
GCF_022690345.1.fna,GCF_031727055.1.fna,0.976698,0.88,1
GCF_022690345.1.fna,GCF_031727075.1.fna,0.993621,0.92,1
GCF_022690345.1.fna,GCF_031727235.1.fna,0.976909,0.88,1
GCF_022690345.1.fna,GCF_031727255.1.fna,0.967329,0.88,1
GCF_022690345.1.fna,GCF_031727275.1.fna,0.967563,0.84,1
GCF_022690345.1.fna,GCF_031727355.1.fna,0.994868,0.88,1
GCF_022690345.1.fna,GCF_031727455.1.fna,0.9696089999999999,0.8,1
GCF_022690345.1.fna,GCF_031727535.1.fna,0.9778990000000001,0.84,1
GCF_022690345.1.fna,GCF_031728075.1.fna,0.995055,0.88,1
GCF_022690345.1.fna,GCF_031728095.1.fna,0.976669,0.88,1
GCF_022690345.1.fna,GCF_031728115.1.fna,0.992526,0.92,1
GCF_022690345.1.fna,GCF_031728155.1.fna,0.999601,0.96,1
GCF_022690345.1.fna,GCF_031728235.1.fna,0.992321,0.96,1
GCF_022690345.1.fna,GCF_031728275.1.fna,0.9779000000000001,0.84,1
GCF_022690345.1.fna,GCF_031728295.1.fna,0.994256,0.96,1
GCF_022690345.1.fna,GCF_031728315.1.fna,0.99382,0.88,1
GCF_022690345.1.fna,GCF_031728335.1.fna,0.9898399999999999,0.92,1
GCF_022690345.1.fna,GCF_031728415.1.fna,0.9686499999999999,0.88,1
GCF_022690345.1.fna,GCF_031728455.1.fna,0.977957,0.84,1
GCF_022690345.1.fna,GCF_031728475.1.fna,0.992086,0.96,1
GCF_022690345.1.fna,GCF_031728495.1.fna,0.968678,0.92,1
GCF_022690345.1.fna,GCF_031728515.1.fna,0.975197,0.88,1
GCF_022690345.1.fna,GCF_031728555.1.fna,0.994484,0.88,1
GCF_022690345.1.fna,GCF_031728675.1.fna,0.976548,0.84,1
GCF_022690345.1.fna,GCF_031728695.1.fna,0.9764740000000001,0.88,1
GCF_022690345.1.fna,GCF_031728715.1.fna,0.977023,0.84,1
GCF_022690345.1.fna,GCF_031728735.1.fna,0.990672,0.92,1
GCF_022690345.1.fna,GCF_031728745.1.fna,0.988869,0.92,1
GCF_022690345.1.fna,GCF_031728795.1.fna,0.977261,0.88,1
GCF_022690345.1.fna,GCF_031728835.1.fna,0.994562,0.88,1
GCF_022690345.1.fna,GCF_031728895.1.fna,0.977958,0.88,1
GCF_022690345.1.fna,GCF_031729015.1.fna,0.976388,0.8,1
GCF_022690345.1.fna,GCF_036419895.1.fna,0.977039,0.84,1
GCF_022690345.1.fna,GCF_036420075.1.fna,0.984658,0.88,1
GCF_022690345.1.fna,GCF_037694985.1.fna,0.9930840000000001,0.88,1
GCF_022690345.1.fna,GCF_037695175.1.fna,0.968223,0.84,1
GCF_022690345.1.fna,GCF_037700135.1.fna,0.994496,0.92,1
GCF_022690345.1.fna,GCF_037700155.1.fna,0.995468,0.92,1
GCF_022690345.1.fna,GCF_037700295.1.fna,0.9946240000000001,0.88,1
GCF_022690345.1.fna,GCF_037700315.1.fna,0.976952,0.84,1
GCF_022690345.1.fna,GCF_037700375.1.fna,0.978037,0.84,1
GCF_022690345.1.fna,GCF_037700455.1.fna,0.9783280000000001,0.84,1
GCF_022690345.1.fna,GCF_040947025.1.fna,0.9962139999999999,0.88,1
GCF_022690345.1.fna,GCF_040947065.1.fna,0.9782259999999999,0.84,1
GCF_022690345.1.fna,GCF_040947125.1.fna,0.9687990000000001,0.88,1
GCF_022690345.1.fna,GCF_040947205.1.fna,0.9941599999999999,0.84,1
GCF_022690345.1.fna,GCF_040947225.1.fna,0.980097,0.84,1
GCF_022690345.1.fna,GCF_040947605.1.fna,0.994781,0.84,1
GCF_022690345.1.fna,GCF_040947645.1.fna,0.994781,0.84,1
GCF_022690345.1.fna,GCF_047653515.1.fna,0.9820610000000001,0.92,1
GCF_022690345.1.fna,GCF_047653525.1.fna,0.992793,0.96,1
GCF_022690345.1.fna,GCF_052950835.1.fna,0.971903,0.84,1
GCF_022690345.1.fna,GCF_900458635.1.fna,0.977393,0.8,1
GCF_022690345.1.fna,GCF_964211265.1.fna,0.978617,0.88,1
GCF_022690375.1.fna,GCF_000269685.1.fna,0.973069,0.92,1
GCF_022690375.1.fna,GCF_002901845.1.fna,0.987011,0.88,1
GCF_022690375.1.fna,GCF_013267575.1.fna,0.9947459999999999,0.8,1
GCF_022690375.1.fna,GCF_015274535.1.fna,0.976438,0.84,1
GCF_022690375.1.fna,GCF_015274585.1.fna,0.9764390000000001,0.84,1
GCF_022690375.1.fna,GCF_015274655.1.fna,0.976438,0.84,1
GCF_022690375.1.fna,GCF_015274675.1.fna,0.9740219999999999,0.92,1
GCF_022690375.1.fna,GCF_017315625.1.fna,0.97869,0.84,1
GCF_022690375.1.fna,GCF_017315645.1.fna,0.970607,0.92,1
GCF_022690375.1.fna,GCF_022689565.1.fna,0.9759340000000001,0.8,1
GCF_022690375.1.fna,GCF_022689575.1.fna,0.993779,0.84,1
GCF_022690375.1.fna,GCF_022689615.1.fna,0.974914,0.8,1
GCF_022690375.1.fna,GCF_022689645.1.fna,0.993489,0.8,1
GCF_022690375.1.fna,GCF_022689665.1.fna,0.993617,0.84,1
GCF_022690375.1.fna,GCF_022689675.1.fna,0.975626,0.84,1
GCF_022690375.1.fna,GCF_022689705.1.fna,0.993523,0.84,1
GCF_022690375.1.fna,GCF_022689725.1.fna,0.993824,0.84,1
GCF_022690375.1.fna,GCF_022689745.1.fna,0.975692,0.84,1
GCF_022690375.1.fna,GCF_022689765.1.fna,0.976573,0.84,1
GCF_022690375.1.fna,GCF_022689775.1.fna,0.986611,0.84,1
GCF_022690375.1.fna,GCF_022689785.1.fna,0.9941289999999999,0.84,1
GCF_022690375.1.fna,GCF_022689825.1.fna,0.976573,0.84,1
GCF_022690375.1.fna,GCF_022689845.1.fna,0.9712529999999999,0.88,1
GCF_022690375.1.fna,GCF_022689855.1.fna,0.9919910000000001,0.84,1
GCF_022690375.1.fna,GCF_022689905.1.fna,0.972796,0.92,1
GCF_022690375.1.fna,GCF_022689925.1.fna,0.965024,0.8,1
GCF_022690375.1.fna,GCF_022689945.1.fna,0.966181,0.76,1
GCF_022690375.1.fna,GCF_022689965.1.fna,0.9713339999999999,0.92,1
GCF_022690375.1.fna,GCF_022689975.1.fna,0.9764740000000001,0.84,1
GCF_022690375.1.fna,GCF_022690005.1.fna,0.992516,0.84,1
GCF_022690375.1.fna,GCF_022690025.1.fna,0.993686,0.84,1
GCF_022690375.1.fna,GCF_022690045.1.fna,0.992517,0.84,1
GCF_022690375.1.fna,GCF_022690065.1.fna,0.9734269999999999,0.92,1
GCF_022690375.1.fna,GCF_022690085.1.fna,0.9743259999999999,0.84,1
GCF_022690375.1.fna,GCF_022690105.1.fna,0.9760890000000001,0.84,1
GCF_022690375.1.fna,GCF_022690115.1.fna,0.974063,0.84,1
GCF_022690375.1.fna,GCF_022690145.1.fna,0.9734269999999999,0.92,1
GCF_022690375.1.fna,GCF_022690165.1.fna,0.973519,0.92,1
GCF_022690375.1.fna,GCF_022690185.1.fna,0.989348,0.88,1
GCF_022690375.1.fna,GCF_022690205.1.fna,0.994807,0.8,1
GCF_022690375.1.fna,GCF_022690225.1.fna,0.992082,0.84,1
GCF_022690375.1.fna,GCF_022690245.1.fna,0.975063,0.88,1
GCF_022690375.1.fna,GCF_022690265.1.fna,0.9763679999999999,0.84,1
GCF_022690375.1.fna,GCF_022690275.1.fna,0.975401,0.8,1
GCF_022690375.1.fna,GCF_022690295.1.fna,0.963833,0.8,1
GCF_022690375.1.fna,GCF_022690325.1.fna,0.992395,0.84,1
GCF_022690375.1.fna,GCF_022690345.1.fna,0.974817,0.84,1
GCF_022690375.1.fna,GCF_022690375.1.fna,1.0,1.0,1
GCF_022690375.1.fna,GCF_022690385.1.fna,0.976792,0.84,1
GCF_022690375.1.fna,GCF_022690425.1.fna,0.977329,0.84,1
GCF_022690375.1.fna,GCF_025143205.1.fna,0.9762099999999999,0.84,1
GCF_022690375.1.fna,GCF_025143445.1.fna,0.9904689999999999,0.88,1
GCF_022690375.1.fna,GCF_025143615.1.fna,0.9943899999999999,0.84,1
GCF_022690375.1.fna,GCF_029926865.1.fna,0.978745,0.84,1
GCF_022690375.1.fna,GCF_029926905.1.fna,0.978745,0.84,1
GCF_022690375.1.fna,GCF_029926915.1.fna,0.978745,0.84,1
GCF_022690375.1.fna,GCF_031631055.1.fna,0.9815219999999999,0.88,1
GCF_022690375.1.fna,GCF_031727055.1.fna,0.9881789999999999,0.92,1
GCF_022690375.1.fna,GCF_031727075.1.fna,0.975626,0.84,1
GCF_022690375.1.fna,GCF_031727235.1.fna,0.992046,0.84,1
GCF_022690375.1.fna,GCF_031727255.1.fna,0.963833,0.8,1
GCF_022690375.1.fna,GCF_031727275.1.fna,0.9928530000000001,0.8,1
GCF_022690375.1.fna,GCF_031727355.1.fna,0.9759340000000001,0.8,1
GCF_022690375.1.fna,GCF_031727455.1.fna,0.974468,0.8,1
GCF_022690375.1.fna,GCF_031727535.1.fna,0.993926,0.84,1
GCF_022690375.1.fna,GCF_031728075.1.fna,0.977329,0.84,1
GCF_022690375.1.fna,GCF_031728095.1.fna,0.985963,0.88,1
GCF_022690375.1.fna,GCF_031728115.1.fna,0.9773520000000001,0.84,1
GCF_022690375.1.fna,GCF_031728155.1.fna,0.976532,0.84,1
GCF_022690375.1.fna,GCF_031728235.1.fna,0.9742879999999999,0.88,1
GCF_022690375.1.fna,GCF_031728275.1.fna,0.993767,0.84,1
GCF_022690375.1.fna,GCF_031728295.1.fna,0.9704470000000001,0.92,1
GCF_022690375.1.fna,GCF_031728315.1.fna,0.972886,0.92,1
GCF_022690375.1.fna,GCF_031728335.1.fna,0.975166,0.88,1
GCF_022690375.1.fna,GCF_031728415.1.fna,0.9849859999999999,0.92,1
GCF_022690375.1.fna,GCF_031728455.1.fna,0.99271,0.84,1
GCF_022690375.1.fna,GCF_031728475.1.fna,0.976693,0.84,1
GCF_022690375.1.fna,GCF_031728495.1.fna,0.992826,0.84,1
GCF_022690375.1.fna,GCF_031728515.1.fna,0.9662040000000001,0.76,1
GCF_022690375.1.fna,GCF_031728555.1.fna,0.973519,0.92,1
GCF_022690375.1.fna,GCF_031728675.1.fna,0.994226,0.84,1
GCF_022690375.1.fna,GCF_031728695.1.fna,0.993814,0.84,1
GCF_022690375.1.fna,GCF_031728715.1.fna,0.994221,0.84,1
GCF_022690375.1.fna,GCF_031728735.1.fna,0.969378,0.92,1
GCF_022690375.1.fna,GCF_031728745.1.fna,0.9707330000000001,0.88,1
GCF_022690375.1.fna,GCF_031728795.1.fna,0.9939180000000001,0.84,1
GCF_022690375.1.fna,GCF_031728835.1.fna,0.9766859999999999,0.84,1
GCF_022690375.1.fna,GCF_031728895.1.fna,0.986231,0.88,1
GCF_022690375.1.fna,GCF_031729015.1.fna,0.994486,0.8,1
GCF_022690375.1.fna,GCF_036419895.1.fna,0.9943080000000001,0.84,1
GCF_022690375.1.fna,GCF_036420075.1.fna,0.966181,0.76,1
GCF_022690375.1.fna,GCF_037694985.1.fna,0.972054,0.92,1
GCF_022690375.1.fna,GCF_037695175.1.fna,0.994474,0.8,1
GCF_022690375.1.fna,GCF_037700135.1.fna,0.9764430000000001,0.84,1
GCF_022690375.1.fna,GCF_037700155.1.fna,0.977064,0.84,1
GCF_022690375.1.fna,GCF_037700295.1.fna,0.977129,0.8,1
GCF_022690375.1.fna,GCF_037700315.1.fna,0.98187,0.92,1
GCF_022690375.1.fna,GCF_037700375.1.fna,0.988546,0.96,1
GCF_022690375.1.fna,GCF_037700455.1.fna,0.988854,0.96,1
GCF_022690375.1.fna,GCF_040947025.1.fna,0.971999,0.92,1
GCF_022690375.1.fna,GCF_040947065.1.fna,0.9866389999999999,0.88,1
GCF_022690375.1.fna,GCF_040947125.1.fna,0.988065,0.88,1
GCF_022690375.1.fna,GCF_040947205.1.fna,0.966747,0.88,1
GCF_022690375.1.fna,GCF_040947225.1.fna,0.9905670000000001,0.84,1
GCF_022690375.1.fna,GCF_040947605.1.fna,0.9761799999999999,0.84,1
GCF_022690375.1.fna,GCF_040947645.1.fna,0.97611,0.8,1
GCF_022690375.1.fna,GCF_047653515.1.fna,0.9785290000000001,0.84,1
GCF_022690375.1.fna,GCF_047653525.1.fna,0.973042,0.88,1
GCF_022690375.1.fna,GCF_052950835.1.fna,0.990679,0.8,1
GCF_022690375.1.fna,GCF_900458635.1.fna,0.987011,0.88,1
GCF_022690375.1.fna,GCF_964211265.1.fna,0.993062,0.84,1
GCF_022690385.1.fna,GCF_000269685.1.fna,0.992521,0.7857142857142857,1
GCF_022690385.1.fna,GCF_002901845.1.fna,0.9752620000000001,0.7142857142857143,1
GCF_022690385.1.fna,GCF_013267575.1.fna,0.976845,0.75,1
GCF_022690385.1.fna,GCF_015274535.1.fna,0.995363,0.75,1
GCF_022690385.1.fna,GCF_015274585.1.fna,0.995363,0.75,1
GCF_022690385.1.fna,GCF_015274655.1.fna,0.995363,0.75,1
GCF_022690385.1.fna,GCF_015274675.1.fna,0.995317,0.75,1
GCF_022690385.1.fna,GCF_017315625.1.fna,0.9936820000000001,0.7857142857142857,1
GCF_022690385.1.fna,GCF_017315645.1.fna,0.99453,0.7857142857142857,1
GCF_022690385.1.fna,GCF_022689565.1.fna,0.993484,0.75,1
GCF_022690385.1.fna,GCF_022689575.1.fna,0.972999,0.7857142857142857,1
GCF_022690385.1.fna,GCF_022689615.1.fna,0.995676,0.75,1
GCF_022690385.1.fna,GCF_022689645.1.fna,0.97423,0.75,1
GCF_022690385.1.fna,GCF_022689665.1.fna,0.97287,0.7857142857142857,1
GCF_022690385.1.fna,GCF_022689675.1.fna,0.99566,0.7857142857142857,1
GCF_022690385.1.fna,GCF_022689705.1.fna,0.974377,0.8214285714285714,1
GCF_022690385.1.fna,GCF_022689725.1.fna,0.9731399999999999,0.7857142857142857,1
GCF_022690385.1.fna,GCF_022689745.1.fna,0.9956999999999999,0.7857142857142857,1
GCF_022690385.1.fna,GCF_022689765.1.fna,0.9980939999999999,0.7857142857142857,1
GCF_022690385.1.fna,GCF_022689775.1.fna,0.975556,0.7142857142857143,1
GCF_022690385.1.fna,GCF_022689785.1.fna,0.975822,0.75,1
GCF_022690385.1.fna,GCF_022689825.1.fna,0.9980939999999999,0.7857142857142857,1
GCF_022690385.1.fna,GCF_022689845.1.fna,0.996151,0.7857142857142857,1
GCF_022690385.1.fna,GCF_022689855.1.fna,0.973082,0.7857142857142857,1
GCF_022690385.1.fna,GCF_022689905.1.fna,0.993942,0.8214285714285714,1
GCF_022690385.1.fna,GCF_022689925.1.fna,0.967848,0.75,1
GCF_022690385.1.fna,GCF_022689945.1.fna,0.987516,0.75,1
GCF_022690385.1.fna,GCF_022689965.1.fna,0.99141,0.8214285714285714,1
GCF_022690385.1.fna,GCF_022689975.1.fna,0.9978400000000001,0.7857142857142857,1
GCF_022690385.1.fna,GCF_022690005.1.fna,0.976827,0.75,1
GCF_022690385.1.fna,GCF_022690025.1.fna,0.973051,0.7857142857142857,1
GCF_022690385.1.fna,GCF_022690045.1.fna,0.976827,0.75,1
GCF_022690385.1.fna,GCF_022690065.1.fna,0.9932040000000001,0.7857142857142857,1
GCF_022690385.1.fna,GCF_022690085.1.fna,0.9686060000000001,0.7857142857142857,1
GCF_022690385.1.fna,GCF_022690105.1.fna,0.996548,0.75,1
GCF_022690385.1.fna,GCF_022690115.1.fna,0.9856180000000001,0.75,1
GCF_022690385.1.fna,GCF_022690145.1.fna,0.9932040000000001,0.7857142857142857,1
GCF_022690385.1.fna,GCF_022690165.1.fna,0.9934810000000001,0.7857142857142857,1
GCF_022690385.1.fna,GCF_022690185.1.fna,0.975747,0.75,1
GCF_022690385.1.fna,GCF_022690205.1.fna,0.973469,0.75,1
GCF_022690385.1.fna,GCF_022690225.1.fna,0.9761700000000001,0.7142857142857143,1
GCF_022690385.1.fna,GCF_022690245.1.fna,0.997551,0.75,1
GCF_022690385.1.fna,GCF_022690265.1.fna,0.993184,0.7857142857142857,1
GCF_022690385.1.fna,GCF_022690275.1.fna,0.995704,0.75,1
GCF_022690385.1.fna,GCF_022690295.1.fna,0.9730159999999999,0.7857142857142857,1
GCF_022690385.1.fna,GCF_022690325.1.fna,0.9755809999999999,0.75,1
GCF_022690385.1.fna,GCF_022690345.1.fna,0.992358,0.7857142857142857,1
GCF_022690385.1.fna,GCF_022690375.1.fna,0.976544,0.7142857142857143,1
GCF_022690385.1.fna,GCF_022690385.1.fna,1.0,1.0,1
GCF_022690385.1.fna,GCF_022690425.1.fna,0.985885,0.9285714285714286,1
GCF_022690385.1.fna,GCF_025143205.1.fna,0.996347,0.75,1
GCF_022690385.1.fna,GCF_025143445.1.fna,0.97639,0.75,1
GCF_022690385.1.fna,GCF_025143615.1.fna,0.9773109999999999,0.7857142857142857,1
GCF_022690385.1.fna,GCF_029926865.1.fna,0.993399,0.8214285714285714,1
GCF_022690385.1.fna,GCF_029926905.1.fna,0.993399,0.8214285714285714,1
GCF_022690385.1.fna,GCF_029926915.1.fna,0.993399,0.8214285714285714,1
GCF_022690385.1.fna,GCF_031631055.1.fna,0.978868,0.6785714285714286,1
GCF_022690385.1.fna,GCF_031727055.1.fna,0.9740829999999999,0.7857142857142857,1
GCF_022690385.1.fna,GCF_031727075.1.fna,0.99566,0.7857142857142857,1
GCF_022690385.1.fna,GCF_031727235.1.fna,0.973277,0.7857142857142857,1
GCF_022690385.1.fna,GCF_031727255.1.fna,0.973017,0.7857142857142857,1
GCF_022690385.1.fna,GCF_031727275.1.fna,0.976147,0.7142857142857143,1
GCF_022690385.1.fna,GCF_031727355.1.fna,0.993484,0.75,1
GCF_022690385.1.fna,GCF_031727455.1.fna,0.9680960000000001,0.7142857142857143,1
GCF_022690385.1.fna,GCF_031727535.1.fna,0.9734010000000001,0.7857142857142857,1
GCF_022690385.1.fna,GCF_031728075.1.fna,0.985886,0.9285714285714286,1
GCF_022690385.1.fna,GCF_031728095.1.fna,0.9754210000000001,0.75,1
GCF_022690385.1.fna,GCF_031728115.1.fna,0.9956820000000001,0.7857142857142857,1
GCF_022690385.1.fna,GCF_031728155.1.fna,0.9941249999999999,0.7857142857142857,1
GCF_022690385.1.fna,GCF_031728235.1.fna,0.995947,0.75,1
GCF_022690385.1.fna,GCF_031728275.1.fna,0.975996,0.75,1
GCF_022690385.1.fna,GCF_031728295.1.fna,0.994957,0.7857142857142857,1
GCF_022690385.1.fna,GCF_031728315.1.fna,0.994185,0.8214285714285714,1
GCF_022690385.1.fna,GCF_031728335.1.fna,0.9968859999999999,0.75,1
GCF_022690385.1.fna,GCF_031728415.1.fna,0.967492,0.7857142857142857,1
GCF_022690385.1.fna,GCF_031728455.1.fna,0.9768049999999999,0.75,1
GCF_022690385.1.fna,GCF_031728475.1.fna,0.9940300000000001,0.75,1
GCF_022690385.1.fna,GCF_031728495.1.fna,0.976948,0.75,1
GCF_022690385.1.fna,GCF_031728515.1.fna,0.9726649999999999,0.8928571428571429,1
GCF_022690385.1.fna,GCF_031728555.1.fna,0.9934810000000001,0.7857142857142857,1
GCF_022690385.1.fna,GCF_031728675.1.fna,0.976207,0.75,1
GCF_022690385.1.fna,GCF_031728695.1.fna,0.975278,0.75,1
GCF_022690385.1.fna,GCF_031728715.1.fna,0.976032,0.75,1
GCF_022690385.1.fna,GCF_031728735.1.fna,0.992555,0.7857142857142857,1
GCF_022690385.1.fna,GCF_031728745.1.fna,0.995427,0.7142857142857143,1
GCF_022690385.1.fna,GCF_031728795.1.fna,0.9761960000000001,0.75,1
GCF_022690385.1.fna,GCF_031728835.1.fna,0.993198,0.7857142857142857,1
GCF_022690385.1.fna,GCF_031728895.1.fna,0.975915,0.75,1
GCF_022690385.1.fna,GCF_031729015.1.fna,0.975582,0.7142857142857143,1
GCF_022690385.1.fna,GCF_036419895.1.fna,0.976113,0.75,1
GCF_022690385.1.fna,GCF_036420075.1.fna,0.987516,0.75,1
GCF_022690385.1.fna,GCF_037694985.1.fna,0.9936929999999999,0.8214285714285714,1
GCF_022690385.1.fna,GCF_037695175.1.fna,0.975278,0.7142857142857143,1
GCF_022690385.1.fna,GCF_037700135.1.fna,0.9959,0.8214285714285714,1
GCF_022690385.1.fna,GCF_037700155.1.fna,0.994003,0.7857142857142857,1
GCF_022690385.1.fna,GCF_037700295.1.fna,0.995818,0.75,1
GCF_022690385.1.fna,GCF_037700315.1.fna,0.9665739999999999,0.7857142857142857,1
GCF_022690385.1.fna,GCF_037700375.1.fna,0.9662000000000001,0.7857142857142857,1
GCF_022690385.1.fna,GCF_037700455.1.fna,0.966652,0.7857142857142857,1
GCF_022690385.1.fna,GCF_040947025.1.fna,0.9910169999999999,0.7857142857142857,1
GCF_022690385.1.fna,GCF_040947065.1.fna,0.981066,0.75,1
GCF_022690385.1.fna,GCF_040947125.1.fna,0.975098,0.7142857142857143,1
GCF_022690385.1.fna,GCF_040947205.1.fna,0.9964449999999999,0.75,1
GCF_022690385.1.fna,GCF_040947225.1.fna,0.978867,0.75,1
GCF_022690385.1.fna,GCF_040947605.1.fna,0.9962909999999999,0.75,1
GCF_022690385.1.fna,GCF_040947645.1.fna,0.996487,0.7142857142857143,1
GCF_022690385.1.fna,GCF_047653515.1.fna,0.994883,0.7142857142857143,1
GCF_022690385.1.fna,GCF_047653525.1.fna,0.996301,0.7857142857142857,1
GCF_022690385.1.fna,GCF_052950835.1.fna,0.979264,0.6785714285714286,1
GCF_022690385.1.fna,GCF_900458635.1.fna,0.9752620000000001,0.7142857142857143,1
GCF_022690385.1.fna,GCF_964211265.1.fna,0.9766469999999999,0.75,1
GCF_022690425.1.fna,GCF_000269685.1.fna,0.9915649999999999,0.7,1
GCF_022690425.1.fna,GCF_002901845.1.fna,0.975967,0.6666666666666666,1
GCF_022690425.1.fna,GCF_013267575.1.fna,0.976922,0.6666666666666666,1
GCF_022690425.1.fna,GCF_015274535.1.fna,0.993352,0.7,1
GCF_022690425.1.fna,GCF_015274585.1.fna,0.9935970000000001,0.6666666666666666,1
GCF_022690425.1.fna,GCF_015274655.1.fna,0.993109,0.7,1
GCF_022690425.1.fna,GCF_015274675.1.fna,0.994807,0.7333333333333333,1
GCF_022690425.1.fna,GCF_017315625.1.fna,0.9912000000000001,0.7,1
GCF_022690425.1.fna,GCF_017315645.1.fna,0.99494,0.7,1
GCF_022690425.1.fna,GCF_022689565.1.fna,0.990403,0.7,1
GCF_022690425.1.fna,GCF_022689575.1.fna,0.9738169999999999,0.7333333333333333,1
GCF_022690425.1.fna,GCF_022689615.1.fna,0.992641,0.7333333333333333,1
GCF_022690425.1.fna,GCF_022689645.1.fna,0.974458,0.7,1
GCF_022690425.1.fna,GCF_022689665.1.fna,0.973477,0.7333333333333333,1
GCF_022690425.1.fna,GCF_022689675.1.fna,0.993168,0.7,1
GCF_022690425.1.fna,GCF_022689705.1.fna,0.973435,0.7666666666666667,1
GCF_022690425.1.fna,GCF_022689725.1.fna,0.9741219999999999,0.7333333333333333,1
GCF_022690425.1.fna,GCF_022689745.1.fna,0.993101,0.8,1
GCF_022690425.1.fna,GCF_022689765.1.fna,0.993198,0.7333333333333333,1
GCF_022690425.1.fna,GCF_022689775.1.fna,0.9736870000000001,0.7,1
GCF_022690425.1.fna,GCF_022689785.1.fna,0.977202,0.7,1
GCF_022690425.1.fna,GCF_022689825.1.fna,0.992874,0.7333333333333333,1
GCF_022690425.1.fna,GCF_022689845.1.fna,0.9923449999999999,0.7333333333333333,1
GCF_022690425.1.fna,GCF_022689855.1.fna,0.9700289999999999,0.7666666666666667,1
GCF_022690425.1.fna,GCF_022689905.1.fna,0.987658,0.7666666666666667,1
GCF_022690425.1.fna,GCF_022689925.1.fna,0.965872,0.7,1
GCF_022690425.1.fna,GCF_022689945.1.fna,0.982999,0.7,1
GCF_022690425.1.fna,GCF_022689965.1.fna,0.9904139999999999,0.7333333333333333,1
GCF_022690425.1.fna,GCF_022689975.1.fna,0.993458,0.7,1
GCF_022690425.1.fna,GCF_022690005.1.fna,0.9758669999999999,0.7,1
GCF_022690425.1.fna,GCF_022690025.1.fna,0.96955,0.7666666666666667,1
GCF_022690425.1.fna,GCF_022690045.1.fna,0.9758669999999999,0.7,1
GCF_022690425.1.fna,GCF_022690065.1.fna,0.993462,0.7666666666666667,1
GCF_022690425.1.fna,GCF_022690085.1.fna,0.969313,0.7,1
GCF_022690425.1.fna,GCF_022690105.1.fna,0.995212,0.7,1
GCF_022690425.1.fna,GCF_022690115.1.fna,0.9843559999999999,0.7,1
GCF_022690425.1.fna,GCF_022690145.1.fna,0.992722,0.7666666666666667,1
GCF_022690425.1.fna,GCF_022690165.1.fna,0.9941150000000001,0.7333333333333333,1
GCF_022690425.1.fna,GCF_022690185.1.fna,0.977143,0.7,1
GCF_022690425.1.fna,GCF_022690205.1.fna,0.97101,0.7333333333333333,1
GCF_022690425.1.fna,GCF_022690225.1.fna,0.974539,0.7,1
GCF_022690425.1.fna,GCF_022690245.1.fna,0.99409,0.7333333333333333,1
GCF_022690425.1.fna,GCF_022690265.1.fna,0.993553,0.7333333333333333,1
GCF_022690425.1.fna,GCF_022690275.1.fna,0.994696,0.6666666666666666,1
GCF_022690425.1.fna,GCF_022690295.1.fna,0.97085,0.7333333333333333,1
GCF_022690425.1.fna,GCF_022690325.1.fna,0.975848,0.7,1
GCF_022690425.1.fna,GCF_022690345.1.fna,0.9913190000000001,0.7333333333333333,1
GCF_022690425.1.fna,GCF_022690375.1.fna,0.977359,0.6666666666666666,1
GCF_022690425.1.fna,GCF_022690385.1.fna,0.983944,0.8333333333333334,1
GCF_022690425.1.fna,GCF_022690425.1.fna,1.0,1.0,1
GCF_022690425.1.fna,GCF_025143205.1.fna,0.994203,0.7,1
GCF_022690425.1.fna,GCF_025143445.1.fna,0.975689,0.6666666666666666,1
GCF_022690425.1.fna,GCF_025143615.1.fna,0.9736889999999999,0.7,1
GCF_022690425.1.fna,GCF_029926865.1.fna,0.994632,0.7333333333333333,1
GCF_022690425.1.fna,GCF_029926905.1.fna,0.995556,0.7333333333333333,1
GCF_022690425.1.fna,GCF_029926915.1.fna,0.995556,0.7333333333333333,1
GCF_022690425.1.fna,GCF_031631055.1.fna,0.975565,0.7,1
GCF_022690425.1.fna,GCF_031727055.1.fna,0.9697969999999999,0.7666666666666667,1
GCF_022690425.1.fna,GCF_031727075.1.fna,0.993639,0.7,1
GCF_022690425.1.fna,GCF_031727235.1.fna,0.969905,0.7333333333333333,1
GCF_022690425.1.fna,GCF_031727255.1.fna,0.972561,0.7,1
GCF_022690425.1.fna,GCF_031727275.1.fna,0.975087,0.6666666666666666,1
GCF_022690425.1.fna,GCF_031727355.1.fna,0.992764,0.7333333333333333,1
GCF_022690425.1.fna,GCF_031727455.1.fna,0.9701900000000001,0.6666666666666666,1
GCF_022690425.1.fna,GCF_031727535.1.fna,0.974468,0.7333333333333333,1
GCF_022690425.1.fna,GCF_031728075.1.fna,0.999174,0.9333333333333333,1
GCF_022690425.1.fna,GCF_031728095.1.fna,0.976036,0.7,1
GCF_022690425.1.fna,GCF_031728115.1.fna,0.992646,0.7333333333333333,1
GCF_022690425.1.fna,GCF_031728155.1.fna,0.995031,0.7,1
GCF_022690425.1.fna,GCF_031728235.1.fna,0.992538,0.7666666666666667,1
GCF_022690425.1.fna,GCF_031728275.1.fna,0.9768290000000001,0.6666666666666666,1
GCF_022690425.1.fna,GCF_031728295.1.fna,0.994364,0.7333333333333333,1
GCF_022690425.1.fna,GCF_031728315.1.fna,0.990115,0.7333333333333333,1
GCF_022690425.1.fna,GCF_031728335.1.fna,0.993348,0.7333333333333333,1
GCF_022690425.1.fna,GCF_031728415.1.fna,0.9759220000000001,0.6666666666666666,1
GCF_022690425.1.fna,GCF_031728455.1.fna,0.975839,0.6666666666666666,1
GCF_022690425.1.fna,GCF_031728475.1.fna,0.993217,0.7333333333333333,1
GCF_022690425.1.fna,GCF_031728495.1.fna,0.9711669999999999,0.7,1
GCF_022690425.1.fna,GCF_031728515.1.fna,0.974068,0.8666666666666667,1
GCF_022690425.1.fna,GCF_031728555.1.fna,0.991965,0.7666666666666667,1
GCF_022690425.1.fna,GCF_031728675.1.fna,0.977212,0.7,1
GCF_022690425.1.fna,GCF_031728695.1.fna,0.9754559999999999,0.7,1
GCF_022690425.1.fna,GCF_031728715.1.fna,0.97753,0.6666666666666666,1
GCF_022690425.1.fna,GCF_031728735.1.fna,0.989599,0.7333333333333333,1
GCF_022690425.1.fna,GCF_031728745.1.fna,0.9811669999999999,0.7333333333333333,1
GCF_022690425.1.fna,GCF_031728795.1.fna,0.977651,0.7333333333333333,1
GCF_022690425.1.fna,GCF_031728835.1.fna,0.9931350000000001,0.7666666666666667,1
GCF_022690425.1.fna,GCF_031728895.1.fna,0.972638,0.7,1
GCF_022690425.1.fna,GCF_031729015.1.fna,0.9775109999999999,0.6666666666666666,1
GCF_022690425.1.fna,GCF_036419895.1.fna,0.977573,0.6666666666666666,1
GCF_022690425.1.fna,GCF_036420075.1.fna,0.982999,0.7,1
GCF_022690425.1.fna,GCF_037694985.1.fna,0.989436,0.7333333333333333,1
GCF_022690425.1.fna,GCF_037695175.1.fna,0.9758830000000001,0.6666666666666666,1
GCF_022690425.1.fna,GCF_037700135.1.fna,0.991798,0.7666666666666667,1
GCF_022690425.1.fna,GCF_037700155.1.fna,0.9907349999999999,0.7666666666666667,1
GCF_022690425.1.fna,GCF_037700295.1.fna,0.993831,0.7,1
GCF_022690425.1.fna,GCF_037700315.1.fna,0.9774809999999999,0.7,1
GCF_022690425.1.fna,GCF_037700375.1.fna,0.975675,0.7,1
GCF_022690425.1.fna,GCF_037700455.1.fna,0.976538,0.7,1
GCF_022690425.1.fna,GCF_040947025.1.fna,0.9925660000000001,0.7,1
GCF_022690425.1.fna,GCF_040947065.1.fna,0.978432,0.6666666666666666,1
GCF_022690425.1.fna,GCF_040947125.1.fna,0.971702,0.7,1
GCF_022690425.1.fna,GCF_040947205.1.fna,0.993625,0.6666666666666666,1
GCF_022690425.1.fna,GCF_040947225.1.fna,0.9780929999999999,0.6666666666666666,1
GCF_022690425.1.fna,GCF_040947605.1.fna,0.9945050000000001,0.6666666666666666,1
GCF_022690425.1.fna,GCF_040947645.1.fna,0.9945050000000001,0.6666666666666666,1
GCF_022690425.1.fna,GCF_047653515.1.fna,0.9945350000000001,0.7333333333333333,1
GCF_022690425.1.fna,GCF_047653525.1.fna,0.9831749999999999,0.8,1
GCF_022690425.1.fna,GCF_052950835.1.fna,0.9774720000000001,0.6666666666666666,1
GCF_022690425.1.fna,GCF_900458635.1.fna,0.975967,0.6666666666666666,1
GCF_022690425.1.fna,GCF_964211265.1.fna,0.975827,0.7333333333333333,1
GCF_025143205.1.fna,GCF_000269685.1.fna,0.995136,0.8,1
GCF_025143205.1.fna,GCF_002901845.1.fna,0.9750260000000001,0.8,1
GCF_025143205.1.fna,GCF_013267575.1.fna,0.977208,0.88,1
GCF_025143205.1.fna,GCF_015274535.1.fna,0.996588,0.8,1
GCF_025143205.1.fna,GCF_015274585.1.fna,0.996588,0.8,1
GCF_025143205.1.fna,GCF_015274655.1.fna,0.996588,0.8,1
GCF_025143205.1.fna,GCF_015274675.1.fna,0.9949250000000001,0.84,1
GCF_025143205.1.fna,GCF_017315625.1.fna,0.99414,0.8,1
GCF_025143205.1.fna,GCF_017315645.1.fna,0.9935639999999999,0.8,1
GCF_025143205.1.fna,GCF_022689565.1.fna,0.994718,0.8,1
GCF_025143205.1.fna,GCF_022689575.1.fna,0.974606,0.84,1
GCF_025143205.1.fna,GCF_022689615.1.fna,0.996193,0.8,1
GCF_025143205.1.fna,GCF_022689645.1.fna,0.9752,0.8,1
GCF_025143205.1.fna,GCF_022689665.1.fna,0.9742409999999999,0.84,1
GCF_025143205.1.fna,GCF_022689675.1.fna,0.996297,0.8,1
GCF_025143205.1.fna,GCF_022689705.1.fna,0.975199,0.8,1
GCF_025143205.1.fna,GCF_022689725.1.fna,0.9749639999999999,0.84,1
GCF_025143205.1.fna,GCF_022689745.1.fna,0.995895,0.84,1
GCF_025143205.1.fna,GCF_022689765.1.fna,0.9968290000000001,0.84,1
GCF_025143205.1.fna,GCF_022689775.1.fna,0.975252,0.8,1
GCF_025143205.1.fna,GCF_022689785.1.fna,0.974938,0.84,1
GCF_025143205.1.fna,GCF_022689825.1.fna,0.996626,0.84,1
GCF_025143205.1.fna,GCF_022689845.1.fna,0.9964799999999999,0.8,1
GCF_025143205.1.fna,GCF_022689855.1.fna,0.974324,0.84,1
GCF_025143205.1.fna,GCF_022689905.1.fna,0.995325,0.84,1
GCF_025143205.1.fna,GCF_022689925.1.fna,0.967936,0.76,1
GCF_025143205.1.fna,GCF_022689945.1.fna,0.985758,0.76,1
GCF_025143205.1.fna,GCF_022689965.1.fna,0.993484,0.8,1
GCF_025143205.1.fna,GCF_022689975.1.fna,0.996151,0.84,1
GCF_025143205.1.fna,GCF_022690005.1.fna,0.976098,0.84,1
GCF_025143205.1.fna,GCF_022690025.1.fna,0.97438,0.84,1
GCF_025143205.1.fna,GCF_022690045.1.fna,0.976098,0.84,1
GCF_025143205.1.fna,GCF_022690065.1.fna,0.998788,0.92,1
GCF_025143205.1.fna,GCF_022690085.1.fna,0.967557,0.84,1
GCF_025143205.1.fna,GCF_022690105.1.fna,0.9963639999999999,0.84,1
GCF_025143205.1.fna,GCF_022690115.1.fna,0.9868739999999999,0.8,1
GCF_025143205.1.fna,GCF_022690145.1.fna,0.998788,0.92,1
GCF_025143205.1.fna,GCF_022690165.1.fna,0.99924,0.92,1
GCF_025143205.1.fna,GCF_022690185.1.fna,0.9749169999999999,0.84,1
GCF_025143205.1.fna,GCF_022690205.1.fna,0.975228,0.8,1
GCF_025143205.1.fna,GCF_022690225.1.fna,0.9754600000000001,0.8,1
GCF_025143205.1.fna,GCF_022690245.1.fna,0.996483,0.84,1
GCF_025143205.1.fna,GCF_022690265.1.fna,0.998771,0.92,1
GCF_025143205.1.fna,GCF_022690275.1.fna,0.9965579999999999,0.8,1
GCF_025143205.1.fna,GCF_022690295.1.fna,0.986102,0.76,1
GCF_025143205.1.fna,GCF_022690325.1.fna,0.974915,0.84,1
GCF_025143205.1.fna,GCF_022690345.1.fna,0.992082,0.84,1
GCF_025143205.1.fna,GCF_022690375.1.fna,0.976177,0.8,1
GCF_025143205.1.fna,GCF_022690385.1.fna,0.9962829999999999,0.8,1
GCF_025143205.1.fna,GCF_022690425.1.fna,0.9941580000000001,0.84,1
GCF_025143205.1.fna,GCF_025143205.1.fna,1.0,1.0,1
GCF_025143205.1.fna,GCF_025143445.1.fna,0.974644,0.8,1
GCF_025143205.1.fna,GCF_025143615.1.fna,0.9753149999999999,0.8,1
GCF_025143205.1.fna,GCF_029926865.1.fna,0.9925069999999999,0.84,1
GCF_025143205.1.fna,GCF_029926905.1.fna,0.9925069999999999,0.84,1
GCF_025143205.1.fna,GCF_029926915.1.fna,0.9925069999999999,0.84,1
GCF_025143205.1.fna,GCF_031631055.1.fna,0.977539,0.76,1
GCF_025143205.1.fna,GCF_031727055.1.fna,0.974737,0.84,1
GCF_025143205.1.fna,GCF_031727075.1.fna,0.996297,0.8,1
GCF_025143205.1.fna,GCF_031727235.1.fna,0.974375,0.8,1
GCF_025143205.1.fna,GCF_031727255.1.fna,0.986102,0.76,1
GCF_025143205.1.fna,GCF_031727275.1.fna,0.97548,0.8,1
GCF_025143205.1.fna,GCF_031727355.1.fna,0.994718,0.8,1
GCF_025143205.1.fna,GCF_031727455.1.fna,0.9683799999999999,0.8,1
GCF_025143205.1.fna,GCF_031727535.1.fna,0.975325,0.84,1
GCF_025143205.1.fna,GCF_031728075.1.fna,0.9941289999999999,0.84,1
GCF_025143205.1.fna,GCF_031728095.1.fna,0.974688,0.8,1
GCF_025143205.1.fna,GCF_031728115.1.fna,0.9959950000000001,0.84,1
GCF_025143205.1.fna,GCF_031728155.1.fna,0.9941639999999999,0.8,1
GCF_025143205.1.fna,GCF_031728235.1.fna,0.9958100000000001,0.84,1
GCF_025143205.1.fna,GCF_031728275.1.fna,0.974993,0.8,1
GCF_025143205.1.fna,GCF_031728295.1.fna,0.994526,0.84,1
GCF_025143205.1.fna,GCF_031728315.1.fna,0.9960030000000001,0.84,1
GCF_025143205.1.fna,GCF_031728335.1.fna,0.9970359999999999,0.84,1
GCF_025143205.1.fna,GCF_031728415.1.fna,0.976272,0.8,1
GCF_025143205.1.fna,GCF_031728455.1.fna,0.976179,0.8,1
GCF_025143205.1.fna,GCF_031728475.1.fna,0.994687,0.88,1
GCF_025143205.1.fna,GCF_031728495.1.fna,0.9762879999999999,0.8,1
GCF_025143205.1.fna,GCF_031728515.1.fna,0.986428,0.76,1
GCF_025143205.1.fna,GCF_031728555.1.fna,0.9994289999999999,0.92,1
GCF_025143205.1.fna,GCF_031728675.1.fna,0.975428,0.84,1
GCF_025143205.1.fna,GCF_031728695.1.fna,0.97441,0.8,1
GCF_025143205.1.fna,GCF_031728715.1.fna,0.97513,0.8,1
GCF_025143205.1.fna,GCF_031728735.1.fna,0.996347,0.8,1
GCF_025143205.1.fna,GCF_031728745.1.fna,0.995828,0.8,1
GCF_025143205.1.fna,GCF_031728795.1.fna,0.975875,0.84,1
GCF_025143205.1.fna,GCF_031728835.1.fna,0.998694,0.84,1
GCF_025143205.1.fna,GCF_031728895.1.fna,0.975217,0.8,1
GCF_025143205.1.fna,GCF_031729015.1.fna,0.975063,0.8,1
GCF_025143205.1.fna,GCF_036419895.1.fna,0.975206,0.8,1
GCF_025143205.1.fna,GCF_036420075.1.fna,0.985758,0.76,1
GCF_025143205.1.fna,GCF_037694985.1.fna,0.994071,0.84,1
GCF_025143205.1.fna,GCF_037695175.1.fna,0.974795,0.8,1
GCF_025143205.1.fna,GCF_037700135.1.fna,0.995892,0.84,1
GCF_025143205.1.fna,GCF_037700155.1.fna,0.993891,0.84,1
GCF_025143205.1.fna,GCF_037700295.1.fna,0.995765,0.8,1
GCF_025143205.1.fna,GCF_037700315.1.fna,0.974684,0.84,1
GCF_025143205.1.fna,GCF_037700375.1.fna,0.974645,0.84,1
GCF_025143205.1.fna,GCF_037700455.1.fna,0.9755790000000001,0.84,1
GCF_025143205.1.fna,GCF_040947025.1.fna,0.9902599999999999,0.84,1
GCF_025143205.1.fna,GCF_040947065.1.fna,0.981178,0.8,1
GCF_025143205.1.fna,GCF_040947125.1.fna,0.9747549999999999,0.8,1
GCF_025143205.1.fna,GCF_040947205.1.fna,0.995752,0.8,1
GCF_025143205.1.fna,GCF_040947225.1.fna,0.978192,0.8,1
GCF_025143205.1.fna,GCF_040947605.1.fna,0.997235,0.8,1
GCF_025143205.1.fna,GCF_040947645.1.fna,0.997235,0.8,1
GCF_025143205.1.fna,GCF_047653515.1.fna,0.9953879999999999,0.84,1
GCF_025143205.1.fna,GCF_047653525.1.fna,0.996767,0.84,1
GCF_025143205.1.fna,GCF_052950835.1.fna,0.9797,0.8,1
GCF_025143205.1.fna,GCF_900458635.1.fna,0.975025,0.8,1
GCF_025143205.1.fna,GCF_964211265.1.fna,0.9757129999999999,0.84,1
GCF_025143445.1.fna,GCF_000269685.1.fna,0.965986,0.8214285714285714,1
GCF_025143445.1.fna,GCF_002901845.1.fna,0.9829819999999999,0.7857142857142857,1
GCF_025143445.1.fna,GCF_013267575.1.fna,0.993239,0.7857142857142857,1
GCF_025143445.1.fna,GCF_015274535.1.fna,0.975119,0.7857142857142857,1
GCF_025143445.1.fna,GCF_015274585.1.fna,0.975119,0.7857142857142857,1
GCF_025143445.1.fna,GCF_015274655.1.fna,0.975119,0.7857142857142857,1
GCF_025143445.1.fna,GCF_015274675.1.fna,0.9650190000000001,0.8214285714285714,1
GCF_025143445.1.fna,GCF_017315625.1.fna,0.977641,0.75,1
GCF_025143445.1.fna,GCF_017315645.1.fna,0.966774,0.8214285714285714,1
GCF_025143445.1.fna,GCF_022689565.1.fna,0.9747939999999999,0.7142857142857143,1
GCF_025143445.1.fna,GCF_022689575.1.fna,0.99453,0.75,1
GCF_025143445.1.fna,GCF_022689615.1.fna,0.975176,0.7142857142857143,1
GCF_025143445.1.fna,GCF_022689645.1.fna,0.994526,0.7142857142857143,1
GCF_025143445.1.fna,GCF_022689665.1.fna,0.994672,0.75,1
GCF_025143445.1.fna,GCF_022689675.1.fna,0.975448,0.75,1
GCF_025143445.1.fna,GCF_022689705.1.fna,0.994922,0.75,1
GCF_025143445.1.fna,GCF_022689725.1.fna,0.99453,0.75,1
GCF_025143445.1.fna,GCF_022689745.1.fna,0.974918,0.75,1
GCF_025143445.1.fna,GCF_022689765.1.fna,0.975449,0.75,1
GCF_025143445.1.fna,GCF_022689775.1.fna,0.993374,0.7142857142857143,1
GCF_025143445.1.fna,GCF_022689785.1.fna,0.9931220000000001,0.75,1
GCF_025143445.1.fna,GCF_022689825.1.fna,0.975202,0.75,1
GCF_025143445.1.fna,GCF_022689845.1.fna,0.963126,0.7857142857142857,1
GCF_025143445.1.fna,GCF_022689855.1.fna,0.9929739999999999,0.75,1
GCF_025143445.1.fna,GCF_022689905.1.fna,0.9735349999999999,0.7857142857142857,1
GCF_025143445.1.fna,GCF_022689925.1.fna,0.966669,0.7142857142857143,1
GCF_025143445.1.fna,GCF_022689945.1.fna,0.969315,0.7142857142857143,1
GCF_025143445.1.fna,GCF_022689965.1.fna,0.967267,0.8214285714285714,1
GCF_025143445.1.fna,GCF_022689975.1.fna,0.9749070000000001,0.75,1
GCF_025143445.1.fna,GCF_022690005.1.fna,0.9938330000000001,0.75,1
GCF_025143445.1.fna,GCF_022690025.1.fna,0.9945740000000001,0.75,1
GCF_025143445.1.fna,GCF_022690045.1.fna,0.9938330000000001,0.75,1
GCF_025143445.1.fna,GCF_022690065.1.fna,0.9721989999999999,0.7857142857142857,1
GCF_025143445.1.fna,GCF_022690085.1.fna,0.9726690000000001,0.75,1
GCF_025143445.1.fna,GCF_022690105.1.fna,0.974733,0.75,1
GCF_025143445.1.fna,GCF_022690115.1.fna,0.9730289999999999,0.75,1
GCF_025143445.1.fna,GCF_022690145.1.fna,0.9721989999999999,0.7857142857142857,1
GCF_025143445.1.fna,GCF_022690165.1.fna,0.9725839999999999,0.7857142857142857,1
GCF_025143445.1.fna,GCF_022690185.1.fna,0.9874620000000001,0.7857142857142857,1
GCF_025143445.1.fna,GCF_022690205.1.fna,0.992992,0.7142857142857143,1
GCF_025143445.1.fna,GCF_022690225.1.fna,0.989567,0.75,1
GCF_025143445.1.fna,GCF_022690245.1.fna,0.972571,0.7857142857142857,1
GCF_025143445.1.fna,GCF_022690265.1.fna,0.9746349999999999,0.75,1
GCF_025143445.1.fna,GCF_022690275.1.fna,0.9748779999999999,0.75,1
GCF_025143445.1.fna,GCF_022690295.1.fna,0.964747,0.7142857142857143,1
GCF_025143445.1.fna,GCF_022690325.1.fna,0.996107,0.75,1
GCF_025143445.1.fna,GCF_022690345.1.fna,0.975799,0.75,1
GCF_025143445.1.fna,GCF_022690375.1.fna,0.9922289999999999,0.7857142857142857,1
GCF_025143445.1.fna,GCF_022690385.1.fna,0.976536,0.7857142857142857,1
GCF_025143445.1.fna,GCF_022690425.1.fna,0.975904,0.75,1
GCF_025143445.1.fna,GCF_025143205.1.fna,0.9750230000000001,0.75,1
GCF_025143445.1.fna,GCF_025143445.1.fna,1.0,0.9642857142857143,1
GCF_025143445.1.fna,GCF_025143615.1.fna,0.9938020000000001,0.7857142857142857,1
GCF_025143445.1.fna,GCF_029926865.1.fna,0.9780540000000001,0.7857142857142857,1
GCF_025143445.1.fna,GCF_029926905.1.fna,0.9780540000000001,0.7857142857142857,1
GCF_025143445.1.fna,GCF_029926915.1.fna,0.9780540000000001,0.7857142857142857,1
GCF_025143445.1.fna,GCF_031631055.1.fna,0.9867199999999999,0.7857142857142857,1
GCF_025143445.1.fna,GCF_031727055.1.fna,0.9910800000000001,0.7857142857142857,1
GCF_025143445.1.fna,GCF_031727075.1.fna,0.975448,0.75,1
GCF_025143445.1.fna,GCF_031727235.1.fna,0.993473,0.75,1
GCF_025143445.1.fna,GCF_031727255.1.fna,0.964747,0.7142857142857143,1
GCF_025143445.1.fna,GCF_031727275.1.fna,0.9945820000000001,0.7142857142857143,1
GCF_025143445.1.fna,GCF_031727355.1.fna,0.9759869999999999,0.7142857142857143,1
GCF_025143445.1.fna,GCF_031727455.1.fna,0.9641540000000001,0.75,1
GCF_025143445.1.fna,GCF_031727535.1.fna,0.995044,0.75,1
GCF_025143445.1.fna,GCF_031728075.1.fna,0.975284,0.75,1
GCF_025143445.1.fna,GCF_031728095.1.fna,0.992669,0.75,1
GCF_025143445.1.fna,GCF_031728115.1.fna,0.9767619999999999,0.75,1
GCF_025143445.1.fna,GCF_031728155.1.fna,0.977951,0.75,1
GCF_025143445.1.fna,GCF_031728235.1.fna,0.973509,0.7857142857142857,1
GCF_025143445.1.fna,GCF_031728275.1.fna,0.993974,0.7857142857142857,1
GCF_025143445.1.fna,GCF_031728295.1.fna,0.966672,0.8214285714285714,1
GCF_025143445.1.fna,GCF_031728315.1.fna,0.9741190000000001,0.7857142857142857,1
GCF_025143445.1.fna,GCF_031728335.1.fna,0.972407,0.7857142857142857,1
GCF_025143445.1.fna,GCF_031728415.1.fna,0.9878990000000001,0.7857142857142857,1
GCF_025143445.1.fna,GCF_031728455.1.fna,0.9936799999999999,0.75,1
GCF_025143445.1.fna,GCF_031728475.1.fna,0.973485,0.75,1
GCF_025143445.1.fna,GCF_031728495.1.fna,0.993973,0.75,1
GCF_025143445.1.fna,GCF_031728515.1.fna,0.959435,0.7142857142857143,1
GCF_025143445.1.fna,GCF_031728555.1.fna,0.9727840000000001,0.7857142857142857,1
GCF_025143445.1.fna,GCF_031728675.1.fna,0.992719,0.75,1
GCF_025143445.1.fna,GCF_031728695.1.fna,0.992442,0.75,1
GCF_025143445.1.fna,GCF_031728715.1.fna,0.993261,0.75,1
GCF_025143445.1.fna,GCF_031728735.1.fna,0.960718,0.8571428571428571,1
GCF_025143445.1.fna,GCF_031728745.1.fna,0.965923,0.8214285714285714,1
GCF_025143445.1.fna,GCF_031728795.1.fna,0.994049,0.75,1
GCF_025143445.1.fna,GCF_031728835.1.fna,0.9751420000000001,0.75,1
GCF_025143445.1.fna,GCF_031728895.1.fna,0.991424,0.8214285714285714,1
GCF_025143445.1.fna,GCF_031729015.1.fna,0.993771,0.7142857142857143,1
GCF_025143445.1.fna,GCF_036419895.1.fna,0.9933289999999999,0.75,1
GCF_025143445.1.fna,GCF_036420075.1.fna,0.969315,0.7142857142857143,1
GCF_025143445.1.fna,GCF_037694985.1.fna,0.972758,0.7857142857142857,1
GCF_025143445.1.fna,GCF_037695175.1.fna,0.994842,0.7142857142857143,1
GCF_025143445.1.fna,GCF_037700135.1.fna,0.974886,0.75,1
GCF_025143445.1.fna,GCF_037700155.1.fna,0.975959,0.75,1
GCF_025143445.1.fna,GCF_037700295.1.fna,0.97584,0.7142857142857143,1
GCF_025143445.1.fna,GCF_037700315.1.fna,0.9838859999999999,0.7857142857142857,1
GCF_025143445.1.fna,GCF_037700375.1.fna,0.992016,0.8214285714285714,1
GCF_025143445.1.fna,GCF_037700455.1.fna,0.991773,0.8214285714285714,1
GCF_025143445.1.fna,GCF_040947025.1.fna,0.969502,0.8214285714285714,1
GCF_025143445.1.fna,GCF_040947065.1.fna,0.984296,0.8214285714285714,1
GCF_025143445.1.fna,GCF_040947125.1.fna,0.983009,0.7857142857142857,1
GCF_025143445.1.fna,GCF_040947205.1.fna,0.960848,0.8214285714285714,1
GCF_025143445.1.fna,GCF_040947225.1.fna,0.992299,0.75,1
GCF_025143445.1.fna,GCF_040947605.1.fna,0.974803,0.7857142857142857,1
GCF_025143445.1.fna,GCF_040947645.1.fna,0.97458,0.7857142857142857,1
GCF_025143445.1.fna,GCF_047653515.1.fna,0.976333,0.75,1
GCF_025143445.1.fna,GCF_047653525.1.fna,0.966502,0.7857142857142857,1
GCF_025143445.1.fna,GCF_052950835.1.fna,0.98949,0.75,1
GCF_025143445.1.fna,GCF_900458635.1.fna,0.983614,0.7857142857142857,1
GCF_025143445.1.fna,GCF_964211265.1.fna,0.994058,0.75,1
GCF_025143615.1.fna,GCF_000269685.1.fna,0.977543,0.8695652173913043,1
GCF_025143615.1.fna,GCF_002901845.1.fna,0.994108,0.8695652173913043,1
GCF_025143615.1.fna,GCF_013267575.1.fna,0.995976,0.9130434782608695,1
GCF_025143615.1.fna,GCF_015274535.1.fna,0.97553,0.8695652173913043,1
GCF_025143615.1.fna,GCF_015274585.1.fna,0.97553,0.8695652173913043,1
GCF_025143615.1.fna,GCF_015274655.1.fna,0.97553,0.8695652173913043,1
GCF_025143615.1.fna,GCF_015274675.1.fna,0.9778789999999999,0.9130434782608695,1
GCF_025143615.1.fna,GCF_017315625.1.fna,0.9783729999999999,0.9130434782608695,1
GCF_025143615.1.fna,GCF_017315645.1.fna,0.9778140000000001,0.9130434782608695,1
GCF_025143615.1.fna,GCF_022689565.1.fna,0.9753830000000001,0.8695652173913043,1
GCF_025143615.1.fna,GCF_022689575.1.fna,0.9939619999999999,0.9130434782608695,1
GCF_025143615.1.fna,GCF_022689615.1.fna,0.974658,0.8695652173913043,1
GCF_025143615.1.fna,GCF_022689645.1.fna,0.992788,0.8695652173913043,1
GCF_025143615.1.fna,GCF_022689665.1.fna,0.9937220000000001,0.9130434782608695,1
GCF_025143615.1.fna,GCF_022689675.1.fna,0.975196,0.9130434782608695,1
GCF_025143615.1.fna,GCF_022689705.1.fna,0.99233,0.9130434782608695,1
GCF_025143615.1.fna,GCF_022689725.1.fna,0.9943460000000001,0.9130434782608695,1
GCF_025143615.1.fna,GCF_022689745.1.fna,0.9752190000000001,0.9130434782608695,1
GCF_025143615.1.fna,GCF_022689765.1.fna,0.976199,0.9565217391304348,1
GCF_025143615.1.fna,GCF_022689775.1.fna,0.9999049999999999,0.9130434782608695,1
GCF_025143615.1.fna,GCF_022689785.1.fna,0.998921,0.9130434782608695,1
GCF_025143615.1.fna,GCF_022689825.1.fna,0.9760599999999999,0.9565217391304348,1
GCF_025143615.1.fna,GCF_022689845.1.fna,0.975394,0.8695652173913043,1
GCF_025143615.1.fna,GCF_022689855.1.fna,0.991526,0.9565217391304348,1
GCF_025143615.1.fna,GCF_022689905.1.fna,0.976347,0.9130434782608695,1
GCF_025143615.1.fna,GCF_022689925.1.fna,0.971969,0.8695652173913043,1
GCF_025143615.1.fna,GCF_022689945.1.fna,0.9669679999999999,0.9130434782608695,1
GCF_025143615.1.fna,GCF_022689965.1.fna,0.97738,0.9130434782608695,1
GCF_025143615.1.fna,GCF_022689975.1.fna,0.975517,0.9130434782608695,1
GCF_025143615.1.fna,GCF_022690005.1.fna,0.9934569999999999,0.9130434782608695,1
GCF_025143615.1.fna,GCF_022690025.1.fna,0.9925109999999999,0.9565217391304348,1
GCF_025143615.1.fna,GCF_022690045.1.fna,0.9934569999999999,0.9130434782608695,1
GCF_025143615.1.fna,GCF_022690065.1.fna,0.9753109999999999,0.9130434782608695,1
GCF_025143615.1.fna,GCF_022690085.1.fna,0.973755,0.9130434782608695,1
GCF_025143615.1.fna,GCF_022690105.1.fna,0.9753959999999999,0.9130434782608695,1
GCF_025143615.1.fna,GCF_022690115.1.fna,0.973406,0.9130434782608695,1
GCF_025143615.1.fna,GCF_022690145.1.fna,0.9753109999999999,0.9130434782608695,1
GCF_025143615.1.fna,GCF_022690165.1.fna,0.97571,0.9130434782608695,1
GCF_025143615.1.fna,GCF_022690185.1.fna,0.999059,0.9130434782608695,1
GCF_025143615.1.fna,GCF_022690205.1.fna,0.999882,0.9130434782608695,1
GCF_025143615.1.fna,GCF_022690225.1.fna,0.991848,0.8695652173913043,1
GCF_025143615.1.fna,GCF_022690245.1.fna,0.975237,0.9130434782608695,1
GCF_025143615.1.fna,GCF_022690265.1.fna,0.9753000000000001,0.9130434782608695,1
GCF_025143615.1.fna,GCF_022690275.1.fna,0.975112,0.8695652173913043,1
GCF_025143615.1.fna,GCF_022690295.1.fna,0.966364,0.8260869565217391,1
GCF_025143615.1.fna,GCF_022690325.1.fna,0.993635,0.9130434782608695,1
GCF_025143615.1.fna,GCF_022690345.1.fna,0.974824,0.9130434782608695,1
GCF_025143615.1.fna,GCF_022690375.1.fna,0.994843,0.8695652173913043,1
GCF_025143615.1.fna,GCF_022690385.1.fna,0.9768429999999999,0.9130434782608695,1
GCF_025143615.1.fna,GCF_022690425.1.fna,0.977984,0.9130434782608695,1
GCF_025143615.1.fna,GCF_025143205.1.fna,0.975724,0.9130434782608695,1
GCF_025143615.1.fna,GCF_025143445.1.fna,0.994053,0.9130434782608695,1
GCF_025143615.1.fna,GCF_025143615.1.fna,1.0,1.0,1
GCF_025143615.1.fna,GCF_029926865.1.fna,0.980112,0.9565217391304348,1
GCF_025143615.1.fna,GCF_029926905.1.fna,0.980112,0.9565217391304348,1
GCF_025143615.1.fna,GCF_029926915.1.fna,0.980112,0.9565217391304348,1
GCF_025143615.1.fna,GCF_031631055.1.fna,0.989216,0.8695652173913043,1
GCF_025143615.1.fna,GCF_031727055.1.fna,0.989254,0.9565217391304348,1
GCF_025143615.1.fna,GCF_031727075.1.fna,0.9752460000000001,0.9130434782608695,1
GCF_025143615.1.fna,GCF_031727235.1.fna,0.9920990000000001,0.9565217391304348,1
GCF_025143615.1.fna,GCF_031727255.1.fna,0.966364,0.8260869565217391,1
GCF_025143615.1.fna,GCF_031727275.1.fna,0.9929479999999999,0.8695652173913043,1
GCF_025143615.1.fna,GCF_031727355.1.fna,0.9751040000000001,0.9130434782608695,1
GCF_025143615.1.fna,GCF_031727455.1.fna,0.9747920000000001,0.8695652173913043,1
GCF_025143615.1.fna,GCF_031727535.1.fna,0.994642,0.9130434782608695,1
GCF_025143615.1.fna,GCF_031728075.1.fna,0.977984,0.9130434782608695,1
GCF_025143615.1.fna,GCF_031728095.1.fna,0.998265,0.9130434782608695,1
GCF_025143615.1.fna,GCF_031728115.1.fna,0.9772190000000001,0.9130434782608695,1
GCF_025143615.1.fna,GCF_031728155.1.fna,0.977119,0.9130434782608695,1
GCF_025143615.1.fna,GCF_031728235.1.fna,0.9748439999999999,0.9565217391304348,1
GCF_025143615.1.fna,GCF_031728275.1.fna,0.9956820000000001,0.9130434782608695,1
GCF_025143615.1.fna,GCF_031728295.1.fna,0.9775499999999999,0.9130434782608695,1
GCF_025143615.1.fna,GCF_031728315.1.fna,0.9769490000000001,0.9130434782608695,1
GCF_025143615.1.fna,GCF_031728335.1.fna,0.9759439999999999,0.9130434782608695,1
GCF_025143615.1.fna,GCF_031728415.1.fna,0.993701,0.9130434782608695,1
GCF_025143615.1.fna,GCF_031728455.1.fna,0.993229,0.9130434782608695,1
GCF_025143615.1.fna,GCF_031728475.1.fna,0.9762390000000001,0.9565217391304348,1
GCF_025143615.1.fna,GCF_031728495.1.fna,0.9924620000000001,0.9565217391304348,1
GCF_025143615.1.fna,GCF_031728515.1.fna,0.965352,0.8695652173913043,1
GCF_025143615.1.fna,GCF_031728555.1.fna,0.9759439999999999,0.9130434782608695,1
GCF_025143615.1.fna,GCF_031728675.1.fna,0.9958490000000001,0.9130434782608695,1
GCF_025143615.1.fna,GCF_031728695.1.fna,0.997347,0.9130434782608695,1
GCF_025143615.1.fna,GCF_031728715.1.fna,0.999757,0.9130434782608695,1
GCF_025143615.1.fna,GCF_031728735.1.fna,0.973972,0.9130434782608695,1
GCF_025143615.1.fna,GCF_031728745.1.fna,0.975507,0.9130434782608695,1
GCF_025143615.1.fna,GCF_031728795.1.fna,0.9953780000000001,0.9130434782608695,1
GCF_025143615.1.fna,GCF_031728835.1.fna,0.9763290000000001,0.9565217391304348,1
GCF_025143615.1.fna,GCF_031728895.1.fna,0.994167,0.9565217391304348,1
GCF_025143615.1.fna,GCF_031729015.1.fna,0.999842,0.8695652173913043,1
GCF_025143615.1.fna,GCF_036419895.1.fna,0.999849,0.9130434782608695,1
GCF_025143615.1.fna,GCF_036420075.1.fna,0.9669679999999999,0.9130434782608695,1
GCF_025143615.1.fna,GCF_037694985.1.fna,0.975484,0.9130434782608695,1
GCF_025143615.1.fna,GCF_037695175.1.fna,0.994885,0.8695652173913043,1
GCF_025143615.1.fna,GCF_037700135.1.fna,0.97533,0.9130434782608695,1
GCF_025143615.1.fna,GCF_037700155.1.fna,0.9769199999999999,0.9565217391304348,1
GCF_025143615.1.fna,GCF_037700295.1.fna,0.97652,0.9130434782608695,1
GCF_025143615.1.fna,GCF_037700315.1.fna,0.9973909999999999,0.9130434782608695,1
GCF_025143615.1.fna,GCF_037700375.1.fna,0.99307,0.9130434782608695,1
GCF_025143615.1.fna,GCF_037700455.1.fna,0.993852,0.9130434782608695,1
GCF_025143615.1.fna,GCF_040947025.1.fna,0.977734,0.9130434782608695,1
GCF_025143615.1.fna,GCF_040947065.1.fna,0.989456,0.9130434782608695,1
GCF_025143615.1.fna,GCF_040947125.1.fna,0.993493,0.9130434782608695,1
GCF_025143615.1.fna,GCF_040947205.1.fna,0.9751519999999999,0.8695652173913043,1
GCF_025143615.1.fna,GCF_040947225.1.fna,0.9908669999999999,0.9130434782608695,1
GCF_025143615.1.fna,GCF_040947605.1.fna,0.975273,0.8695652173913043,1
GCF_025143615.1.fna,GCF_040947645.1.fna,0.975273,0.8695652173913043,1
GCF_025143615.1.fna,GCF_047653515.1.fna,0.978115,0.9130434782608695,1
GCF_025143615.1.fna,GCF_047653525.1.fna,0.976419,0.9130434782608695,1
GCF_025143615.1.fna,GCF_052950835.1.fna,0.990679,0.8695652173913043,1
GCF_025143615.1.fna,GCF_900458635.1.fna,0.9941070000000001,0.8695652173913043,1
GCF_025143615.1.fna,GCF_964211265.1.fna,0.9908969999999999,0.9565217391304348,1
GCF_029926865.1.fna,GCF_000269685.1.fna,0.9880960000000001,0.7096774193548387,1
GCF_029926865.1.fna,GCF_002901845.1.fna,0.978013,0.6451612903225806,1
GCF_029926865.1.fna,GCF_013267575.1.fna,0.979666,0.6774193548387096,1
GCF_029926865.1.fna,GCF_015274535.1.fna,0.9909310000000001,0.6774193548387096,1
GCF_029926865.1.fna,GCF_015274585.1.fna,0.9918779999999999,0.6451612903225806,1
GCF_029926865.1.fna,GCF_015274655.1.fna,0.9910909999999999,0.6774193548387096,1
GCF_029926865.1.fna,GCF_015274675.1.fna,0.9875579999999999,0.7741935483870968,1
GCF_029926865.1.fna,GCF_017315625.1.fna,0.9853660000000001,0.7741935483870968,1
GCF_029926865.1.fna,GCF_017315645.1.fna,0.994584,0.7419354838709677,1
GCF_029926865.1.fna,GCF_022689565.1.fna,0.991306,0.7096774193548387,1
GCF_029926865.1.fna,GCF_022689575.1.fna,0.972186,0.7096774193548387,1
GCF_029926865.1.fna,GCF_022689615.1.fna,0.9919150000000001,0.7419354838709677,1
GCF_029926865.1.fna,GCF_022689645.1.fna,0.978271,0.6451612903225806,1
GCF_029926865.1.fna,GCF_022689665.1.fna,0.971909,0.7096774193548387,1
GCF_029926865.1.fna,GCF_022689675.1.fna,0.992135,0.7419354838709677,1
GCF_029926865.1.fna,GCF_022689705.1.fna,0.978271,0.6451612903225806,1
GCF_029926865.1.fna,GCF_022689725.1.fna,0.9724339999999999,0.7096774193548387,1
GCF_029926865.1.fna,GCF_022689745.1.fna,0.991717,0.7741935483870968,1
GCF_029926865.1.fna,GCF_022689765.1.fna,0.990185,0.7741935483870968,1
GCF_029926865.1.fna,GCF_022689775.1.fna,0.977029,0.6774193548387096,1
GCF_029926865.1.fna,GCF_022689785.1.fna,0.9786499999999999,0.6774193548387096,1
GCF_029926865.1.fna,GCF_022689825.1.fna,0.99,0.7741935483870968,1
GCF_029926865.1.fna,GCF_022689845.1.fna,0.9937640000000001,0.7096774193548387,1
GCF_029926865.1.fna,GCF_022689855.1.fna,0.975991,0.7096774193548387,1
GCF_029926865.1.fna,GCF_022689905.1.fna,0.9909640000000001,0.7419354838709677,1
GCF_029926865.1.fna,GCF_022689925.1.fna,0.968545,0.6774193548387096,1
GCF_029926865.1.fna,GCF_022689945.1.fna,0.981672,0.7419354838709677,1
GCF_029926865.1.fna,GCF_022689965.1.fna,0.9918689999999999,0.7741935483870968,1
GCF_029926865.1.fna,GCF_022689975.1.fna,0.9895780000000001,0.7419354838709677,1
GCF_029926865.1.fna,GCF_022690005.1.fna,0.977847,0.6774193548387096,1
GCF_029926865.1.fna,GCF_022690025.1.fna,0.9718370000000001,0.7419354838709677,1
GCF_029926865.1.fna,GCF_022690045.1.fna,0.977847,0.6774193548387096,1
GCF_029926865.1.fna,GCF_022690065.1.fna,0.99256,0.7096774193548387,1
GCF_029926865.1.fna,GCF_022690085.1.fna,0.969923,0.7096774193548387,1
GCF_029926865.1.fna,GCF_022690105.1.fna,0.98502,0.7096774193548387,1
GCF_029926865.1.fna,GCF_022690115.1.fna,0.9786790000000001,0.7741935483870968,1
GCF_029926865.1.fna,GCF_022690145.1.fna,0.99256,0.7096774193548387,1
GCF_029926865.1.fna,GCF_022690165.1.fna,0.992682,0.6774193548387096,1
GCF_029926865.1.fna,GCF_022690185.1.fna,0.978582,0.6774193548387096,1
GCF_029926865.1.fna,GCF_022690205.1.fna,0.978509,0.7741935483870968,1
GCF_029926865.1.fna,GCF_022690225.1.fna,0.977342,0.6774193548387096,1
GCF_029926865.1.fna,GCF_022690245.1.fna,0.992837,0.7096774193548387,1
GCF_029926865.1.fna,GCF_022690265.1.fna,0.992471,0.6774193548387096,1
GCF_029926865.1.fna,GCF_022690275.1.fna,0.984329,0.7096774193548387,1
GCF_029926865.1.fna,GCF_022690295.1.fna,0.9671460000000001,0.7419354838709677,1
GCF_029926865.1.fna,GCF_022690325.1.fna,0.9703489999999999,0.7096774193548387,1
GCF_029926865.1.fna,GCF_022690345.1.fna,0.9820350000000001,0.7741935483870968,1
GCF_029926865.1.fna,GCF_022690375.1.fna,0.978867,0.6451612903225806,1
GCF_029926865.1.fna,GCF_022690385.1.fna,0.9935339999999999,0.7096774193548387,1
GCF_029926865.1.fna,GCF_022690425.1.fna,0.9941450000000001,0.7419354838709677,1
GCF_029926865.1.fna,GCF_025143205.1.fna,0.9925449999999999,0.6774193548387096,1
GCF_029926865.1.fna,GCF_025143445.1.fna,0.978272,0.6774193548387096,1
GCF_029926865.1.fna,GCF_025143615.1.fna,0.978309,0.7419354838709677,1
GCF_029926865.1.fna,GCF_029926865.1.fna,1.0,1.0,1
GCF_029926865.1.fna,GCF_029926905.1.fna,0.999969,0.967741935483871,1
GCF_029926865.1.fna,GCF_029926915.1.fna,0.999965,0.8709677419354839,1
GCF_029926865.1.fna,GCF_031631055.1.fna,0.979334,0.6774193548387096,1
GCF_029926865.1.fna,GCF_031727055.1.fna,0.967873,0.7419354838709677,1
GCF_029926865.1.fna,GCF_031727075.1.fna,0.992295,0.7419354838709677,1
GCF_029926865.1.fna,GCF_031727235.1.fna,0.976413,0.7096774193548387,1
GCF_029926865.1.fna,GCF_031727255.1.fna,0.968467,0.7096774193548387,1
GCF_029926865.1.fna,GCF_031727275.1.fna,0.9738880000000001,0.6774193548387096,1
GCF_029926865.1.fna,GCF_031727355.1.fna,0.991855,0.7419354838709677,1
GCF_029926865.1.fna,GCF_031727455.1.fna,0.970021,0.6451612903225806,1
GCF_029926865.1.fna,GCF_031727535.1.fna,0.9778959999999999,0.6774193548387096,1
GCF_029926865.1.fna,GCF_031728075.1.fna,0.995145,0.7096774193548387,1
GCF_029926865.1.fna,GCF_031728095.1.fna,0.9782219999999999,0.6774193548387096,1
GCF_029926865.1.fna,GCF_031728115.1.fna,0.99129,0.7419354838709677,1
GCF_029926865.1.fna,GCF_031728155.1.fna,0.9841970000000001,0.7741935483870968,1
GCF_029926865.1.fna,GCF_031728235.1.fna,0.984435,0.7741935483870968,1
GCF_029926865.1.fna,GCF_031728275.1.fna,0.97893,0.6774193548387096,1
GCF_029926865.1.fna,GCF_031728295.1.fna,0.994936,0.7419354838709677,1
GCF_029926865.1.fna,GCF_031728315.1.fna,0.9920399999999999,0.7096774193548387,1
GCF_029926865.1.fna,GCF_031728335.1.fna,0.9849850000000001,0.7741935483870968,1
GCF_029926865.1.fna,GCF_031728415.1.fna,0.976066,0.7096774193548387,1
GCF_029926865.1.fna,GCF_031728455.1.fna,0.968284,0.6774193548387096,1
GCF_029926865.1.fna,GCF_031728475.1.fna,0.992722,0.7741935483870968,1
GCF_029926865.1.fna,GCF_031728495.1.fna,0.973631,0.7419354838709677,1
GCF_029926865.1.fna,GCF_031728515.1.fna,0.968931,0.7096774193548387,1
GCF_029926865.1.fna,GCF_031728555.1.fna,0.992241,0.7419354838709677,1
GCF_029926865.1.fna,GCF_031728675.1.fna,0.978776,0.6774193548387096,1
GCF_029926865.1.fna,GCF_031728695.1.fna,0.9777840000000001,0.7096774193548387,1
GCF_029926865.1.fna,GCF_031728715.1.fna,0.979069,0.6774193548387096,1
GCF_029926865.1.fna,GCF_031728735.1.fna,0.9889060000000001,0.7419354838709677,1
GCF_029926865.1.fna,GCF_031728745.1.fna,0.9890260000000001,0.7096774193548387,1
GCF_029926865.1.fna,GCF_031728795.1.fna,0.97827,0.7096774193548387,1
GCF_029926865.1.fna,GCF_031728835.1.fna,0.993035,0.7096774193548387,1
GCF_029926865.1.fna,GCF_031728895.1.fna,0.9759749999999999,0.7096774193548387,1
GCF_029926865.1.fna,GCF_031729015.1.fna,0.974919,0.6774193548387096,1
GCF_029926865.1.fna,GCF_036419895.1.fna,0.9754,0.7096774193548387,1
GCF_029926865.1.fna,GCF_036420075.1.fna,0.981672,0.7419354838709677,1
GCF_029926865.1.fna,GCF_037694985.1.fna,0.9852190000000001,0.7419354838709677,1
GCF_029926865.1.fna,GCF_037695175.1.fna,0.975025,0.6774193548387096,1
GCF_029926865.1.fna,GCF_037700135.1.fna,0.993383,0.7419354838709677,1
GCF_029926865.1.fna,GCF_037700155.1.fna,0.993974,0.7741935483870968,1
GCF_029926865.1.fna,GCF_037700295.1.fna,0.994967,0.7096774193548387,1
GCF_029926865.1.fna,GCF_037700315.1.fna,0.979133,0.6774193548387096,1
GCF_029926865.1.fna,GCF_037700375.1.fna,0.9774689999999999,0.6774193548387096,1
GCF_029926865.1.fna,GCF_037700455.1.fna,0.9781610000000001,0.6774193548387096,1
GCF_029926865.1.fna,GCF_040947025.1.fna,0.992872,0.7096774193548387,1
GCF_029926865.1.fna,GCF_040947065.1.fna,0.981096,0.6774193548387096,1
GCF_029926865.1.fna,GCF_040947125.1.fna,0.9713200000000001,0.7096774193548387,1
GCF_029926865.1.fna,GCF_040947205.1.fna,0.9932030000000001,0.6774193548387096,1
GCF_029926865.1.fna,GCF_040947225.1.fna,0.979929,0.6774193548387096,1
GCF_029926865.1.fna,GCF_040947605.1.fna,0.9930970000000001,0.6451612903225806,1
GCF_029926865.1.fna,GCF_040947645.1.fna,0.9930970000000001,0.6451612903225806,1
GCF_029926865.1.fna,GCF_047653515.1.fna,0.991485,0.7741935483870968,1
GCF_029926865.1.fna,GCF_047653525.1.fna,0.990505,0.8064516129032258,1
GCF_029926865.1.fna,GCF_052950835.1.fna,0.971991,0.6774193548387096,1
GCF_029926865.1.fna,GCF_900458635.1.fna,0.975977,0.6774193548387096,1
GCF_029926865.1.fna,GCF_964211265.1.fna,0.977717,0.7096774193548387,1
GCF_029926905.1.fna,GCF_000269685.1.fna,0.9880960000000001,0.7096774193548387,1
GCF_029926905.1.fna,GCF_002901845.1.fna,0.978013,0.6451612903225806,1
GCF_029926905.1.fna,GCF_013267575.1.fna,0.979666,0.6774193548387096,1
GCF_029926905.1.fna,GCF_015274535.1.fna,0.991846,0.6774193548387096,1
GCF_029926905.1.fna,GCF_015274585.1.fna,0.9918779999999999,0.6451612903225806,1
GCF_029926905.1.fna,GCF_015274655.1.fna,0.991975,0.6774193548387096,1
GCF_029926905.1.fna,GCF_015274675.1.fna,0.988812,0.7741935483870968,1
GCF_029926905.1.fna,GCF_017315625.1.fna,0.9853959999999999,0.7741935483870968,1
GCF_029926905.1.fna,GCF_017315645.1.fna,0.994731,0.7741935483870968,1
GCF_029926905.1.fna,GCF_022689565.1.fna,0.991199,0.7096774193548387,1
GCF_029926905.1.fna,GCF_022689575.1.fna,0.972186,0.7096774193548387,1
GCF_029926905.1.fna,GCF_022689615.1.fna,0.991928,0.7096774193548387,1
GCF_029926905.1.fna,GCF_022689645.1.fna,0.978271,0.6451612903225806,1
GCF_029926905.1.fna,GCF_022689665.1.fna,0.971909,0.7096774193548387,1
GCF_029926905.1.fna,GCF_022689675.1.fna,0.992145,0.7419354838709677,1
GCF_029926905.1.fna,GCF_022689705.1.fna,0.978271,0.6451612903225806,1
GCF_029926905.1.fna,GCF_022689725.1.fna,0.9724339999999999,0.7096774193548387,1
GCF_029926905.1.fna,GCF_022689745.1.fna,0.991897,0.7741935483870968,1
GCF_029926905.1.fna,GCF_022689765.1.fna,0.989017,0.7741935483870968,1
GCF_029926905.1.fna,GCF_022689775.1.fna,0.9767140000000001,0.6774193548387096,1
GCF_029926905.1.fna,GCF_022689785.1.fna,0.9786499999999999,0.6774193548387096,1
GCF_029926905.1.fna,GCF_022689825.1.fna,0.987374,0.7741935483870968,1
GCF_029926905.1.fna,GCF_022689845.1.fna,0.993773,0.7096774193548387,1
GCF_029926905.1.fna,GCF_022689855.1.fna,0.975726,0.7096774193548387,1
GCF_029926905.1.fna,GCF_022689905.1.fna,0.990824,0.7419354838709677,1
GCF_029926905.1.fna,GCF_022689925.1.fna,0.9697629999999999,0.6451612903225806,1
GCF_029926905.1.fna,GCF_022689945.1.fna,0.982567,0.7096774193548387,1
GCF_029926905.1.fna,GCF_022689965.1.fna,0.991494,0.7741935483870968,1
GCF_029926905.1.fna,GCF_022689975.1.fna,0.9895780000000001,0.7419354838709677,1
GCF_029926905.1.fna,GCF_022690005.1.fna,0.977847,0.6774193548387096,1
GCF_029926905.1.fna,GCF_022690025.1.fna,0.971572,0.7419354838709677,1
GCF_029926905.1.fna,GCF_022690045.1.fna,0.977847,0.6774193548387096,1
GCF_029926905.1.fna,GCF_022690065.1.fna,0.992537,0.7096774193548387,1
GCF_029926905.1.fna,GCF_022690085.1.fna,0.969923,0.7096774193548387,1
GCF_029926905.1.fna,GCF_022690105.1.fna,0.98502,0.7096774193548387,1
GCF_029926905.1.fna,GCF_022690115.1.fna,0.978716,0.7741935483870968,1
GCF_029926905.1.fna,GCF_022690145.1.fna,0.992568,0.7096774193548387,1
GCF_029926905.1.fna,GCF_022690165.1.fna,0.992682,0.6774193548387096,1
GCF_029926905.1.fna,GCF_022690185.1.fna,0.978582,0.6774193548387096,1
GCF_029926905.1.fna,GCF_022690205.1.fna,0.978234,0.7741935483870968,1
GCF_029926905.1.fna,GCF_022690225.1.fna,0.97726,0.6774193548387096,1
GCF_029926905.1.fna,GCF_022690245.1.fna,0.992786,0.7096774193548387,1
GCF_029926905.1.fna,GCF_022690265.1.fna,0.992471,0.6774193548387096,1
GCF_029926905.1.fna,GCF_022690275.1.fna,0.984329,0.7096774193548387,1
GCF_029926905.1.fna,GCF_022690295.1.fna,0.967054,0.7419354838709677,1
GCF_029926905.1.fna,GCF_022690325.1.fna,0.9703489999999999,0.7096774193548387,1
GCF_029926905.1.fna,GCF_022690345.1.fna,0.9819549999999999,0.7741935483870968,1
GCF_029926905.1.fna,GCF_022690375.1.fna,0.978867,0.6451612903225806,1
GCF_029926905.1.fna,GCF_022690385.1.fna,0.9935339999999999,0.7096774193548387,1
GCF_029926905.1.fna,GCF_022690425.1.fna,0.9951260000000001,0.7419354838709677,1
GCF_029926905.1.fna,GCF_025143205.1.fna,0.9925449999999999,0.6774193548387096,1
GCF_029926905.1.fna,GCF_025143445.1.fna,0.978272,0.6774193548387096,1
GCF_029926905.1.fna,GCF_025143615.1.fna,0.978022,0.7419354838709677,1
GCF_029926905.1.fna,GCF_029926865.1.fna,0.999927,0.967741935483871,1
GCF_029926905.1.fna,GCF_029926905.1.fna,1.0,1.0,1
GCF_029926905.1.fna,GCF_029926915.1.fna,1.0,0.9032258064516129,1
GCF_029926905.1.fna,GCF_031631055.1.fna,0.979263,0.6774193548387096,1
GCF_029926905.1.fna,GCF_031727055.1.fna,0.967655,0.7419354838709677,1
GCF_029926905.1.fna,GCF_031727075.1.fna,0.9921099999999999,0.7419354838709677,1
GCF_029926905.1.fna,GCF_031727235.1.fna,0.976147,0.7096774193548387,1
GCF_029926905.1.fna,GCF_031727255.1.fna,0.968347,0.7096774193548387,1
GCF_029926905.1.fna,GCF_031727275.1.fna,0.9738880000000001,0.6774193548387096,1
GCF_029926905.1.fna,GCF_031727355.1.fna,0.992313,0.7096774193548387,1
GCF_029926905.1.fna,GCF_031727455.1.fna,0.970021,0.6451612903225806,1
GCF_029926905.1.fna,GCF_031727535.1.fna,0.9778959999999999,0.6774193548387096,1
GCF_029926905.1.fna,GCF_031728075.1.fna,0.995064,0.7096774193548387,1
GCF_029926905.1.fna,GCF_031728095.1.fna,0.9781399999999999,0.6774193548387096,1
GCF_029926905.1.fna,GCF_031728115.1.fna,0.9911570000000001,0.7419354838709677,1
GCF_029926905.1.fna,GCF_031728155.1.fna,0.9832120000000001,0.7741935483870968,1
GCF_029926905.1.fna,GCF_031728235.1.fna,0.9841599999999999,0.7419354838709677,1
GCF_029926905.1.fna,GCF_031728275.1.fna,0.97893,0.6774193548387096,1
GCF_029926905.1.fna,GCF_031728295.1.fna,0.994911,0.7419354838709677,1
GCF_029926905.1.fna,GCF_031728315.1.fna,0.9920399999999999,0.7096774193548387,1
GCF_029926905.1.fna,GCF_031728335.1.fna,0.9839709999999999,0.7741935483870968,1
GCF_029926905.1.fna,GCF_031728415.1.fna,0.976066,0.7096774193548387,1
GCF_029926905.1.fna,GCF_031728455.1.fna,0.9682550000000001,0.6774193548387096,1
GCF_029926905.1.fna,GCF_031728475.1.fna,0.992625,0.7419354838709677,1
GCF_029926905.1.fna,GCF_031728495.1.fna,0.973398,0.7419354838709677,1
GCF_029926905.1.fna,GCF_031728515.1.fna,0.9686400000000001,0.7096774193548387,1
GCF_029926905.1.fna,GCF_031728555.1.fna,0.9921380000000001,0.7419354838709677,1
GCF_029926905.1.fna,GCF_031728675.1.fna,0.978776,0.6774193548387096,1
GCF_029926905.1.fna,GCF_031728695.1.fna,0.977672,0.7096774193548387,1
GCF_029926905.1.fna,GCF_031728715.1.fna,0.979069,0.6774193548387096,1
GCF_029926905.1.fna,GCF_031728735.1.fna,0.988749,0.7419354838709677,1
GCF_029926905.1.fna,GCF_031728745.1.fna,0.990526,0.6774193548387096,1
GCF_029926905.1.fna,GCF_031728795.1.fna,0.978314,0.7096774193548387,1
GCF_029926905.1.fna,GCF_031728835.1.fna,0.9918389999999999,0.7096774193548387,1
GCF_029926905.1.fna,GCF_031728895.1.fna,0.975769,0.7096774193548387,1
GCF_029926905.1.fna,GCF_031729015.1.fna,0.974919,0.6774193548387096,1
GCF_029926905.1.fna,GCF_036419895.1.fna,0.9754,0.7096774193548387,1
GCF_029926905.1.fna,GCF_036420075.1.fna,0.982567,0.7096774193548387,1
GCF_029926905.1.fna,GCF_037694985.1.fna,0.9852190000000001,0.7419354838709677,1
GCF_029926905.1.fna,GCF_037695175.1.fna,0.975025,0.6774193548387096,1
GCF_029926905.1.fna,GCF_037700135.1.fna,0.993392,0.7419354838709677,1
GCF_029926905.1.fna,GCF_037700155.1.fna,0.9940730000000001,0.7419354838709677,1
GCF_029926905.1.fna,GCF_037700295.1.fna,0.988648,0.7096774193548387,1
GCF_029926905.1.fna,GCF_037700315.1.fna,0.979133,0.6774193548387096,1
GCF_029926905.1.fna,GCF_037700375.1.fna,0.9774689999999999,0.6774193548387096,1
GCF_029926905.1.fna,GCF_037700455.1.fna,0.9781610000000001,0.6774193548387096,1
GCF_029926905.1.fna,GCF_040947025.1.fna,0.992872,0.7096774193548387,1
GCF_029926905.1.fna,GCF_040947065.1.fna,0.981096,0.6774193548387096,1
GCF_029926905.1.fna,GCF_040947125.1.fna,0.971031,0.7096774193548387,1
GCF_029926905.1.fna,GCF_040947205.1.fna,0.9932030000000001,0.6774193548387096,1
GCF_029926905.1.fna,GCF_040947225.1.fna,0.979929,0.6774193548387096,1
GCF_029926905.1.fna,GCF_040947605.1.fna,0.9930970000000001,0.6451612903225806,1
GCF_029926905.1.fna,GCF_040947645.1.fna,0.9930970000000001,0.6451612903225806,1
GCF_029926905.1.fna,GCF_047653515.1.fna,0.9914740000000001,0.7741935483870968,1
GCF_029926905.1.fna,GCF_047653525.1.fna,0.9917180000000001,0.8064516129032258,1
GCF_029926905.1.fna,GCF_052950835.1.fna,0.971991,0.6774193548387096,1
GCF_029926905.1.fna,GCF_900458635.1.fna,0.9760080000000001,0.6774193548387096,1
GCF_029926905.1.fna,GCF_964211265.1.fna,0.977264,0.7096774193548387,1
GCF_029926915.1.fna,GCF_000269685.1.fna,0.9880960000000001,0.7857142857142857,1
GCF_029926915.1.fna,GCF_002901845.1.fna,0.978013,0.7142857142857143,1
GCF_029926915.1.fna,GCF_013267575.1.fna,0.979666,0.75,1
GCF_029926915.1.fna,GCF_015274535.1.fna,0.991914,0.75,1
GCF_029926915.1.fna,GCF_015274585.1.fna,0.9918779999999999,0.7142857142857143,1
GCF_029926915.1.fna,GCF_015274655.1.fna,0.991914,0.75,1
GCF_029926915.1.fna,GCF_015274675.1.fna,0.988812,0.8571428571428571,1
GCF_029926915.1.fna,GCF_017315625.1.fna,0.985372,0.8571428571428571,1
GCF_029926915.1.fna,GCF_017315645.1.fna,0.9946280000000001,0.8571428571428571,1
GCF_029926915.1.fna,GCF_022689565.1.fna,0.990667,0.7857142857142857,1
GCF_029926915.1.fna,GCF_022689575.1.fna,0.972186,0.7857142857142857,1
GCF_029926915.1.fna,GCF_022689615.1.fna,0.991928,0.7857142857142857,1
GCF_029926915.1.fna,GCF_022689645.1.fna,0.978271,0.7142857142857143,1
GCF_029926915.1.fna,GCF_022689665.1.fna,0.971909,0.7857142857142857,1
GCF_029926915.1.fna,GCF_022689675.1.fna,0.991849,0.8214285714285714,1
GCF_029926915.1.fna,GCF_022689705.1.fna,0.978271,0.7142857142857143,1
GCF_029926915.1.fna,GCF_022689725.1.fna,0.9724339999999999,0.7857142857142857,1
GCF_029926915.1.fna,GCF_022689745.1.fna,0.992587,0.8214285714285714,1
GCF_029926915.1.fna,GCF_022689765.1.fna,0.9890049999999999,0.8571428571428571,1
GCF_029926915.1.fna,GCF_022689775.1.fna,0.975481,0.75,1
GCF_029926915.1.fna,GCF_022689785.1.fna,0.9786499999999999,0.75,1
GCF_029926915.1.fna,GCF_022689825.1.fna,0.987408,0.8571428571428571,1
GCF_029926915.1.fna,GCF_022689845.1.fna,0.993694,0.7857142857142857,1
GCF_029926915.1.fna,GCF_022689855.1.fna,0.974546,0.7857142857142857,1
GCF_029926915.1.fna,GCF_022689905.1.fna,0.990555,0.8214285714285714,1
GCF_029926915.1.fna,GCF_022689925.1.fna,0.9697629999999999,0.7142857142857143,1
GCF_029926915.1.fna,GCF_022689945.1.fna,0.9829049999999999,0.7857142857142857,1
GCF_029926915.1.fna,GCF_022689965.1.fna,0.991607,0.8214285714285714,1
GCF_029926915.1.fna,GCF_022689975.1.fna,0.9895780000000001,0.8214285714285714,1
GCF_029926915.1.fna,GCF_022690005.1.fna,0.977847,0.75,1
GCF_029926915.1.fna,GCF_022690025.1.fna,0.970304,0.8214285714285714,1
GCF_029926915.1.fna,GCF_022690045.1.fna,0.977847,0.75,1
GCF_029926915.1.fna,GCF_022690065.1.fna,0.9925,0.7857142857142857,1
GCF_029926915.1.fna,GCF_022690085.1.fna,0.969923,0.7857142857142857,1
GCF_029926915.1.fna,GCF_022690105.1.fna,0.98502,0.7857142857142857,1
GCF_029926915.1.fna,GCF_022690115.1.fna,0.978716,0.8571428571428571,1
GCF_029926915.1.fna,GCF_022690145.1.fna,0.992352,0.7857142857142857,1
GCF_029926915.1.fna,GCF_022690165.1.fna,0.992682,0.75,1
GCF_029926915.1.fna,GCF_022690185.1.fna,0.978582,0.75,1
GCF_029926915.1.fna,GCF_022690205.1.fna,0.975458,0.75,1
GCF_029926915.1.fna,GCF_022690225.1.fna,0.9766429999999999,0.75,1
GCF_029926915.1.fna,GCF_022690245.1.fna,0.9928570000000001,0.7857142857142857,1
GCF_029926915.1.fna,GCF_022690265.1.fna,0.992471,0.75,1
GCF_029926915.1.fna,GCF_022690275.1.fna,0.984329,0.7857142857142857,1
GCF_029926915.1.fna,GCF_022690295.1.fna,0.9669249999999999,0.8214285714285714,1
GCF_029926915.1.fna,GCF_022690325.1.fna,0.9703489999999999,0.7857142857142857,1
GCF_029926915.1.fna,GCF_022690345.1.fna,0.98149,0.8571428571428571,1
GCF_029926915.1.fna,GCF_022690375.1.fna,0.978867,0.7142857142857143,1
GCF_029926915.1.fna,GCF_022690385.1.fna,0.9935339999999999,0.7857142857142857,1
GCF_029926915.1.fna,GCF_022690425.1.fna,0.995568,0.7857142857142857,1
GCF_029926915.1.fna,GCF_025143205.1.fna,0.9925449999999999,0.75,1
GCF_029926915.1.fna,GCF_025143445.1.fna,0.978272,0.75,1
GCF_029926915.1.fna,GCF_025143615.1.fna,0.976896,0.8214285714285714,1
GCF_029926915.1.fna,GCF_029926865.1.fna,0.999597,0.9642857142857143,1
GCF_029926915.1.fna,GCF_029926905.1.fna,1.0,0.9642857142857143,1
GCF_029926915.1.fna,GCF_029926915.1.fna,1.0,1.0,1
GCF_029926915.1.fna,GCF_031631055.1.fna,0.9788039999999999,0.75,1
GCF_029926915.1.fna,GCF_031727055.1.fna,0.966314,0.8214285714285714,1
GCF_029926915.1.fna,GCF_031727075.1.fna,0.9920740000000001,0.8214285714285714,1
GCF_029926915.1.fna,GCF_031727235.1.fna,0.974968,0.7857142857142857,1
GCF_029926915.1.fna,GCF_031727255.1.fna,0.968347,0.7857142857142857,1
GCF_029926915.1.fna,GCF_031727275.1.fna,0.9738880000000001,0.75,1
GCF_029926915.1.fna,GCF_031727355.1.fna,0.992274,0.7857142857142857,1
GCF_029926915.1.fna,GCF_031727455.1.fna,0.970021,0.7142857142857143,1
GCF_029926915.1.fna,GCF_031727535.1.fna,0.9778959999999999,0.75,1
GCF_029926915.1.fna,GCF_031728075.1.fna,0.9945080000000001,0.7857142857142857,1
GCF_029926915.1.fna,GCF_031728095.1.fna,0.977652,0.75,1
GCF_029926915.1.fna,GCF_031728115.1.fna,0.991032,0.8214285714285714,1
GCF_029926915.1.fna,GCF_031728155.1.fna,0.983231,0.8571428571428571,1
GCF_029926915.1.fna,GCF_031728235.1.fna,0.9840019999999999,0.8214285714285714,1
GCF_029926915.1.fna,GCF_031728275.1.fna,0.97893,0.75,1
GCF_029926915.1.fna,GCF_031728295.1.fna,0.994717,0.8214285714285714,1
GCF_029926915.1.fna,GCF_031728315.1.fna,0.9920399999999999,0.7857142857142857,1
GCF_029926915.1.fna,GCF_031728335.1.fna,0.984059,0.8571428571428571,1
GCF_029926915.1.fna,GCF_031728415.1.fna,0.976066,0.7857142857142857,1
GCF_029926915.1.fna,GCF_031728455.1.fna,0.9682550000000001,0.75,1
GCF_029926915.1.fna,GCF_031728475.1.fna,0.992577,0.8214285714285714,1
GCF_029926915.1.fna,GCF_031728495.1.fna,0.9721219999999999,0.8214285714285714,1
GCF_029926915.1.fna,GCF_031728515.1.fna,0.96759,0.7857142857142857,1
GCF_029926915.1.fna,GCF_031728555.1.fna,0.9916079999999999,0.8214285714285714,1
GCF_029926915.1.fna,GCF_031728675.1.fna,0.978776,0.75,1
GCF_029926915.1.fna,GCF_031728695.1.fna,0.977345,0.7857142857142857,1
GCF_029926915.1.fna,GCF_031728715.1.fna,0.979069,0.75,1
GCF_029926915.1.fna,GCF_031728735.1.fna,0.988387,0.8214285714285714,1
GCF_029926915.1.fna,GCF_031728745.1.fna,0.99047,0.75,1
GCF_029926915.1.fna,GCF_031728795.1.fna,0.978698,0.7857142857142857,1
GCF_029926915.1.fna,GCF_031728835.1.fna,0.991105,0.7857142857142857,1
GCF_029926915.1.fna,GCF_031728895.1.fna,0.97453,0.7857142857142857,1
GCF_029926915.1.fna,GCF_031729015.1.fna,0.974919,0.75,1
GCF_029926915.1.fna,GCF_036419895.1.fna,0.9754,0.7857142857142857,1
GCF_029926915.1.fna,GCF_036420075.1.fna,0.9829049999999999,0.7857142857142857,1
GCF_029926915.1.fna,GCF_037694985.1.fna,0.9852190000000001,0.8214285714285714,1
GCF_029926915.1.fna,GCF_037695175.1.fna,0.975025,0.75,1
GCF_029926915.1.fna,GCF_037700135.1.fna,0.9933,0.8214285714285714,1
GCF_029926915.1.fna,GCF_037700155.1.fna,0.993572,0.8214285714285714,1
GCF_029926915.1.fna,GCF_037700295.1.fna,0.988576,0.7857142857142857,1
GCF_029926915.1.fna,GCF_037700315.1.fna,0.979133,0.75,1
GCF_029926915.1.fna,GCF_037700375.1.fna,0.9774689999999999,0.75,1
GCF_029926915.1.fna,GCF_037700455.1.fna,0.9781610000000001,0.75,1
GCF_029926915.1.fna,GCF_040947025.1.fna,0.992872,0.7857142857142857,1
GCF_029926915.1.fna,GCF_040947065.1.fna,0.981096,0.75,1
GCF_029926915.1.fna,GCF_040947125.1.fna,0.969785,0.7857142857142857,1
GCF_029926915.1.fna,GCF_040947205.1.fna,0.9932030000000001,0.75,1
GCF_029926915.1.fna,GCF_040947225.1.fna,0.979929,0.75,1
GCF_029926915.1.fna,GCF_040947605.1.fna,0.9930970000000001,0.7142857142857143,1
GCF_029926915.1.fna,GCF_040947645.1.fna,0.9930970000000001,0.7142857142857143,1
GCF_029926915.1.fna,GCF_047653515.1.fna,0.9914839999999999,0.8571428571428571,1
GCF_029926915.1.fna,GCF_047653525.1.fna,0.99176,0.8928571428571429,1
GCF_029926915.1.fna,GCF_052950835.1.fna,0.971991,0.75,1
GCF_029926915.1.fna,GCF_900458635.1.fna,0.9760080000000001,0.75,1
GCF_029926915.1.fna,GCF_964211265.1.fna,0.977363,0.7857142857142857,1
GCF_031631055.1.fna,GCF_000269685.1.fna,0.9658159999999999,0.8518518518518519,1
GCF_031631055.1.fna,GCF_002901845.1.fna,0.983834,0.7777777777777778,1
GCF_031631055.1.fna,GCF_013267575.1.fna,0.989842,0.7407407407407407,1
GCF_031631055.1.fna,GCF_015274535.1.fna,0.9763249999999999,0.8148148148148148,1
GCF_031631055.1.fna,GCF_015274585.1.fna,0.9721120000000001,0.8148148148148148,1
GCF_031631055.1.fna,GCF_015274655.1.fna,0.976578,0.8148148148148148,1
GCF_031631055.1.fna,GCF_015274675.1.fna,0.97295,0.8148148148148148,1
GCF_031631055.1.fna,GCF_017315625.1.fna,0.980288,0.7407407407407407,1
GCF_031631055.1.fna,GCF_017315645.1.fna,0.970843,0.8518518518518519,1
GCF_031631055.1.fna,GCF_022689565.1.fna,0.975874,0.7407407407407407,1
GCF_031631055.1.fna,GCF_022689575.1.fna,0.989614,0.7407407407407407,1
GCF_031631055.1.fna,GCF_022689615.1.fna,0.977916,0.7037037037037037,1
GCF_031631055.1.fna,GCF_022689645.1.fna,0.980698,0.7037037037037037,1
GCF_031631055.1.fna,GCF_022689665.1.fna,0.989599,0.7407407407407407,1
GCF_031631055.1.fna,GCF_022689675.1.fna,0.9782949999999999,0.7407407407407407,1
GCF_031631055.1.fna,GCF_022689705.1.fna,0.980934,0.7407407407407407,1
GCF_031631055.1.fna,GCF_022689725.1.fna,0.989614,0.7407407407407407,1
GCF_031631055.1.fna,GCF_022689745.1.fna,0.9776819999999999,0.7407407407407407,1
GCF_031631055.1.fna,GCF_022689765.1.fna,0.976576,0.7407407407407407,1
GCF_031631055.1.fna,GCF_022689775.1.fna,0.980385,0.7777777777777778,1
GCF_031631055.1.fna,GCF_022689785.1.fna,0.9901829999999999,0.7407407407407407,1
GCF_031631055.1.fna,GCF_022689825.1.fna,0.975517,0.7407407407407407,1
GCF_031631055.1.fna,GCF_022689845.1.fna,0.9726210000000001,0.7777777777777778,1
GCF_031631055.1.fna,GCF_022689855.1.fna,0.9858480000000001,0.7777777777777778,1
GCF_031631055.1.fna,GCF_022689905.1.fna,0.973166,0.8148148148148148,1
GCF_031631055.1.fna,GCF_022689925.1.fna,0.963246,0.7037037037037037,1
GCF_031631055.1.fna,GCF_022689945.1.fna,0.964886,0.7037037037037037,1
GCF_031631055.1.fna,GCF_022689965.1.fna,0.970278,0.8518518518518519,1
GCF_031631055.1.fna,GCF_022689975.1.fna,0.9712569999999999,0.7407407407407407,1
GCF_031631055.1.fna,GCF_022690005.1.fna,0.989093,0.7407407407407407,1
GCF_031631055.1.fna,GCF_022690025.1.fna,0.986578,0.7777777777777778,1
GCF_031631055.1.fna,GCF_022690045.1.fna,0.989093,0.7407407407407407,1
GCF_031631055.1.fna,GCF_022690065.1.fna,0.972561,0.8148148148148148,1
GCF_031631055.1.fna,GCF_022690085.1.fna,0.964932,0.7407407407407407,1
GCF_031631055.1.fna,GCF_022690105.1.fna,0.9739629999999999,0.7407407407407407,1
GCF_031631055.1.fna,GCF_022690115.1.fna,0.9671150000000001,0.7777777777777778,1
GCF_031631055.1.fna,GCF_022690145.1.fna,0.9726260000000001,0.8148148148148148,1
GCF_031631055.1.fna,GCF_022690165.1.fna,0.972519,0.7777777777777778,1
GCF_031631055.1.fna,GCF_022690185.1.fna,0.9855419999999999,0.7777777777777778,1
GCF_031631055.1.fna,GCF_022690205.1.fna,0.987727,0.7407407407407407,1
GCF_031631055.1.fna,GCF_022690225.1.fna,0.983704,0.7777777777777778,1
GCF_031631055.1.fna,GCF_022690245.1.fna,0.9755750000000001,0.7777777777777778,1
GCF_031631055.1.fna,GCF_022690265.1.fna,0.978784,0.7037037037037037,1
GCF_031631055.1.fna,GCF_022690275.1.fna,0.9706659999999999,0.7037037037037037,1
GCF_031631055.1.fna,GCF_022690295.1.fna,0.9595520000000001,0.7407407407407407,1
GCF_031631055.1.fna,GCF_022690325.1.fna,0.9827790000000001,0.7407407407407407,1
GCF_031631055.1.fna,GCF_022690345.1.fna,0.9748319999999999,0.7407407407407407,1
GCF_031631055.1.fna,GCF_022690375.1.fna,0.982815,0.8148148148148148,1
GCF_031631055.1.fna,GCF_022690385.1.fna,0.969666,0.7407407407407407,1
GCF_031631055.1.fna,GCF_022690425.1.fna,0.97724,0.7777777777777778,1
GCF_031631055.1.fna,GCF_025143205.1.fna,0.978735,0.7037037037037037,1
GCF_031631055.1.fna,GCF_025143445.1.fna,0.986869,0.7777777777777778,1
GCF_031631055.1.fna,GCF_025143615.1.fna,0.9876600000000001,0.7777777777777778,1
GCF_031631055.1.fna,GCF_029926865.1.fna,0.979991,0.7777777777777778,1
GCF_031631055.1.fna,GCF_029926905.1.fna,0.979991,0.7777777777777778,1
GCF_031631055.1.fna,GCF_029926915.1.fna,0.979991,0.7777777777777778,1
GCF_031631055.1.fna,GCF_031631055.1.fna,1.0,1.0,1
GCF_031631055.1.fna,GCF_031727055.1.fna,0.981309,0.8148148148148148,1
GCF_031631055.1.fna,GCF_031727075.1.fna,0.978323,0.7407407407407407,1
GCF_031631055.1.fna,GCF_031727235.1.fna,0.9858480000000001,0.7777777777777778,1
GCF_031631055.1.fna,GCF_031727255.1.fna,0.9539759999999999,0.7407407407407407,1
GCF_031631055.1.fna,GCF_031727275.1.fna,0.989584,0.7037037037037037,1
GCF_031631055.1.fna,GCF_031727355.1.fna,0.976981,0.7407407407407407,1
GCF_031631055.1.fna,GCF_031727455.1.fna,0.9752589999999999,0.6666666666666666,1
GCF_031631055.1.fna,GCF_031727535.1.fna,0.9910370000000001,0.7037037037037037,1
GCF_031631055.1.fna,GCF_031728075.1.fna,0.97724,0.7777777777777778,1
GCF_031631055.1.fna,GCF_031728095.1.fna,0.9799500000000001,0.8148148148148148,1
GCF_031631055.1.fna,GCF_031728115.1.fna,0.9785250000000001,0.7407407407407407,1
GCF_031631055.1.fna,GCF_031728155.1.fna,0.9757359999999999,0.7407407407407407,1
GCF_031631055.1.fna,GCF_031728235.1.fna,0.977639,0.7777777777777778,1
GCF_031631055.1.fna,GCF_031728275.1.fna,0.989703,0.7777777777777778,1
GCF_031631055.1.fna,GCF_031728295.1.fna,0.971047,0.8518518518518519,1
GCF_031631055.1.fna,GCF_031728315.1.fna,0.96634,0.8148148148148148,1
GCF_031631055.1.fna,GCF_031728335.1.fna,0.972616,0.8148148148148148,1
GCF_031631055.1.fna,GCF_031728415.1.fna,0.9764459999999999,0.8148148148148148,1
GCF_031631055.1.fna,GCF_031728455.1.fna,0.989327,0.7407407407407407,1
GCF_031631055.1.fna,GCF_031728475.1.fna,0.9768810000000001,0.7407407407407407,1
GCF_031631055.1.fna,GCF_031728495.1.fna,0.986409,0.7777777777777778,1
GCF_031631055.1.fna,GCF_031728515.1.fna,0.941763,0.7777777777777778,1
GCF_031631055.1.fna,GCF_031728555.1.fna,0.9717610000000001,0.8148148148148148,1
GCF_031631055.1.fna,GCF_031728675.1.fna,0.989966,0.7407407407407407,1
GCF_031631055.1.fna,GCF_031728695.1.fna,0.988071,0.7777777777777778,1
GCF_031631055.1.fna,GCF_031728715.1.fna,0.9900289999999999,0.7407407407407407,1
GCF_031631055.1.fna,GCF_031728735.1.fna,0.971032,0.8148148148148148,1
GCF_031631055.1.fna,GCF_031728745.1.fna,0.969719,0.8148148148148148,1
GCF_031631055.1.fna,GCF_031728795.1.fna,0.988495,0.7777777777777778,1
GCF_031631055.1.fna,GCF_031728835.1.fna,0.9777370000000001,0.7407407407407407,1
GCF_031631055.1.fna,GCF_031728895.1.fna,0.982183,0.8148148148148148,1
GCF_031631055.1.fna,GCF_031729015.1.fna,0.9901800000000001,0.7037037037037037,1
GCF_031631055.1.fna,GCF_036419895.1.fna,0.9901300000000001,0.7407407407407407,1
GCF_031631055.1.fna,GCF_036420075.1.fna,0.964885,0.7037037037037037,1
GCF_031631055.1.fna,GCF_037694985.1.fna,0.9677060000000001,0.8148148148148148,1
GCF_031631055.1.fna,GCF_037695175.1.fna,0.99012,0.7037037037037037,1
GCF_031631055.1.fna,GCF_037700135.1.fna,0.978793,0.7407407407407407,1
GCF_031631055.1.fna,GCF_037700155.1.fna,0.9775849999999999,0.7777777777777778,1
GCF_031631055.1.fna,GCF_037700295.1.fna,0.9716889999999999,0.7407407407407407,1
GCF_031631055.1.fna,GCF_037700315.1.fna,0.9812690000000001,0.7777777777777778,1
GCF_031631055.1.fna,GCF_037700375.1.fna,0.972329,0.8518518518518519,1
GCF_031631055.1.fna,GCF_037700455.1.fna,0.97248,0.8518518518518519,1
GCF_031631055.1.fna,GCF_040947025.1.fna,0.968065,0.8148148148148148,1
GCF_031631055.1.fna,GCF_040947065.1.fna,0.98119,0.8148148148148148,1
GCF_031631055.1.fna,GCF_040947125.1.fna,0.981573,0.8148148148148148,1
GCF_031631055.1.fna,GCF_040947205.1.fna,0.964256,0.7777777777777778,1
GCF_031631055.1.fna,GCF_040947225.1.fna,0.9880540000000001,0.7407407407407407,1
GCF_031631055.1.fna,GCF_040947605.1.fna,0.9706959999999999,0.7777777777777778,1
GCF_031631055.1.fna,GCF_040947645.1.fna,0.9706959999999999,0.7777777777777778,1
GCF_031631055.1.fna,GCF_047653515.1.fna,0.980257,0.7407407407407407,1
GCF_031631055.1.fna,GCF_047653525.1.fna,0.9681799999999999,0.7777777777777778,1
GCF_031631055.1.fna,GCF_052950835.1.fna,0.9951049999999999,0.7407407407407407,1
GCF_031631055.1.fna,GCF_900458635.1.fna,0.983834,0.7777777777777778,1
GCF_031631055.1.fna,GCF_964211265.1.fna,0.987045,0.7777777777777778,1
GCF_031727055.1.fna,GCF_000269685.1.fna,0.972307,0.7857142857142857,1
GCF_031727055.1.fna,GCF_002901845.1.fna,0.990826,0.75,1
GCF_031727055.1.fna,GCF_013267575.1.fna,0.991541,0.7142857142857143,1
GCF_031727055.1.fna,GCF_015274535.1.fna,0.9743729999999999,0.7142857142857143,1
GCF_031727055.1.fna,GCF_015274585.1.fna,0.9743729999999999,0.7142857142857143,1
GCF_031727055.1.fna,GCF_015274655.1.fna,0.9743729999999999,0.7142857142857143,1
GCF_031727055.1.fna,GCF_015274675.1.fna,0.974093,0.7857142857142857,1
GCF_031727055.1.fna,GCF_017315625.1.fna,0.976928,0.75,1
GCF_031727055.1.fna,GCF_017315645.1.fna,0.9743259999999999,0.7857142857142857,1
GCF_031727055.1.fna,GCF_022689565.1.fna,0.9753839999999999,0.7142857142857143,1
GCF_031727055.1.fna,GCF_022689575.1.fna,0.990952,0.7857142857142857,1
GCF_031727055.1.fna,GCF_022689615.1.fna,0.973193,0.75,1
GCF_031727055.1.fna,GCF_022689645.1.fna,0.994242,0.75,1
GCF_031727055.1.fna,GCF_022689665.1.fna,0.990766,0.7857142857142857,1
GCF_031727055.1.fna,GCF_022689675.1.fna,0.9749110000000001,0.75,1
GCF_031727055.1.fna,GCF_022689705.1.fna,0.9964740000000001,0.7142857142857143,1
GCF_031727055.1.fna,GCF_022689725.1.fna,0.991264,0.7857142857142857,1
GCF_031727055.1.fna,GCF_022689745.1.fna,0.9738,0.7857142857142857,1
GCF_031727055.1.fna,GCF_022689765.1.fna,0.974854,0.75,1
GCF_031727055.1.fna,GCF_022689775.1.fna,0.983474,0.7857142857142857,1
GCF_031727055.1.fna,GCF_022689785.1.fna,0.989617,0.75,1
GCF_031727055.1.fna,GCF_022689825.1.fna,0.973754,0.7857142857142857,1
GCF_031727055.1.fna,GCF_022689845.1.fna,0.9708450000000001,0.7857142857142857,1
GCF_031727055.1.fna,GCF_022689855.1.fna,0.9910840000000001,0.8214285714285714,1
GCF_031727055.1.fna,GCF_022689905.1.fna,0.9716809999999999,0.8214285714285714,1
GCF_031727055.1.fna,GCF_022689925.1.fna,0.964843,0.7857142857142857,1
GCF_031727055.1.fna,GCF_022689945.1.fna,0.9672799999999999,0.6785714285714286,1
GCF_031727055.1.fna,GCF_022689965.1.fna,0.973167,0.8214285714285714,1
GCF_031727055.1.fna,GCF_022689975.1.fna,0.974174,0.75,1
GCF_031727055.1.fna,GCF_022690005.1.fna,0.988714,0.75,1
GCF_031727055.1.fna,GCF_022690025.1.fna,0.991155,0.8214285714285714,1
GCF_031727055.1.fna,GCF_022690045.1.fna,0.988714,0.75,1
GCF_031727055.1.fna,GCF_022690065.1.fna,0.970784,0.8214285714285714,1
GCF_031727055.1.fna,GCF_022690085.1.fna,0.975482,0.75,1
GCF_031727055.1.fna,GCF_022690105.1.fna,0.9740139999999999,0.75,1
GCF_031727055.1.fna,GCF_022690115.1.fna,0.973955,0.75,1
GCF_031727055.1.fna,GCF_022690145.1.fna,0.970784,0.8214285714285714,1
GCF_031727055.1.fna,GCF_022690165.1.fna,0.971229,0.8214285714285714,1
GCF_031727055.1.fna,GCF_022690185.1.fna,0.987209,0.7857142857142857,1
GCF_031727055.1.fna,GCF_022690205.1.fna,0.986634,0.7857142857142857,1
GCF_031727055.1.fna,GCF_022690225.1.fna,0.989685,0.7142857142857143,1
GCF_031727055.1.fna,GCF_022690245.1.fna,0.973977,0.75,1
GCF_031727055.1.fna,GCF_022690265.1.fna,0.9722660000000001,0.7857142857142857,1
GCF_031727055.1.fna,GCF_022690275.1.fna,0.973507,0.7142857142857143,1
GCF_031727055.1.fna,GCF_022690295.1.fna,0.963318,0.75,1
GCF_031727055.1.fna,GCF_022690325.1.fna,0.990826,0.75,1
GCF_031727055.1.fna,GCF_022690345.1.fna,0.974491,0.7857142857142857,1
GCF_031727055.1.fna,GCF_022690375.1.fna,0.989803,0.75,1
GCF_031727055.1.fna,GCF_022690385.1.fna,0.973345,0.75,1
GCF_031727055.1.fna,GCF_022690425.1.fna,0.973483,0.7857142857142857,1
GCF_031727055.1.fna,GCF_025143205.1.fna,0.974445,0.75,1
GCF_031727055.1.fna,GCF_025143445.1.fna,0.988691,0.7857142857142857,1
GCF_031727055.1.fna,GCF_025143615.1.fna,0.989173,0.7857142857142857,1
GCF_031727055.1.fna,GCF_029926865.1.fna,0.969302,0.7857142857142857,1
GCF_031727055.1.fna,GCF_029926905.1.fna,0.969302,0.7857142857142857,1
GCF_031727055.1.fna,GCF_029926915.1.fna,0.969302,0.7857142857142857,1
GCF_031727055.1.fna,GCF_031631055.1.fna,0.984803,0.75,1
GCF_031727055.1.fna,GCF_031727055.1.fna,1.0,0.9285714285714286,1
GCF_031727055.1.fna,GCF_031727075.1.fna,0.9749110000000001,0.75,1
GCF_031727055.1.fna,GCF_031727235.1.fna,0.991449,0.8214285714285714,1
GCF_031727055.1.fna,GCF_031727255.1.fna,0.963318,0.75,1
GCF_031727055.1.fna,GCF_031727275.1.fna,0.989974,0.7142857142857143,1
GCF_031727055.1.fna,GCF_031727355.1.fna,0.9741759999999999,0.75,1
GCF_031727055.1.fna,GCF_031727455.1.fna,0.9766589999999999,0.7142857142857143,1
GCF_031727055.1.fna,GCF_031727535.1.fna,0.991619,0.7857142857142857,1
GCF_031727055.1.fna,GCF_031728075.1.fna,0.973483,0.7857142857142857,1
GCF_031727055.1.fna,GCF_031728095.1.fna,0.9832550000000001,0.7857142857142857,1
GCF_031727055.1.fna,GCF_031728115.1.fna,0.9739369999999999,0.7857142857142857,1
GCF_031727055.1.fna,GCF_031728155.1.fna,0.976754,0.75,1
GCF_031727055.1.fna,GCF_031728235.1.fna,0.966322,0.8214285714285714,1
GCF_031727055.1.fna,GCF_031728275.1.fna,0.992327,0.7142857142857143,1
GCF_031727055.1.fna,GCF_031728295.1.fna,0.974374,0.7857142857142857,1
GCF_031727055.1.fna,GCF_031728315.1.fna,0.972302,0.8214285714285714,1
GCF_031727055.1.fna,GCF_031728335.1.fna,0.961305,0.8571428571428571,1
GCF_031727055.1.fna,GCF_031728415.1.fna,0.986453,0.7857142857142857,1
GCF_031727055.1.fna,GCF_031728455.1.fna,0.989175,0.75,1
GCF_031727055.1.fna,GCF_031728475.1.fna,0.97563,0.75,1
GCF_031727055.1.fna,GCF_031728495.1.fna,0.990401,0.7857142857142857,1
GCF_031727055.1.fna,GCF_031728515.1.fna,0.965846,0.7142857142857143,1
GCF_031727055.1.fna,GCF_031728555.1.fna,0.965093,0.8571428571428571,1
GCF_031727055.1.fna,GCF_031728675.1.fna,0.9911,0.75,1
GCF_031727055.1.fna,GCF_031728695.1.fna,0.990158,0.75,1
GCF_031727055.1.fna,GCF_031728715.1.fna,0.990077,0.75,1
GCF_031727055.1.fna,GCF_031728735.1.fna,0.966653,0.8571428571428571,1
GCF_031727055.1.fna,GCF_031728745.1.fna,0.9714919999999999,0.7857142857142857,1
GCF_031727055.1.fna,GCF_031728795.1.fna,0.990314,0.75,1
GCF_031727055.1.fna,GCF_031728835.1.fna,0.973112,0.7857142857142857,1
GCF_031727055.1.fna,GCF_031728895.1.fna,0.985369,0.7857142857142857,1
GCF_031727055.1.fna,GCF_031729015.1.fna,0.990245,0.7142857142857143,1
GCF_031727055.1.fna,GCF_036419895.1.fna,0.9901779999999999,0.75,1
GCF_031727055.1.fna,GCF_036420075.1.fna,0.9672799999999999,0.6785714285714286,1
GCF_031727055.1.fna,GCF_037694985.1.fna,0.971468,0.8214285714285714,1
GCF_031727055.1.fna,GCF_037695175.1.fna,0.9941639999999999,0.7142857142857143,1
GCF_031727055.1.fna,GCF_037700135.1.fna,0.9725790000000001,0.7857142857142857,1
GCF_031727055.1.fna,GCF_037700155.1.fna,0.9758920000000001,0.75,1
GCF_031727055.1.fna,GCF_037700295.1.fna,0.9743170000000001,0.75,1
GCF_031727055.1.fna,GCF_037700315.1.fna,0.982783,0.7857142857142857,1
GCF_031727055.1.fna,GCF_037700375.1.fna,0.99045,0.7857142857142857,1
GCF_031727055.1.fna,GCF_037700455.1.fna,0.9911279999999999,0.7857142857142857,1
GCF_031727055.1.fna,GCF_040947025.1.fna,0.975357,0.7857142857142857,1
GCF_031727055.1.fna,GCF_040947065.1.fna,0.982595,0.75,1
GCF_031727055.1.fna,GCF_040947125.1.fna,0.9923609999999999,0.7857142857142857,1
GCF_031727055.1.fna,GCF_040947205.1.fna,0.9688509999999999,0.75,1
GCF_031727055.1.fna,GCF_040947225.1.fna,0.9884139999999999,0.7142857142857143,1
GCF_031727055.1.fna,GCF_040947605.1.fna,0.974105,0.7142857142857143,1
GCF_031727055.1.fna,GCF_040947645.1.fna,0.974105,0.7142857142857143,1
GCF_031727055.1.fna,GCF_047653515.1.fna,0.975938,0.75,1
GCF_031727055.1.fna,GCF_047653525.1.fna,0.973891,0.7857142857142857,1
GCF_031727055.1.fna,GCF_052950835.1.fna,0.987316,0.7142857142857143,1
GCF_031727055.1.fna,GCF_900458635.1.fna,0.984145,0.7857142857142857,1
GCF_031727055.1.fna,GCF_964211265.1.fna,0.9902150000000001,0.7857142857142857,1
GCF_031727075.1.fna,GCF_000269685.1.fna,0.99413,0.875,1
GCF_031727075.1.fna,GCF_002901845.1.fna,0.975478,0.8333333333333334,1
GCF_031727075.1.fna,GCF_013267575.1.fna,0.96366,0.875,1
GCF_031727075.1.fna,GCF_015274535.1.fna,0.995387,0.875,1
GCF_031727075.1.fna,GCF_015274585.1.fna,0.99607,0.8333333333333334,1
GCF_031727075.1.fna,GCF_015274655.1.fna,0.995364,0.875,1
GCF_031727075.1.fna,GCF_015274675.1.fna,0.993388,0.9583333333333334,1
GCF_031727075.1.fna,GCF_017315625.1.fna,0.993599,0.9583333333333334,1
GCF_031727075.1.fna,GCF_017315645.1.fna,0.99458,0.9583333333333334,1
GCF_031727075.1.fna,GCF_022689565.1.fna,0.9912479999999999,0.9166666666666666,1
GCF_031727075.1.fna,GCF_022689575.1.fna,0.975051,0.875,1
GCF_031727075.1.fna,GCF_022689615.1.fna,0.999946,0.9166666666666666,1
GCF_031727075.1.fna,GCF_022689645.1.fna,0.975745,0.8333333333333334,1
GCF_031727075.1.fna,GCF_022689665.1.fna,0.9746980000000001,0.875,1
GCF_031727075.1.fna,GCF_022689675.1.fna,0.9994689999999999,0.9583333333333334,1
GCF_031727075.1.fna,GCF_022689705.1.fna,0.975745,0.8333333333333334,1
GCF_031727075.1.fna,GCF_022689725.1.fna,0.975436,0.875,1
GCF_031727075.1.fna,GCF_022689745.1.fna,0.999661,0.9583333333333334,1
GCF_031727075.1.fna,GCF_022689765.1.fna,0.9938939999999999,0.9583333333333334,1
GCF_031727075.1.fna,GCF_022689775.1.fna,0.9710030000000001,0.875,1
GCF_031727075.1.fna,GCF_022689785.1.fna,0.974454,0.875,1
GCF_031727075.1.fna,GCF_022689825.1.fna,0.9924200000000001,0.9583333333333334,1
GCF_031727075.1.fna,GCF_022689845.1.fna,0.995895,0.9166666666666666,1
GCF_031727075.1.fna,GCF_022689855.1.fna,0.971403,0.9166666666666666,1
GCF_031727075.1.fna,GCF_022689905.1.fna,0.9922839999999999,0.9583333333333334,1
GCF_031727075.1.fna,GCF_022689925.1.fna,0.9686589999999999,0.8333333333333334,1
GCF_031727075.1.fna,GCF_022689945.1.fna,0.986019,0.875,1
GCF_031727075.1.fna,GCF_022689965.1.fna,0.9925539999999999,0.9583333333333334,1
GCF_031727075.1.fna,GCF_022689975.1.fna,0.995403,0.9166666666666666,1
GCF_031727075.1.fna,GCF_022690005.1.fna,0.976506,0.875,1
GCF_031727075.1.fna,GCF_022690025.1.fna,0.97098,0.9166666666666666,1
GCF_031727075.1.fna,GCF_022690045.1.fna,0.976506,0.875,1
GCF_031727075.1.fna,GCF_022690065.1.fna,0.995084,0.9166666666666666,1
GCF_031727075.1.fna,GCF_022690085.1.fna,0.967383,0.9166666666666666,1
GCF_031727075.1.fna,GCF_022690105.1.fna,0.996262,0.875,1
GCF_031727075.1.fna,GCF_022690115.1.fna,0.985795,0.875,1
GCF_031727075.1.fna,GCF_022690145.1.fna,0.9945010000000001,0.9166666666666666,1
GCF_031727075.1.fna,GCF_022690165.1.fna,0.996029,0.875,1
GCF_031727075.1.fna,GCF_022690185.1.fna,0.974416,0.875,1
GCF_031727075.1.fna,GCF_022690205.1.fna,0.97098,0.875,1
GCF_031727075.1.fna,GCF_022690225.1.fna,0.9727039999999999,0.875,1
GCF_031727075.1.fna,GCF_022690245.1.fna,0.9948659999999999,0.9166666666666666,1
GCF_031727075.1.fna,GCF_022690265.1.fna,0.995548,0.875,1
GCF_031727075.1.fna,GCF_022690275.1.fna,0.9964109999999999,0.875,1
GCF_031727075.1.fna,GCF_022690295.1.fna,0.984569,0.875,1
GCF_031727075.1.fna,GCF_022690325.1.fna,0.975434,0.875,1
GCF_031727075.1.fna,GCF_022690345.1.fna,0.98983,0.9583333333333334,1
GCF_031727075.1.fna,GCF_022690375.1.fna,0.97555,0.8333333333333334,1
GCF_031727075.1.fna,GCF_022690385.1.fna,0.99556,0.9166666666666666,1
GCF_031727075.1.fna,GCF_022690425.1.fna,0.994032,0.9166666666666666,1
GCF_031727075.1.fna,GCF_025143205.1.fna,0.996151,0.875,1
GCF_031727075.1.fna,GCF_025143445.1.fna,0.975256,0.8333333333333334,1
GCF_031727075.1.fna,GCF_025143615.1.fna,0.971774,0.9166666666666666,1
GCF_031727075.1.fna,GCF_029926865.1.fna,0.991627,0.9583333333333334,1
GCF_031727075.1.fna,GCF_029926905.1.fna,0.992221,0.9583333333333334,1
GCF_031727075.1.fna,GCF_029926915.1.fna,0.992221,0.9583333333333334,1
GCF_031727075.1.fna,GCF_031631055.1.fna,0.976621,0.8333333333333334,1
GCF_031727075.1.fna,GCF_031727055.1.fna,0.971456,0.9166666666666666,1
GCF_031727075.1.fna,GCF_031727075.1.fna,1.0,1.0,1
GCF_031727075.1.fna,GCF_031727235.1.fna,0.9718519999999999,0.9166666666666666,1
GCF_031727075.1.fna,GCF_031727255.1.fna,0.987908,0.875,1
GCF_031727075.1.fna,GCF_031727275.1.fna,0.975953,0.8333333333333334,1
GCF_031727075.1.fna,GCF_031727355.1.fna,0.994175,0.9166666666666666,1
GCF_031727075.1.fna,GCF_031727455.1.fna,0.9674429999999999,0.8333333333333334,1
GCF_031727075.1.fna,GCF_031727535.1.fna,0.9757429999999999,0.875,1
GCF_031727075.1.fna,GCF_031728075.1.fna,0.9935639999999999,0.9166666666666666,1
GCF_031727075.1.fna,GCF_031728095.1.fna,0.963678,0.9583333333333334,1
GCF_031727075.1.fna,GCF_031728115.1.fna,0.993862,0.9583333333333334,1
GCF_031727075.1.fna,GCF_031728155.1.fna,0.992429,0.9583333333333334,1
GCF_031727075.1.fna,GCF_031728235.1.fna,0.9959659999999999,0.9166666666666666,1
GCF_031727075.1.fna,GCF_031728275.1.fna,0.9759699999999999,0.875,1
GCF_031727075.1.fna,GCF_031728295.1.fna,0.9941150000000001,0.9583333333333334,1
GCF_031727075.1.fna,GCF_031728315.1.fna,0.995171,0.9166666666666666,1
GCF_031727075.1.fna,GCF_031728335.1.fna,0.993821,0.9166666666666666,1
GCF_031727075.1.fna,GCF_031728415.1.fna,0.9771299999999999,0.875,1
GCF_031727075.1.fna,GCF_031728455.1.fna,0.976807,0.875,1
GCF_031727075.1.fna,GCF_031728475.1.fna,0.993393,0.9583333333333334,1
GCF_031727075.1.fna,GCF_031728495.1.fna,0.972787,0.9166666666666666,1
GCF_031727075.1.fna,GCF_031728515.1.fna,0.981871,0.875,1
GCF_031727075.1.fna,GCF_031728555.1.fna,0.9934999999999999,0.9166666666666666,1
GCF_031727075.1.fna,GCF_031728675.1.fna,0.964615,0.9166666666666666,1
GCF_031727075.1.fna,GCF_031728695.1.fna,0.963296,0.9583333333333334,1
GCF_031727075.1.fna,GCF_031728715.1.fna,0.975073,0.875,1
GCF_031727075.1.fna,GCF_031728735.1.fna,0.990756,0.9583333333333334,1
GCF_031727075.1.fna,GCF_031728745.1.fna,0.98495,0.9166666666666666,1
GCF_031727075.1.fna,GCF_031728795.1.fna,0.9748600000000001,0.9166666666666666,1
GCF_031727075.1.fna,GCF_031728835.1.fna,0.99259,0.9166666666666666,1
GCF_031727075.1.fna,GCF_031728895.1.fna,0.972889,0.9166666666666666,1
GCF_031727075.1.fna,GCF_031729015.1.fna,0.97438,0.8333333333333334,1
GCF_031727075.1.fna,GCF_036419895.1.fna,0.9751420000000001,0.875,1
GCF_031727075.1.fna,GCF_036420075.1.fna,0.986019,0.875,1
GCF_031727075.1.fna,GCF_037694985.1.fna,0.9935620000000001,0.9166666666666666,1
GCF_031727075.1.fna,GCF_037695175.1.fna,0.9752620000000001,0.8333333333333334,1
GCF_031727075.1.fna,GCF_037700135.1.fna,0.995193,0.9583333333333334,1
GCF_031727075.1.fna,GCF_037700155.1.fna,0.9927389999999999,0.9583333333333334,1
GCF_031727075.1.fna,GCF_037700295.1.fna,0.989028,0.9166666666666666,1
GCF_031727075.1.fna,GCF_037700315.1.fna,0.974156,0.875,1
GCF_031727075.1.fna,GCF_037700375.1.fna,0.975048,0.875,1
GCF_031727075.1.fna,GCF_037700455.1.fna,0.9759730000000001,0.875,1
GCF_031727075.1.fna,GCF_040947025.1.fna,0.991193,0.9166666666666666,1
GCF_031727075.1.fna,GCF_040947065.1.fna,0.981072,0.8333333333333334,1
GCF_031727075.1.fna,GCF_040947125.1.fna,0.971772,0.875,1
GCF_031727075.1.fna,GCF_040947205.1.fna,0.99529,0.875,1
GCF_031727075.1.fna,GCF_040947225.1.fna,0.979183,0.875,1
GCF_031727075.1.fna,GCF_040947605.1.fna,0.996915,0.8333333333333334,1
GCF_031727075.1.fna,GCF_040947645.1.fna,0.996915,0.8333333333333334,1
GCF_031727075.1.fna,GCF_047653515.1.fna,0.993853,0.9583333333333334,1
GCF_031727075.1.fna,GCF_047653525.1.fna,0.986607,1.0,1
GCF_031727075.1.fna,GCF_052950835.1.fna,0.970175,0.8333333333333334,1
GCF_031727075.1.fna,GCF_900458635.1.fna,0.975478,0.8333333333333334,1
GCF_031727075.1.fna,GCF_964211265.1.fna,0.975014,0.9166666666666666,1
GCF_031727235.1.fna,GCF_000269685.1.fna,0.9749509999999999,0.88,1
GCF_031727235.1.fna,GCF_002901845.1.fna,0.994021,0.8,1
GCF_031727235.1.fna,GCF_013267575.1.fna,0.9944230000000001,0.8,1
GCF_031727235.1.fna,GCF_015274535.1.fna,0.974459,0.8,1
GCF_031727235.1.fna,GCF_015274585.1.fna,0.974459,0.8,1
GCF_031727235.1.fna,GCF_015274655.1.fna,0.974459,0.8,1
GCF_031727235.1.fna,GCF_015274675.1.fna,0.977081,0.88,1
GCF_031727235.1.fna,GCF_017315625.1.fna,0.977569,0.84,1
GCF_031727235.1.fna,GCF_017315645.1.fna,0.977573,0.84,1
GCF_031727235.1.fna,GCF_022689565.1.fna,0.9758159999999999,0.8,1
GCF_031727235.1.fna,GCF_022689575.1.fna,0.9911679999999999,0.88,1
GCF_031727235.1.fna,GCF_022689615.1.fna,0.973379,0.84,1
GCF_031727235.1.fna,GCF_022689645.1.fna,0.992403,0.84,1
GCF_031727235.1.fna,GCF_022689665.1.fna,0.9909789999999999,0.88,1
GCF_031727235.1.fna,GCF_022689675.1.fna,0.975193,0.84,1
GCF_031727235.1.fna,GCF_022689705.1.fna,0.9956480000000001,0.8,1
GCF_031727235.1.fna,GCF_022689725.1.fna,0.991534,0.88,1
GCF_031727235.1.fna,GCF_022689745.1.fna,0.974027,0.88,1
GCF_031727235.1.fna,GCF_022689765.1.fna,0.974974,0.84,1
GCF_031727235.1.fna,GCF_022689775.1.fna,0.992016,0.84,1
GCF_031727235.1.fna,GCF_022689785.1.fna,0.9925879999999999,0.84,1
GCF_031727235.1.fna,GCF_022689825.1.fna,0.974807,0.84,1
GCF_031727235.1.fna,GCF_022689845.1.fna,0.9723,0.84,1
GCF_031727235.1.fna,GCF_022689855.1.fna,0.999405,1.0,1
GCF_031727235.1.fna,GCF_022689905.1.fna,0.974448,0.88,1
GCF_031727235.1.fna,GCF_022689925.1.fna,0.9711310000000001,0.84,1
GCF_031727235.1.fna,GCF_022689945.1.fna,0.968077,0.8,1
GCF_031727235.1.fna,GCF_022689965.1.fna,0.9738559999999999,0.96,1
GCF_031727235.1.fna,GCF_022689975.1.fna,0.974422,0.84,1
GCF_031727235.1.fna,GCF_022690005.1.fna,0.9913339999999999,0.84,1
GCF_031727235.1.fna,GCF_022690025.1.fna,0.990243,0.92,1
GCF_031727235.1.fna,GCF_022690045.1.fna,0.9913339999999999,0.84,1
GCF_031727235.1.fna,GCF_022690065.1.fna,0.971927,0.88,1
GCF_031727235.1.fna,GCF_022690085.1.fna,0.973958,0.84,1
GCF_031727235.1.fna,GCF_022690105.1.fna,0.974525,0.84,1
GCF_031727235.1.fna,GCF_022690115.1.fna,0.973592,0.84,1
GCF_031727235.1.fna,GCF_022690145.1.fna,0.971927,0.88,1
GCF_031727235.1.fna,GCF_022690165.1.fna,0.97234,0.88,1
GCF_031727235.1.fna,GCF_022690185.1.fna,0.992522,0.84,1
GCF_031727235.1.fna,GCF_022690205.1.fna,0.990074,0.88,1
GCF_031727235.1.fna,GCF_022690225.1.fna,0.992419,0.8,1
GCF_031727235.1.fna,GCF_022690245.1.fna,0.9740819999999999,0.84,1
GCF_031727235.1.fna,GCF_022690265.1.fna,0.9719150000000001,0.88,1
GCF_031727235.1.fna,GCF_022690275.1.fna,0.973893,0.8,1
GCF_031727235.1.fna,GCF_022690295.1.fna,0.965364,0.8,1
GCF_031727235.1.fna,GCF_022690325.1.fna,0.992518,0.84,1
GCF_031727235.1.fna,GCF_022690345.1.fna,0.9737309999999999,0.88,1
GCF_031727235.1.fna,GCF_022690375.1.fna,0.9923690000000001,0.8,1
GCF_031727235.1.fna,GCF_022690385.1.fna,0.972405,0.84,1
GCF_031727235.1.fna,GCF_022690425.1.fna,0.973861,0.88,1
GCF_031727235.1.fna,GCF_025143205.1.fna,0.974786,0.84,1
GCF_031727235.1.fna,GCF_025143445.1.fna,0.9938049999999999,0.8,1
GCF_031727235.1.fna,GCF_025143615.1.fna,0.9921179999999999,0.88,1
GCF_031727235.1.fna,GCF_029926865.1.fna,0.9779300000000001,0.84,1
GCF_031727235.1.fna,GCF_029926905.1.fna,0.9779300000000001,0.84,1
GCF_031727235.1.fna,GCF_029926915.1.fna,0.9779300000000001,0.84,1
GCF_031727235.1.fna,GCF_031631055.1.fna,0.987628,0.8,1
GCF_031727235.1.fna,GCF_031727055.1.fna,0.991449,0.92,1
GCF_031727235.1.fna,GCF_031727075.1.fna,0.975193,0.84,1
GCF_031727235.1.fna,GCF_031727235.1.fna,1.0,1.0,1
GCF_031727235.1.fna,GCF_031727255.1.fna,0.965364,0.8,1
GCF_031727235.1.fna,GCF_031727275.1.fna,0.992399,0.8,1
GCF_031727235.1.fna,GCF_031727355.1.fna,0.9747199999999999,0.84,1
GCF_031727235.1.fna,GCF_031727455.1.fna,0.975034,0.8,1
GCF_031727235.1.fna,GCF_031727535.1.fna,0.991925,0.88,1
GCF_031727235.1.fna,GCF_031728075.1.fna,0.973861,0.88,1
GCF_031727235.1.fna,GCF_031728095.1.fna,0.9910909999999999,0.88,1
GCF_031727235.1.fna,GCF_031728115.1.fna,0.976428,0.84,1
GCF_031727235.1.fna,GCF_031728155.1.fna,0.977162,0.84,1
GCF_031727235.1.fna,GCF_031728235.1.fna,0.9740800000000001,0.88,1
GCF_031727235.1.fna,GCF_031728275.1.fna,0.995076,0.84,1
GCF_031727235.1.fna,GCF_031728295.1.fna,0.977356,0.84,1
GCF_031727235.1.fna,GCF_031728315.1.fna,0.9749760000000001,0.88,1
GCF_031727235.1.fna,GCF_031728335.1.fna,0.975004,0.84,1
GCF_031727235.1.fna,GCF_031728415.1.fna,0.993379,0.84,1
GCF_031727235.1.fna,GCF_031728455.1.fna,0.992918,0.84,1
GCF_031727235.1.fna,GCF_031728475.1.fna,0.976645,0.84,1
GCF_031727235.1.fna,GCF_031728495.1.fna,0.99208,0.88,1
GCF_031727235.1.fna,GCF_031728515.1.fna,0.966421,0.8,1
GCF_031727235.1.fna,GCF_031728555.1.fna,0.972529,0.88,1
GCF_031727235.1.fna,GCF_031728675.1.fna,0.994293,0.84,1
GCF_031727235.1.fna,GCF_031728695.1.fna,0.993479,0.84,1
GCF_031727235.1.fna,GCF_031728715.1.fna,0.993185,0.84,1
GCF_031727235.1.fna,GCF_031728735.1.fna,0.971327,0.88,1
GCF_031727235.1.fna,GCF_031728745.1.fna,0.975135,0.84,1
GCF_031727235.1.fna,GCF_031728795.1.fna,0.993202,0.84,1
GCF_031727235.1.fna,GCF_031728835.1.fna,0.9727020000000001,0.88,1
GCF_031727235.1.fna,GCF_031728895.1.fna,0.992456,0.88,1
GCF_031727235.1.fna,GCF_031729015.1.fna,0.993024,0.8,1
GCF_031727235.1.fna,GCF_036419895.1.fna,0.993298,0.84,1
GCF_031727235.1.fna,GCF_036420075.1.fna,0.968077,0.8,1
GCF_031727235.1.fna,GCF_037694985.1.fna,0.972162,0.88,1
GCF_031727235.1.fna,GCF_037695175.1.fna,0.994834,0.8,1
GCF_031727235.1.fna,GCF_037700135.1.fna,0.972253,0.88,1
GCF_031727235.1.fna,GCF_037700155.1.fna,0.976772,0.84,1
GCF_031727235.1.fna,GCF_037700295.1.fna,0.974488,0.84,1
GCF_031727235.1.fna,GCF_037700315.1.fna,0.992281,0.84,1
GCF_031727235.1.fna,GCF_037700375.1.fna,0.9928830000000001,0.84,1
GCF_031727235.1.fna,GCF_037700455.1.fna,0.993652,0.84,1
GCF_031727235.1.fna,GCF_040947025.1.fna,0.97783,0.88,1
GCF_031727235.1.fna,GCF_040947065.1.fna,0.987724,0.8,1
GCF_031727235.1.fna,GCF_040947125.1.fna,0.993754,0.84,1
GCF_031727235.1.fna,GCF_040947205.1.fna,0.973951,0.8,1
GCF_031727235.1.fna,GCF_040947225.1.fna,0.9911329999999999,0.84,1
GCF_031727235.1.fna,GCF_040947605.1.fna,0.974185,0.8,1
GCF_031727235.1.fna,GCF_040947645.1.fna,0.974185,0.8,1
GCF_031727235.1.fna,GCF_047653515.1.fna,0.976891,0.84,1
GCF_031727235.1.fna,GCF_047653525.1.fna,0.974631,0.88,1
GCF_031727235.1.fna,GCF_052950835.1.fna,0.988282,0.8,1
GCF_031727235.1.fna,GCF_900458635.1.fna,0.994021,0.8,1
GCF_031727235.1.fna,GCF_964211265.1.fna,0.990617,0.88,1
GCF_031727255.1.fna,GCF_000269685.1.fna,0.966402,0.7931034482758621,1
GCF_031727255.1.fna,GCF_002901845.1.fna,0.951855,0.7241379310344828,1
GCF_031727255.1.fna,GCF_013267575.1.fna,0.9552670000000001,0.6896551724137931,1
GCF_031727255.1.fna,GCF_015274535.1.fna,0.992516,0.6206896551724138,1
GCF_031727255.1.fna,GCF_015274585.1.fna,0.992516,0.6206896551724138,1
GCF_031727255.1.fna,GCF_015274655.1.fna,0.992516,0.6206896551724138,1
GCF_031727255.1.fna,GCF_015274675.1.fna,0.968034,0.7586206896551724,1
GCF_031727255.1.fna,GCF_017315625.1.fna,0.9795189999999999,0.6896551724137931,1
GCF_031727255.1.fna,GCF_017315645.1.fna,0.971434,0.7586206896551724,1
GCF_031727255.1.fna,GCF_022689565.1.fna,0.9749890000000001,0.7241379310344828,1
GCF_031727255.1.fna,GCF_022689575.1.fna,0.959391,0.7241379310344828,1
GCF_031727255.1.fna,GCF_022689615.1.fna,0.993271,0.6551724137931034,1
GCF_031727255.1.fna,GCF_022689645.1.fna,0.956348,0.7241379310344828,1
GCF_031727255.1.fna,GCF_022689665.1.fna,0.959391,0.7241379310344828,1
GCF_031727255.1.fna,GCF_022689675.1.fna,0.993271,0.6551724137931034,1
GCF_031727255.1.fna,GCF_022689705.1.fna,0.957128,0.6896551724137931,1
GCF_031727255.1.fna,GCF_022689725.1.fna,0.959391,0.7241379310344828,1
GCF_031727255.1.fna,GCF_022689745.1.fna,0.993271,0.6551724137931034,1
GCF_031727255.1.fna,GCF_022689765.1.fna,0.98804,0.6896551724137931,1
GCF_031727255.1.fna,GCF_022689775.1.fna,0.9662909999999999,0.6551724137931034,1
GCF_031727255.1.fna,GCF_022689785.1.fna,0.966345,0.6551724137931034,1
GCF_031727255.1.fna,GCF_022689825.1.fna,0.988039,0.6896551724137931,1
GCF_031727255.1.fna,GCF_022689845.1.fna,0.976472,0.7586206896551724,1
GCF_031727255.1.fna,GCF_022689855.1.fna,0.965314,0.6896551724137931,1
GCF_031727255.1.fna,GCF_022689905.1.fna,0.9852989999999999,0.7241379310344828,1
GCF_031727255.1.fna,GCF_022689925.1.fna,0.958021,0.7241379310344828,1
GCF_031727255.1.fna,GCF_022689945.1.fna,0.9992,0.7241379310344828,1
GCF_031727255.1.fna,GCF_022689965.1.fna,0.970718,0.7931034482758621,1
GCF_031727255.1.fna,GCF_022689975.1.fna,0.988039,0.6896551724137931,1
GCF_031727255.1.fna,GCF_022690005.1.fna,0.957533,0.6896551724137931,1
GCF_031727255.1.fna,GCF_022690025.1.fna,0.964071,0.7241379310344828,1
GCF_031727255.1.fna,GCF_022690045.1.fna,0.957533,0.6896551724137931,1
GCF_031727255.1.fna,GCF_022690065.1.fna,0.9872960000000001,0.6896551724137931,1
GCF_031727255.1.fna,GCF_022690085.1.fna,0.952264,0.7241379310344828,1
GCF_031727255.1.fna,GCF_022690105.1.fna,0.9841,0.6551724137931034,1
GCF_031727255.1.fna,GCF_022690115.1.fna,0.979684,0.6896551724137931,1
GCF_031727255.1.fna,GCF_022690145.1.fna,0.9872960000000001,0.6896551724137931,1
GCF_031727255.1.fna,GCF_022690165.1.fna,0.9872960000000001,0.6896551724137931,1
GCF_031727255.1.fna,GCF_022690185.1.fna,0.958548,0.6896551724137931,1
GCF_031727255.1.fna,GCF_022690205.1.fna,0.9645,0.6896551724137931,1
GCF_031727255.1.fna,GCF_022690225.1.fna,0.969567,0.6551724137931034,1
GCF_031727255.1.fna,GCF_022690245.1.fna,0.9928530000000001,0.6206896551724138,1
GCF_031727255.1.fna,GCF_022690265.1.fna,0.991265,0.6551724137931034,1
GCF_031727255.1.fna,GCF_022690275.1.fna,0.984993,0.6896551724137931,1
GCF_031727255.1.fna,GCF_022690295.1.fna,1.0,0.9655172413793104,1
GCF_031727255.1.fna,GCF_022690325.1.fna,0.949815,0.7241379310344828,1
GCF_031727255.1.fna,GCF_022690345.1.fna,0.976353,0.7241379310344828,1
GCF_031727255.1.fna,GCF_022690375.1.fna,0.948129,0.7586206896551724,1
GCF_031727255.1.fna,GCF_022690385.1.fna,0.990069,0.6896551724137931,1
GCF_031727255.1.fna,GCF_022690425.1.fna,0.9835290000000001,0.6896551724137931,1
GCF_031727255.1.fna,GCF_025143205.1.fna,0.993499,0.6206896551724138,1
GCF_031727255.1.fna,GCF_025143445.1.fna,0.9592310000000001,0.7241379310344828,1
GCF_031727255.1.fna,GCF_025143615.1.fna,0.9663689999999999,0.6551724137931034,1
GCF_031727255.1.fna,GCF_029926865.1.fna,0.968435,0.7586206896551724,1
GCF_031727255.1.fna,GCF_029926905.1.fna,0.968435,0.7586206896551724,1
GCF_031727255.1.fna,GCF_029926915.1.fna,0.968435,0.7586206896551724,1
GCF_031727255.1.fna,GCF_031631055.1.fna,0.960907,0.6551724137931034,1
GCF_031727255.1.fna,GCF_031727055.1.fna,0.9477410000000001,0.7931034482758621,1
GCF_031727255.1.fna,GCF_031727075.1.fna,0.993505,0.6896551724137931,1
GCF_031727255.1.fna,GCF_031727235.1.fna,0.965314,0.6896551724137931,1
GCF_031727255.1.fna,GCF_031727255.1.fna,1.0,1.0,1
GCF_031727255.1.fna,GCF_031727275.1.fna,0.9638760000000001,0.6896551724137931,1
GCF_031727255.1.fna,GCF_031727355.1.fna,0.9749890000000001,0.7241379310344828,1
GCF_031727255.1.fna,GCF_031727455.1.fna,0.941959,0.7241379310344828,1
GCF_031727255.1.fna,GCF_031727535.1.fna,0.9676560000000001,0.6896551724137931,1
GCF_031727255.1.fna,GCF_031728075.1.fna,0.9835290000000001,0.6896551724137931,1
GCF_031727255.1.fna,GCF_031728095.1.fna,0.965651,0.6551724137931034,1
GCF_031727255.1.fna,GCF_031728115.1.fna,0.992279,0.6551724137931034,1
GCF_031727255.1.fna,GCF_031728155.1.fna,0.977842,0.7241379310344828,1
GCF_031727255.1.fna,GCF_031728235.1.fna,0.978386,0.6896551724137931,1
GCF_031727255.1.fna,GCF_031728275.1.fna,0.9572759999999999,0.6896551724137931,1
GCF_031727255.1.fna,GCF_031728295.1.fna,0.982243,0.7241379310344828,1
GCF_031727255.1.fna,GCF_031728315.1.fna,0.9852989999999999,0.7241379310344828,1
GCF_031727255.1.fna,GCF_031728335.1.fna,0.98047,0.6896551724137931,1
GCF_031727255.1.fna,GCF_031728415.1.fna,0.958682,0.7241379310344828,1
GCF_031727255.1.fna,GCF_031728455.1.fna,0.96839,0.6551724137931034,1
GCF_031727255.1.fna,GCF_031728475.1.fna,0.979097,0.6896551724137931,1
GCF_031727255.1.fna,GCF_031728495.1.fna,0.966269,0.6896551724137931,1
GCF_031727255.1.fna,GCF_031728515.1.fna,0.9928100000000001,0.8620689655172413,1
GCF_031727255.1.fna,GCF_031728555.1.fna,0.9872960000000001,0.6896551724137931,1
GCF_031727255.1.fna,GCF_031728675.1.fna,0.955208,0.6896551724137931,1
GCF_031727255.1.fna,GCF_031728695.1.fna,0.954463,0.6896551724137931,1
GCF_031727255.1.fna,GCF_031728715.1.fna,0.966196,0.6551724137931034,1
GCF_031727255.1.fna,GCF_031728735.1.fna,0.972053,0.7931034482758621,1
GCF_031727255.1.fna,GCF_031728745.1.fna,0.988594,0.6551724137931034,1
GCF_031727255.1.fna,GCF_031728795.1.fna,0.955751,0.6896551724137931,1
GCF_031727255.1.fna,GCF_031728835.1.fna,0.991208,0.6551724137931034,1
GCF_031727255.1.fna,GCF_031728895.1.fna,0.959663,0.6896551724137931,1
GCF_031727255.1.fna,GCF_031729015.1.fna,0.962492,0.6896551724137931,1
GCF_031727255.1.fna,GCF_036419895.1.fna,0.9624710000000001,0.6896551724137931,1
GCF_031727255.1.fna,GCF_036420075.1.fna,0.995909,0.7586206896551724,1
GCF_031727255.1.fna,GCF_037694985.1.fna,0.9819929999999999,0.7586206896551724,1
GCF_031727255.1.fna,GCF_037695175.1.fna,0.9662120000000001,0.6896551724137931,1
GCF_031727255.1.fna,GCF_037700135.1.fna,0.99118,0.6896551724137931,1
GCF_031727255.1.fna,GCF_037700155.1.fna,0.986896,0.6896551724137931,1
GCF_031727255.1.fna,GCF_037700295.1.fna,0.992821,0.6551724137931034,1
GCF_031727255.1.fna,GCF_037700315.1.fna,0.966545,0.6551724137931034,1
GCF_031727255.1.fna,GCF_037700375.1.fna,0.959819,0.7241379310344828,1
GCF_031727255.1.fna,GCF_037700455.1.fna,0.959819,0.7241379310344828,1
GCF_031727255.1.fna,GCF_040947025.1.fna,0.9729800000000001,0.7586206896551724,1
GCF_031727255.1.fna,GCF_040947065.1.fna,0.956475,0.7241379310344828,1
GCF_031727255.1.fna,GCF_040947125.1.fna,0.960172,0.7241379310344828,1
GCF_031727255.1.fna,GCF_040947205.1.fna,0.981789,0.6896551724137931,1
GCF_031727255.1.fna,GCF_040947225.1.fna,0.959257,0.6896551724137931,1
GCF_031727255.1.fna,GCF_040947605.1.fna,0.9940869999999999,0.6206896551724138,1
GCF_031727255.1.fna,GCF_040947645.1.fna,0.9940869999999999,0.6206896551724138,1
GCF_031727255.1.fna,GCF_047653515.1.fna,0.978905,0.7241379310344828,1
GCF_031727255.1.fna,GCF_047653525.1.fna,0.987089,0.6896551724137931,1
GCF_031727255.1.fna,GCF_052950835.1.fna,0.975756,0.6206896551724138,1
GCF_031727255.1.fna,GCF_900458635.1.fna,0.951855,0.7241379310344828,1
GCF_031727255.1.fna,GCF_964211265.1.fna,0.969146,0.6551724137931034,1
GCF_031727275.1.fna,GCF_000269685.1.fna,0.968443,0.9545454545454546,1
GCF_031727275.1.fna,GCF_002901845.1.fna,0.981944,0.9090909090909091,1
GCF_031727275.1.fna,GCF_013267575.1.fna,0.9924630000000001,0.9090909090909091,1
GCF_031727275.1.fna,GCF_015274535.1.fna,0.97607,0.9090909090909091,1
GCF_031727275.1.fna,GCF_015274585.1.fna,0.97607,0.9090909090909091,1
GCF_031727275.1.fna,GCF_015274655.1.fna,0.97607,0.9090909090909091,1
GCF_031727275.1.fna,GCF_015274675.1.fna,0.9685739999999999,0.9545454545454546,1
GCF_031727275.1.fna,GCF_017315625.1.fna,0.9703010000000001,0.9545454545454546,1
GCF_031727275.1.fna,GCF_017315645.1.fna,0.977056,0.9090909090909091,1
GCF_031727275.1.fna,GCF_022689565.1.fna,0.97268,0.9090909090909091,1
GCF_031727275.1.fna,GCF_022689575.1.fna,0.988631,0.9545454545454546,1
GCF_031727275.1.fna,GCF_022689615.1.fna,0.976183,0.9090909090909091,1
GCF_031727275.1.fna,GCF_022689645.1.fna,0.9845529999999999,0.9090909090909091,1
GCF_031727275.1.fna,GCF_022689665.1.fna,0.98854,0.9545454545454546,1
GCF_031727275.1.fna,GCF_022689675.1.fna,0.976183,0.9090909090909091,1
GCF_031727275.1.fna,GCF_022689705.1.fna,0.9921760000000001,0.9090909090909091,1
GCF_031727275.1.fna,GCF_022689725.1.fna,0.98867,0.9545454545454546,1
GCF_031727275.1.fna,GCF_022689745.1.fna,0.9762109999999999,0.9090909090909091,1
GCF_031727275.1.fna,GCF_022689765.1.fna,0.9715170000000001,0.9545454545454546,1
GCF_031727275.1.fna,GCF_022689775.1.fna,0.985573,0.9090909090909091,1
GCF_031727275.1.fna,GCF_022689785.1.fna,0.993274,0.9090909090909091,1
GCF_031727275.1.fna,GCF_022689825.1.fna,0.9715170000000001,0.9545454545454546,1
GCF_031727275.1.fna,GCF_022689845.1.fna,0.975496,0.8636363636363636,1
GCF_031727275.1.fna,GCF_022689855.1.fna,0.992971,0.9090909090909091,1
GCF_031727275.1.fna,GCF_022689905.1.fna,0.97681,0.9090909090909091,1
GCF_031727275.1.fna,GCF_022689925.1.fna,0.9729439999999999,0.8636363636363636,1
GCF_031727275.1.fna,GCF_022689945.1.fna,0.968137,0.8636363636363636,1
GCF_031727275.1.fna,GCF_022689965.1.fna,0.9772799999999999,0.9090909090909091,1
GCF_031727275.1.fna,GCF_022689975.1.fna,0.9714919999999999,0.9545454545454546,1
GCF_031727275.1.fna,GCF_022690005.1.fna,0.9973489999999999,0.9090909090909091,1
GCF_031727275.1.fna,GCF_022690025.1.fna,0.994185,0.9545454545454546,1
GCF_031727275.1.fna,GCF_022690045.1.fna,0.9973489999999999,0.9090909090909091,1
GCF_031727275.1.fna,GCF_022690065.1.fna,0.976016,0.9090909090909091,1
GCF_031727275.1.fna,GCF_022690085.1.fna,0.972175,0.9090909090909091,1
GCF_031727275.1.fna,GCF_022690105.1.fna,0.967873,0.9545454545454546,1
GCF_031727275.1.fna,GCF_022690115.1.fna,0.9722620000000001,0.9545454545454546,1
GCF_031727275.1.fna,GCF_022690145.1.fna,0.976016,0.9090909090909091,1
GCF_031727275.1.fna,GCF_022690165.1.fna,0.9760559999999999,0.9090909090909091,1
GCF_031727275.1.fna,GCF_022690185.1.fna,0.993331,0.9090909090909091,1
GCF_031727275.1.fna,GCF_022690205.1.fna,0.9825579999999999,0.9090909090909091,1
GCF_031727275.1.fna,GCF_022690225.1.fna,0.9934499999999999,0.9090909090909091,1
GCF_031727275.1.fna,GCF_022690245.1.fna,0.9754349999999999,0.9090909090909091,1
GCF_031727275.1.fna,GCF_022690265.1.fna,0.976005,0.9090909090909091,1
GCF_031727275.1.fna,GCF_022690275.1.fna,0.965351,0.9545454545454546,1
GCF_031727275.1.fna,GCF_022690295.1.fna,0.96375,0.9090909090909091,1
GCF_031727275.1.fna,GCF_022690325.1.fna,0.986939,0.9545454545454546,1
GCF_031727275.1.fna,GCF_022690345.1.fna,0.9656950000000001,0.9545454545454546,1
GCF_031727275.1.fna,GCF_022690375.1.fna,0.992894,0.9090909090909091,1
GCF_031727275.1.fna,GCF_022690385.1.fna,0.9761700000000001,0.9090909090909091,1
GCF_031727275.1.fna,GCF_022690425.1.fna,0.9753430000000001,0.9090909090909091,1
GCF_031727275.1.fna,GCF_025143205.1.fna,0.9758669999999999,0.9090909090909091,1
GCF_031727275.1.fna,GCF_025143445.1.fna,0.994435,0.9090909090909091,1
GCF_031727275.1.fna,GCF_025143615.1.fna,0.993553,0.9090909090909091,1
GCF_031727275.1.fna,GCF_029926865.1.fna,0.974136,0.9545454545454546,1
GCF_031727275.1.fna,GCF_029926905.1.fna,0.974136,0.9545454545454546,1
GCF_031727275.1.fna,GCF_029926915.1.fna,0.974136,0.9545454545454546,1
GCF_031727275.1.fna,GCF_031631055.1.fna,0.989536,0.8636363636363636,1
GCF_031727275.1.fna,GCF_031727055.1.fna,0.9906130000000001,0.9090909090909091,1
GCF_031727275.1.fna,GCF_031727075.1.fna,0.976183,0.9090909090909091,1
GCF_031727275.1.fna,GCF_031727235.1.fna,0.993043,0.9090909090909091,1
GCF_031727275.1.fna,GCF_031727255.1.fna,0.96375,0.9090909090909091,1
GCF_031727275.1.fna,GCF_031727275.1.fna,1.0,1.0,1
GCF_031727275.1.fna,GCF_031727355.1.fna,0.976251,0.9090909090909091,1
GCF_031727275.1.fna,GCF_031727455.1.fna,0.970671,0.9090909090909091,1
GCF_031727275.1.fna,GCF_031727535.1.fna,0.995722,0.9090909090909091,1
GCF_031727275.1.fna,GCF_031728075.1.fna,0.9753430000000001,0.9090909090909091,1
GCF_031727275.1.fna,GCF_031728095.1.fna,0.9925,0.9090909090909091,1
GCF_031727275.1.fna,GCF_031728115.1.fna,0.977293,0.9090909090909091,1
GCF_031727275.1.fna,GCF_031728155.1.fna,0.967321,0.9545454545454546,1
GCF_031727275.1.fna,GCF_031728235.1.fna,0.9677419999999999,0.9545454545454546,1
GCF_031727275.1.fna,GCF_031728275.1.fna,0.9945140000000001,0.9090909090909091,1
GCF_031727275.1.fna,GCF_031728295.1.fna,0.97694,0.9090909090909091,1
GCF_031727275.1.fna,GCF_031728315.1.fna,0.9768370000000001,0.9090909090909091,1
GCF_031727275.1.fna,GCF_031728335.1.fna,0.967887,0.9545454545454546,1
GCF_031727275.1.fna,GCF_031728415.1.fna,0.998079,1.0,1
GCF_031727275.1.fna,GCF_031728455.1.fna,0.999569,0.9545454545454546,1
GCF_031727275.1.fna,GCF_031728475.1.fna,0.974846,0.9090909090909091,1
GCF_031727275.1.fna,GCF_031728495.1.fna,0.998621,1.0,1
GCF_031727275.1.fna,GCF_031728515.1.fna,0.96812,0.8636363636363636,1
GCF_031727275.1.fna,GCF_031728555.1.fna,0.9760559999999999,0.9090909090909091,1
GCF_031727275.1.fna,GCF_031728675.1.fna,0.99268,0.9090909090909091,1
GCF_031727275.1.fna,GCF_031728695.1.fna,0.9926309999999999,0.9090909090909091,1
GCF_031727275.1.fna,GCF_031728715.1.fna,0.9933710000000001,0.9090909090909091,1
GCF_031727275.1.fna,GCF_031728735.1.fna,0.9734189999999999,0.9090909090909091,1
GCF_031727275.1.fna,GCF_031728745.1.fna,0.9775539999999999,0.9090909090909091,1
GCF_031727275.1.fna,GCF_031728795.1.fna,0.992401,0.9090909090909091,1
GCF_031727275.1.fna,GCF_031728835.1.fna,0.975819,0.9090909090909091,1
GCF_031727275.1.fna,GCF_031728895.1.fna,0.9948779999999999,0.9090909090909091,1
GCF_031727275.1.fna,GCF_031729015.1.fna,0.986313,0.9545454545454546,1
GCF_031727275.1.fna,GCF_036419895.1.fna,0.986388,0.9545454545454546,1
GCF_031727275.1.fna,GCF_036420075.1.fna,0.968137,0.8636363636363636,1
GCF_031727275.1.fna,GCF_037694985.1.fna,0.972683,0.9545454545454546,1
GCF_031727275.1.fna,GCF_037695175.1.fna,0.983227,0.9545454545454546,1
GCF_031727275.1.fna,GCF_037700135.1.fna,0.97599,0.9090909090909091,1
GCF_031727275.1.fna,GCF_037700155.1.fna,0.9768009999999999,0.9090909090909091,1
GCF_031727275.1.fna,GCF_037700295.1.fna,0.976683,0.8636363636363636,1
GCF_031727275.1.fna,GCF_037700315.1.fna,0.9925390000000001,0.9090909090909091,1
GCF_031727275.1.fna,GCF_037700375.1.fna,0.993659,0.9090909090909091,1
GCF_031727275.1.fna,GCF_037700455.1.fna,0.9939199999999999,0.9090909090909091,1
GCF_031727275.1.fna,GCF_040947025.1.fna,0.979178,0.9090909090909091,1
GCF_031727275.1.fna,GCF_040947065.1.fna,0.990056,0.9090909090909091,1
GCF_031727275.1.fna,GCF_040947125.1.fna,0.981699,0.9545454545454546,1
GCF_031727275.1.fna,GCF_040947205.1.fna,0.976179,0.9090909090909091,1
GCF_031727275.1.fna,GCF_040947225.1.fna,0.9952589999999999,0.9545454545454546,1
GCF_031727275.1.fna,GCF_040947605.1.fna,0.975452,0.9090909090909091,1
GCF_031727275.1.fna,GCF_040947645.1.fna,0.975452,0.9090909090909091,1
GCF_031727275.1.fna,GCF_047653515.1.fna,0.972292,0.9545454545454546,1
GCF_031727275.1.fna,GCF_047653525.1.fna,0.975612,0.9545454545454546,1
GCF_031727275.1.fna,GCF_052950835.1.fna,0.9819,0.9545454545454546,1
GCF_031727275.1.fna,GCF_900458635.1.fna,0.992899,0.9090909090909091,1
GCF_031727275.1.fna,GCF_964211265.1.fna,0.993663,0.9090909090909091,1
GCF_031727355.1.fna,GCF_000269685.1.fna,0.994006,0.875,1
GCF_031727355.1.fna,GCF_002901845.1.fna,0.9763679999999999,0.8333333333333334,1
GCF_031727355.1.fna,GCF_013267575.1.fna,0.975081,0.8333333333333334,1
GCF_031727355.1.fna,GCF_015274535.1.fna,0.993571,0.875,1
GCF_031727355.1.fna,GCF_015274585.1.fna,0.994008,0.8333333333333334,1
GCF_031727355.1.fna,GCF_015274655.1.fna,0.993773,0.875,1
GCF_031727355.1.fna,GCF_015274675.1.fna,0.993416,0.9166666666666666,1
GCF_031727355.1.fna,GCF_017315625.1.fna,0.991703,0.9166666666666666,1
GCF_031727355.1.fna,GCF_017315645.1.fna,0.994841,0.9166666666666666,1
GCF_031727355.1.fna,GCF_022689565.1.fna,0.997833,0.9583333333333334,1
GCF_031727355.1.fna,GCF_022689575.1.fna,0.975963,0.8333333333333334,1
GCF_031727355.1.fna,GCF_022689615.1.fna,0.9909439999999999,0.9583333333333334,1
GCF_031727355.1.fna,GCF_022689645.1.fna,0.976351,0.8333333333333334,1
GCF_031727355.1.fna,GCF_022689665.1.fna,0.975963,0.8333333333333334,1
GCF_031727355.1.fna,GCF_022689675.1.fna,0.993585,0.9166666666666666,1
GCF_031727355.1.fna,GCF_022689705.1.fna,0.976351,0.8333333333333334,1
GCF_031727355.1.fna,GCF_022689725.1.fna,0.975963,0.8333333333333334,1
GCF_031727355.1.fna,GCF_022689745.1.fna,0.993792,0.9583333333333334,1
GCF_031727355.1.fna,GCF_022689765.1.fna,0.993145,0.9166666666666666,1
GCF_031727355.1.fna,GCF_022689775.1.fna,0.971863,0.875,1
GCF_031727355.1.fna,GCF_022689785.1.fna,0.9754120000000001,0.8333333333333334,1
GCF_031727355.1.fna,GCF_022689825.1.fna,0.993145,0.9166666666666666,1
GCF_031727355.1.fna,GCF_022689845.1.fna,0.993574,0.9166666666666666,1
GCF_031727355.1.fna,GCF_022689855.1.fna,0.972307,0.875,1
GCF_031727355.1.fna,GCF_022689905.1.fna,0.991246,0.9166666666666666,1
GCF_031727355.1.fna,GCF_022689925.1.fna,0.9632040000000001,0.875,1
GCF_031727355.1.fna,GCF_022689945.1.fna,0.985948,0.875,1
GCF_031727355.1.fna,GCF_022689965.1.fna,0.9964799999999999,0.9166666666666666,1
GCF_031727355.1.fna,GCF_022689975.1.fna,0.993639,0.875,1
GCF_031727355.1.fna,GCF_022690005.1.fna,0.977321,0.8333333333333334,1
GCF_031727355.1.fna,GCF_022690025.1.fna,0.9717100000000001,0.875,1
GCF_031727355.1.fna,GCF_022690045.1.fna,0.977321,0.8333333333333334,1
GCF_031727355.1.fna,GCF_022690065.1.fna,0.99503,0.875,1
GCF_031727355.1.fna,GCF_022690085.1.fna,0.968838,0.875,1
GCF_031727355.1.fna,GCF_022690105.1.fna,0.9939589999999999,0.8333333333333334,1
GCF_031727355.1.fna,GCF_022690115.1.fna,0.986572,0.8333333333333334,1
GCF_031727355.1.fna,GCF_022690145.1.fna,0.994633,0.875,1
GCF_031727355.1.fna,GCF_022690165.1.fna,0.994911,0.8333333333333334,1
GCF_031727355.1.fna,GCF_022690185.1.fna,0.9753919999999999,0.8333333333333334,1
GCF_031727355.1.fna,GCF_022690205.1.fna,0.971835,0.875,1
GCF_031727355.1.fna,GCF_022690225.1.fna,0.970683,0.875,1
GCF_031727355.1.fna,GCF_022690245.1.fna,0.993273,0.875,1
GCF_031727355.1.fna,GCF_022690265.1.fna,0.994889,0.8333333333333334,1
GCF_031727355.1.fna,GCF_022690275.1.fna,0.9928130000000001,0.875,1
GCF_031727355.1.fna,GCF_022690295.1.fna,0.983903,0.875,1
GCF_031727355.1.fna,GCF_022690325.1.fna,0.976071,0.8333333333333334,1
GCF_031727355.1.fna,GCF_022690345.1.fna,0.991255,0.9166666666666666,1
GCF_031727355.1.fna,GCF_022690375.1.fna,0.976087,0.8333333333333334,1
GCF_031727355.1.fna,GCF_022690385.1.fna,0.993522,0.875,1
GCF_031727355.1.fna,GCF_022690425.1.fna,0.991722,0.9166666666666666,1
GCF_031727355.1.fna,GCF_025143205.1.fna,0.9947280000000001,0.8333333333333334,1
GCF_031727355.1.fna,GCF_025143445.1.fna,0.97485,0.8333333333333334,1
GCF_031727355.1.fna,GCF_025143615.1.fna,0.971906,0.875,1
GCF_031727355.1.fna,GCF_029926865.1.fna,0.9914149999999999,0.9583333333333334,1
GCF_031727355.1.fna,GCF_029926905.1.fna,0.992169,0.9166666666666666,1
GCF_031727355.1.fna,GCF_029926915.1.fna,0.992169,0.9166666666666666,1
GCF_031727355.1.fna,GCF_031631055.1.fna,0.9764019999999999,0.8333333333333334,1
GCF_031727355.1.fna,GCF_031727055.1.fna,0.971361,0.875,1
GCF_031727355.1.fna,GCF_031727075.1.fna,0.994106,0.9166666666666666,1
GCF_031727355.1.fna,GCF_031727235.1.fna,0.972307,0.875,1
GCF_031727355.1.fna,GCF_031727255.1.fna,0.986654,0.8333333333333334,1
GCF_031727355.1.fna,GCF_031727275.1.fna,0.972141,0.8333333333333334,1
GCF_031727355.1.fna,GCF_031727355.1.fna,1.0,1.0,1
GCF_031727355.1.fna,GCF_031727455.1.fna,0.967876,0.8333333333333334,1
GCF_031727355.1.fna,GCF_031727535.1.fna,0.97624,0.8333333333333334,1
GCF_031727355.1.fna,GCF_031728075.1.fna,0.9925809999999999,0.875,1
GCF_031727355.1.fna,GCF_031728095.1.fna,0.973849,0.875,1
GCF_031727355.1.fna,GCF_031728115.1.fna,0.991212,0.9166666666666666,1
GCF_031727355.1.fna,GCF_031728155.1.fna,0.9935080000000001,0.9166666666666666,1
GCF_031727355.1.fna,GCF_031728235.1.fna,0.992894,0.9166666666666666,1
GCF_031727355.1.fna,GCF_031728275.1.fna,0.97662,0.8333333333333334,1
GCF_031727355.1.fna,GCF_031728295.1.fna,0.9942829999999999,0.9166666666666666,1
GCF_031727355.1.fna,GCF_031728315.1.fna,0.992989,0.875,1
GCF_031727355.1.fna,GCF_031728335.1.fna,0.99113,0.875,1
GCF_031727355.1.fna,GCF_031728415.1.fna,0.9770350000000001,0.8333333333333334,1
GCF_031727355.1.fna,GCF_031728455.1.fna,0.9769570000000001,0.8333333333333334,1
GCF_031727355.1.fna,GCF_031728475.1.fna,0.9929600000000001,0.9583333333333334,1
GCF_031727355.1.fna,GCF_031728495.1.fna,0.972127,0.875,1
GCF_031727355.1.fna,GCF_031728515.1.fna,0.981059,0.875,1
GCF_031727355.1.fna,GCF_031728555.1.fna,0.993434,0.875,1
GCF_031727355.1.fna,GCF_031728675.1.fna,0.975051,0.8333333333333334,1
GCF_031727355.1.fna,GCF_031728695.1.fna,0.97322,0.875,1
GCF_031727355.1.fna,GCF_031728715.1.fna,0.9753830000000001,0.8333333333333334,1
GCF_031727355.1.fna,GCF_031728735.1.fna,0.9895440000000001,0.9166666666666666,1
GCF_031727355.1.fna,GCF_031728745.1.fna,0.9905710000000001,0.9166666666666666,1
GCF_031727355.1.fna,GCF_031728795.1.fna,0.975123,0.875,1
GCF_031727355.1.fna,GCF_031728835.1.fna,0.9943930000000001,0.875,1
GCF_031727355.1.fna,GCF_031728895.1.fna,0.97282,0.875,1
GCF_031727355.1.fna,GCF_031729015.1.fna,0.970822,0.8333333333333334,1
GCF_031727355.1.fna,GCF_036419895.1.fna,0.9753799999999999,0.8333333333333334,1
GCF_031727355.1.fna,GCF_036420075.1.fna,0.985948,0.875,1
GCF_031727355.1.fna,GCF_037694985.1.fna,0.992846,0.875,1
GCF_031727355.1.fna,GCF_037695175.1.fna,0.9762430000000001,0.8333333333333334,1
GCF_031727355.1.fna,GCF_037700135.1.fna,0.993583,0.9166666666666666,1
GCF_031727355.1.fna,GCF_037700155.1.fna,0.992808,0.9583333333333334,1
GCF_031727355.1.fna,GCF_037700295.1.fna,0.994484,0.875,1
GCF_031727355.1.fna,GCF_037700315.1.fna,0.975445,0.8333333333333334,1
GCF_031727355.1.fna,GCF_037700375.1.fna,0.976497,0.8333333333333334,1
GCF_031727355.1.fna,GCF_037700455.1.fna,0.976497,0.8333333333333334,1
GCF_031727355.1.fna,GCF_040947025.1.fna,0.9927779999999999,0.875,1
GCF_031727355.1.fna,GCF_040947065.1.fna,0.978878,0.8333333333333334,1
GCF_031727355.1.fna,GCF_040947125.1.fna,0.972177,0.875,1
GCF_031727355.1.fna,GCF_040947205.1.fna,0.9892650000000001,0.875,1
GCF_031727355.1.fna,GCF_040947225.1.fna,0.979032,0.8333333333333334,1
GCF_031727355.1.fna,GCF_040947605.1.fna,0.994025,0.8333333333333334,1
GCF_031727355.1.fna,GCF_040947645.1.fna,0.994025,0.8333333333333334,1
GCF_031727355.1.fna,GCF_047653515.1.fna,0.993121,0.9166666666666666,1
GCF_031727355.1.fna,GCF_047653525.1.fna,0.9939709999999999,0.9166666666666666,1
GCF_031727355.1.fna,GCF_052950835.1.fna,0.9748739999999999,0.8333333333333334,1
GCF_031727355.1.fna,GCF_900458635.1.fna,0.9763679999999999,0.8333333333333334,1
GCF_031727355.1.fna,GCF_964211265.1.fna,0.976333,0.875,1
GCF_031727455.1.fna,GCF_000269685.1.fna,0.9692529999999999,0.9523809523809523,1
GCF_031727455.1.fna,GCF_002901845.1.fna,0.973274,0.9523809523809523,1
GCF_031727455.1.fna,GCF_013267575.1.fna,0.974072,0.9523809523809523,1
GCF_031727455.1.fna,GCF_015274535.1.fna,0.967766,0.9523809523809523,1
GCF_031727455.1.fna,GCF_015274585.1.fna,0.967766,0.9523809523809523,1
GCF_031727455.1.fna,GCF_015274655.1.fna,0.967766,0.9523809523809523,1
GCF_031727455.1.fna,GCF_015274675.1.fna,0.96933,0.9523809523809523,1
GCF_031727455.1.fna,GCF_017315625.1.fna,0.968393,0.9523809523809523,1
GCF_031727455.1.fna,GCF_017315645.1.fna,0.9691639999999999,0.9523809523809523,1
GCF_031727455.1.fna,GCF_022689565.1.fna,0.9680960000000001,0.9523809523809523,1
GCF_031727455.1.fna,GCF_022689575.1.fna,0.9734,0.9523809523809523,1
GCF_031727455.1.fna,GCF_022689615.1.fna,0.9642740000000001,0.9523809523809523,1
GCF_031727455.1.fna,GCF_022689645.1.fna,0.974486,0.9523809523809523,1
GCF_031727455.1.fna,GCF_022689665.1.fna,0.9734,0.9523809523809523,1
GCF_031727455.1.fna,GCF_022689675.1.fna,0.967659,0.9523809523809523,1
GCF_031727455.1.fna,GCF_022689705.1.fna,0.974486,0.9523809523809523,1
GCF_031727455.1.fna,GCF_022689725.1.fna,0.9734,0.9523809523809523,1
GCF_031727455.1.fna,GCF_022689745.1.fna,0.967659,0.9523809523809523,1
GCF_031727455.1.fna,GCF_022689765.1.fna,0.968459,0.9523809523809523,1
GCF_031727455.1.fna,GCF_022689775.1.fna,0.974968,0.9523809523809523,1
GCF_031727455.1.fna,GCF_022689785.1.fna,0.975133,0.9523809523809523,1
GCF_031727455.1.fna,GCF_022689825.1.fna,0.968459,0.9523809523809523,1
GCF_031727455.1.fna,GCF_022689845.1.fna,0.968296,0.9523809523809523,1
GCF_031727455.1.fna,GCF_022689855.1.fna,0.975214,0.9523809523809523,1
GCF_031727455.1.fna,GCF_022689905.1.fna,0.968048,0.9523809523809523,1
GCF_031727455.1.fna,GCF_022689925.1.fna,0.9967919999999999,0.9047619047619048,1
GCF_031727455.1.fna,GCF_022689945.1.fna,0.9615649999999999,0.9047619047619048,1
GCF_031727455.1.fna,GCF_022689965.1.fna,0.969804,0.9523809523809523,1
GCF_031727455.1.fna,GCF_022689975.1.fna,0.968459,0.9523809523809523,1
GCF_031727455.1.fna,GCF_022690005.1.fna,0.971972,0.9523809523809523,1
GCF_031727455.1.fna,GCF_022690025.1.fna,0.973513,0.9523809523809523,1
GCF_031727455.1.fna,GCF_022690045.1.fna,0.971972,0.9523809523809523,1
GCF_031727455.1.fna,GCF_022690065.1.fna,0.9686929999999999,0.9523809523809523,1
GCF_031727455.1.fna,GCF_022690085.1.fna,0.99964,0.9523809523809523,1
GCF_031727455.1.fna,GCF_022690105.1.fna,0.968314,0.9523809523809523,1
GCF_031727455.1.fna,GCF_022690115.1.fna,0.968641,0.9523809523809523,1
GCF_031727455.1.fna,GCF_022690145.1.fna,0.9686929999999999,0.9523809523809523,1
GCF_031727455.1.fna,GCF_022690165.1.fna,0.9686929999999999,0.9523809523809523,1
GCF_031727455.1.fna,GCF_022690185.1.fna,0.974853,0.9523809523809523,1
GCF_031727455.1.fna,GCF_022690205.1.fna,0.974974,0.9523809523809523,1
GCF_031727455.1.fna,GCF_022690225.1.fna,0.9738070000000001,0.9047619047619048,1
GCF_031727455.1.fna,GCF_022690245.1.fna,0.96796,0.9523809523809523,1
GCF_031727455.1.fna,GCF_022690265.1.fna,0.96868,0.9523809523809523,1
GCF_031727455.1.fna,GCF_022690275.1.fna,0.9673959999999999,0.9523809523809523,1
GCF_031727455.1.fna,GCF_022690295.1.fna,0.950891,0.9523809523809523,1
GCF_031727455.1.fna,GCF_022690325.1.fna,0.97346,0.9523809523809523,1
GCF_031727455.1.fna,GCF_022690345.1.fna,0.96801,0.9523809523809523,1
GCF_031727455.1.fna,GCF_022690375.1.fna,0.9744849999999999,0.9523809523809523,1
GCF_031727455.1.fna,GCF_022690385.1.fna,0.968329,0.9523809523809523,1
GCF_031727455.1.fna,GCF_022690425.1.fna,0.970442,0.9523809523809523,1
GCF_031727455.1.fna,GCF_025143205.1.fna,0.96854,0.9523809523809523,1
GCF_031727455.1.fna,GCF_025143445.1.fna,0.972466,0.9523809523809523,1
GCF_031727455.1.fna,GCF_025143615.1.fna,0.974959,0.9523809523809523,1
GCF_031727455.1.fna,GCF_029926865.1.fna,0.970251,0.9523809523809523,1
GCF_031727455.1.fna,GCF_029926905.1.fna,0.970251,0.9523809523809523,1
GCF_031727455.1.fna,GCF_029926915.1.fna,0.970251,0.9523809523809523,1
GCF_031727455.1.fna,GCF_031631055.1.fna,0.9747870000000001,0.9047619047619048,1
GCF_031727455.1.fna,GCF_031727055.1.fna,0.976875,0.9523809523809523,1
GCF_031727455.1.fna,GCF_031727075.1.fna,0.967659,0.9523809523809523,1
GCF_031727455.1.fna,GCF_031727235.1.fna,0.975214,0.9523809523809523,1
GCF_031727455.1.fna,GCF_031727255.1.fna,0.950891,0.9523809523809523,1
GCF_031727455.1.fna,GCF_031727275.1.fna,0.972537,0.9047619047619048,1
GCF_031727455.1.fna,GCF_031727355.1.fna,0.9680960000000001,0.9523809523809523,1
GCF_031727455.1.fna,GCF_031727455.1.fna,1.0,1.0,1
GCF_031727455.1.fna,GCF_031727535.1.fna,0.973704,0.9523809523809523,1
GCF_031727455.1.fna,GCF_031728075.1.fna,0.970442,0.9523809523809523,1
GCF_031727455.1.fna,GCF_031728095.1.fna,0.974699,0.9523809523809523,1
GCF_031727455.1.fna,GCF_031728115.1.fna,0.968699,0.9523809523809523,1
GCF_031727455.1.fna,GCF_031728155.1.fna,0.969723,0.9523809523809523,1
GCF_031727455.1.fna,GCF_031728235.1.fna,0.96753,0.9523809523809523,1
GCF_031727455.1.fna,GCF_031728275.1.fna,0.974069,0.9523809523809523,1
GCF_031727455.1.fna,GCF_031728295.1.fna,0.969255,0.9523809523809523,1
GCF_031727455.1.fna,GCF_031728315.1.fna,0.968048,0.9523809523809523,1
GCF_031727455.1.fna,GCF_031728335.1.fna,0.968314,0.9523809523809523,1
GCF_031727455.1.fna,GCF_031728415.1.fna,0.9723269999999999,1.0,1
GCF_031727455.1.fna,GCF_031728455.1.fna,0.972286,0.9523809523809523,1
GCF_031727455.1.fna,GCF_031728475.1.fna,0.970253,0.9523809523809523,1
GCF_031727455.1.fna,GCF_031728495.1.fna,0.9723430000000001,0.9523809523809523,1
GCF_031727455.1.fna,GCF_031728515.1.fna,0.952109,1.0,1
GCF_031727455.1.fna,GCF_031728555.1.fna,0.9686929999999999,0.9523809523809523,1
GCF_031727455.1.fna,GCF_031728675.1.fna,0.974028,0.9523809523809523,1
GCF_031727455.1.fna,GCF_031728695.1.fna,0.9745480000000001,0.9523809523809523,1
GCF_031727455.1.fna,GCF_031728715.1.fna,0.974837,0.9523809523809523,1
GCF_031727455.1.fna,GCF_031728735.1.fna,0.967687,0.9523809523809523,1
GCF_031727455.1.fna,GCF_031728745.1.fna,0.9680679999999999,0.9523809523809523,1
GCF_031727455.1.fna,GCF_031728795.1.fna,0.9747159999999999,0.9523809523809523,1
GCF_031727455.1.fna,GCF_031728835.1.fna,0.9686579999999999,0.9523809523809523,1
GCF_031727455.1.fna,GCF_031728895.1.fna,0.973198,0.9523809523809523,1
GCF_031727455.1.fna,GCF_031729015.1.fna,0.9685710000000001,0.9523809523809523,1
GCF_031727455.1.fna,GCF_036419895.1.fna,0.974891,0.9523809523809523,1
GCF_031727455.1.fna,GCF_036420075.1.fna,0.9615649999999999,0.9047619047619048,1
GCF_031727455.1.fna,GCF_037694985.1.fna,0.967876,0.9523809523809523,1
GCF_031727455.1.fna,GCF_037695175.1.fna,0.973661,0.9523809523809523,1
GCF_031727455.1.fna,GCF_037700135.1.fna,0.968321,0.9523809523809523,1
GCF_031727455.1.fna,GCF_037700155.1.fna,0.969379,0.9523809523809523,1
GCF_031727455.1.fna,GCF_037700295.1.fna,0.969199,0.9047619047619048,1
GCF_031727455.1.fna,GCF_037700315.1.fna,0.975,0.9523809523809523,1
GCF_031727455.1.fna,GCF_037700375.1.fna,0.9738720000000001,0.9523809523809523,1
GCF_031727455.1.fna,GCF_037700455.1.fna,0.9738720000000001,0.9523809523809523,1
GCF_031727455.1.fna,GCF_040947025.1.fna,0.969584,0.9523809523809523,1
GCF_031727455.1.fna,GCF_040947065.1.fna,0.9710509999999999,0.9523809523809523,1
GCF_031727455.1.fna,GCF_040947125.1.fna,0.9735309999999999,0.9523809523809523,1
GCF_031727455.1.fna,GCF_040947205.1.fna,0.9685720000000001,0.9047619047619048,1
GCF_031727455.1.fna,GCF_040947225.1.fna,0.971986,0.9523809523809523,1
GCF_031727455.1.fna,GCF_040947605.1.fna,0.9684470000000001,0.9523809523809523,1
GCF_031727455.1.fna,GCF_040947645.1.fna,0.9684470000000001,0.9523809523809523,1
GCF_031727455.1.fna,GCF_047653515.1.fna,0.96922,0.9523809523809523,1
GCF_031727455.1.fna,GCF_047653525.1.fna,0.968755,0.9523809523809523,1
GCF_031727455.1.fna,GCF_052950835.1.fna,0.970287,0.9523809523809523,1
GCF_031727455.1.fna,GCF_900458635.1.fna,0.973274,0.9523809523809523,1
GCF_031727455.1.fna,GCF_964211265.1.fna,0.973479,0.9523809523809523,1
GCF_031727535.1.fna,GCF_000269685.1.fna,0.9743999999999999,0.9545454545454546,1
GCF_031727535.1.fna,GCF_002901845.1.fna,0.997084,0.9090909090909091,1
GCF_031727535.1.fna,GCF_013267575.1.fna,0.9951760000000001,0.9090909090909091,1
GCF_031727535.1.fna,GCF_015274535.1.fna,0.9749079999999999,0.9090909090909091,1
GCF_031727535.1.fna,GCF_015274585.1.fna,0.9749079999999999,0.9090909090909091,1
GCF_031727535.1.fna,GCF_015274655.1.fna,0.9749079999999999,0.9090909090909091,1
GCF_031727535.1.fna,GCF_015274675.1.fna,0.9765349999999999,0.9545454545454546,1
GCF_031727535.1.fna,GCF_017315625.1.fna,0.9776779999999999,0.9545454545454546,1
GCF_031727535.1.fna,GCF_017315645.1.fna,0.9774550000000001,0.9545454545454546,1
GCF_031727535.1.fna,GCF_022689565.1.fna,0.97599,0.9090909090909091,1
GCF_031727535.1.fna,GCF_022689575.1.fna,0.999053,1.0,1
GCF_031727535.1.fna,GCF_022689615.1.fna,0.975117,0.9090909090909091,1
GCF_031727535.1.fna,GCF_022689645.1.fna,0.9933150000000001,0.9545454545454546,1
GCF_031727535.1.fna,GCF_022689665.1.fna,0.998745,1.0,1
GCF_031727535.1.fna,GCF_022689675.1.fna,0.975664,0.9545454545454546,1
GCF_031727535.1.fna,GCF_022689705.1.fna,0.994936,0.9545454545454546,1
GCF_031727535.1.fna,GCF_022689725.1.fna,0.999408,1.0,1
GCF_031727535.1.fna,GCF_022689745.1.fna,0.975467,0.9545454545454546,1
GCF_031727535.1.fna,GCF_022689765.1.fna,0.97545,0.9545454545454546,1
GCF_031727535.1.fna,GCF_022689775.1.fna,0.994773,0.9090909090909091,1
GCF_031727535.1.fna,GCF_022689785.1.fna,0.993747,0.9545454545454546,1
GCF_031727535.1.fna,GCF_022689825.1.fna,0.975284,0.9545454545454546,1
GCF_031727535.1.fna,GCF_022689845.1.fna,0.973432,0.9545454545454546,1
GCF_031727535.1.fna,GCF_022689855.1.fna,0.9911620000000001,1.0,1
GCF_031727535.1.fna,GCF_022689905.1.fna,0.973159,1.0,1
GCF_031727535.1.fna,GCF_022689925.1.fna,0.971193,0.9090909090909091,1
GCF_031727535.1.fna,GCF_022689945.1.fna,0.9679340000000001,0.8636363636363636,1
GCF_031727535.1.fna,GCF_022689965.1.fna,0.9750719999999999,1.0,1
GCF_031727535.1.fna,GCF_022689975.1.fna,0.9750329999999999,0.9545454545454546,1
GCF_031727535.1.fna,GCF_022690005.1.fna,0.9928619999999999,0.9545454545454546,1
GCF_031727535.1.fna,GCF_022690025.1.fna,0.9988290000000001,1.0,1
GCF_031727535.1.fna,GCF_022690045.1.fna,0.9928619999999999,0.9545454545454546,1
GCF_031727535.1.fna,GCF_022690065.1.fna,0.973073,1.0,1
GCF_031727535.1.fna,GCF_022690085.1.fna,0.9722839999999999,0.9545454545454546,1
GCF_031727535.1.fna,GCF_022690105.1.fna,0.974923,0.9545454545454546,1
GCF_031727535.1.fna,GCF_022690115.1.fna,0.9740800000000001,0.9545454545454546,1
GCF_031727535.1.fna,GCF_022690145.1.fna,0.973073,1.0,1
GCF_031727535.1.fna,GCF_022690165.1.fna,0.9733369999999999,1.0,1
GCF_031727535.1.fna,GCF_022690185.1.fna,0.99375,0.9545454545454546,1
GCF_031727535.1.fna,GCF_022690205.1.fna,0.991711,0.9545454545454546,1
GCF_031727535.1.fna,GCF_022690225.1.fna,0.992898,0.9090909090909091,1
GCF_031727535.1.fna,GCF_022690245.1.fna,0.9746859999999999,0.9545454545454546,1
GCF_031727535.1.fna,GCF_022690265.1.fna,0.9730629999999999,1.0,1
GCF_031727535.1.fna,GCF_022690275.1.fna,0.974484,0.9090909090909091,1
GCF_031727535.1.fna,GCF_022690295.1.fna,0.9675549999999999,0.9090909090909091,1
GCF_031727535.1.fna,GCF_022690325.1.fna,0.993515,0.9545454545454546,1
GCF_031727535.1.fna,GCF_022690345.1.fna,0.9755750000000001,0.9545454545454546,1
GCF_031727535.1.fna,GCF_022690375.1.fna,0.9944339999999999,0.9090909090909091,1
GCF_031727535.1.fna,GCF_022690385.1.fna,0.972844,1.0,1
GCF_031727535.1.fna,GCF_022690425.1.fna,0.9742839999999999,1.0,1
GCF_031727535.1.fna,GCF_025143205.1.fna,0.97518,0.9545454545454546,1
GCF_031727535.1.fna,GCF_025143445.1.fna,0.995432,0.9090909090909091,1
GCF_031727535.1.fna,GCF_025143615.1.fna,0.994599,0.9545454545454546,1
GCF_031727535.1.fna,GCF_029926865.1.fna,0.9777469999999999,0.9545454545454546,1
GCF_031727535.1.fna,GCF_029926905.1.fna,0.9777469999999999,0.9545454545454546,1
GCF_031727535.1.fna,GCF_029926915.1.fna,0.9777469999999999,0.9545454545454546,1
GCF_031727535.1.fna,GCF_031631055.1.fna,0.9888049999999999,0.9090909090909091,1
GCF_031727535.1.fna,GCF_031727055.1.fna,0.991627,1.0,1
GCF_031727535.1.fna,GCF_031727075.1.fna,0.975663,0.9545454545454546,1
GCF_031727535.1.fna,GCF_031727235.1.fna,0.9918359999999999,1.0,1
GCF_031727535.1.fna,GCF_031727255.1.fna,0.9675549999999999,0.9090909090909091,1
GCF_031727535.1.fna,GCF_031727275.1.fna,0.995083,0.9090909090909091,1
GCF_031727535.1.fna,GCF_031727355.1.fna,0.97599,0.9090909090909091,1
GCF_031727535.1.fna,GCF_031727455.1.fna,0.973554,0.9090909090909091,1
GCF_031727535.1.fna,GCF_031727535.1.fna,1.0,1.0,1
GCF_031727535.1.fna,GCF_031728075.1.fna,0.9742839999999999,1.0,1
GCF_031727535.1.fna,GCF_031728095.1.fna,0.993695,0.9545454545454546,1
GCF_031727535.1.fna,GCF_031728115.1.fna,0.9767870000000001,0.9545454545454546,1
GCF_031727535.1.fna,GCF_031728155.1.fna,0.9776630000000001,0.9545454545454546,1
GCF_031727535.1.fna,GCF_031728235.1.fna,0.9755410000000001,0.9545454545454546,1
GCF_031727535.1.fna,GCF_031728275.1.fna,0.995507,0.9545454545454546,1
GCF_031727535.1.fna,GCF_031728295.1.fna,0.977282,0.9545454545454546,1
GCF_031727535.1.fna,GCF_031728315.1.fna,0.973557,1.0,1
GCF_031727535.1.fna,GCF_031728335.1.fna,0.9753350000000001,0.9545454545454546,1
GCF_031727535.1.fna,GCF_031728415.1.fna,0.9955750000000001,0.9545454545454546,1
GCF_031727535.1.fna,GCF_031728455.1.fna,0.995027,0.9545454545454546,1
GCF_031727535.1.fna,GCF_031728475.1.fna,0.9751430000000001,0.9545454545454546,1
GCF_031727535.1.fna,GCF_031728495.1.fna,0.9956149999999999,0.9545454545454546,1
GCF_031727535.1.fna,GCF_031728515.1.fna,0.9679380000000001,0.8636363636363636,1
GCF_031727535.1.fna,GCF_031728555.1.fna,0.973542,1.0,1
GCF_031727535.1.fna,GCF_031728675.1.fna,0.994812,0.9545454545454546,1
GCF_031727535.1.fna,GCF_031728695.1.fna,0.9937980000000001,0.9545454545454546,1
GCF_031727535.1.fna,GCF_031728715.1.fna,0.99442,0.9545454545454546,1
GCF_031727535.1.fna,GCF_031728735.1.fna,0.972084,1.0,1
GCF_031727535.1.fna,GCF_031728745.1.fna,0.9763580000000001,0.9090909090909091,1
GCF_031727535.1.fna,GCF_031728795.1.fna,0.993359,0.9545454545454546,1
GCF_031727535.1.fna,GCF_031728835.1.fna,0.9737309999999999,1.0,1
GCF_031727535.1.fna,GCF_031728895.1.fna,0.9943890000000001,0.9545454545454546,1
GCF_031727535.1.fna,GCF_031729015.1.fna,0.994696,0.9090909090909091,1
GCF_031727535.1.fna,GCF_036419895.1.fna,0.994534,0.9545454545454546,1
GCF_031727535.1.fna,GCF_036420075.1.fna,0.9679340000000001,0.8636363636363636,1
GCF_031727535.1.fna,GCF_037694985.1.fna,0.973811,1.0,1
GCF_031727535.1.fna,GCF_037695175.1.fna,0.9998180000000001,0.9090909090909091,1
GCF_031727535.1.fna,GCF_037700135.1.fna,0.973537,1.0,1
GCF_031727535.1.fna,GCF_037700155.1.fna,0.976779,0.9545454545454546,1
GCF_031727535.1.fna,GCF_037700295.1.fna,0.976388,0.9090909090909091,1
GCF_031727535.1.fna,GCF_037700315.1.fna,0.9938370000000001,0.9545454545454546,1
GCF_031727535.1.fna,GCF_037700375.1.fna,0.9964310000000001,0.9545454545454546,1
GCF_031727535.1.fna,GCF_037700455.1.fna,0.99732,0.9545454545454546,1
GCF_031727535.1.fna,GCF_040947025.1.fna,0.978352,0.9545454545454546,1
GCF_031727535.1.fna,GCF_040947065.1.fna,0.988652,0.9545454545454546,1
GCF_031727535.1.fna,GCF_040947125.1.fna,0.999687,0.9090909090909091,1
GCF_031727535.1.fna,GCF_040947205.1.fna,0.974662,0.9090909090909091,1
GCF_031727535.1.fna,GCF_040947225.1.fna,0.9909910000000001,0.9545454545454546,1
GCF_031727535.1.fna,GCF_040947605.1.fna,0.9745140000000001,0.9090909090909091,1
GCF_031727535.1.fna,GCF_040947645.1.fna,0.9745140000000001,0.9090909090909091,1
GCF_031727535.1.fna,GCF_047653515.1.fna,0.9765739999999999,0.9545454545454546,1
GCF_031727535.1.fna,GCF_047653525.1.fna,0.975807,0.9545454545454546,1
GCF_031727535.1.fna,GCF_052950835.1.fna,0.989348,0.9090909090909091,1
GCF_031727535.1.fna,GCF_900458635.1.fna,0.997084,0.9090909090909091,1
GCF_031727535.1.fna,GCF_964211265.1.fna,0.995517,0.9545454545454546,1
GCF_031728075.1.fna,GCF_000269685.1.fna,0.9915649999999999,0.75,1
GCF_031728075.1.fna,GCF_002901845.1.fna,0.975967,0.7142857142857143,1
GCF_031728075.1.fna,GCF_013267575.1.fna,0.976922,0.7142857142857143,1
GCF_031728075.1.fna,GCF_015274535.1.fna,0.992241,0.75,1
GCF_031728075.1.fna,GCF_015274585.1.fna,0.993433,0.7142857142857143,1
GCF_031728075.1.fna,GCF_015274655.1.fna,0.9922679999999999,0.75,1
GCF_031728075.1.fna,GCF_015274675.1.fna,0.993464,0.7857142857142857,1
GCF_031728075.1.fna,GCF_017315625.1.fna,0.9908790000000001,0.7857142857142857,1
GCF_031728075.1.fna,GCF_017315645.1.fna,0.99457,0.7857142857142857,1
GCF_031728075.1.fna,GCF_022689565.1.fna,0.9917940000000001,0.75,1
GCF_031728075.1.fna,GCF_022689575.1.fna,0.973854,0.7857142857142857,1
GCF_031728075.1.fna,GCF_022689615.1.fna,0.993784,0.75,1
GCF_031728075.1.fna,GCF_022689645.1.fna,0.974458,0.75,1
GCF_031728075.1.fna,GCF_022689665.1.fna,0.973557,0.7857142857142857,1
GCF_031728075.1.fna,GCF_022689675.1.fna,0.993938,0.7857142857142857,1
GCF_031728075.1.fna,GCF_022689705.1.fna,0.973435,0.8214285714285714,1
GCF_031728075.1.fna,GCF_022689725.1.fna,0.974161,0.7857142857142857,1
GCF_031728075.1.fna,GCF_022689745.1.fna,0.993345,0.7857142857142857,1
GCF_031728075.1.fna,GCF_022689765.1.fna,0.991453,0.7857142857142857,1
GCF_031728075.1.fna,GCF_022689775.1.fna,0.9755360000000001,0.75,1
GCF_031728075.1.fna,GCF_022689785.1.fna,0.977283,0.75,1
GCF_031728075.1.fna,GCF_022689825.1.fna,0.9902679999999999,0.7857142857142857,1
GCF_031728075.1.fna,GCF_022689845.1.fna,0.991908,0.7857142857142857,1
GCF_031728075.1.fna,GCF_022689855.1.fna,0.9718399999999999,0.8214285714285714,1
GCF_031728075.1.fna,GCF_022689905.1.fna,0.988403,0.8214285714285714,1
GCF_031728075.1.fna,GCF_022689925.1.fna,0.967681,0.7142857142857143,1
GCF_031728075.1.fna,GCF_022689945.1.fna,0.983009,0.7142857142857143,1
GCF_031728075.1.fna,GCF_022689965.1.fna,0.990942,0.8214285714285714,1
GCF_031728075.1.fna,GCF_022689975.1.fna,0.9935200000000001,0.75,1
GCF_031728075.1.fna,GCF_022690005.1.fna,0.975928,0.75,1
GCF_031728075.1.fna,GCF_022690025.1.fna,0.9719180000000001,0.8214285714285714,1
GCF_031728075.1.fna,GCF_022690045.1.fna,0.975928,0.75,1
GCF_031728075.1.fna,GCF_022690065.1.fna,0.9931650000000001,0.8214285714285714,1
GCF_031728075.1.fna,GCF_022690085.1.fna,0.9694029999999999,0.75,1
GCF_031728075.1.fna,GCF_022690105.1.fna,0.994877,0.75,1
GCF_031728075.1.fna,GCF_022690115.1.fna,0.98434,0.75,1
GCF_031728075.1.fna,GCF_022690145.1.fna,0.993149,0.8214285714285714,1
GCF_031728075.1.fna,GCF_022690165.1.fna,0.9941549999999999,0.7857142857142857,1
GCF_031728075.1.fna,GCF_022690185.1.fna,0.977224,0.75,1
GCF_031728075.1.fna,GCF_022690205.1.fna,0.9727750000000001,0.7857142857142857,1
GCF_031728075.1.fna,GCF_022690225.1.fna,0.975468,0.75,1
GCF_031728075.1.fna,GCF_022690245.1.fna,0.9936419999999999,0.7857142857142857,1
GCF_031728075.1.fna,GCF_022690265.1.fna,0.993596,0.7857142857142857,1
GCF_031728075.1.fna,GCF_022690275.1.fna,0.9946689999999999,0.7142857142857143,1
GCF_031728075.1.fna,GCF_022690295.1.fna,0.97027,0.7857142857142857,1
GCF_031728075.1.fna,GCF_022690325.1.fna,0.9759340000000001,0.75,1
GCF_031728075.1.fna,GCF_022690345.1.fna,0.992402,0.7857142857142857,1
GCF_031728075.1.fna,GCF_022690375.1.fna,0.977359,0.7142857142857143,1
GCF_031728075.1.fna,GCF_022690385.1.fna,0.983944,0.8928571428571429,1
GCF_031728075.1.fna,GCF_022690425.1.fna,1.0,1.0,1
GCF_031728075.1.fna,GCF_025143205.1.fna,0.994207,0.75,1
GCF_031728075.1.fna,GCF_025143445.1.fna,0.9756999999999999,0.7142857142857143,1
GCF_031728075.1.fna,GCF_025143615.1.fna,0.9755379999999999,0.75,1
GCF_031728075.1.fna,GCF_029926865.1.fna,0.995267,0.7857142857142857,1
GCF_031728075.1.fna,GCF_029926905.1.fna,0.995267,0.7857142857142857,1
GCF_031728075.1.fna,GCF_029926915.1.fna,0.995267,0.7857142857142857,1
GCF_031728075.1.fna,GCF_031631055.1.fna,0.976509,0.75,1
GCF_031728075.1.fna,GCF_031727055.1.fna,0.971923,0.8214285714285714,1
GCF_031728075.1.fna,GCF_031727075.1.fna,0.993917,0.7857142857142857,1
GCF_031728075.1.fna,GCF_031727235.1.fna,0.971733,0.7857142857142857,1
GCF_031728075.1.fna,GCF_031727255.1.fna,0.971936,0.75,1
GCF_031728075.1.fna,GCF_031727275.1.fna,0.975151,0.7142857142857143,1
GCF_031728075.1.fna,GCF_031727355.1.fna,0.9930509999999999,0.75,1
GCF_031728075.1.fna,GCF_031727455.1.fna,0.9701900000000001,0.7142857142857143,1
GCF_031728075.1.fna,GCF_031727535.1.fna,0.974488,0.7857142857142857,1
GCF_031728075.1.fna,GCF_031728075.1.fna,1.0,1.0,1
GCF_031728075.1.fna,GCF_031728095.1.fna,0.976746,0.75,1
GCF_031728075.1.fna,GCF_031728115.1.fna,0.9929760000000001,0.7857142857142857,1
GCF_031728075.1.fna,GCF_031728155.1.fna,0.993273,0.75,1
GCF_031728075.1.fna,GCF_031728235.1.fna,0.993945,0.7857142857142857,1
GCF_031728075.1.fna,GCF_031728275.1.fna,0.9768290000000001,0.7142857142857143,1
GCF_031728075.1.fna,GCF_031728295.1.fna,0.994647,0.7857142857142857,1
GCF_031728075.1.fna,GCF_031728315.1.fna,0.990119,0.7857142857142857,1
GCF_031728075.1.fna,GCF_031728335.1.fna,0.99205,0.7857142857142857,1
GCF_031728075.1.fna,GCF_031728415.1.fna,0.9759220000000001,0.7142857142857143,1
GCF_031728075.1.fna,GCF_031728455.1.fna,0.975839,0.7142857142857143,1
GCF_031728075.1.fna,GCF_031728475.1.fna,0.9931690000000001,0.7857142857142857,1
GCF_031728075.1.fna,GCF_031728495.1.fna,0.9737269999999999,0.75,1
GCF_031728075.1.fna,GCF_031728515.1.fna,0.974139,0.9285714285714286,1
GCF_031728075.1.fna,GCF_031728555.1.fna,0.992894,0.8214285714285714,1
GCF_031728075.1.fna,GCF_031728675.1.fna,0.97725,0.75,1
GCF_031728075.1.fna,GCF_031728695.1.fna,0.976212,0.75,1
GCF_031728075.1.fna,GCF_031728715.1.fna,0.97753,0.7142857142857143,1
GCF_031728075.1.fna,GCF_031728735.1.fna,0.989092,0.7857142857142857,1
GCF_031728075.1.fna,GCF_031728745.1.fna,0.980434,0.7857142857142857,1
GCF_031728075.1.fna,GCF_031728795.1.fna,0.977042,0.7857142857142857,1
GCF_031728075.1.fna,GCF_031728835.1.fna,0.992979,0.8214285714285714,1
GCF_031728075.1.fna,GCF_031728895.1.fna,0.974379,0.75,1
GCF_031728075.1.fna,GCF_031729015.1.fna,0.9775459999999999,0.7142857142857143,1
GCF_031728075.1.fna,GCF_036419895.1.fna,0.977573,0.7142857142857143,1
GCF_031728075.1.fna,GCF_036420075.1.fna,0.983009,0.7142857142857143,1
GCF_031728075.1.fna,GCF_037694985.1.fna,0.989408,0.7857142857142857,1
GCF_031728075.1.fna,GCF_037695175.1.fna,0.9758830000000001,0.7142857142857143,1
GCF_031728075.1.fna,GCF_037700135.1.fna,0.9915189999999999,0.8214285714285714,1
GCF_031728075.1.fna,GCF_037700155.1.fna,0.9934350000000001,0.7857142857142857,1
GCF_031728075.1.fna,GCF_037700295.1.fna,0.987808,0.75,1
GCF_031728075.1.fna,GCF_037700315.1.fna,0.977559,0.75,1
GCF_031728075.1.fna,GCF_037700375.1.fna,0.9757680000000001,0.75,1
GCF_031728075.1.fna,GCF_037700455.1.fna,0.976577,0.75,1
GCF_031728075.1.fna,GCF_040947025.1.fna,0.9926860000000001,0.75,1
GCF_031728075.1.fna,GCF_040947065.1.fna,0.978432,0.7142857142857143,1
GCF_031728075.1.fna,GCF_040947125.1.fna,0.9738800000000001,0.75,1
GCF_031728075.1.fna,GCF_040947205.1.fna,0.9936820000000001,0.7142857142857143,1
GCF_031728075.1.fna,GCF_040947225.1.fna,0.9780929999999999,0.7142857142857143,1
GCF_031728075.1.fna,GCF_040947605.1.fna,0.9945050000000001,0.7142857142857143,1
GCF_031728075.1.fna,GCF_040947645.1.fna,0.9945050000000001,0.7142857142857143,1
GCF_031728075.1.fna,GCF_047653515.1.fna,0.994226,0.7857142857142857,1
GCF_031728075.1.fna,GCF_047653525.1.fna,0.98307,0.8214285714285714,1
GCF_031728075.1.fna,GCF_052950835.1.fna,0.9775050000000001,0.7142857142857143,1
GCF_031728075.1.fna,GCF_900458635.1.fna,0.975967,0.7142857142857143,1
GCF_031728075.1.fna,GCF_964211265.1.fna,0.974842,0.7857142857142857,1
GCF_031728095.1.fna,GCF_000269685.1.fna,0.967932,0.88,1
GCF_031728095.1.fna,GCF_002901845.1.fna,0.98394,0.84,1
GCF_031728095.1.fna,GCF_013267575.1.fna,0.996537,0.88,1
GCF_031728095.1.fna,GCF_015274535.1.fna,0.97497,0.88,1
GCF_031728095.1.fna,GCF_015274585.1.fna,0.9754640000000001,0.84,1
GCF_031728095.1.fna,GCF_015274655.1.fna,0.9748350000000001,0.88,1
GCF_031728095.1.fna,GCF_015274675.1.fna,0.9691759999999999,0.92,1
GCF_031728095.1.fna,GCF_017315625.1.fna,0.9776250000000001,0.88,1
GCF_031728095.1.fna,GCF_017315645.1.fna,0.97678,0.88,1
GCF_031728095.1.fna,GCF_022689565.1.fna,0.974136,0.84,1
GCF_031728095.1.fna,GCF_022689575.1.fna,0.993523,0.84,1
GCF_031728095.1.fna,GCF_022689615.1.fna,0.9736440000000001,0.84,1
GCF_031728095.1.fna,GCF_022689645.1.fna,0.992206,0.8,1
GCF_031728095.1.fna,GCF_022689665.1.fna,0.9932909999999999,0.84,1
GCF_031728095.1.fna,GCF_022689675.1.fna,0.974444,0.88,1
GCF_031728095.1.fna,GCF_022689705.1.fna,0.9918349999999999,0.84,1
GCF_031728095.1.fna,GCF_022689725.1.fna,0.993771,0.84,1
GCF_031728095.1.fna,GCF_022689745.1.fna,0.97396,0.88,1
GCF_031728095.1.fna,GCF_022689765.1.fna,0.974007,0.88,1
GCF_031728095.1.fna,GCF_022689775.1.fna,0.993061,0.88,1
GCF_031728095.1.fna,GCF_022689785.1.fna,0.9875440000000001,0.88,1
GCF_031728095.1.fna,GCF_022689825.1.fna,0.972415,0.88,1
GCF_031728095.1.fna,GCF_022689845.1.fna,0.9670380000000001,0.88,1
GCF_031728095.1.fna,GCF_022689855.1.fna,0.99188,0.88,1
GCF_031728095.1.fna,GCF_022689905.1.fna,0.965558,0.92,1
GCF_031728095.1.fna,GCF_022689925.1.fna,0.974025,0.76,1
GCF_031728095.1.fna,GCF_022689945.1.fna,0.959034,0.84,1
GCF_031728095.1.fna,GCF_022689965.1.fna,0.9684910000000001,0.92,1
GCF_031728095.1.fna,GCF_022689975.1.fna,0.9750329999999999,0.84,1
GCF_031728095.1.fna,GCF_022690005.1.fna,0.992297,0.84,1
GCF_031728095.1.fna,GCF_022690025.1.fna,0.9910939999999999,0.88,1
GCF_031728095.1.fna,GCF_022690045.1.fna,0.992297,0.84,1
GCF_031728095.1.fna,GCF_022690065.1.fna,0.967513,0.92,1
GCF_031728095.1.fna,GCF_022690085.1.fna,0.973934,0.84,1
GCF_031728095.1.fna,GCF_022690105.1.fna,0.974981,0.84,1
GCF_031728095.1.fna,GCF_022690115.1.fna,0.973304,0.84,1
GCF_031728095.1.fna,GCF_022690145.1.fna,0.967491,0.92,1
GCF_031728095.1.fna,GCF_022690165.1.fna,0.967344,0.88,1
GCF_031728095.1.fna,GCF_022690185.1.fna,0.9822719999999999,0.92,1
GCF_031728095.1.fna,GCF_022690205.1.fna,0.9959560000000001,0.84,1
GCF_031728095.1.fna,GCF_022690225.1.fna,0.989809,0.84,1
GCF_031728095.1.fna,GCF_022690245.1.fna,0.974757,0.88,1
GCF_031728095.1.fna,GCF_022690265.1.fna,0.974978,0.84,1
GCF_031728095.1.fna,GCF_022690275.1.fna,0.9742149999999999,0.8,1
GCF_031728095.1.fna,GCF_022690295.1.fna,0.9644240000000001,0.8,1
GCF_031728095.1.fna,GCF_022690325.1.fna,0.993426,0.84,1
GCF_031728095.1.fna,GCF_022690345.1.fna,0.9739660000000001,0.88,1
GCF_031728095.1.fna,GCF_022690375.1.fna,0.994294,0.8,1
GCF_031728095.1.fna,GCF_022690385.1.fna,0.975445,0.84,1
GCF_031728095.1.fna,GCF_022690425.1.fna,0.976895,0.88,1
GCF_031728095.1.fna,GCF_025143205.1.fna,0.975049,0.84,1
GCF_031728095.1.fna,GCF_025143445.1.fna,0.9931350000000001,0.8,1
GCF_031728095.1.fna,GCF_025143615.1.fna,0.995978,0.88,1
GCF_031728095.1.fna,GCF_029926865.1.fna,0.978238,0.88,1
GCF_031728095.1.fna,GCF_029926905.1.fna,0.978238,0.88,1
GCF_031728095.1.fna,GCF_029926915.1.fna,0.978238,0.88,1
GCF_031728095.1.fna,GCF_031631055.1.fna,0.9879290000000001,0.84,1
GCF_031728095.1.fna,GCF_031727055.1.fna,0.9776220000000001,0.92,1
GCF_031728095.1.fna,GCF_031727075.1.fna,0.968772,0.92,1
GCF_031728095.1.fna,GCF_031727235.1.fna,0.9921559999999999,0.88,1
GCF_031728095.1.fna,GCF_031727255.1.fna,0.9583280000000001,0.8,1
GCF_031728095.1.fna,GCF_031727275.1.fna,0.992249,0.8,1
GCF_031728095.1.fna,GCF_031727355.1.fna,0.9748640000000001,0.84,1
GCF_031728095.1.fna,GCF_031727455.1.fna,0.974531,0.8,1
GCF_031728095.1.fna,GCF_031727535.1.fna,0.9938899999999999,0.84,1
GCF_031728095.1.fna,GCF_031728075.1.fna,0.976896,0.88,1
GCF_031728095.1.fna,GCF_031728095.1.fna,1.0,1.0,1
GCF_031728095.1.fna,GCF_031728115.1.fna,0.976701,0.88,1
GCF_031728095.1.fna,GCF_031728155.1.fna,0.973739,0.88,1
GCF_031728095.1.fna,GCF_031728235.1.fna,0.970616,0.92,1
GCF_031728095.1.fna,GCF_031728275.1.fna,0.990805,0.88,1
GCF_031728095.1.fna,GCF_031728295.1.fna,0.976588,0.88,1
GCF_031728095.1.fna,GCF_031728315.1.fna,0.965712,0.88,1
GCF_031728095.1.fna,GCF_031728335.1.fna,0.9632599999999999,0.92,1
GCF_031728095.1.fna,GCF_031728415.1.fna,0.992728,0.84,1
GCF_031728095.1.fna,GCF_031728455.1.fna,0.992547,0.84,1
GCF_031728095.1.fna,GCF_031728475.1.fna,0.975247,0.88,1
GCF_031728095.1.fna,GCF_031728495.1.fna,0.9903029999999999,0.88,1
GCF_031728095.1.fna,GCF_031728515.1.fna,0.962222,0.8,1
GCF_031728095.1.fna,GCF_031728555.1.fna,0.9671939999999999,0.92,1
GCF_031728095.1.fna,GCF_031728675.1.fna,0.996924,0.88,1
GCF_031728095.1.fna,GCF_031728695.1.fna,0.997639,0.92,1
GCF_031728095.1.fna,GCF_031728715.1.fna,0.988933,0.88,1
GCF_031728095.1.fna,GCF_031728735.1.fna,0.9720749999999999,0.88,1
GCF_031728095.1.fna,GCF_031728745.1.fna,0.971884,0.88,1
GCF_031728095.1.fna,GCF_031728795.1.fna,0.9930159999999999,0.88,1
GCF_031728095.1.fna,GCF_031728835.1.fna,0.9750270000000001,0.88,1
GCF_031728095.1.fna,GCF_031728895.1.fna,0.9898520000000001,0.92,1
GCF_031728095.1.fna,GCF_031729015.1.fna,0.9886069999999999,0.84,1
GCF_031728095.1.fna,GCF_036419895.1.fna,0.989027,0.88,1
GCF_031728095.1.fna,GCF_036420075.1.fna,0.9508369999999999,0.88,1
GCF_031728095.1.fna,GCF_037694985.1.fna,0.964656,0.88,1
GCF_031728095.1.fna,GCF_037695175.1.fna,0.994136,0.8,1
GCF_031728095.1.fna,GCF_037700135.1.fna,0.9750709999999999,0.88,1
GCF_031728095.1.fna,GCF_037700155.1.fna,0.975912,0.88,1
GCF_031728095.1.fna,GCF_037700295.1.fna,0.96893,0.84,1
GCF_031728095.1.fna,GCF_037700315.1.fna,0.992696,0.88,1
GCF_031728095.1.fna,GCF_037700375.1.fna,0.992594,0.84,1
GCF_031728095.1.fna,GCF_037700455.1.fna,0.993241,0.84,1
GCF_031728095.1.fna,GCF_040947025.1.fna,0.968155,0.88,1
GCF_031728095.1.fna,GCF_040947065.1.fna,0.969701,0.92,1
GCF_031728095.1.fna,GCF_040947125.1.fna,0.982373,0.88,1
GCF_031728095.1.fna,GCF_040947205.1.fna,0.964855,0.84,1
GCF_031728095.1.fna,GCF_040947225.1.fna,0.989816,0.84,1
GCF_031728095.1.fna,GCF_040947605.1.fna,0.9751000000000001,0.84,1
GCF_031728095.1.fna,GCF_040947645.1.fna,0.974681,0.8,1
GCF_031728095.1.fna,GCF_047653515.1.fna,0.97342,0.92,1
GCF_031728095.1.fna,GCF_047653525.1.fna,0.9675969999999999,1.0,1
GCF_031728095.1.fna,GCF_052950835.1.fna,0.990004,0.8,1
GCF_031728095.1.fna,GCF_900458635.1.fna,0.98394,0.84,1
GCF_031728095.1.fna,GCF_964211265.1.fna,0.9870059999999999,0.92,1
GCF_031728115.1.fna,GCF_000269685.1.fna,0.993423,0.875,1
GCF_031728115.1.fna,GCF_002901845.1.fna,0.9765,0.8333333333333334,1
GCF_031728115.1.fna,GCF_013267575.1.fna,0.976658,0.8333333333333334,1
GCF_031728115.1.fna,GCF_015274535.1.fna,0.994762,0.875,1
GCF_031728115.1.fna,GCF_015274585.1.fna,0.9957389999999999,0.8333333333333334,1
GCF_031728115.1.fna,GCF_015274655.1.fna,0.992055,0.875,1
GCF_031728115.1.fna,GCF_015274675.1.fna,0.990467,0.9583333333333334,1
GCF_031728115.1.fna,GCF_017315625.1.fna,0.9930840000000001,0.9166666666666666,1
GCF_031728115.1.fna,GCF_017315645.1.fna,0.992577,0.9166666666666666,1
GCF_031728115.1.fna,GCF_022689565.1.fna,0.992277,0.9166666666666666,1
GCF_031728115.1.fna,GCF_022689575.1.fna,0.976354,0.875,1
GCF_031728115.1.fna,GCF_022689615.1.fna,0.9931319999999999,0.9583333333333334,1
GCF_031728115.1.fna,GCF_022689645.1.fna,0.976853,0.8333333333333334,1
GCF_031728115.1.fna,GCF_022689665.1.fna,0.975951,0.875,1
GCF_031728115.1.fna,GCF_022689675.1.fna,0.994327,0.9166666666666666,1
GCF_031728115.1.fna,GCF_022689705.1.fna,0.976853,0.8333333333333334,1
GCF_031728115.1.fna,GCF_022689725.1.fna,0.976669,0.875,1
GCF_031728115.1.fna,GCF_022689745.1.fna,0.9909250000000001,1.0,1
GCF_031728115.1.fna,GCF_022689765.1.fna,0.994215,0.9583333333333334,1
GCF_031728115.1.fna,GCF_022689775.1.fna,0.976511,0.875,1
GCF_031728115.1.fna,GCF_022689785.1.fna,0.976486,0.875,1
GCF_031728115.1.fna,GCF_022689825.1.fna,0.993859,0.9583333333333334,1
GCF_031728115.1.fna,GCF_022689845.1.fna,0.994997,0.9166666666666666,1
GCF_031728115.1.fna,GCF_022689855.1.fna,0.975673,0.9166666666666666,1
GCF_031728115.1.fna,GCF_022689905.1.fna,0.9931369999999999,0.9583333333333334,1
GCF_031728115.1.fna,GCF_022689925.1.fna,0.966222,0.875,1
GCF_031728115.1.fna,GCF_022689945.1.fna,0.982873,0.9166666666666666,1
GCF_031728115.1.fna,GCF_022689965.1.fna,0.9900199999999999,0.9583333333333334,1
GCF_031728115.1.fna,GCF_022689975.1.fna,0.9947320000000001,0.9166666666666666,1
GCF_031728115.1.fna,GCF_022690005.1.fna,0.977594,0.875,1
GCF_031728115.1.fna,GCF_022690025.1.fna,0.975901,0.9166666666666666,1
GCF_031728115.1.fna,GCF_022690045.1.fna,0.977594,0.875,1
GCF_031728115.1.fna,GCF_022690065.1.fna,0.994213,0.9166666666666666,1
GCF_031728115.1.fna,GCF_022690085.1.fna,0.968314,0.9166666666666666,1
GCF_031728115.1.fna,GCF_022690105.1.fna,0.996372,0.875,1
GCF_031728115.1.fna,GCF_022690115.1.fna,0.9836459999999999,0.875,1
GCF_031728115.1.fna,GCF_022690145.1.fna,0.9941970000000001,0.9166666666666666,1
GCF_031728115.1.fna,GCF_022690165.1.fna,0.9956440000000001,0.875,1
GCF_031728115.1.fna,GCF_022690185.1.fna,0.9764539999999999,0.875,1
GCF_031728115.1.fna,GCF_022690205.1.fna,0.9764879999999999,0.875,1
GCF_031728115.1.fna,GCF_022690225.1.fna,0.976634,0.875,1
GCF_031728115.1.fna,GCF_022690245.1.fna,0.9947199999999999,0.9166666666666666,1
GCF_031728115.1.fna,GCF_022690265.1.fna,0.995046,0.875,1
GCF_031728115.1.fna,GCF_022690275.1.fna,0.9956699999999999,0.875,1
GCF_031728115.1.fna,GCF_022690295.1.fna,0.98366,0.875,1
GCF_031728115.1.fna,GCF_022690325.1.fna,0.9762909999999999,0.875,1
GCF_031728115.1.fna,GCF_022690345.1.fna,0.990624,0.9583333333333334,1
GCF_031728115.1.fna,GCF_022690375.1.fna,0.977458,0.8333333333333334,1
GCF_031728115.1.fna,GCF_022690385.1.fna,0.995797,0.875,1
GCF_031728115.1.fna,GCF_022690425.1.fna,0.9922839999999999,0.9583333333333334,1
GCF_031728115.1.fna,GCF_025143205.1.fna,0.9960209999999999,0.875,1
GCF_031728115.1.fna,GCF_025143445.1.fna,0.9766360000000001,0.8333333333333334,1
GCF_031728115.1.fna,GCF_025143615.1.fna,0.976549,0.875,1
GCF_031728115.1.fna,GCF_029926865.1.fna,0.9908589999999999,1.0,1
GCF_031728115.1.fna,GCF_029926905.1.fna,0.991883,0.9583333333333334,1
GCF_031728115.1.fna,GCF_029926915.1.fna,0.991883,0.9583333333333334,1
GCF_031728115.1.fna,GCF_031631055.1.fna,0.977542,0.875,1
GCF_031728115.1.fna,GCF_031727055.1.fna,0.97531,0.9166666666666666,1
GCF_031728115.1.fna,GCF_031727075.1.fna,0.994327,0.9166666666666666,1
GCF_031728115.1.fna,GCF_031727235.1.fna,0.975789,0.875,1
GCF_031728115.1.fna,GCF_031727255.1.fna,0.985594,0.8333333333333334,1
GCF_031728115.1.fna,GCF_031727275.1.fna,0.9770220000000001,0.8333333333333334,1
GCF_031728115.1.fna,GCF_031727355.1.fna,0.9907299999999999,0.9583333333333334,1
GCF_031728115.1.fna,GCF_031727455.1.fna,0.96833,0.8333333333333334,1
GCF_031728115.1.fna,GCF_031727535.1.fna,0.97699,0.875,1
GCF_031728115.1.fna,GCF_031728075.1.fna,0.992966,0.9166666666666666,1
GCF_031728115.1.fna,GCF_031728095.1.fna,0.9762179999999999,0.875,1
GCF_031728115.1.fna,GCF_031728115.1.fna,1.0,1.0,1
GCF_031728115.1.fna,GCF_031728155.1.fna,0.9915160000000001,0.9166666666666666,1
GCF_031728115.1.fna,GCF_031728235.1.fna,0.995171,0.9166666666666666,1
GCF_031728115.1.fna,GCF_031728275.1.fna,0.976905,0.8333333333333334,1
GCF_031728115.1.fna,GCF_031728295.1.fna,0.991876,1.0,1
GCF_031728115.1.fna,GCF_031728315.1.fna,0.9945350000000001,0.9166666666666666,1
GCF_031728115.1.fna,GCF_031728335.1.fna,0.9971850000000001,0.9166666666666666,1
GCF_031728115.1.fna,GCF_031728415.1.fna,0.9777840000000001,0.8333333333333334,1
GCF_031728115.1.fna,GCF_031728455.1.fna,0.977689,0.8333333333333334,1
GCF_031728115.1.fna,GCF_031728475.1.fna,0.991533,1.0,1
GCF_031728115.1.fna,GCF_031728495.1.fna,0.977571,0.875,1
GCF_031728115.1.fna,GCF_031728515.1.fna,0.984186,0.875,1
GCF_031728115.1.fna,GCF_031728555.1.fna,0.9949030000000001,0.9166666666666666,1
GCF_031728115.1.fna,GCF_031728675.1.fna,0.9769920000000001,0.875,1
GCF_031728115.1.fna,GCF_031728695.1.fna,0.976118,0.875,1
GCF_031728115.1.fna,GCF_031728715.1.fna,0.9767140000000001,0.8333333333333334,1
GCF_031728115.1.fna,GCF_031728735.1.fna,0.990638,0.9166666666666666,1
GCF_031728115.1.fna,GCF_031728745.1.fna,0.993964,0.9166666666666666,1
GCF_031728115.1.fna,GCF_031728795.1.fna,0.97752,0.9166666666666666,1
GCF_031728115.1.fna,GCF_031728835.1.fna,0.9943519999999999,0.9166666666666666,1
GCF_031728115.1.fna,GCF_031728895.1.fna,0.97637,0.875,1
GCF_031728115.1.fna,GCF_031729015.1.fna,0.9767440000000001,0.8333333333333334,1
GCF_031728115.1.fna,GCF_036419895.1.fna,0.976819,0.8333333333333334,1
GCF_031728115.1.fna,GCF_036420075.1.fna,0.982873,0.9166666666666666,1
GCF_031728115.1.fna,GCF_037694985.1.fna,0.9928530000000001,0.9166666666666666,1
GCF_031728115.1.fna,GCF_037695175.1.fna,0.976621,0.8333333333333334,1
GCF_031728115.1.fna,GCF_037700135.1.fna,0.9944329999999999,0.9583333333333334,1
GCF_031728115.1.fna,GCF_037700155.1.fna,0.992336,0.9583333333333334,1
GCF_031728115.1.fna,GCF_037700295.1.fna,0.9924890000000001,0.9166666666666666,1
GCF_031728115.1.fna,GCF_037700315.1.fna,0.9764069999999999,0.875,1
GCF_031728115.1.fna,GCF_037700375.1.fna,0.976098,0.875,1
GCF_031728115.1.fna,GCF_037700455.1.fna,0.976981,0.875,1
GCF_031728115.1.fna,GCF_040947025.1.fna,0.989871,0.9166666666666666,1
GCF_031728115.1.fna,GCF_040947065.1.fna,0.98235,0.8333333333333334,1
GCF_031728115.1.fna,GCF_040947125.1.fna,0.976264,0.875,1
GCF_031728115.1.fna,GCF_040947205.1.fna,0.994475,0.875,1
GCF_031728115.1.fna,GCF_040947225.1.fna,0.9796729999999999,0.8333333333333334,1
GCF_031728115.1.fna,GCF_040947605.1.fna,0.995819,0.8333333333333334,1
GCF_031728115.1.fna,GCF_040947645.1.fna,0.995819,0.8333333333333334,1
GCF_031728115.1.fna,GCF_047653515.1.fna,0.9917239999999999,0.9583333333333334,1
GCF_031728115.1.fna,GCF_047653525.1.fna,0.9943089999999999,1.0,1
GCF_031728115.1.fna,GCF_052950835.1.fna,0.978463,0.8333333333333334,1
GCF_031728115.1.fna,GCF_900458635.1.fna,0.9765,0.8333333333333334,1
GCF_031728115.1.fna,GCF_964211265.1.fna,0.9762900000000001,0.9166666666666666,1
GCF_031728155.1.fna,GCF_000269685.1.fna,0.9932040000000001,0.9166666666666666,1
GCF_031728155.1.fna,GCF_002901845.1.fna,0.9775360000000001,0.8333333333333334,1
GCF_031728155.1.fna,GCF_013267575.1.fna,0.976156,0.8333333333333334,1
GCF_031728155.1.fna,GCF_015274535.1.fna,0.990084,0.875,1
GCF_031728155.1.fna,GCF_015274585.1.fna,0.9929399999999999,0.8333333333333334,1
GCF_031728155.1.fna,GCF_015274655.1.fna,0.9929399999999999,0.8333333333333334,1
GCF_031728155.1.fna,GCF_015274675.1.fna,0.993151,0.9583333333333334,1
GCF_031728155.1.fna,GCF_017315625.1.fna,0.990916,0.9583333333333334,1
GCF_031728155.1.fna,GCF_017315645.1.fna,0.9951260000000001,0.9166666666666666,1
GCF_031728155.1.fna,GCF_022689565.1.fna,0.995205,0.875,1
GCF_031728155.1.fna,GCF_022689575.1.fna,0.9761759999999999,0.9166666666666666,1
GCF_031728155.1.fna,GCF_022689615.1.fna,0.993639,0.9166666666666666,1
GCF_031728155.1.fna,GCF_022689645.1.fna,0.9775499999999999,0.8333333333333334,1
GCF_031728155.1.fna,GCF_022689665.1.fna,0.975819,0.9166666666666666,1
GCF_031728155.1.fna,GCF_022689675.1.fna,0.994692,0.9166666666666666,1
GCF_031728155.1.fna,GCF_022689705.1.fna,0.9775499999999999,0.8333333333333334,1
GCF_031728155.1.fna,GCF_022689725.1.fna,0.976491,0.9166666666666666,1
GCF_031728155.1.fna,GCF_022689745.1.fna,0.993509,0.9583333333333334,1
GCF_031728155.1.fna,GCF_022689765.1.fna,0.982795,0.9583333333333334,1
GCF_031728155.1.fna,GCF_022689775.1.fna,0.976666,0.8333333333333334,1
GCF_031728155.1.fna,GCF_022689785.1.fna,0.976396,0.875,1
GCF_031728155.1.fna,GCF_022689825.1.fna,0.983275,1.0,1
GCF_031728155.1.fna,GCF_022689845.1.fna,0.994475,0.875,1
GCF_031728155.1.fna,GCF_022689855.1.fna,0.9767560000000001,0.875,1
GCF_031728155.1.fna,GCF_022689905.1.fna,0.993044,0.9166666666666666,1
GCF_031728155.1.fna,GCF_022689925.1.fna,0.968476,0.875,1
GCF_031728155.1.fna,GCF_022689945.1.fna,0.985938,0.875,1
GCF_031728155.1.fna,GCF_022689965.1.fna,0.9952500000000001,0.9583333333333334,1
GCF_031728155.1.fna,GCF_022689975.1.fna,0.9832569999999999,0.9583333333333334,1
GCF_031728155.1.fna,GCF_022690005.1.fna,0.97761,0.875,1
GCF_031728155.1.fna,GCF_022690025.1.fna,0.9694429999999999,0.9166666666666666,1
GCF_031728155.1.fna,GCF_022690045.1.fna,0.97761,0.875,1
GCF_031728155.1.fna,GCF_022690065.1.fna,0.990989,0.9166666666666666,1
GCF_031728155.1.fna,GCF_022690085.1.fna,0.969371,0.9166666666666666,1
GCF_031728155.1.fna,GCF_022690105.1.fna,0.9930490000000001,0.9166666666666666,1
GCF_031728155.1.fna,GCF_022690115.1.fna,0.9755780000000001,0.9166666666666666,1
GCF_031728155.1.fna,GCF_022690145.1.fna,0.993751,0.875,1
GCF_031728155.1.fna,GCF_022690165.1.fna,0.994165,0.875,1
GCF_031728155.1.fna,GCF_022690185.1.fna,0.9763590000000001,0.875,1
GCF_031728155.1.fna,GCF_022690205.1.fna,0.9766410000000001,0.8333333333333334,1
GCF_031728155.1.fna,GCF_022690225.1.fna,0.977969,0.8333333333333334,1
GCF_031728155.1.fna,GCF_022690245.1.fna,0.993817,0.875,1
GCF_031728155.1.fna,GCF_022690265.1.fna,0.9937309999999999,0.875,1
GCF_031728155.1.fna,GCF_022690275.1.fna,0.992997,0.9166666666666666,1
GCF_031728155.1.fna,GCF_022690295.1.fna,0.967374,0.9166666666666666,1
GCF_031728155.1.fna,GCF_022690325.1.fna,0.972183,0.9166666666666666,1
GCF_031728155.1.fna,GCF_022690345.1.fna,0.9977800000000001,1.0,1
GCF_031728155.1.fna,GCF_022690375.1.fna,0.9764019999999999,0.8333333333333334,1
GCF_031728155.1.fna,GCF_022690385.1.fna,0.99398,0.9166666666666666,1
GCF_031728155.1.fna,GCF_022690425.1.fna,0.994996,0.9166666666666666,1
GCF_031728155.1.fna,GCF_025143205.1.fna,0.994148,0.8333333333333334,1
GCF_031728155.1.fna,GCF_025143445.1.fna,0.977725,0.8333333333333334,1
GCF_031728155.1.fna,GCF_025143615.1.fna,0.977158,0.875,1
GCF_031728155.1.fna,GCF_029926865.1.fna,0.984151,1.0,1
GCF_031728155.1.fna,GCF_029926905.1.fna,0.984649,0.9583333333333334,1
GCF_031728155.1.fna,GCF_029926915.1.fna,0.984649,0.9583333333333334,1
GCF_031728155.1.fna,GCF_031631055.1.fna,0.976661,0.8333333333333334,1
GCF_031728155.1.fna,GCF_031727055.1.fna,0.976943,0.875,1
GCF_031728155.1.fna,GCF_031727075.1.fna,0.994722,0.9166666666666666,1
GCF_031728155.1.fna,GCF_031727235.1.fna,0.977264,0.875,1
GCF_031728155.1.fna,GCF_031727255.1.fna,0.967374,0.9166666666666666,1
GCF_031728155.1.fna,GCF_031727275.1.fna,0.967173,0.875,1
GCF_031728155.1.fna,GCF_031727355.1.fna,0.9935209999999999,0.9166666666666666,1
GCF_031728155.1.fna,GCF_031727455.1.fna,0.96949,0.8333333333333334,1
GCF_031728155.1.fna,GCF_031727535.1.fna,0.977796,0.875,1
GCF_031728155.1.fna,GCF_031728075.1.fna,0.9962820000000001,0.875,1
GCF_031728155.1.fna,GCF_031728095.1.fna,0.9764069999999999,0.875,1
GCF_031728155.1.fna,GCF_031728115.1.fna,0.9930589999999999,0.875,1
GCF_031728155.1.fna,GCF_031728155.1.fna,1.0,1.0,1
GCF_031728155.1.fna,GCF_031728235.1.fna,0.99277,0.9583333333333334,1
GCF_031728155.1.fna,GCF_031728275.1.fna,0.977813,0.875,1
GCF_031728155.1.fna,GCF_031728295.1.fna,0.9942270000000001,0.9166666666666666,1
GCF_031728155.1.fna,GCF_031728315.1.fna,0.9934869999999999,0.875,1
GCF_031728155.1.fna,GCF_031728335.1.fna,0.9933669999999999,0.875,1
GCF_031728155.1.fna,GCF_031728415.1.fna,0.968669,0.9166666666666666,1
GCF_031728155.1.fna,GCF_031728455.1.fna,0.977757,0.875,1
GCF_031728155.1.fna,GCF_031728475.1.fna,0.99178,0.9166666666666666,1
GCF_031728155.1.fna,GCF_031728495.1.fna,0.9686830000000001,0.9166666666666666,1
GCF_031728155.1.fna,GCF_031728515.1.fna,0.9763670000000001,0.875,1
GCF_031728155.1.fna,GCF_031728555.1.fna,0.994287,0.8333333333333334,1
GCF_031728155.1.fna,GCF_031728675.1.fna,0.976571,0.875,1
GCF_031728155.1.fna,GCF_031728695.1.fna,0.976418,0.875,1
GCF_031728155.1.fna,GCF_031728715.1.fna,0.9770829999999999,0.875,1
GCF_031728155.1.fna,GCF_031728735.1.fna,0.992287,0.875,1
GCF_031728155.1.fna,GCF_031728745.1.fna,0.991687,0.875,1
GCF_031728155.1.fna,GCF_031728795.1.fna,0.977249,0.875,1
GCF_031728155.1.fna,GCF_031728835.1.fna,0.99363,0.875,1
GCF_031728155.1.fna,GCF_031728895.1.fna,0.97842,0.875,1
GCF_031728155.1.fna,GCF_031729015.1.fna,0.976512,0.8333333333333334,1
GCF_031728155.1.fna,GCF_036419895.1.fna,0.977099,0.875,1
GCF_031728155.1.fna,GCF_036420075.1.fna,0.985938,0.875,1
GCF_031728155.1.fna,GCF_037694985.1.fna,0.992001,0.9166666666666666,1
GCF_031728155.1.fna,GCF_037695175.1.fna,0.9683410000000001,0.875,1
GCF_031728155.1.fna,GCF_037700135.1.fna,0.993942,0.9166666666666666,1
GCF_031728155.1.fna,GCF_037700155.1.fna,0.99425,0.9583333333333334,1
GCF_031728155.1.fna,GCF_037700295.1.fna,0.9941989999999999,0.9166666666666666,1
GCF_031728155.1.fna,GCF_037700315.1.fna,0.976118,0.875,1
GCF_031728155.1.fna,GCF_037700375.1.fna,0.9772339999999999,0.875,1
GCF_031728155.1.fna,GCF_037700455.1.fna,0.978083,0.875,1
GCF_031728155.1.fna,GCF_040947025.1.fna,0.995449,0.9166666666666666,1
GCF_031728155.1.fna,GCF_040947065.1.fna,0.9782959999999999,0.875,1
GCF_031728155.1.fna,GCF_040947125.1.fna,0.9688859999999999,0.875,1
GCF_031728155.1.fna,GCF_040947205.1.fna,0.993704,0.875,1
GCF_031728155.1.fna,GCF_040947225.1.fna,0.98007,0.875,1
GCF_031728155.1.fna,GCF_040947605.1.fna,0.9947010000000001,0.8333333333333334,1
GCF_031728155.1.fna,GCF_040947645.1.fna,0.9947010000000001,0.8333333333333334,1
GCF_031728155.1.fna,GCF_047653515.1.fna,0.9808549999999999,0.9166666666666666,1
GCF_031728155.1.fna,GCF_047653525.1.fna,0.992042,1.0,1
GCF_031728155.1.fna,GCF_052950835.1.fna,0.972283,0.875,1
GCF_031728155.1.fna,GCF_900458635.1.fna,0.9775360000000001,0.8333333333333334,1
GCF_031728155.1.fna,GCF_964211265.1.fna,0.9780490000000001,0.9166666666666666,1
GCF_031728235.1.fna,GCF_000269685.1.fna,0.992668,0.7857142857142857,1
GCF_031728235.1.fna,GCF_002901845.1.fna,0.9701139999999999,0.7857142857142857,1
GCF_031728235.1.fna,GCF_013267575.1.fna,0.97439,0.7142857142857143,1
GCF_031728235.1.fna,GCF_015274535.1.fna,0.99424,0.75,1
GCF_031728235.1.fna,GCF_015274585.1.fna,0.995357,0.7142857142857143,1
GCF_031728235.1.fna,GCF_015274655.1.fna,0.9941559999999999,0.75,1
GCF_031728235.1.fna,GCF_015274675.1.fna,0.991751,0.8571428571428571,1
GCF_031728235.1.fna,GCF_017315625.1.fna,0.990934,0.7857142857142857,1
GCF_031728235.1.fna,GCF_017315645.1.fna,0.9912099999999999,0.7857142857142857,1
GCF_031728235.1.fna,GCF_022689565.1.fna,0.9922669999999999,0.75,1
GCF_031728235.1.fna,GCF_022689575.1.fna,0.97494,0.7857142857142857,1
GCF_031728235.1.fna,GCF_022689615.1.fna,0.996301,0.7857142857142857,1
GCF_031728235.1.fna,GCF_022689645.1.fna,0.975569,0.7142857142857143,1
GCF_031728235.1.fna,GCF_022689665.1.fna,0.974579,0.7857142857142857,1
GCF_031728235.1.fna,GCF_022689675.1.fna,0.9962779999999999,0.75,1
GCF_031728235.1.fna,GCF_022689705.1.fna,0.975569,0.7142857142857143,1
GCF_031728235.1.fna,GCF_022689725.1.fna,0.975243,0.7857142857142857,1
GCF_031728235.1.fna,GCF_022689745.1.fna,0.9957699999999999,0.8214285714285714,1
GCF_031728235.1.fna,GCF_022689765.1.fna,0.987762,0.8214285714285714,1
GCF_031728235.1.fna,GCF_022689775.1.fna,0.9679340000000001,0.7857142857142857,1
GCF_031728235.1.fna,GCF_022689785.1.fna,0.974098,0.75,1
GCF_031728235.1.fna,GCF_022689825.1.fna,0.987566,0.8214285714285714,1
GCF_031728235.1.fna,GCF_022689845.1.fna,0.98949,0.8214285714285714,1
GCF_031728235.1.fna,GCF_022689855.1.fna,0.9722759999999999,0.7857142857142857,1
GCF_031728235.1.fna,GCF_022689905.1.fna,0.992236,0.8214285714285714,1
GCF_031728235.1.fna,GCF_022689925.1.fna,0.9622310000000001,0.75,1
GCF_031728235.1.fna,GCF_022689945.1.fna,0.978519,0.7857142857142857,1
GCF_031728235.1.fna,GCF_022689965.1.fna,0.991548,0.7857142857142857,1
GCF_031728235.1.fna,GCF_022689975.1.fna,0.986978,0.7857142857142857,1
GCF_031728235.1.fna,GCF_022690005.1.fna,0.9764849999999999,0.75,1
GCF_031728235.1.fna,GCF_022690025.1.fna,0.9667239999999999,0.8214285714285714,1
GCF_031728235.1.fna,GCF_022690045.1.fna,0.9764849999999999,0.75,1
GCF_031728235.1.fna,GCF_022690065.1.fna,0.9896469999999999,0.8571428571428571,1
GCF_031728235.1.fna,GCF_022690085.1.fna,0.9664619999999999,0.75,1
GCF_031728235.1.fna,GCF_022690105.1.fna,0.9942409999999999,0.7857142857142857,1
GCF_031728235.1.fna,GCF_022690115.1.fna,0.975675,0.7857142857142857,1
GCF_031728235.1.fna,GCF_022690145.1.fna,0.989577,0.8571428571428571,1
GCF_031728235.1.fna,GCF_022690165.1.fna,0.990474,0.8214285714285714,1
GCF_031728235.1.fna,GCF_022690185.1.fna,0.9661690000000001,0.7857142857142857,1
GCF_031728235.1.fna,GCF_022690205.1.fna,0.971583,0.75,1
GCF_031728235.1.fna,GCF_022690225.1.fna,0.97379,0.75,1
GCF_031728235.1.fna,GCF_022690245.1.fna,0.995468,0.7857142857142857,1
GCF_031728235.1.fna,GCF_022690265.1.fna,0.995334,0.75,1
GCF_031728235.1.fna,GCF_022690275.1.fna,0.995344,0.75,1
GCF_031728235.1.fna,GCF_022690295.1.fna,0.9736069999999999,0.7857142857142857,1
GCF_031728235.1.fna,GCF_022690325.1.fna,0.970014,0.7857142857142857,1
GCF_031728235.1.fna,GCF_022690345.1.fna,0.9888840000000001,0.8571428571428571,1
GCF_031728235.1.fna,GCF_022690375.1.fna,0.966755,0.7857142857142857,1
GCF_031728235.1.fna,GCF_022690385.1.fna,0.996054,0.7142857142857143,1
GCF_031728235.1.fna,GCF_022690425.1.fna,0.992784,0.8214285714285714,1
GCF_031728235.1.fna,GCF_025143205.1.fna,0.995864,0.75,1
GCF_031728235.1.fna,GCF_025143445.1.fna,0.9660949999999999,0.7857142857142857,1
GCF_031728235.1.fna,GCF_025143615.1.fna,0.971588,0.75,1
GCF_031728235.1.fna,GCF_029926865.1.fna,0.9845619999999999,0.8571428571428571,1
GCF_031728235.1.fna,GCF_029926905.1.fna,0.984645,0.8214285714285714,1
GCF_031728235.1.fna,GCF_029926915.1.fna,0.984645,0.8214285714285714,1
GCF_031728235.1.fna,GCF_031631055.1.fna,0.969065,0.8214285714285714,1
GCF_031728235.1.fna,GCF_031727055.1.fna,0.9653879999999999,0.8571428571428571,1
GCF_031728235.1.fna,GCF_031727075.1.fna,0.996413,0.75,1
GCF_031728235.1.fna,GCF_031727235.1.fna,0.972263,0.75,1
GCF_031728235.1.fna,GCF_031727255.1.fna,0.9754559999999999,0.75,1
GCF_031728235.1.fna,GCF_031727275.1.fna,0.9674809999999999,0.75,1
GCF_031728235.1.fna,GCF_031727355.1.fna,0.993229,0.7857142857142857,1
GCF_031728235.1.fna,GCF_031727455.1.fna,0.9626319999999999,0.75,1
GCF_031728235.1.fna,GCF_031727535.1.fna,0.975692,0.75,1
GCF_031728235.1.fna,GCF_031728075.1.fna,0.993625,0.7857142857142857,1
GCF_031728235.1.fna,GCF_031728095.1.fna,0.969618,0.7857142857142857,1
GCF_031728235.1.fna,GCF_031728115.1.fna,0.9938849999999999,0.7857142857142857,1
GCF_031728235.1.fna,GCF_031728155.1.fna,0.9925700000000001,0.7857142857142857,1
GCF_031728235.1.fna,GCF_031728235.1.fna,1.0,1.0,1
GCF_031728235.1.fna,GCF_031728275.1.fna,0.9754940000000001,0.7142857142857143,1
GCF_031728235.1.fna,GCF_031728295.1.fna,0.991978,0.8214285714285714,1
GCF_031728235.1.fna,GCF_031728315.1.fna,0.994567,0.7857142857142857,1
GCF_031728235.1.fna,GCF_031728335.1.fna,0.987642,0.8928571428571429,1
GCF_031728235.1.fna,GCF_031728415.1.fna,0.9591289999999999,0.7857142857142857,1
GCF_031728235.1.fna,GCF_031728455.1.fna,0.976504,0.7142857142857143,1
GCF_031728235.1.fna,GCF_031728475.1.fna,0.993079,0.8214285714285714,1
GCF_031728235.1.fna,GCF_031728495.1.fna,0.9649930000000001,0.7857142857142857,1
GCF_031728235.1.fna,GCF_031728515.1.fna,0.977911,0.75,1
GCF_031728235.1.fna,GCF_031728555.1.fna,0.989311,0.8571428571428571,1
GCF_031728235.1.fna,GCF_031728675.1.fna,0.974799,0.75,1
GCF_031728235.1.fna,GCF_031728695.1.fna,0.972265,0.75,1
GCF_031728235.1.fna,GCF_031728715.1.fna,0.974257,0.7142857142857143,1
GCF_031728235.1.fna,GCF_031728735.1.fna,0.977005,0.8214285714285714,1
GCF_031728235.1.fna,GCF_031728745.1.fna,0.9907729999999999,0.8214285714285714,1
GCF_031728235.1.fna,GCF_031728795.1.fna,0.9744849999999999,0.7857142857142857,1
GCF_031728235.1.fna,GCF_031728835.1.fna,0.995358,0.7857142857142857,1
GCF_031728235.1.fna,GCF_031728895.1.fna,0.968368,0.7857142857142857,1
GCF_031728235.1.fna,GCF_031729015.1.fna,0.966529,0.75,1
GCF_031728235.1.fna,GCF_036419895.1.fna,0.966541,0.75,1
GCF_031728235.1.fna,GCF_036420075.1.fna,0.978519,0.7857142857142857,1
GCF_031728235.1.fna,GCF_037694985.1.fna,0.992825,0.7857142857142857,1
GCF_031728235.1.fna,GCF_037695175.1.fna,0.968234,0.75,1
GCF_031728235.1.fna,GCF_037700135.1.fna,0.995431,0.7857142857142857,1
GCF_031728235.1.fna,GCF_037700155.1.fna,0.99259,0.8214285714285714,1
GCF_031728235.1.fna,GCF_037700295.1.fna,0.995441,0.75,1
GCF_031728235.1.fna,GCF_037700315.1.fna,0.9680230000000001,0.7857142857142857,1
GCF_031728235.1.fna,GCF_037700375.1.fna,0.967493,0.8214285714285714,1
GCF_031728235.1.fna,GCF_037700455.1.fna,0.9682769999999999,0.8214285714285714,1
GCF_031728235.1.fna,GCF_040947025.1.fna,0.985775,0.8214285714285714,1
GCF_031728235.1.fna,GCF_040947065.1.fna,0.972235,0.7857142857142857,1
GCF_031728235.1.fna,GCF_040947125.1.fna,0.960246,0.8214285714285714,1
GCF_031728235.1.fna,GCF_040947205.1.fna,0.9885200000000001,0.75,1
GCF_031728235.1.fna,GCF_040947225.1.fna,0.978657,0.7142857142857143,1
GCF_031728235.1.fna,GCF_040947605.1.fna,0.996771,0.7142857142857143,1
GCF_031728235.1.fna,GCF_040947645.1.fna,0.996703,0.7142857142857143,1
GCF_031728235.1.fna,GCF_047653515.1.fna,0.9942700000000001,0.8214285714285714,1
GCF_031728235.1.fna,GCF_047653525.1.fna,0.992016,0.8928571428571429,1
GCF_031728235.1.fna,GCF_052950835.1.fna,0.97312,0.75,1
GCF_031728235.1.fna,GCF_900458635.1.fna,0.9701139999999999,0.7857142857142857,1
GCF_031728235.1.fna,GCF_964211265.1.fna,0.9722379999999999,0.8214285714285714,1
GCF_031728275.1.fna,GCF_000269685.1.fna,0.9777049999999999,0.9130434782608695,1
GCF_031728275.1.fna,GCF_002901845.1.fna,0.9955660000000001,0.8695652173913043,1
GCF_031728275.1.fna,GCF_013267575.1.fna,0.9922610000000001,0.9130434782608695,1
GCF_031728275.1.fna,GCF_015274535.1.fna,0.9741110000000001,0.9565217391304348,1
GCF_031728275.1.fna,GCF_015274585.1.fna,0.9741110000000001,0.9565217391304348,1
GCF_031728275.1.fna,GCF_015274655.1.fna,0.9741110000000001,0.9565217391304348,1
GCF_031728275.1.fna,GCF_015274675.1.fna,0.9777859999999999,0.9130434782608695,1
GCF_031728275.1.fna,GCF_017315625.1.fna,0.9780970000000001,0.9130434782608695,1
GCF_031728275.1.fna,GCF_017315645.1.fna,0.978325,0.9130434782608695,1
GCF_031728275.1.fna,GCF_022689565.1.fna,0.9765250000000001,0.8695652173913043,1
GCF_031728275.1.fna,GCF_022689575.1.fna,0.9950180000000001,0.9130434782608695,1
GCF_031728275.1.fna,GCF_022689615.1.fna,0.9751690000000001,0.8695652173913043,1
GCF_031728275.1.fna,GCF_022689645.1.fna,0.9944029999999999,0.8695652173913043,1
GCF_031728275.1.fna,GCF_022689665.1.fna,0.9948279999999999,0.9130434782608695,1
GCF_031728275.1.fna,GCF_022689675.1.fna,0.9759319999999999,0.9130434782608695,1
GCF_031728275.1.fna,GCF_022689705.1.fna,0.993911,0.9130434782608695,1
GCF_031728275.1.fna,GCF_022689725.1.fna,0.995368,0.9130434782608695,1
GCF_031728275.1.fna,GCF_022689745.1.fna,0.97584,0.9130434782608695,1
GCF_031728275.1.fna,GCF_022689765.1.fna,0.975827,0.9130434782608695,1
GCF_031728275.1.fna,GCF_022689775.1.fna,0.995757,0.8695652173913043,1
GCF_031728275.1.fna,GCF_022689785.1.fna,0.9902630000000001,0.9565217391304348,1
GCF_031728275.1.fna,GCF_022689825.1.fna,0.975762,0.9130434782608695,1
GCF_031728275.1.fna,GCF_022689845.1.fna,0.975308,0.8695652173913043,1
GCF_031728275.1.fna,GCF_022689855.1.fna,0.9946250000000001,0.9130434782608695,1
GCF_031728275.1.fna,GCF_022689905.1.fna,0.9759680000000001,0.9130434782608695,1
GCF_031728275.1.fna,GCF_022689925.1.fna,0.973476,0.8260869565217391,1
GCF_031728275.1.fna,GCF_022689945.1.fna,0.9681829999999999,0.8260869565217391,1
GCF_031728275.1.fna,GCF_022689965.1.fna,0.9779300000000001,0.9130434782608695,1
GCF_031728275.1.fna,GCF_022689975.1.fna,0.9753839999999999,0.9130434782608695,1
GCF_031728275.1.fna,GCF_022690005.1.fna,0.994291,0.9130434782608695,1
GCF_031728275.1.fna,GCF_022690025.1.fna,0.994888,0.9130434782608695,1
GCF_031728275.1.fna,GCF_022690045.1.fna,0.994291,0.9130434782608695,1
GCF_031728275.1.fna,GCF_022690065.1.fna,0.975176,0.9130434782608695,1
GCF_031728275.1.fna,GCF_022690085.1.fna,0.972923,0.9130434782608695,1
GCF_031728275.1.fna,GCF_022690105.1.fna,0.9751000000000001,0.9130434782608695,1
GCF_031728275.1.fna,GCF_022690115.1.fna,0.974151,0.9130434782608695,1
GCF_031728275.1.fna,GCF_022690145.1.fna,0.975176,0.9130434782608695,1
GCF_031728275.1.fna,GCF_022690165.1.fna,0.975559,0.9130434782608695,1
GCF_031728275.1.fna,GCF_022690185.1.fna,0.990796,0.9565217391304348,1
GCF_031728275.1.fna,GCF_022690205.1.fna,0.9957250000000001,0.8695652173913043,1
GCF_031728275.1.fna,GCF_022690225.1.fna,0.9910899999999999,0.9130434782608695,1
GCF_031728275.1.fna,GCF_022690245.1.fna,0.9724200000000001,0.9565217391304348,1
GCF_031728275.1.fna,GCF_022690265.1.fna,0.975176,0.9130434782608695,1
GCF_031728275.1.fna,GCF_022690275.1.fna,0.974494,0.8695652173913043,1
GCF_031728275.1.fna,GCF_022690295.1.fna,0.957192,0.8695652173913043,1
GCF_031728275.1.fna,GCF_022690325.1.fna,0.994564,0.9130434782608695,1
GCF_031728275.1.fna,GCF_022690345.1.fna,0.975749,0.9130434782608695,1
GCF_031728275.1.fna,GCF_022690375.1.fna,0.9942489999999999,0.8695652173913043,1
GCF_031728275.1.fna,GCF_022690385.1.fna,0.9757340000000001,0.9130434782608695,1
GCF_031728275.1.fna,GCF_022690425.1.fna,0.977088,0.9130434782608695,1
GCF_031728275.1.fna,GCF_025143205.1.fna,0.975369,0.9130434782608695,1
GCF_031728275.1.fna,GCF_025143445.1.fna,0.9943919999999999,0.9130434782608695,1
GCF_031728275.1.fna,GCF_025143615.1.fna,0.9957309999999999,0.9130434782608695,1
GCF_031728275.1.fna,GCF_029926865.1.fna,0.9789249999999999,0.9130434782608695,1
GCF_031728275.1.fna,GCF_029926905.1.fna,0.9789249999999999,0.9130434782608695,1
GCF_031728275.1.fna,GCF_029926915.1.fna,0.9789249999999999,0.9130434782608695,1
GCF_031728275.1.fna,GCF_031631055.1.fna,0.989065,0.9130434782608695,1
GCF_031728275.1.fna,GCF_031727055.1.fna,0.9919499999999999,0.9130434782608695,1
GCF_031728275.1.fna,GCF_031727075.1.fna,0.9759319999999999,0.9130434782608695,1
GCF_031728275.1.fna,GCF_031727235.1.fna,0.995124,0.9130434782608695,1
GCF_031728275.1.fna,GCF_031727255.1.fna,0.957192,0.8695652173913043,1
GCF_031728275.1.fna,GCF_031727275.1.fna,0.994096,0.8695652173913043,1
GCF_031728275.1.fna,GCF_031727355.1.fna,0.976524,0.8695652173913043,1
GCF_031728275.1.fna,GCF_031727455.1.fna,0.973866,0.8695652173913043,1
GCF_031728275.1.fna,GCF_031727535.1.fna,0.995553,0.9130434782608695,1
GCF_031728275.1.fna,GCF_031728075.1.fna,0.977088,0.9130434782608695,1
GCF_031728275.1.fna,GCF_031728095.1.fna,0.9905670000000001,0.9130434782608695,1
GCF_031728275.1.fna,GCF_031728115.1.fna,0.977169,0.9130434782608695,1
GCF_031728275.1.fna,GCF_031728155.1.fna,0.977826,0.9130434782608695,1
GCF_031728275.1.fna,GCF_031728235.1.fna,0.975795,0.9130434782608695,1
GCF_031728275.1.fna,GCF_031728275.1.fna,1.0,1.0,1
GCF_031728275.1.fna,GCF_031728295.1.fna,0.978185,0.9130434782608695,1
GCF_031728275.1.fna,GCF_031728315.1.fna,0.96875,0.9565217391304348,1
GCF_031728275.1.fna,GCF_031728335.1.fna,0.9755429999999999,0.9130434782608695,1
GCF_031728275.1.fna,GCF_031728415.1.fna,0.9946510000000001,0.9130434782608695,1
GCF_031728275.1.fna,GCF_031728455.1.fna,0.994581,0.9130434782608695,1
GCF_031728275.1.fna,GCF_031728475.1.fna,0.975511,0.9130434782608695,1
GCF_031728275.1.fna,GCF_031728495.1.fna,0.994692,0.9130434782608695,1
GCF_031728275.1.fna,GCF_031728515.1.fna,0.9569589999999999,0.8695652173913043,1
GCF_031728275.1.fna,GCF_031728555.1.fna,0.975625,0.9130434782608695,1
GCF_031728275.1.fna,GCF_031728675.1.fna,0.9914029999999999,0.9565217391304348,1
GCF_031728275.1.fna,GCF_031728695.1.fna,0.991033,0.9565217391304348,1
GCF_031728275.1.fna,GCF_031728715.1.fna,0.992067,0.9565217391304348,1
GCF_031728275.1.fna,GCF_031728735.1.fna,0.973994,0.9130434782608695,1
GCF_031728275.1.fna,GCF_031728745.1.fna,0.97256,0.9130434782608695,1
GCF_031728275.1.fna,GCF_031728795.1.fna,0.989535,0.9565217391304348,1
GCF_031728275.1.fna,GCF_031728835.1.fna,0.975723,0.9130434782608695,1
GCF_031728275.1.fna,GCF_031728895.1.fna,0.992449,1.0,1
GCF_031728275.1.fna,GCF_031729015.1.fna,0.991328,0.9130434782608695,1
GCF_031728275.1.fna,GCF_036419895.1.fna,0.992216,0.9565217391304348,1
GCF_031728275.1.fna,GCF_036420075.1.fna,0.9681829999999999,0.8260869565217391,1
GCF_031728275.1.fna,GCF_037694985.1.fna,0.97503,0.9130434782608695,1
GCF_031728275.1.fna,GCF_037695175.1.fna,0.996103,0.8695652173913043,1
GCF_031728275.1.fna,GCF_037700135.1.fna,0.9753050000000001,0.9130434782608695,1
GCF_031728275.1.fna,GCF_037700155.1.fna,0.977689,0.9130434782608695,1
GCF_031728275.1.fna,GCF_037700295.1.fna,0.976973,0.8695652173913043,1
GCF_031728275.1.fna,GCF_037700315.1.fna,0.994307,0.9130434782608695,1
GCF_031728275.1.fna,GCF_037700375.1.fna,0.993263,0.9565217391304348,1
GCF_031728275.1.fna,GCF_037700455.1.fna,0.9940089999999999,0.9565217391304348,1
GCF_031728275.1.fna,GCF_040947025.1.fna,0.978771,0.9130434782608695,1
GCF_031728275.1.fna,GCF_040947065.1.fna,0.986122,1.0,1
GCF_031728275.1.fna,GCF_040947125.1.fna,0.9960169999999999,0.8695652173913043,1
GCF_031728275.1.fna,GCF_040947205.1.fna,0.9733029999999999,0.9130434782608695,1
GCF_031728275.1.fna,GCF_040947225.1.fna,0.992649,0.9130434782608695,1
GCF_031728275.1.fna,GCF_040947605.1.fna,0.976041,0.9565217391304348,1
GCF_031728275.1.fna,GCF_040947645.1.fna,0.975707,0.9130434782608695,1
GCF_031728275.1.fna,GCF_047653515.1.fna,0.977634,0.9130434782608695,1
GCF_031728275.1.fna,GCF_047653525.1.fna,0.9747589999999999,0.9565217391304348,1
GCF_031728275.1.fna,GCF_052950835.1.fna,0.98961,0.9130434782608695,1
GCF_031728275.1.fna,GCF_900458635.1.fna,0.9955660000000001,0.8695652173913043,1
GCF_031728275.1.fna,GCF_964211265.1.fna,0.993539,0.9130434782608695,1
GCF_031728295.1.fna,GCF_000269685.1.fna,0.990506,0.8846153846153846,1
GCF_031728295.1.fna,GCF_002901845.1.fna,0.971019,0.8461538461538461,1
GCF_031728295.1.fna,GCF_013267575.1.fna,0.976453,0.7692307692307693,1
GCF_031728295.1.fna,GCF_015274535.1.fna,0.9926470000000001,0.8076923076923077,1
GCF_031728295.1.fna,GCF_015274585.1.fna,0.993494,0.7692307692307693,1
GCF_031728295.1.fna,GCF_015274655.1.fna,0.992367,0.8076923076923077,1
GCF_031728295.1.fna,GCF_015274675.1.fna,0.987476,0.9615384615384616,1
GCF_031728295.1.fna,GCF_017315625.1.fna,0.992633,0.8461538461538461,1
GCF_031728295.1.fna,GCF_017315645.1.fna,0.999135,0.9230769230769231,1
GCF_031728295.1.fna,GCF_022689565.1.fna,0.9938039999999999,0.8461538461538461,1
GCF_031728295.1.fna,GCF_022689575.1.fna,0.976856,0.8076923076923077,1
GCF_031728295.1.fna,GCF_022689615.1.fna,0.993781,0.8846153846153846,1
GCF_031728295.1.fna,GCF_022689645.1.fna,0.9773529999999999,0.7692307692307693,1
GCF_031728295.1.fna,GCF_022689665.1.fna,0.9764790000000001,0.8076923076923077,1
GCF_031728295.1.fna,GCF_022689675.1.fna,0.9940260000000001,0.8461538461538461,1
GCF_031728295.1.fna,GCF_022689705.1.fna,0.9773529999999999,0.7692307692307693,1
GCF_031728295.1.fna,GCF_022689725.1.fna,0.977172,0.8076923076923077,1
GCF_031728295.1.fna,GCF_022689745.1.fna,0.9933679999999999,0.9230769230769231,1
GCF_031728295.1.fna,GCF_022689765.1.fna,0.994335,0.8846153846153846,1
GCF_031728295.1.fna,GCF_022689775.1.fna,0.9756699999999999,0.8076923076923077,1
GCF_031728295.1.fna,GCF_022689785.1.fna,0.97677,0.8076923076923077,1
GCF_031728295.1.fna,GCF_022689825.1.fna,0.994136,0.8846153846153846,1
GCF_031728295.1.fna,GCF_022689845.1.fna,0.99141,0.9230769230769231,1
GCF_031728295.1.fna,GCF_022689855.1.fna,0.975482,0.8461538461538461,1
GCF_031728295.1.fna,GCF_022689905.1.fna,0.9883069999999999,0.9615384615384616,1
GCF_031728295.1.fna,GCF_022689925.1.fna,0.967612,0.8076923076923077,1
GCF_031728295.1.fna,GCF_022689945.1.fna,0.9728249999999999,0.8846153846153846,1
GCF_031728295.1.fna,GCF_022689965.1.fna,0.9896429999999999,0.9230769230769231,1
GCF_031728295.1.fna,GCF_022689975.1.fna,0.9936820000000001,0.8461538461538461,1
GCF_031728295.1.fna,GCF_022690005.1.fna,0.977249,0.8076923076923077,1
GCF_031728295.1.fna,GCF_022690025.1.fna,0.974872,0.8461538461538461,1
GCF_031728295.1.fna,GCF_022690045.1.fna,0.977249,0.8076923076923077,1
GCF_031728295.1.fna,GCF_022690065.1.fna,0.98681,0.9230769230769231,1
GCF_031728295.1.fna,GCF_022690085.1.fna,0.968881,0.8461538461538461,1
GCF_031728295.1.fna,GCF_022690105.1.fna,0.993856,0.8076923076923077,1
GCF_031728295.1.fna,GCF_022690115.1.fna,0.985131,0.8076923076923077,1
GCF_031728295.1.fna,GCF_022690145.1.fna,0.98681,0.9230769230769231,1
GCF_031728295.1.fna,GCF_022690165.1.fna,0.98712,0.8846153846153846,1
GCF_031728295.1.fna,GCF_022690185.1.fna,0.976755,0.8076923076923077,1
GCF_031728295.1.fna,GCF_022690205.1.fna,0.975647,0.8076923076923077,1
GCF_031728295.1.fna,GCF_022690225.1.fna,0.977143,0.8076923076923077,1
GCF_031728295.1.fna,GCF_022690245.1.fna,0.994522,0.8461538461538461,1
GCF_031728295.1.fna,GCF_022690265.1.fna,0.9936010000000001,0.8076923076923077,1
GCF_031728295.1.fna,GCF_022690275.1.fna,0.99393,0.8076923076923077,1
GCF_031728295.1.fna,GCF_022690295.1.fna,0.970137,0.8846153846153846,1
GCF_031728295.1.fna,GCF_022690325.1.fna,0.97643,0.8076923076923077,1
GCF_031728295.1.fna,GCF_022690345.1.fna,0.991704,0.9230769230769231,1
GCF_031728295.1.fna,GCF_022690375.1.fna,0.970135,0.8461538461538461,1
GCF_031728295.1.fna,GCF_022690385.1.fna,0.995077,0.8076923076923077,1
GCF_031728295.1.fna,GCF_022690425.1.fna,0.993441,0.8846153846153846,1
GCF_031728295.1.fna,GCF_025143205.1.fna,0.99452,0.8076923076923077,1
GCF_031728295.1.fna,GCF_025143445.1.fna,0.9640909999999999,0.8461538461538461,1
GCF_031728295.1.fna,GCF_025143615.1.fna,0.975703,0.8076923076923077,1
GCF_031728295.1.fna,GCF_029926865.1.fna,0.9950579999999999,0.9230769230769231,1
GCF_031728295.1.fna,GCF_029926905.1.fna,0.995098,0.8846153846153846,1
GCF_031728295.1.fna,GCF_029926915.1.fna,0.995098,0.8846153846153846,1
GCF_031728295.1.fna,GCF_031631055.1.fna,0.975795,0.8461538461538461,1
GCF_031728295.1.fna,GCF_031727055.1.fna,0.973027,0.8846153846153846,1
GCF_031728295.1.fna,GCF_031727075.1.fna,0.9939870000000001,0.8461538461538461,1
GCF_031728295.1.fna,GCF_031727235.1.fna,0.9756,0.8076923076923077,1
GCF_031728295.1.fna,GCF_031727255.1.fna,0.971734,0.8461538461538461,1
GCF_031728295.1.fna,GCF_031727275.1.fna,0.976775,0.7692307692307693,1
GCF_031728295.1.fna,GCF_031727355.1.fna,0.993777,0.8846153846153846,1
GCF_031728295.1.fna,GCF_031727455.1.fna,0.969036,0.7692307692307693,1
GCF_031728295.1.fna,GCF_031727535.1.fna,0.97748,0.8076923076923077,1
GCF_031728295.1.fna,GCF_031728075.1.fna,0.994481,0.8461538461538461,1
GCF_031728295.1.fna,GCF_031728095.1.fna,0.976399,0.8076923076923077,1
GCF_031728295.1.fna,GCF_031728115.1.fna,0.992795,0.8846153846153846,1
GCF_031728295.1.fna,GCF_031728155.1.fna,0.9941979999999999,0.8461538461538461,1
GCF_031728295.1.fna,GCF_031728235.1.fna,0.9915999999999999,0.9230769230769231,1
GCF_031728295.1.fna,GCF_031728275.1.fna,0.9780289999999999,0.7692307692307693,1
GCF_031728295.1.fna,GCF_031728295.1.fna,1.0,1.0,1
GCF_031728295.1.fna,GCF_031728315.1.fna,0.9891979999999999,0.9230769230769231,1
GCF_031728295.1.fna,GCF_031728335.1.fna,0.988858,0.8846153846153846,1
GCF_031728295.1.fna,GCF_031728415.1.fna,0.973034,0.8076923076923077,1
GCF_031728295.1.fna,GCF_031728455.1.fna,0.977441,0.7692307692307693,1
GCF_031728295.1.fna,GCF_031728475.1.fna,0.993385,0.9230769230769231,1
GCF_031728295.1.fna,GCF_031728495.1.fna,0.975565,0.8076923076923077,1
GCF_031728295.1.fna,GCF_031728515.1.fna,0.972993,0.8461538461538461,1
GCF_031728295.1.fna,GCF_031728555.1.fna,0.9873050000000001,0.9230769230769231,1
GCF_031728295.1.fna,GCF_031728675.1.fna,0.9767870000000001,0.8076923076923077,1
GCF_031728295.1.fna,GCF_031728695.1.fna,0.9759260000000001,0.8076923076923077,1
GCF_031728295.1.fna,GCF_031728715.1.fna,0.977024,0.7692307692307693,1
GCF_031728295.1.fna,GCF_031728735.1.fna,0.984995,0.9230769230769231,1
GCF_031728295.1.fna,GCF_031728745.1.fna,0.987078,0.9230769230769231,1
GCF_031728295.1.fna,GCF_031728795.1.fna,0.976721,0.8461538461538461,1
GCF_031728295.1.fna,GCF_031728835.1.fna,0.994106,0.8461538461538461,1
GCF_031728295.1.fna,GCF_031728895.1.fna,0.9699469999999999,0.8461538461538461,1
GCF_031728295.1.fna,GCF_031729015.1.fna,0.9770699999999999,0.7692307692307693,1
GCF_031728295.1.fna,GCF_036419895.1.fna,0.97711,0.7692307692307693,1
GCF_031728295.1.fna,GCF_036420075.1.fna,0.9728249999999999,0.8846153846153846,1
GCF_031728295.1.fna,GCF_037694985.1.fna,0.987639,0.9230769230769231,1
GCF_031728295.1.fna,GCF_037695175.1.fna,0.9771110000000001,0.7692307692307693,1
GCF_031728295.1.fna,GCF_037700135.1.fna,0.9938410000000001,0.8846153846153846,1
GCF_031728295.1.fna,GCF_037700155.1.fna,0.997158,0.9230769230769231,1
GCF_031728295.1.fna,GCF_037700295.1.fna,0.997115,0.8461538461538461,1
GCF_031728295.1.fna,GCF_037700315.1.fna,0.9726819999999999,0.8461538461538461,1
GCF_031728295.1.fna,GCF_037700375.1.fna,0.971148,0.8846153846153846,1
GCF_031728295.1.fna,GCF_037700455.1.fna,0.97193,0.8846153846153846,1
GCF_031728295.1.fna,GCF_040947025.1.fna,0.9866379999999999,0.9230769230769231,1
GCF_031728295.1.fna,GCF_040947065.1.fna,0.9761279999999999,0.8076923076923077,1
GCF_031728295.1.fna,GCF_040947125.1.fna,0.965449,0.8846153846153846,1
GCF_031728295.1.fna,GCF_040947205.1.fna,0.9870829999999999,0.8846153846153846,1
GCF_031728295.1.fna,GCF_040947225.1.fna,0.979461,0.7692307692307693,1
GCF_031728295.1.fna,GCF_040947605.1.fna,0.9947020000000001,0.7692307692307693,1
GCF_031728295.1.fna,GCF_040947645.1.fna,0.9947020000000001,0.7692307692307693,1
GCF_031728295.1.fna,GCF_047653515.1.fna,0.995283,0.8846153846153846,1
GCF_031728295.1.fna,GCF_047653525.1.fna,0.98297,1.0,1
GCF_031728295.1.fna,GCF_052950835.1.fna,0.977763,0.7692307692307693,1
GCF_031728295.1.fna,GCF_900458635.1.fna,0.971019,0.8461538461538461,1
GCF_031728295.1.fna,GCF_964211265.1.fna,0.968502,0.8846153846153846,1
GCF_031728315.1.fna,GCF_000269685.1.fna,0.9883230000000001,0.8888888888888888,1
GCF_031728315.1.fna,GCF_002901845.1.fna,0.9679559999999999,0.8518518518518519,1
GCF_031728315.1.fna,GCF_013267575.1.fna,0.967166,0.7777777777777778,1
GCF_031728315.1.fna,GCF_015274535.1.fna,0.995027,0.7407407407407407,1
GCF_031728315.1.fna,GCF_015274585.1.fna,0.995027,0.7407407407407407,1
GCF_031728315.1.fna,GCF_015274655.1.fna,0.995027,0.7407407407407407,1
GCF_031728315.1.fna,GCF_015274675.1.fna,0.988893,0.8888888888888888,1
GCF_031728315.1.fna,GCF_017315625.1.fna,0.9952589999999999,0.7777777777777778,1
GCF_031728315.1.fna,GCF_017315645.1.fna,0.9881300000000001,0.8518518518518519,1
GCF_031728315.1.fna,GCF_022689565.1.fna,0.992923,0.7777777777777778,1
GCF_031728315.1.fna,GCF_022689575.1.fna,0.97299,0.8148148148148148,1
GCF_031728315.1.fna,GCF_022689615.1.fna,0.9952030000000001,0.7777777777777778,1
GCF_031728315.1.fna,GCF_022689645.1.fna,0.9737560000000001,0.7777777777777778,1
GCF_031728315.1.fna,GCF_022689665.1.fna,0.972618,0.8148148148148148,1
GCF_031728315.1.fna,GCF_022689675.1.fna,0.9952939999999999,0.7777777777777778,1
GCF_031728315.1.fna,GCF_022689705.1.fna,0.976272,0.7407407407407407,1
GCF_031728315.1.fna,GCF_022689725.1.fna,0.973284,0.8148148148148148,1
GCF_031728315.1.fna,GCF_022689745.1.fna,0.994932,0.8148148148148148,1
GCF_031728315.1.fna,GCF_022689765.1.fna,0.9970310000000001,0.8148148148148148,1
GCF_031728315.1.fna,GCF_022689775.1.fna,0.970141,0.7777777777777778,1
GCF_031728315.1.fna,GCF_022689785.1.fna,0.972725,0.8148148148148148,1
GCF_031728315.1.fna,GCF_022689825.1.fna,0.9968389999999999,0.8148148148148148,1
GCF_031728315.1.fna,GCF_022689845.1.fna,0.9874679999999999,0.9259259259259259,1
GCF_031728315.1.fna,GCF_022689855.1.fna,0.974559,0.8148148148148148,1
GCF_031728315.1.fna,GCF_022689905.1.fna,0.999456,0.9629629629629629,1
GCF_031728315.1.fna,GCF_022689925.1.fna,0.9671599999999999,0.7777777777777778,1
GCF_031728315.1.fna,GCF_022689945.1.fna,0.977752,0.7777777777777778,1
GCF_031728315.1.fna,GCF_022689965.1.fna,0.98571,0.8888888888888888,1
GCF_031728315.1.fna,GCF_022689975.1.fna,0.996388,0.8148148148148148,1
GCF_031728315.1.fna,GCF_022690005.1.fna,0.97699,0.7777777777777778,1
GCF_031728315.1.fna,GCF_022690025.1.fna,0.972749,0.8148148148148148,1
GCF_031728315.1.fna,GCF_022690045.1.fna,0.97699,0.7777777777777778,1
GCF_031728315.1.fna,GCF_022690065.1.fna,0.984589,0.9259259259259259,1
GCF_031728315.1.fna,GCF_022690085.1.fna,0.967787,0.8148148148148148,1
GCF_031728315.1.fna,GCF_022690105.1.fna,0.9954139999999999,0.7777777777777778,1
GCF_031728315.1.fna,GCF_022690115.1.fna,0.985237,0.7777777777777778,1
GCF_031728315.1.fna,GCF_022690145.1.fna,0.984589,0.9259259259259259,1
GCF_031728315.1.fna,GCF_022690165.1.fna,0.9849979999999999,0.9259259259259259,1
GCF_031728315.1.fna,GCF_022690185.1.fna,0.9675239999999999,0.8518518518518519,1
GCF_031728315.1.fna,GCF_022690205.1.fna,0.9753029999999999,0.7777777777777778,1
GCF_031728315.1.fna,GCF_022690225.1.fna,0.976509,0.7407407407407407,1
GCF_031728315.1.fna,GCF_022690245.1.fna,0.995771,0.7777777777777778,1
GCF_031728315.1.fna,GCF_022690265.1.fna,0.99221,0.8148148148148148,1
GCF_031728315.1.fna,GCF_022690275.1.fna,0.995351,0.7777777777777778,1
GCF_031728315.1.fna,GCF_022690295.1.fna,0.960886,0.8888888888888888,1
GCF_031728315.1.fna,GCF_022690325.1.fna,0.975997,0.7777777777777778,1
GCF_031728315.1.fna,GCF_022690345.1.fna,0.99166,0.8148148148148148,1
GCF_031728315.1.fna,GCF_022690375.1.fna,0.9723390000000001,0.8148148148148148,1
GCF_031728315.1.fna,GCF_022690385.1.fna,0.994167,0.8148148148148148,1
GCF_031728315.1.fna,GCF_022690425.1.fna,0.9901829999999999,0.8148148148148148,1
GCF_031728315.1.fna,GCF_025143205.1.fna,0.996027,0.7777777777777778,1
GCF_031728315.1.fna,GCF_025143445.1.fna,0.966258,0.8148148148148148,1
GCF_031728315.1.fna,GCF_025143615.1.fna,0.9765649999999999,0.7407407407407407,1
GCF_031728315.1.fna,GCF_029926865.1.fna,0.992051,0.8148148148148148,1
GCF_031728315.1.fna,GCF_029926905.1.fna,0.992051,0.8148148148148148,1
GCF_031728315.1.fna,GCF_029926915.1.fna,0.992051,0.8148148148148148,1
GCF_031728315.1.fna,GCF_031631055.1.fna,0.9690449999999999,0.7777777777777778,1
GCF_031728315.1.fna,GCF_031727055.1.fna,0.9656189999999999,0.8888888888888888,1
GCF_031728315.1.fna,GCF_031727075.1.fna,0.9952939999999999,0.7777777777777778,1
GCF_031728315.1.fna,GCF_031727235.1.fna,0.9746299999999999,0.7777777777777778,1
GCF_031728315.1.fna,GCF_031727255.1.fna,0.960886,0.8888888888888888,1
GCF_031728315.1.fna,GCF_031727275.1.fna,0.9763630000000001,0.7407407407407407,1
GCF_031728315.1.fna,GCF_031727355.1.fna,0.992923,0.7777777777777778,1
GCF_031728315.1.fna,GCF_031727455.1.fna,0.967846,0.7407407407407407,1
GCF_031728315.1.fna,GCF_031727535.1.fna,0.973597,0.8148148148148148,1
GCF_031728315.1.fna,GCF_031728075.1.fna,0.990156,0.8148148148148148,1
GCF_031728315.1.fna,GCF_031728095.1.fna,0.960798,0.8148148148148148,1
GCF_031728315.1.fna,GCF_031728115.1.fna,0.994568,0.8148148148148148,1
GCF_031728315.1.fna,GCF_031728155.1.fna,0.993489,0.7777777777777778,1
GCF_031728315.1.fna,GCF_031728235.1.fna,0.9903799999999999,0.8518518518518519,1
GCF_031728315.1.fna,GCF_031728275.1.fna,0.970212,0.7777777777777778,1
GCF_031728315.1.fna,GCF_031728295.1.fna,0.989047,0.8888888888888888,1
GCF_031728315.1.fna,GCF_031728315.1.fna,1.0,1.0,1
GCF_031728315.1.fna,GCF_031728335.1.fna,0.99187,0.8518518518518519,1
GCF_031728315.1.fna,GCF_031728415.1.fna,0.9738370000000001,0.7777777777777778,1
GCF_031728315.1.fna,GCF_031728455.1.fna,0.977062,0.7407407407407407,1
GCF_031728315.1.fna,GCF_031728475.1.fna,0.9931650000000001,0.8148148148148148,1
GCF_031728315.1.fna,GCF_031728495.1.fna,0.9771299999999999,0.7407407407407407,1
GCF_031728315.1.fna,GCF_031728515.1.fna,0.974687,0.7777777777777778,1
GCF_031728315.1.fna,GCF_031728555.1.fna,0.985147,0.9259259259259259,1
GCF_031728315.1.fna,GCF_031728675.1.fna,0.9678260000000001,0.8148148148148148,1
GCF_031728315.1.fna,GCF_031728695.1.fna,0.966418,0.7777777777777778,1
GCF_031728315.1.fna,GCF_031728715.1.fna,0.97588,0.7777777777777778,1
GCF_031728315.1.fna,GCF_031728735.1.fna,0.977483,0.9259259259259259,1
GCF_031728315.1.fna,GCF_031728745.1.fna,0.984977,0.8518518518518519,1
GCF_031728315.1.fna,GCF_031728795.1.fna,0.9741960000000001,0.8148148148148148,1
GCF_031728315.1.fna,GCF_031728835.1.fna,0.9924200000000001,0.8148148148148148,1
GCF_031728315.1.fna,GCF_031728895.1.fna,0.966061,0.8148148148148148,1
GCF_031728315.1.fna,GCF_031729015.1.fna,0.973939,0.7777777777777778,1
GCF_031728315.1.fna,GCF_036419895.1.fna,0.976024,0.7777777777777778,1
GCF_031728315.1.fna,GCF_036420075.1.fna,0.977752,0.7777777777777778,1
GCF_031728315.1.fna,GCF_037694985.1.fna,0.996174,0.9629629629629629,1
GCF_031728315.1.fna,GCF_037695175.1.fna,0.975808,0.7407407407407407,1
GCF_031728315.1.fna,GCF_037700135.1.fna,0.9933280000000001,0.8518518518518519,1
GCF_031728315.1.fna,GCF_037700155.1.fna,0.99331,0.8148148148148148,1
GCF_031728315.1.fna,GCF_037700295.1.fna,0.99503,0.7777777777777778,1
GCF_031728315.1.fna,GCF_037700315.1.fna,0.966982,0.8518518518518519,1
GCF_031728315.1.fna,GCF_037700375.1.fna,0.9635980000000001,0.8888888888888888,1
GCF_031728315.1.fna,GCF_037700455.1.fna,0.964371,0.8888888888888888,1
GCF_031728315.1.fna,GCF_040947025.1.fna,0.981529,0.9259259259259259,1
GCF_031728315.1.fna,GCF_040947065.1.fna,0.970155,0.8518518518518519,1
GCF_031728315.1.fna,GCF_040947125.1.fna,0.969026,0.8148148148148148,1
GCF_031728315.1.fna,GCF_040947205.1.fna,0.9883419999999999,0.8518518518518519,1
GCF_031728315.1.fna,GCF_040947225.1.fna,0.979257,0.7407407407407407,1
GCF_031728315.1.fna,GCF_040947605.1.fna,0.996177,0.7407407407407407,1
GCF_031728315.1.fna,GCF_040947645.1.fna,0.996177,0.7407407407407407,1
GCF_031728315.1.fna,GCF_047653515.1.fna,0.994118,0.7777777777777778,1
GCF_031728315.1.fna,GCF_047653525.1.fna,0.982826,0.9259259259259259,1
GCF_031728315.1.fna,GCF_052950835.1.fna,0.980141,0.7037037037037037,1
GCF_031728315.1.fna,GCF_900458635.1.fna,0.9679559999999999,0.8518518518518519,1
GCF_031728315.1.fna,GCF_964211265.1.fna,0.9687730000000001,0.8148148148148148,1
GCF_031728335.1.fna,GCF_000269685.1.fna,0.983369,0.7666666666666667,1
GCF_031728335.1.fna,GCF_002901845.1.fna,0.965842,0.7333333333333333,1
GCF_031728335.1.fna,GCF_013267575.1.fna,0.9751869999999999,0.6666666666666666,1
GCF_031728335.1.fna,GCF_015274535.1.fna,0.996413,0.6666666666666666,1
GCF_031728335.1.fna,GCF_015274585.1.fna,0.996413,0.6666666666666666,1
GCF_031728335.1.fna,GCF_015274655.1.fna,0.996413,0.6666666666666666,1
GCF_031728335.1.fna,GCF_015274675.1.fna,0.983006,0.8,1
GCF_031728335.1.fna,GCF_017315625.1.fna,0.992517,0.7,1
GCF_031728335.1.fna,GCF_017315645.1.fna,0.9829389999999999,0.7333333333333333,1
GCF_031728335.1.fna,GCF_022689565.1.fna,0.993939,0.6666666666666666,1
GCF_031728335.1.fna,GCF_022689575.1.fna,0.973505,0.7333333333333333,1
GCF_031728335.1.fna,GCF_022689615.1.fna,0.995431,0.7,1
GCF_031728335.1.fna,GCF_022689645.1.fna,0.9751819999999999,0.6666666666666666,1
GCF_031728335.1.fna,GCF_022689665.1.fna,0.97312,0.7333333333333333,1
GCF_031728335.1.fna,GCF_022689675.1.fna,0.996862,0.6666666666666666,1
GCF_031728335.1.fna,GCF_022689705.1.fna,0.9751819999999999,0.6666666666666666,1
GCF_031728335.1.fna,GCF_022689725.1.fna,0.9738060000000001,0.7333333333333333,1
GCF_031728335.1.fna,GCF_022689745.1.fna,0.995209,0.7333333333333333,1
GCF_031728335.1.fna,GCF_022689765.1.fna,0.9867,0.7666666666666667,1
GCF_031728335.1.fna,GCF_022689775.1.fna,0.9683790000000001,0.7,1
GCF_031728335.1.fna,GCF_022689785.1.fna,0.9751439999999999,0.7,1
GCF_031728335.1.fna,GCF_022689825.1.fna,0.986344,0.7666666666666667,1
GCF_031728335.1.fna,GCF_022689845.1.fna,0.983185,0.7666666666666667,1
GCF_031728335.1.fna,GCF_022689855.1.fna,0.974444,0.7,1
GCF_031728335.1.fna,GCF_022689905.1.fna,0.986392,0.7666666666666667,1
GCF_031728335.1.fna,GCF_022689925.1.fna,0.955807,0.7,1
GCF_031728335.1.fna,GCF_022689945.1.fna,0.976191,0.7,1
GCF_031728335.1.fna,GCF_022689965.1.fna,0.982953,0.7666666666666667,1
GCF_031728335.1.fna,GCF_022689975.1.fna,0.9868760000000001,0.7333333333333333,1
GCF_031728335.1.fna,GCF_022690005.1.fna,0.976245,0.7,1
GCF_031728335.1.fna,GCF_022690025.1.fna,0.967619,0.7333333333333333,1
GCF_031728335.1.fna,GCF_022690045.1.fna,0.9762460000000001,0.7,1
GCF_031728335.1.fna,GCF_022690065.1.fna,0.984853,0.8,1
GCF_031728335.1.fna,GCF_022690085.1.fna,0.967416,0.7,1
GCF_031728335.1.fna,GCF_022690105.1.fna,0.9993519999999999,0.7333333333333333,1
GCF_031728335.1.fna,GCF_022690115.1.fna,0.973984,0.7666666666666667,1
GCF_031728335.1.fna,GCF_022690145.1.fna,0.984853,0.8,1
GCF_031728335.1.fna,GCF_022690165.1.fna,0.985359,0.8,1
GCF_031728335.1.fna,GCF_022690185.1.fna,0.975082,0.7,1
GCF_031728335.1.fna,GCF_022690205.1.fna,0.975363,0.6666666666666666,1
GCF_031728335.1.fna,GCF_022690225.1.fna,0.975685,0.6666666666666666,1
GCF_031728335.1.fna,GCF_022690245.1.fna,0.996997,0.7,1
GCF_031728335.1.fna,GCF_022690265.1.fna,0.9960809999999999,0.7,1
GCF_031728335.1.fna,GCF_022690275.1.fna,0.995406,0.7,1
GCF_031728335.1.fna,GCF_022690295.1.fna,0.9747509999999999,0.7,1
GCF_031728335.1.fna,GCF_022690325.1.fna,0.9703780000000001,0.7333333333333333,1
GCF_031728335.1.fna,GCF_022690345.1.fna,0.991505,0.7333333333333333,1
GCF_031728335.1.fna,GCF_022690375.1.fna,0.964657,0.7333333333333333,1
GCF_031728335.1.fna,GCF_022690385.1.fna,0.99708,0.6666666666666666,1
GCF_031728335.1.fna,GCF_022690425.1.fna,0.9948520000000001,0.7333333333333333,1
GCF_031728335.1.fna,GCF_025143205.1.fna,0.997045,0.7,1
GCF_031728335.1.fna,GCF_025143445.1.fna,0.964722,0.7333333333333333,1
GCF_031728335.1.fna,GCF_025143615.1.fna,0.975429,0.6666666666666666,1
GCF_031728335.1.fna,GCF_029926865.1.fna,0.984973,0.8,1
GCF_031728335.1.fna,GCF_029926905.1.fna,0.985724,0.7666666666666667,1
GCF_031728335.1.fna,GCF_029926915.1.fna,0.985724,0.7666666666666667,1
GCF_031728335.1.fna,GCF_031631055.1.fna,0.96726,0.7666666666666667,1
GCF_031728335.1.fna,GCF_031727055.1.fna,0.961701,0.8,1
GCF_031728335.1.fna,GCF_031727075.1.fna,0.996862,0.6666666666666666,1
GCF_031728335.1.fna,GCF_031727235.1.fna,0.974504,0.6666666666666666,1
GCF_031728335.1.fna,GCF_031727255.1.fna,0.974684,0.7,1
GCF_031728335.1.fna,GCF_031727275.1.fna,0.9678279999999999,0.7,1
GCF_031728335.1.fna,GCF_031727355.1.fna,0.992165,0.7,1
GCF_031728335.1.fna,GCF_031727455.1.fna,0.968156,0.6666666666666666,1
GCF_031728335.1.fna,GCF_031727535.1.fna,0.9754559999999999,0.7,1
GCF_031728335.1.fna,GCF_031728075.1.fna,0.995466,0.7,1
GCF_031728335.1.fna,GCF_031728095.1.fna,0.967024,0.7,1
GCF_031728335.1.fna,GCF_031728115.1.fna,0.9971720000000001,0.7333333333333333,1
GCF_031728335.1.fna,GCF_031728155.1.fna,0.991804,0.7333333333333333,1
GCF_031728335.1.fna,GCF_031728235.1.fna,0.993937,0.7666666666666667,1
GCF_031728335.1.fna,GCF_031728275.1.fna,0.975241,0.6666666666666666,1
GCF_031728335.1.fna,GCF_031728295.1.fna,0.983052,0.8,1
GCF_031728335.1.fna,GCF_031728315.1.fna,0.987046,0.7666666666666667,1
GCF_031728335.1.fna,GCF_031728335.1.fna,1.0,0.9,1
GCF_031728335.1.fna,GCF_031728415.1.fna,0.960355,0.7333333333333333,1
GCF_031728335.1.fna,GCF_031728455.1.fna,0.967638,0.7,1
GCF_031728335.1.fna,GCF_031728475.1.fna,0.992923,0.7333333333333333,1
GCF_031728335.1.fna,GCF_031728495.1.fna,0.96941,0.7,1
GCF_031728335.1.fna,GCF_031728515.1.fna,0.975911,0.6666666666666666,1
GCF_031728335.1.fna,GCF_031728555.1.fna,0.9858,0.8333333333333334,1
GCF_031728335.1.fna,GCF_031728675.1.fna,0.975597,0.7,1
GCF_031728335.1.fna,GCF_031728695.1.fna,0.974546,0.6666666666666666,1
GCF_031728335.1.fna,GCF_031728715.1.fna,0.975282,0.6666666666666666,1
GCF_031728335.1.fna,GCF_031728735.1.fna,0.9736499999999999,0.7666666666666667,1
GCF_031728335.1.fna,GCF_031728745.1.fna,0.986976,0.7666666666666667,1
GCF_031728335.1.fna,GCF_031728795.1.fna,0.9758880000000001,0.7,1
GCF_031728335.1.fna,GCF_031728835.1.fna,0.994857,0.7333333333333333,1
GCF_031728335.1.fna,GCF_031728895.1.fna,0.970828,0.7,1
GCF_031728335.1.fna,GCF_031729015.1.fna,0.965526,0.7,1
GCF_031728335.1.fna,GCF_036419895.1.fna,0.965598,0.7,1
GCF_031728335.1.fna,GCF_036420075.1.fna,0.976191,0.7,1
GCF_031728335.1.fna,GCF_037694985.1.fna,0.975769,0.8,1
GCF_031728335.1.fna,GCF_037695175.1.fna,0.9671810000000001,0.7,1
GCF_031728335.1.fna,GCF_037700135.1.fna,0.996328,0.7,1
GCF_031728335.1.fna,GCF_037700155.1.fna,0.994259,0.7,1
GCF_031728335.1.fna,GCF_037700295.1.fna,0.994041,0.7,1
GCF_031728335.1.fna,GCF_037700315.1.fna,0.968241,0.7333333333333333,1
GCF_031728335.1.fna,GCF_037700375.1.fna,0.957501,0.8,1
GCF_031728335.1.fna,GCF_037700455.1.fna,0.9582729999999999,0.8,1
GCF_031728335.1.fna,GCF_040947025.1.fna,0.976546,0.8,1
GCF_031728335.1.fna,GCF_040947065.1.fna,0.978202,0.7,1
GCF_031728335.1.fna,GCF_040947125.1.fna,0.954735,0.7666666666666667,1
GCF_031728335.1.fna,GCF_040947205.1.fna,0.9794360000000001,0.7333333333333333,1
GCF_031728335.1.fna,GCF_040947225.1.fna,0.9782569999999999,0.6666666666666666,1
GCF_031728335.1.fna,GCF_040947605.1.fna,0.9972610000000001,0.6666666666666666,1
GCF_031728335.1.fna,GCF_040947645.1.fna,0.9972610000000001,0.6666666666666666,1
GCF_031728335.1.fna,GCF_047653515.1.fna,0.985135,0.7666666666666667,1
GCF_031728335.1.fna,GCF_047653525.1.fna,0.9786499999999999,0.8333333333333334,1
GCF_031728335.1.fna,GCF_052950835.1.fna,0.970631,0.7,1
GCF_031728335.1.fna,GCF_900458635.1.fna,0.964567,0.7666666666666667,1
GCF_031728335.1.fna,GCF_964211265.1.fna,0.9673900000000001,0.7666666666666667,1
GCF_031728415.1.fna,GCF_000269685.1.fna,0.9653,0.88,1
GCF_031728415.1.fna,GCF_002901845.1.fna,0.988775,0.84,1
GCF_031728415.1.fna,GCF_013267575.1.fna,0.9928570000000001,0.8,1
GCF_031728415.1.fna,GCF_015274535.1.fna,0.976306,0.8,1
GCF_031728415.1.fna,GCF_015274585.1.fna,0.976306,0.8,1
GCF_031728415.1.fna,GCF_015274655.1.fna,0.976306,0.8,1
GCF_031728415.1.fna,GCF_015274675.1.fna,0.967196,0.92,1
GCF_031728415.1.fna,GCF_017315625.1.fna,0.9715699999999999,0.88,1
GCF_031728415.1.fna,GCF_017315645.1.fna,0.9736100000000001,0.88,1
GCF_031728415.1.fna,GCF_022689565.1.fna,0.9768729999999999,0.8,1
GCF_031728415.1.fna,GCF_022689575.1.fna,0.988361,0.88,1
GCF_031728415.1.fna,GCF_022689615.1.fna,0.976372,0.8,1
GCF_031728415.1.fna,GCF_022689645.1.fna,0.9923109999999999,0.8,1
GCF_031728415.1.fna,GCF_022689665.1.fna,0.98812,0.88,1
GCF_031728415.1.fna,GCF_022689675.1.fna,0.9770740000000001,0.84,1
GCF_031728415.1.fna,GCF_022689705.1.fna,0.9923109999999999,0.8,1
GCF_031728415.1.fna,GCF_022689725.1.fna,0.9887009999999999,0.88,1
GCF_031728415.1.fna,GCF_022689745.1.fna,0.976923,0.84,1
GCF_031728415.1.fna,GCF_022689765.1.fna,0.975051,0.88,1
GCF_031728415.1.fna,GCF_022689775.1.fna,0.9936320000000001,0.8,1
GCF_031728415.1.fna,GCF_022689785.1.fna,0.9927779999999999,0.84,1
GCF_031728415.1.fna,GCF_022689825.1.fna,0.9749110000000001,0.88,1
GCF_031728415.1.fna,GCF_022689845.1.fna,0.9726049999999999,0.84,1
GCF_031728415.1.fna,GCF_022689855.1.fna,0.9927030000000001,0.84,1
GCF_031728415.1.fna,GCF_022689905.1.fna,0.9738979999999999,0.88,1
GCF_031728415.1.fna,GCF_022689925.1.fna,0.971811,0.8,1
GCF_031728415.1.fna,GCF_022689945.1.fna,0.9682580000000001,0.76,1
GCF_031728415.1.fna,GCF_022689965.1.fna,0.974999,0.88,1
GCF_031728415.1.fna,GCF_022689975.1.fna,0.9744929999999999,0.88,1
GCF_031728415.1.fna,GCF_022690005.1.fna,0.99668,0.84,1
GCF_031728415.1.fna,GCF_022690025.1.fna,0.990952,0.88,1
GCF_031728415.1.fna,GCF_022690045.1.fna,0.99668,0.84,1
GCF_031728415.1.fna,GCF_022690065.1.fna,0.973083,0.88,1
GCF_031728415.1.fna,GCF_022690085.1.fna,0.971221,0.84,1
GCF_031728415.1.fna,GCF_022690105.1.fna,0.96943,0.88,1
GCF_031728415.1.fna,GCF_022690115.1.fna,0.9733660000000001,0.88,1
GCF_031728415.1.fna,GCF_022690145.1.fna,0.973083,0.88,1
GCF_031728415.1.fna,GCF_022690165.1.fna,0.973485,0.88,1
GCF_031728415.1.fna,GCF_022690185.1.fna,0.9928629999999999,0.84,1
GCF_031728415.1.fna,GCF_022690205.1.fna,0.9936020000000001,0.8,1
GCF_031728415.1.fna,GCF_022690225.1.fna,0.993079,0.8,1
GCF_031728415.1.fna,GCF_022690245.1.fna,0.975939,0.84,1
GCF_031728415.1.fna,GCF_022690265.1.fna,0.976158,0.84,1
GCF_031728415.1.fna,GCF_022690275.1.fna,0.967094,0.84,1
GCF_031728415.1.fna,GCF_022690295.1.fna,0.966165,0.8,1
GCF_031728415.1.fna,GCF_022690325.1.fna,0.9873959999999999,0.88,1
GCF_031728415.1.fna,GCF_022690345.1.fna,0.9663679999999999,0.88,1
GCF_031728415.1.fna,GCF_022690375.1.fna,0.9897450000000001,0.84,1
GCF_031728415.1.fna,GCF_022690385.1.fna,0.967211,0.88,1
GCF_031728415.1.fna,GCF_022690425.1.fna,0.976182,0.84,1
GCF_031728415.1.fna,GCF_025143205.1.fna,0.9766030000000001,0.84,1
GCF_031728415.1.fna,GCF_025143445.1.fna,0.994282,0.8,1
GCF_031728415.1.fna,GCF_025143615.1.fna,0.9936889999999999,0.84,1
GCF_031728415.1.fna,GCF_029926865.1.fna,0.975828,0.88,1
GCF_031728415.1.fna,GCF_029926905.1.fna,0.975828,0.88,1
GCF_031728415.1.fna,GCF_029926915.1.fna,0.975828,0.88,1
GCF_031728415.1.fna,GCF_031631055.1.fna,0.988517,0.8,1
GCF_031728415.1.fna,GCF_031727055.1.fna,0.990483,0.84,1
GCF_031728415.1.fna,GCF_031727075.1.fna,0.9770740000000001,0.84,1
GCF_031728415.1.fna,GCF_031727235.1.fna,0.993394,0.84,1
GCF_031728415.1.fna,GCF_031727255.1.fna,0.966165,0.8,1
GCF_031728415.1.fna,GCF_031727275.1.fna,0.9975499999999999,0.88,1
GCF_031728415.1.fna,GCF_031727355.1.fna,0.9768729999999999,0.8,1
GCF_031728415.1.fna,GCF_031727455.1.fna,0.97223,0.84,1
GCF_031728415.1.fna,GCF_031727535.1.fna,0.995582,0.84,1
GCF_031728415.1.fna,GCF_031728075.1.fna,0.976182,0.84,1
GCF_031728415.1.fna,GCF_031728095.1.fna,0.992682,0.8,1
GCF_031728415.1.fna,GCF_031728115.1.fna,0.978,0.84,1
GCF_031728415.1.fna,GCF_031728155.1.fna,0.9684269999999999,0.88,1
GCF_031728415.1.fna,GCF_031728235.1.fna,0.968733,0.88,1
GCF_031728415.1.fna,GCF_031728275.1.fna,0.994551,0.84,1
GCF_031728415.1.fna,GCF_031728295.1.fna,0.9734430000000001,0.88,1
GCF_031728415.1.fna,GCF_031728315.1.fna,0.974455,0.88,1
GCF_031728415.1.fna,GCF_031728335.1.fna,0.969901,0.88,1
GCF_031728415.1.fna,GCF_031728415.1.fna,1.0,1.0,1
GCF_031728415.1.fna,GCF_031728455.1.fna,0.9995499999999999,0.88,1
GCF_031728415.1.fna,GCF_031728475.1.fna,0.975977,0.84,1
GCF_031728415.1.fna,GCF_031728495.1.fna,0.999599,0.92,1
GCF_031728415.1.fna,GCF_031728515.1.fna,0.968605,0.8,1
GCF_031728415.1.fna,GCF_031728555.1.fna,0.97367,0.88,1
GCF_031728415.1.fna,GCF_031728675.1.fna,0.992831,0.84,1
GCF_031728415.1.fna,GCF_031728695.1.fna,0.9928180000000001,0.84,1
GCF_031728415.1.fna,GCF_031728715.1.fna,0.993547,0.84,1
GCF_031728415.1.fna,GCF_031728735.1.fna,0.9719979999999999,0.88,1
GCF_031728415.1.fna,GCF_031728745.1.fna,0.9740909999999999,0.84,1
GCF_031728415.1.fna,GCF_031728795.1.fna,0.992371,0.84,1
GCF_031728415.1.fna,GCF_031728835.1.fna,0.9765630000000001,0.84,1
GCF_031728415.1.fna,GCF_031728895.1.fna,0.994964,0.84,1
GCF_031728415.1.fna,GCF_031729015.1.fna,0.9886010000000001,0.84,1
GCF_031728415.1.fna,GCF_036419895.1.fna,0.989024,0.88,1
GCF_031728415.1.fna,GCF_036420075.1.fna,0.9682580000000001,0.76,1
GCF_031728415.1.fna,GCF_037694985.1.fna,0.969007,0.92,1
GCF_031728415.1.fna,GCF_037695175.1.fna,0.99508,0.84,1
GCF_031728415.1.fna,GCF_037700135.1.fna,0.976097,0.84,1
GCF_031728415.1.fna,GCF_037700155.1.fna,0.977088,0.84,1
GCF_031728415.1.fna,GCF_037700295.1.fna,0.9769589999999999,0.8,1
GCF_031728415.1.fna,GCF_037700315.1.fna,0.988471,0.88,1
GCF_031728415.1.fna,GCF_037700375.1.fna,0.99232,0.88,1
GCF_031728415.1.fna,GCF_037700455.1.fna,0.993057,0.88,1
GCF_031728415.1.fna,GCF_040947025.1.fna,0.974967,0.88,1
GCF_031728415.1.fna,GCF_040947065.1.fna,0.99019,0.8,1
GCF_031728415.1.fna,GCF_040947125.1.fna,0.9880559999999999,0.88,1
GCF_031728415.1.fna,GCF_040947205.1.fna,0.971065,0.84,1
GCF_031728415.1.fna,GCF_040947225.1.fna,0.9952840000000001,0.88,1
GCF_031728415.1.fna,GCF_040947605.1.fna,0.975889,0.8,1
GCF_031728415.1.fna,GCF_040947645.1.fna,0.975889,0.8,1
GCF_031728415.1.fna,GCF_047653515.1.fna,0.9749760000000001,0.88,1
GCF_031728415.1.fna,GCF_047653525.1.fna,0.971197,0.92,1
GCF_031728415.1.fna,GCF_052950835.1.fna,0.982274,0.84,1
GCF_031728415.1.fna,GCF_900458635.1.fna,0.988775,0.84,1
GCF_031728415.1.fna,GCF_964211265.1.fna,0.992827,0.84,1
GCF_031728455.1.fna,GCF_000269685.1.fna,0.977519,0.9130434782608695,1
GCF_031728455.1.fna,GCF_002901845.1.fna,0.9938290000000001,0.8695652173913043,1
GCF_031728455.1.fna,GCF_013267575.1.fna,0.9928100000000001,0.8695652173913043,1
GCF_031728455.1.fna,GCF_015274535.1.fna,0.9765550000000001,0.9130434782608695,1
GCF_031728455.1.fna,GCF_015274585.1.fna,0.9765550000000001,0.9130434782608695,1
GCF_031728455.1.fna,GCF_015274655.1.fna,0.9765550000000001,0.9130434782608695,1
GCF_031728455.1.fna,GCF_015274675.1.fna,0.9776560000000001,0.9130434782608695,1
GCF_031728455.1.fna,GCF_017315625.1.fna,0.979047,0.9130434782608695,1
GCF_031728455.1.fna,GCF_017315645.1.fna,0.97771,0.9130434782608695,1
GCF_031728455.1.fna,GCF_022689565.1.fna,0.976803,0.8695652173913043,1
GCF_031728455.1.fna,GCF_022689575.1.fna,0.9949429999999999,0.9130434782608695,1
GCF_031728455.1.fna,GCF_022689615.1.fna,0.9761719999999999,0.8695652173913043,1
GCF_031728455.1.fna,GCF_022689645.1.fna,0.992245,0.8695652173913043,1
GCF_031728455.1.fna,GCF_022689665.1.fna,0.9947320000000001,0.9130434782608695,1
GCF_031728455.1.fna,GCF_022689675.1.fna,0.976883,0.9130434782608695,1
GCF_031728455.1.fna,GCF_022689705.1.fna,0.991899,0.9130434782608695,1
GCF_031728455.1.fna,GCF_022689725.1.fna,0.995201,0.9130434782608695,1
GCF_031728455.1.fna,GCF_022689745.1.fna,0.976898,0.9130434782608695,1
GCF_031728455.1.fna,GCF_022689765.1.fna,0.976486,0.9130434782608695,1
GCF_031728455.1.fna,GCF_022689775.1.fna,0.9935970000000001,0.8695652173913043,1
GCF_031728455.1.fna,GCF_022689785.1.fna,0.9928830000000001,0.9130434782608695,1
GCF_031728455.1.fna,GCF_022689825.1.fna,0.976486,0.9130434782608695,1
GCF_031728455.1.fna,GCF_022689845.1.fna,0.976242,0.8695652173913043,1
GCF_031728455.1.fna,GCF_022689855.1.fna,0.9927750000000001,0.9130434782608695,1
GCF_031728455.1.fna,GCF_022689905.1.fna,0.977133,0.9130434782608695,1
GCF_031728455.1.fna,GCF_022689925.1.fna,0.972553,0.8260869565217391,1
GCF_031728455.1.fna,GCF_022689945.1.fna,0.968207,0.8260869565217391,1
GCF_031728455.1.fna,GCF_022689965.1.fna,0.977915,0.9130434782608695,1
GCF_031728455.1.fna,GCF_022689975.1.fna,0.976262,0.9130434782608695,1
GCF_031728455.1.fna,GCF_022690005.1.fna,0.9967400000000001,0.9130434782608695,1
GCF_031728455.1.fna,GCF_022690025.1.fna,0.9947839999999999,0.9130434782608695,1
GCF_031728455.1.fna,GCF_022690045.1.fna,0.9967400000000001,0.9130434782608695,1
GCF_031728455.1.fna,GCF_022690065.1.fna,0.9763679999999999,0.9130434782608695,1
GCF_031728455.1.fna,GCF_022690085.1.fna,0.9713689999999999,0.9130434782608695,1
GCF_031728455.1.fna,GCF_022690105.1.fna,0.97622,0.9130434782608695,1
GCF_031728455.1.fna,GCF_022690115.1.fna,0.9745269999999999,0.9130434782608695,1
GCF_031728455.1.fna,GCF_022690145.1.fna,0.9763679999999999,0.9130434782608695,1
GCF_031728455.1.fna,GCF_022690165.1.fna,0.976609,0.9130434782608695,1
GCF_031728455.1.fna,GCF_022690185.1.fna,0.9929680000000001,0.9130434782608695,1
GCF_031728455.1.fna,GCF_022690205.1.fna,0.9935670000000001,0.8695652173913043,1
GCF_031728455.1.fna,GCF_022690225.1.fna,0.992991,0.8695652173913043,1
GCF_031728455.1.fna,GCF_022690245.1.fna,0.9759829999999999,0.9130434782608695,1
GCF_031728455.1.fna,GCF_022690265.1.fna,0.976357,0.9130434782608695,1
GCF_031728455.1.fna,GCF_022690275.1.fna,0.975326,0.8695652173913043,1
GCF_031728455.1.fna,GCF_022690295.1.fna,0.968387,0.8260869565217391,1
GCF_031728455.1.fna,GCF_022690325.1.fna,0.9937609999999999,0.9130434782608695,1
GCF_031728455.1.fna,GCF_022690345.1.fna,0.976054,0.9130434782608695,1
GCF_031728455.1.fna,GCF_022690375.1.fna,0.9930929999999999,0.8695652173913043,1
GCF_031728455.1.fna,GCF_022690385.1.fna,0.9767230000000001,0.9130434782608695,1
GCF_031728455.1.fna,GCF_022690425.1.fna,0.975956,0.9130434782608695,1
GCF_031728455.1.fna,GCF_025143205.1.fna,0.976428,0.9130434782608695,1
GCF_031728455.1.fna,GCF_025143445.1.fna,0.9942310000000001,0.8695652173913043,1
GCF_031728455.1.fna,GCF_025143615.1.fna,0.993454,0.9130434782608695,1
GCF_031728455.1.fna,GCF_029926865.1.fna,0.967517,0.9565217391304348,1
GCF_031728455.1.fna,GCF_029926905.1.fna,0.967517,0.9565217391304348,1
GCF_031728455.1.fna,GCF_029926915.1.fna,0.967517,0.9565217391304348,1
GCF_031728455.1.fna,GCF_031631055.1.fna,0.988977,0.8695652173913043,1
GCF_031728455.1.fna,GCF_031727055.1.fna,0.989108,0.9565217391304348,1
GCF_031728455.1.fna,GCF_031727075.1.fna,0.976883,0.9130434782608695,1
GCF_031728455.1.fna,GCF_031727235.1.fna,0.993128,0.9130434782608695,1
GCF_031728455.1.fna,GCF_031727255.1.fna,0.968387,0.8260869565217391,1
GCF_031728455.1.fna,GCF_031727275.1.fna,0.9993420000000001,0.9130434782608695,1
GCF_031728455.1.fna,GCF_031727355.1.fna,0.976803,0.8695652173913043,1
GCF_031728455.1.fna,GCF_031727455.1.fna,0.972196,0.8695652173913043,1
GCF_031728455.1.fna,GCF_031727535.1.fna,0.99531,0.9130434782608695,1
GCF_031728455.1.fna,GCF_031728075.1.fna,0.975956,0.9130434782608695,1
GCF_031728455.1.fna,GCF_031728095.1.fna,0.9925839999999999,0.9130434782608695,1
GCF_031728455.1.fna,GCF_031728115.1.fna,0.977774,0.9130434782608695,1
GCF_031728455.1.fna,GCF_031728155.1.fna,0.977928,0.9130434782608695,1
GCF_031728455.1.fna,GCF_031728235.1.fna,0.9767319999999999,0.9130434782608695,1
GCF_031728455.1.fna,GCF_031728275.1.fna,0.994688,0.9130434782608695,1
GCF_031728455.1.fna,GCF_031728295.1.fna,0.977514,0.9130434782608695,1
GCF_031728455.1.fna,GCF_031728315.1.fna,0.977356,0.9130434782608695,1
GCF_031728455.1.fna,GCF_031728335.1.fna,0.966361,0.9565217391304348,1
GCF_031728455.1.fna,GCF_031728415.1.fna,0.999726,0.9565217391304348,1
GCF_031728455.1.fna,GCF_031728455.1.fna,1.0,1.0,1
GCF_031728455.1.fna,GCF_031728475.1.fna,0.9757170000000001,0.9130434782608695,1
GCF_031728455.1.fna,GCF_031728495.1.fna,0.999662,0.9565217391304348,1
GCF_031728455.1.fna,GCF_031728515.1.fna,0.96819,0.8260869565217391,1
GCF_031728455.1.fna,GCF_031728555.1.fna,0.9664879999999999,0.9565217391304348,1
GCF_031728455.1.fna,GCF_031728675.1.fna,0.992616,0.9130434782608695,1
GCF_031728455.1.fna,GCF_031728695.1.fna,0.9925820000000001,0.9130434782608695,1
GCF_031728455.1.fna,GCF_031728715.1.fna,0.993335,0.9130434782608695,1
GCF_031728455.1.fna,GCF_031728735.1.fna,0.9742390000000001,0.9130434782608695,1
GCF_031728455.1.fna,GCF_031728745.1.fna,0.977756,0.8695652173913043,1
GCF_031728455.1.fna,GCF_031728795.1.fna,0.9922239999999999,0.9130434782608695,1
GCF_031728455.1.fna,GCF_031728835.1.fna,0.9764149999999999,0.9130434782608695,1
GCF_031728455.1.fna,GCF_031728895.1.fna,0.99484,0.9130434782608695,1
GCF_031728455.1.fna,GCF_031729015.1.fna,0.9933320000000001,0.8695652173913043,1
GCF_031728455.1.fna,GCF_036419895.1.fna,0.9934080000000001,0.9130434782608695,1
GCF_031728455.1.fna,GCF_036420075.1.fna,0.968207,0.8260869565217391,1
GCF_031728455.1.fna,GCF_037694985.1.fna,0.976194,0.9130434782608695,1
GCF_031728455.1.fna,GCF_037695175.1.fna,0.995685,0.8695652173913043,1
GCF_031728455.1.fna,GCF_037700135.1.fna,0.976337,0.9130434782608695,1
GCF_031728455.1.fna,GCF_037700155.1.fna,0.9771259999999999,0.9130434782608695,1
GCF_031728455.1.fna,GCF_037700295.1.fna,0.9770019999999999,0.8695652173913043,1
GCF_031728455.1.fna,GCF_037700315.1.fna,0.9920990000000001,0.9130434782608695,1
GCF_031728455.1.fna,GCF_037700375.1.fna,0.9929340000000001,0.9130434782608695,1
GCF_031728455.1.fna,GCF_037700455.1.fna,0.993576,0.9130434782608695,1
GCF_031728455.1.fna,GCF_040947025.1.fna,0.979104,0.9130434782608695,1
GCF_031728455.1.fna,GCF_040947065.1.fna,0.989967,0.9130434782608695,1
GCF_031728455.1.fna,GCF_040947125.1.fna,0.9956229999999999,0.8695652173913043,1
GCF_031728455.1.fna,GCF_040947205.1.fna,0.9757899999999999,0.8695652173913043,1
GCF_031728455.1.fna,GCF_040947225.1.fna,0.995156,0.9565217391304348,1
GCF_031728455.1.fna,GCF_040947605.1.fna,0.976096,0.9130434782608695,1
GCF_031728455.1.fna,GCF_040947645.1.fna,0.9758100000000001,0.8695652173913043,1
GCF_031728455.1.fna,GCF_047653515.1.fna,0.9774550000000001,0.9130434782608695,1
GCF_031728455.1.fna,GCF_047653525.1.fna,0.976962,0.9130434782608695,1
GCF_031728455.1.fna,GCF_052950835.1.fna,0.9891920000000001,0.8695652173913043,1
GCF_031728455.1.fna,GCF_900458635.1.fna,0.982407,0.9130434782608695,1
GCF_031728455.1.fna,GCF_964211265.1.fna,0.992951,0.9130434782608695,1
GCF_031728475.1.fna,GCF_000269685.1.fna,0.994983,0.8076923076923077,1
GCF_031728475.1.fna,GCF_002901845.1.fna,0.974785,0.7692307692307693,1
GCF_031728475.1.fna,GCF_013267575.1.fna,0.975334,0.7692307692307693,1
GCF_031728475.1.fna,GCF_015274535.1.fna,0.9924930000000001,0.8461538461538461,1
GCF_031728475.1.fna,GCF_015274585.1.fna,0.9938800000000001,0.7692307692307693,1
GCF_031728475.1.fna,GCF_015274655.1.fna,0.992965,0.8076923076923077,1
GCF_031728475.1.fna,GCF_015274675.1.fna,0.9937940000000001,0.8846153846153846,1
GCF_031728475.1.fna,GCF_017315625.1.fna,0.991413,0.8846153846153846,1
GCF_031728475.1.fna,GCF_017315645.1.fna,0.993744,0.8461538461538461,1
GCF_031728475.1.fna,GCF_022689565.1.fna,0.993785,0.8461538461538461,1
GCF_031728475.1.fna,GCF_022689575.1.fna,0.974492,0.8076923076923077,1
GCF_031728475.1.fna,GCF_022689615.1.fna,0.9928830000000001,0.8846153846153846,1
GCF_031728475.1.fna,GCF_022689645.1.fna,0.9764360000000001,0.7692307692307693,1
GCF_031728475.1.fna,GCF_022689665.1.fna,0.9740850000000001,0.8076923076923077,1
GCF_031728475.1.fna,GCF_022689675.1.fna,0.993096,0.8461538461538461,1
GCF_031728475.1.fna,GCF_022689705.1.fna,0.9764360000000001,0.7692307692307693,1
GCF_031728475.1.fna,GCF_022689725.1.fna,0.9748439999999999,0.8076923076923077,1
GCF_031728475.1.fna,GCF_022689745.1.fna,0.992915,0.9230769230769231,1
GCF_031728475.1.fna,GCF_022689765.1.fna,0.9937640000000001,0.8846153846153846,1
GCF_031728475.1.fna,GCF_022689775.1.fna,0.975201,0.8076923076923077,1
GCF_031728475.1.fna,GCF_022689785.1.fna,0.9753189999999999,0.8076923076923077,1
GCF_031728475.1.fna,GCF_022689825.1.fna,0.9936069999999999,0.8846153846153846,1
GCF_031728475.1.fna,GCF_022689845.1.fna,0.993417,0.8846153846153846,1
GCF_031728475.1.fna,GCF_022689855.1.fna,0.9755119999999999,0.8461538461538461,1
GCF_031728475.1.fna,GCF_022689905.1.fna,0.9924979999999999,0.8846153846153846,1
GCF_031728475.1.fna,GCF_022689925.1.fna,0.968868,0.8076923076923077,1
GCF_031728475.1.fna,GCF_022689945.1.fna,0.980205,0.8846153846153846,1
GCF_031728475.1.fna,GCF_022689965.1.fna,0.991332,0.8846153846153846,1
GCF_031728475.1.fna,GCF_022689975.1.fna,0.993145,0.8461538461538461,1
GCF_031728475.1.fna,GCF_022690005.1.fna,0.975389,0.8076923076923077,1
GCF_031728475.1.fna,GCF_022690025.1.fna,0.973747,0.8461538461538461,1
GCF_031728475.1.fna,GCF_022690045.1.fna,0.975389,0.8076923076923077,1
GCF_031728475.1.fna,GCF_022690065.1.fna,0.993321,0.9230769230769231,1
GCF_031728475.1.fna,GCF_022690085.1.fna,0.969734,0.8461538461538461,1
GCF_031728475.1.fna,GCF_022690105.1.fna,0.9936419999999999,0.8076923076923077,1
GCF_031728475.1.fna,GCF_022690115.1.fna,0.983309,0.8076923076923077,1
GCF_031728475.1.fna,GCF_022690145.1.fna,0.9941450000000001,0.8846153846153846,1
GCF_031728475.1.fna,GCF_022690165.1.fna,0.994568,0.8461538461538461,1
GCF_031728475.1.fna,GCF_022690185.1.fna,0.975402,0.8076923076923077,1
GCF_031728475.1.fna,GCF_022690205.1.fna,0.975178,0.8076923076923077,1
GCF_031728475.1.fna,GCF_022690225.1.fna,0.9753069999999999,0.8076923076923077,1
GCF_031728475.1.fna,GCF_022690245.1.fna,0.993729,0.8461538461538461,1
GCF_031728475.1.fna,GCF_022690265.1.fna,0.9939990000000001,0.8461538461538461,1
GCF_031728475.1.fna,GCF_022690275.1.fna,0.9946240000000001,0.8076923076923077,1
GCF_031728475.1.fna,GCF_022690295.1.fna,0.971466,0.8461538461538461,1
GCF_031728475.1.fna,GCF_022690325.1.fna,0.974033,0.8076923076923077,1
GCF_031728475.1.fna,GCF_022690345.1.fna,0.990513,0.9230769230769231,1
GCF_031728475.1.fna,GCF_022690375.1.fna,0.976858,0.7692307692307693,1
GCF_031728475.1.fna,GCF_022690385.1.fna,0.993542,0.8076923076923077,1
GCF_031728475.1.fna,GCF_022690425.1.fna,0.991006,0.9230769230769231,1
GCF_031728475.1.fna,GCF_025143205.1.fna,0.9946550000000001,0.8461538461538461,1
GCF_031728475.1.fna,GCF_025143445.1.fna,0.973733,0.7692307692307693,1
GCF_031728475.1.fna,GCF_025143615.1.fna,0.975171,0.8076923076923077,1
GCF_031728475.1.fna,GCF_029926865.1.fna,0.9930159999999999,0.9230769230769231,1
GCF_031728475.1.fna,GCF_029926905.1.fna,0.9922369999999999,0.9230769230769231,1
GCF_031728475.1.fna,GCF_029926915.1.fna,0.9922369999999999,0.9230769230769231,1
GCF_031728475.1.fna,GCF_031631055.1.fna,0.9771500000000001,0.8076923076923077,1
GCF_031728475.1.fna,GCF_031727055.1.fna,0.975291,0.8461538461538461,1
GCF_031728475.1.fna,GCF_031727075.1.fna,0.993117,0.8461538461538461,1
GCF_031728475.1.fna,GCF_031727235.1.fna,0.975664,0.8076923076923077,1
GCF_031728475.1.fna,GCF_031727255.1.fna,0.9723430000000001,0.8076923076923077,1
GCF_031728475.1.fna,GCF_031727275.1.fna,0.974727,0.7692307692307693,1
GCF_031728475.1.fna,GCF_031727355.1.fna,0.993176,0.8846153846153846,1
GCF_031728475.1.fna,GCF_031727455.1.fna,0.970004,0.7692307692307693,1
GCF_031728475.1.fna,GCF_031727535.1.fna,0.9751909999999999,0.8076923076923077,1
GCF_031728475.1.fna,GCF_031728075.1.fna,0.9929720000000001,0.8461538461538461,1
GCF_031728475.1.fna,GCF_031728095.1.fna,0.9751879999999999,0.8076923076923077,1
GCF_031728475.1.fna,GCF_031728115.1.fna,0.992765,0.8846153846153846,1
GCF_031728475.1.fna,GCF_031728155.1.fna,0.991738,0.8461538461538461,1
GCF_031728475.1.fna,GCF_031728235.1.fna,0.993609,0.8846153846153846,1
GCF_031728475.1.fna,GCF_031728275.1.fna,0.975266,0.7692307692307693,1
GCF_031728475.1.fna,GCF_031728295.1.fna,0.993599,0.9230769230769231,1
GCF_031728475.1.fna,GCF_031728315.1.fna,0.9931350000000001,0.8461538461538461,1
GCF_031728475.1.fna,GCF_031728335.1.fna,0.991191,0.8461538461538461,1
GCF_031728475.1.fna,GCF_031728415.1.fna,0.9755670000000001,0.7692307692307693,1
GCF_031728475.1.fna,GCF_031728455.1.fna,0.9755029999999999,0.7692307692307693,1
GCF_031728475.1.fna,GCF_031728475.1.fna,1.0,1.0,1
GCF_031728475.1.fna,GCF_031728495.1.fna,0.9750409999999999,0.8076923076923077,1
GCF_031728475.1.fna,GCF_031728515.1.fna,0.971819,0.8461538461538461,1
GCF_031728475.1.fna,GCF_031728555.1.fna,0.994841,0.8846153846153846,1
GCF_031728475.1.fna,GCF_031728675.1.fna,0.975664,0.8076923076923077,1
GCF_031728475.1.fna,GCF_031728695.1.fna,0.97493,0.8076923076923077,1
GCF_031728475.1.fna,GCF_031728715.1.fna,0.97564,0.7692307692307693,1
GCF_031728475.1.fna,GCF_031728735.1.fna,0.990891,0.8846153846153846,1
GCF_031728475.1.fna,GCF_031728745.1.fna,0.9911660000000001,0.8461538461538461,1
GCF_031728475.1.fna,GCF_031728795.1.fna,0.976031,0.8846153846153846,1
GCF_031728475.1.fna,GCF_031728835.1.fna,0.994492,0.8461538461538461,1
GCF_031728475.1.fna,GCF_031728895.1.fna,0.973748,0.8076923076923077,1
GCF_031728475.1.fna,GCF_031729015.1.fna,0.9755469999999999,0.7692307692307693,1
GCF_031728475.1.fna,GCF_036419895.1.fna,0.975693,0.7692307692307693,1
GCF_031728475.1.fna,GCF_036420075.1.fna,0.980205,0.8846153846153846,1
GCF_031728475.1.fna,GCF_037694985.1.fna,0.991444,0.8461538461538461,1
GCF_031728475.1.fna,GCF_037695175.1.fna,0.9747100000000001,0.7692307692307693,1
GCF_031728475.1.fna,GCF_037700135.1.fna,0.992871,0.9230769230769231,1
GCF_031728475.1.fna,GCF_037700155.1.fna,0.9931570000000001,0.8846153846153846,1
GCF_031728475.1.fna,GCF_037700295.1.fna,0.993595,0.8461538461538461,1
GCF_031728475.1.fna,GCF_037700315.1.fna,0.9753820000000001,0.8076923076923077,1
GCF_031728475.1.fna,GCF_037700375.1.fna,0.974363,0.8076923076923077,1
GCF_031728475.1.fna,GCF_037700455.1.fna,0.975286,0.8076923076923077,1
GCF_031728475.1.fna,GCF_040947025.1.fna,0.989738,0.8461538461538461,1
GCF_031728475.1.fna,GCF_040947065.1.fna,0.9798990000000001,0.7692307692307693,1
GCF_031728475.1.fna,GCF_040947125.1.fna,0.9740470000000001,0.8076923076923077,1
GCF_031728475.1.fna,GCF_040947205.1.fna,0.991534,0.8076923076923077,1
GCF_031728475.1.fna,GCF_040947225.1.fna,0.976648,0.7692307692307693,1
GCF_031728475.1.fna,GCF_040947605.1.fna,0.9944270000000001,0.7692307692307693,1
GCF_031728475.1.fna,GCF_040947645.1.fna,0.9944270000000001,0.7692307692307693,1
GCF_031728475.1.fna,GCF_047653515.1.fna,0.993746,0.9230769230769231,1
GCF_031728475.1.fna,GCF_047653525.1.fna,0.9927809999999999,0.9230769230769231,1
GCF_031728475.1.fna,GCF_052950835.1.fna,0.9775459999999999,0.7692307692307693,1
GCF_031728475.1.fna,GCF_900458635.1.fna,0.974785,0.7692307692307693,1
GCF_031728475.1.fna,GCF_964211265.1.fna,0.9744929999999999,0.8461538461538461,1
GCF_031728495.1.fna,GCF_000269685.1.fna,0.9687779999999999,0.875,1
GCF_031728495.1.fna,GCF_002901845.1.fna,0.993946,0.8333333333333334,1
GCF_031728495.1.fna,GCF_013267575.1.fna,0.992903,0.8333333333333334,1
GCF_031728495.1.fna,GCF_015274535.1.fna,0.976314,0.8333333333333334,1
GCF_031728495.1.fna,GCF_015274585.1.fna,0.976314,0.8333333333333334,1
GCF_031728495.1.fna,GCF_015274655.1.fna,0.976314,0.8333333333333334,1
GCF_031728495.1.fna,GCF_015274675.1.fna,0.969468,0.9166666666666666,1
GCF_031728495.1.fna,GCF_017315625.1.fna,0.9715219999999999,0.9166666666666666,1
GCF_031728495.1.fna,GCF_017315645.1.fna,0.9779089999999999,0.875,1
GCF_031728495.1.fna,GCF_022689565.1.fna,0.9768819999999999,0.8333333333333334,1
GCF_031728495.1.fna,GCF_022689575.1.fna,0.988344,0.9166666666666666,1
GCF_031728495.1.fna,GCF_022689615.1.fna,0.9763809999999999,0.8333333333333334,1
GCF_031728495.1.fna,GCF_022689645.1.fna,0.99227,0.8333333333333334,1
GCF_031728495.1.fna,GCF_022689665.1.fna,0.988103,0.9166666666666666,1
GCF_031728495.1.fna,GCF_022689675.1.fna,0.977082,0.875,1
GCF_031728495.1.fna,GCF_022689705.1.fna,0.99227,0.8333333333333334,1
GCF_031728495.1.fna,GCF_022689725.1.fna,0.9886839999999999,0.9166666666666666,1
GCF_031728495.1.fna,GCF_022689745.1.fna,0.976931,0.875,1
GCF_031728495.1.fna,GCF_022689765.1.fna,0.975086,0.9166666666666666,1
GCF_031728495.1.fna,GCF_022689775.1.fna,0.992323,0.875,1
GCF_031728495.1.fna,GCF_022689785.1.fna,0.9928180000000001,0.875,1
GCF_031728495.1.fna,GCF_022689825.1.fna,0.9740819999999999,0.9583333333333334,1
GCF_031728495.1.fna,GCF_022689845.1.fna,0.976321,0.8333333333333334,1
GCF_031728495.1.fna,GCF_022689855.1.fna,0.991409,0.9166666666666666,1
GCF_031728495.1.fna,GCF_022689905.1.fna,0.976867,0.875,1
GCF_031728495.1.fna,GCF_022689925.1.fna,0.9709690000000001,0.8333333333333334,1
GCF_031728495.1.fna,GCF_022689945.1.fna,0.967114,0.8333333333333334,1
GCF_031728495.1.fna,GCF_022689965.1.fna,0.9781010000000001,0.875,1
GCF_031728495.1.fna,GCF_022689975.1.fna,0.974529,0.9166666666666666,1
GCF_031728495.1.fna,GCF_022690005.1.fna,0.996722,0.875,1
GCF_031728495.1.fna,GCF_022690025.1.fna,0.9913630000000001,0.9583333333333334,1
GCF_031728495.1.fna,GCF_022690045.1.fna,0.996722,0.875,1
GCF_031728495.1.fna,GCF_022690065.1.fna,0.976178,0.875,1
GCF_031728495.1.fna,GCF_022690085.1.fna,0.971229,0.875,1
GCF_031728495.1.fna,GCF_022690105.1.fna,0.9693970000000001,0.9166666666666666,1
GCF_031728495.1.fna,GCF_022690115.1.fna,0.973562,0.9166666666666666,1
GCF_031728495.1.fna,GCF_022690145.1.fna,0.976178,0.875,1
GCF_031728495.1.fna,GCF_022690165.1.fna,0.9765980000000001,0.875,1
GCF_031728495.1.fna,GCF_022690185.1.fna,0.992902,0.875,1
GCF_031728495.1.fna,GCF_022690205.1.fna,0.992295,0.875,1
GCF_031728495.1.fna,GCF_022690225.1.fna,0.993113,0.8333333333333334,1
GCF_031728495.1.fna,GCF_022690245.1.fna,0.975947,0.875,1
GCF_031728495.1.fna,GCF_022690265.1.fna,0.9761669999999999,0.875,1
GCF_031728495.1.fna,GCF_022690275.1.fna,0.967044,0.875,1
GCF_031728495.1.fna,GCF_022690295.1.fna,0.966419,0.8333333333333334,1
GCF_031728495.1.fna,GCF_022690325.1.fna,0.987384,0.9166666666666666,1
GCF_031728495.1.fna,GCF_022690345.1.fna,0.9667709999999999,0.9583333333333334,1
GCF_031728495.1.fna,GCF_022690375.1.fna,0.9931699999999999,0.8333333333333334,1
GCF_031728495.1.fna,GCF_022690385.1.fna,0.976649,0.875,1
GCF_031728495.1.fna,GCF_022690425.1.fna,0.9762059999999999,0.875,1
GCF_031728495.1.fna,GCF_025143205.1.fna,0.976611,0.875,1
GCF_031728495.1.fna,GCF_025143445.1.fna,0.994324,0.8333333333333334,1
GCF_031728495.1.fna,GCF_025143615.1.fna,0.992437,0.9166666666666666,1
GCF_031728495.1.fna,GCF_029926865.1.fna,0.9756910000000001,0.9166666666666666,1
GCF_031728495.1.fna,GCF_029926905.1.fna,0.9756910000000001,0.9166666666666666,1
GCF_031728495.1.fna,GCF_029926915.1.fna,0.9756910000000001,0.9166666666666666,1
GCF_031728495.1.fna,GCF_031631055.1.fna,0.9885639999999999,0.8333333333333334,1
GCF_031728495.1.fna,GCF_031727055.1.fna,0.9904930000000001,0.9166666666666666,1
GCF_031728495.1.fna,GCF_031727075.1.fna,0.977082,0.875,1
GCF_031728495.1.fna,GCF_031727235.1.fna,0.9920680000000001,0.9166666666666666,1
GCF_031728495.1.fna,GCF_031727255.1.fna,0.966419,0.8333333333333334,1
GCF_031728495.1.fna,GCF_031727275.1.fna,0.998074,0.9166666666666666,1
GCF_031728495.1.fna,GCF_031727355.1.fna,0.975411,0.875,1
GCF_031728495.1.fna,GCF_031727455.1.fna,0.972216,0.8333333333333334,1
GCF_031728495.1.fna,GCF_031727535.1.fna,0.995622,0.875,1
GCF_031728495.1.fna,GCF_031728075.1.fna,0.9762050000000001,0.875,1
GCF_031728495.1.fna,GCF_031728095.1.fna,0.992728,0.8333333333333334,1
GCF_031728495.1.fna,GCF_031728115.1.fna,0.97705,0.9166666666666666,1
GCF_031728495.1.fna,GCF_031728155.1.fna,0.968393,0.9166666666666666,1
GCF_031728495.1.fna,GCF_031728235.1.fna,0.968009,0.9583333333333334,1
GCF_031728495.1.fna,GCF_031728275.1.fna,0.9945910000000001,0.875,1
GCF_031728495.1.fna,GCF_031728295.1.fna,0.977735,0.875,1
GCF_031728495.1.fna,GCF_031728315.1.fna,0.977451,0.875,1
GCF_031728495.1.fna,GCF_031728335.1.fna,0.9698680000000001,0.9166666666666666,1
GCF_031728495.1.fna,GCF_031728415.1.fna,0.9994759999999999,0.9583333333333334,1
GCF_031728495.1.fna,GCF_031728455.1.fna,0.999513,0.9166666666666666,1
GCF_031728495.1.fna,GCF_031728475.1.fna,0.976001,0.875,1
GCF_031728495.1.fna,GCF_031728495.1.fna,1.0,1.0,1
GCF_031728495.1.fna,GCF_031728515.1.fna,0.967288,0.8333333333333334,1
GCF_031728495.1.fna,GCF_031728555.1.fna,0.976792,0.875,1
GCF_031728495.1.fna,GCF_031728675.1.fna,0.992876,0.875,1
GCF_031728495.1.fna,GCF_031728695.1.fna,0.9928619999999999,0.875,1
GCF_031728495.1.fna,GCF_031728715.1.fna,0.993588,0.875,1
GCF_031728495.1.fna,GCF_031728735.1.fna,0.974332,0.875,1
GCF_031728495.1.fna,GCF_031728745.1.fna,0.976702,0.875,1
GCF_031728495.1.fna,GCF_031728795.1.fna,0.992411,0.875,1
GCF_031728495.1.fna,GCF_031728835.1.fna,0.976572,0.875,1
GCF_031728495.1.fna,GCF_031728895.1.fna,0.994649,0.9166666666666666,1
GCF_031728495.1.fna,GCF_031729015.1.fna,0.988087,0.875,1
GCF_031728495.1.fna,GCF_036419895.1.fna,0.9885339999999999,0.9166666666666666,1
GCF_031728495.1.fna,GCF_036420075.1.fna,0.967114,0.8333333333333334,1
GCF_031728495.1.fna,GCF_037694985.1.fna,0.972147,0.9166666666666666,1
GCF_031728495.1.fna,GCF_037695175.1.fna,0.995156,0.875,1
GCF_031728495.1.fna,GCF_037700135.1.fna,0.976105,0.875,1
GCF_031728495.1.fna,GCF_037700155.1.fna,0.9771120000000001,0.875,1
GCF_031728495.1.fna,GCF_037700295.1.fna,0.975686,0.875,1
GCF_031728495.1.fna,GCF_037700315.1.fna,0.992012,0.875,1
GCF_031728495.1.fna,GCF_037700375.1.fna,0.9928400000000001,0.875,1
GCF_031728495.1.fna,GCF_037700455.1.fna,0.9936119999999999,0.875,1
GCF_031728495.1.fna,GCF_040947025.1.fna,0.9787399999999999,0.875,1
GCF_031728495.1.fna,GCF_040947065.1.fna,0.990235,0.8333333333333334,1
GCF_031728495.1.fna,GCF_040947125.1.fna,0.9931220000000001,0.9166666666666666,1
GCF_031728495.1.fna,GCF_040947205.1.fna,0.9757729999999999,0.8333333333333334,1
GCF_031728495.1.fna,GCF_040947225.1.fna,0.995247,0.9166666666666666,1
GCF_031728495.1.fna,GCF_040947605.1.fna,0.9758969999999999,0.8333333333333334,1
GCF_031728495.1.fna,GCF_040947645.1.fna,0.9758969999999999,0.8333333333333334,1
GCF_031728495.1.fna,GCF_047653515.1.fna,0.9755800000000001,0.9166666666666666,1
GCF_031728495.1.fna,GCF_047653525.1.fna,0.9738370000000001,0.9583333333333334,1
GCF_031728495.1.fna,GCF_052950835.1.fna,0.982255,0.875,1
GCF_031728495.1.fna,GCF_900458635.1.fna,0.993946,0.8333333333333334,1
GCF_031728495.1.fna,GCF_964211265.1.fna,0.9921040000000001,0.9166666666666666,1
GCF_031728515.1.fna,GCF_000269685.1.fna,0.9793120000000001,0.55,1
GCF_031728515.1.fna,GCF_002901845.1.fna,0.956934,0.5,1
GCF_031728515.1.fna,GCF_013267575.1.fna,0.955257,0.5,1
GCF_031728515.1.fna,GCF_015274535.1.fna,0.989649,0.475,1
GCF_031728515.1.fna,GCF_015274585.1.fna,0.989925,0.475,1
GCF_031728515.1.fna,GCF_015274655.1.fna,0.989649,0.475,1
GCF_031728515.1.fna,GCF_015274675.1.fna,0.97909,0.525,1
GCF_031728515.1.fna,GCF_017315625.1.fna,0.988269,0.5,1
GCF_031728515.1.fna,GCF_017315645.1.fna,0.9765130000000001,0.525,1
GCF_031728515.1.fna,GCF_022689565.1.fna,0.975482,0.525,1
GCF_031728515.1.fna,GCF_022689575.1.fna,0.96792,0.475,1
GCF_031728515.1.fna,GCF_022689615.1.fna,0.9918899999999999,0.5,1
GCF_031728515.1.fna,GCF_022689645.1.fna,0.9570029999999999,0.5,1
GCF_031728515.1.fna,GCF_022689665.1.fna,0.96792,0.475,1
GCF_031728515.1.fna,GCF_022689675.1.fna,0.991416,0.5,1
GCF_031728515.1.fna,GCF_022689705.1.fna,0.957778,0.6,1
GCF_031728515.1.fna,GCF_022689725.1.fna,0.96792,0.475,1
GCF_031728515.1.fna,GCF_022689745.1.fna,0.9918899999999999,0.5,1
GCF_031728515.1.fna,GCF_022689765.1.fna,0.992555,0.5,1
GCF_031728515.1.fna,GCF_022689775.1.fna,0.965257,0.5,1
GCF_031728515.1.fna,GCF_022689785.1.fna,0.9662130000000001,0.475,1
GCF_031728515.1.fna,GCF_022689825.1.fna,0.992587,0.5,1
GCF_031728515.1.fna,GCF_022689845.1.fna,0.991768,0.5,1
GCF_031728515.1.fna,GCF_022689855.1.fna,0.966496,0.5,1
GCF_031728515.1.fna,GCF_022689905.1.fna,0.99072,0.5,1
GCF_031728515.1.fna,GCF_022689925.1.fna,0.9655410000000001,0.525,1
GCF_031728515.1.fna,GCF_022689945.1.fna,0.998273,0.625,1
GCF_031728515.1.fna,GCF_022689965.1.fna,0.974731,0.55,1
GCF_031728515.1.fna,GCF_022689975.1.fna,0.992081,0.5,1
GCF_031728515.1.fna,GCF_022690005.1.fna,0.9574370000000001,0.5,1
GCF_031728515.1.fna,GCF_022690025.1.fna,0.9664360000000001,0.5,1
GCF_031728515.1.fna,GCF_022690045.1.fna,0.9574370000000001,0.5,1
GCF_031728515.1.fna,GCF_022690065.1.fna,0.9908459999999999,0.475,1
GCF_031728515.1.fna,GCF_022690085.1.fna,0.951947,0.525,1
GCF_031728515.1.fna,GCF_022690105.1.fna,0.991768,0.475,1
GCF_031728515.1.fna,GCF_022690115.1.fna,0.9725149999999999,0.5,1
GCF_031728515.1.fna,GCF_022690145.1.fna,0.9910380000000001,0.475,1
GCF_031728515.1.fna,GCF_022690165.1.fna,0.9908459999999999,0.475,1
GCF_031728515.1.fna,GCF_022690185.1.fna,0.9663849999999999,0.475,1
GCF_031728515.1.fna,GCF_022690205.1.fna,0.965243,0.5,1
GCF_031728515.1.fna,GCF_022690225.1.fna,0.969462,0.475,1
GCF_031728515.1.fna,GCF_022690245.1.fna,0.990882,0.475,1
GCF_031728515.1.fna,GCF_022690265.1.fna,0.990825,0.475,1
GCF_031728515.1.fna,GCF_022690275.1.fna,0.9914459999999999,0.5,1
GCF_031728515.1.fna,GCF_022690295.1.fna,0.998818,0.6,1
GCF_031728515.1.fna,GCF_022690325.1.fna,0.9566119999999999,0.5,1
GCF_031728515.1.fna,GCF_022690345.1.fna,0.9840409999999999,0.525,1
GCF_031728515.1.fna,GCF_022690375.1.fna,0.9552889999999999,0.5,1
GCF_031728515.1.fna,GCF_022690385.1.fna,0.984032,0.6,1
GCF_031728515.1.fna,GCF_022690425.1.fna,0.9879779999999999,0.6,1
GCF_031728515.1.fna,GCF_025143205.1.fna,0.9911270000000001,0.475,1
GCF_031728515.1.fna,GCF_025143445.1.fna,0.9679909999999999,0.475,1
GCF_031728515.1.fna,GCF_025143615.1.fna,0.965332,0.5,1
GCF_031728515.1.fna,GCF_029926865.1.fna,0.972979,0.525,1
GCF_031728515.1.fna,GCF_029926905.1.fna,0.972813,0.525,1
GCF_031728515.1.fna,GCF_029926915.1.fna,0.972813,0.525,1
GCF_031728515.1.fna,GCF_031631055.1.fna,0.954383,0.5,1
GCF_031728515.1.fna,GCF_031727055.1.fna,0.955403,0.525,1
GCF_031728515.1.fna,GCF_031727075.1.fna,0.991721,0.5,1
GCF_031728515.1.fna,GCF_031727235.1.fna,0.966496,0.5,1
GCF_031728515.1.fna,GCF_031727255.1.fna,0.998818,0.6,1
GCF_031728515.1.fna,GCF_031727275.1.fna,0.968201,0.475,1
GCF_031728515.1.fna,GCF_031727355.1.fna,0.9742730000000001,0.55,1
GCF_031728515.1.fna,GCF_031727455.1.fna,0.951784,0.525,1
GCF_031728515.1.fna,GCF_031727535.1.fna,0.968155,0.475,1
GCF_031728515.1.fna,GCF_031728075.1.fna,0.987801,0.6,1
GCF_031728515.1.fna,GCF_031728095.1.fna,0.965562,0.475,1
GCF_031728515.1.fna,GCF_031728115.1.fna,0.990955,0.5,1
GCF_031728515.1.fna,GCF_031728155.1.fna,0.9879290000000001,0.5,1
GCF_031728515.1.fna,GCF_031728235.1.fna,0.9915560000000001,0.475,1
GCF_031728515.1.fna,GCF_031728275.1.fna,0.957109,0.5,1
GCF_031728515.1.fna,GCF_031728295.1.fna,0.985986,0.525,1
GCF_031728515.1.fna,GCF_031728315.1.fna,0.9907630000000001,0.5,1
GCF_031728515.1.fna,GCF_031728335.1.fna,0.991768,0.475,1
GCF_031728515.1.fna,GCF_031728415.1.fna,0.968672,0.5,1
GCF_031728515.1.fna,GCF_031728455.1.fna,0.968266,0.475,1
GCF_031728515.1.fna,GCF_031728475.1.fna,0.978494,0.525,1
GCF_031728515.1.fna,GCF_031728495.1.fna,0.967192,0.5,1
GCF_031728515.1.fna,GCF_031728515.1.fna,1.0,0.85,1
GCF_031728515.1.fna,GCF_031728555.1.fna,0.991298,0.475,1
GCF_031728515.1.fna,GCF_031728675.1.fna,0.955197,0.5,1
GCF_031728515.1.fna,GCF_031728695.1.fna,0.954314,0.5,1
GCF_031728515.1.fna,GCF_031728715.1.fna,0.966043,0.475,1
GCF_031728515.1.fna,GCF_031728735.1.fna,0.977485,0.525,1
GCF_031728515.1.fna,GCF_031728745.1.fna,0.9773909999999999,0.525,1
GCF_031728515.1.fna,GCF_031728795.1.fna,0.9560219999999999,0.5,1
GCF_031728515.1.fna,GCF_031728835.1.fna,0.99157,0.475,1
GCF_031728515.1.fna,GCF_031728895.1.fna,0.966269,0.5,1
GCF_031728515.1.fna,GCF_031729015.1.fna,0.966159,0.475,1
GCF_031728515.1.fna,GCF_036419895.1.fna,0.9661360000000001,0.475,1
GCF_031728515.1.fna,GCF_036420075.1.fna,0.995552,0.65,1
GCF_031728515.1.fna,GCF_037694985.1.fna,0.9908480000000001,0.5,1
GCF_031728515.1.fna,GCF_037695175.1.fna,0.968193,0.475,1
GCF_031728515.1.fna,GCF_037700135.1.fna,0.9919920000000001,0.5,1
GCF_031728515.1.fna,GCF_037700155.1.fna,0.9856130000000001,0.525,1
GCF_031728515.1.fna,GCF_037700295.1.fna,0.991026,0.5,1
GCF_031728515.1.fna,GCF_037700315.1.fna,0.966491,0.475,1
GCF_031728515.1.fna,GCF_037700375.1.fna,0.968459,0.475,1
GCF_031728515.1.fna,GCF_037700455.1.fna,0.968459,0.475,1
GCF_031728515.1.fna,GCF_040947025.1.fna,0.985391,0.5,1
GCF_031728515.1.fna,GCF_040947065.1.fna,0.9632179999999999,0.5,1
GCF_031728515.1.fna,GCF_040947125.1.fna,0.9664090000000001,0.5,1
GCF_031728515.1.fna,GCF_040947205.1.fna,0.9917940000000001,0.525,1
GCF_031728515.1.fna,GCF_040947225.1.fna,0.959187,0.5,1
GCF_031728515.1.fna,GCF_040947605.1.fna,0.991473,0.475,1
GCF_031728515.1.fna,GCF_040947645.1.fna,0.991473,0.475,1
GCF_031728515.1.fna,GCF_047653515.1.fna,0.978403,0.525,1
GCF_031728515.1.fna,GCF_047653525.1.fna,0.9800660000000001,0.55,1
GCF_031728515.1.fna,GCF_052950835.1.fna,0.9739709999999999,0.475,1
GCF_031728515.1.fna,GCF_900458635.1.fna,0.956934,0.5,1
GCF_031728515.1.fna,GCF_964211265.1.fna,0.967338,0.5,1
GCF_031728555.1.fna,GCF_000269685.1.fna,0.9867149999999999,0.7931034482758621,1
GCF_031728555.1.fna,GCF_002901845.1.fna,0.970126,0.7586206896551724,1
GCF_031728555.1.fna,GCF_013267575.1.fna,0.975332,0.6896551724137931,1
GCF_031728555.1.fna,GCF_015274535.1.fna,0.995976,0.7241379310344828,1
GCF_031728555.1.fna,GCF_015274585.1.fna,0.9965229999999999,0.6896551724137931,1
GCF_031728555.1.fna,GCF_015274655.1.fna,0.994565,0.7241379310344828,1
GCF_031728555.1.fna,GCF_015274675.1.fna,0.987198,0.8275862068965517,1
GCF_031728555.1.fna,GCF_017315625.1.fna,0.9941490000000001,0.7241379310344828,1
GCF_031728555.1.fna,GCF_017315645.1.fna,0.986577,0.7931034482758621,1
GCF_031728555.1.fna,GCF_022689565.1.fna,0.9946680000000001,0.7241379310344828,1
GCF_031728555.1.fna,GCF_022689575.1.fna,0.973012,0.7586206896551724,1
GCF_031728555.1.fna,GCF_022689615.1.fna,0.995192,0.7241379310344828,1
GCF_031728555.1.fna,GCF_022689645.1.fna,0.9738030000000001,0.7241379310344828,1
GCF_031728555.1.fna,GCF_022689665.1.fna,0.972663,0.7586206896551724,1
GCF_031728555.1.fna,GCF_022689675.1.fna,0.995291,0.7241379310344828,1
GCF_031728555.1.fna,GCF_022689705.1.fna,0.975367,0.6896551724137931,1
GCF_031728555.1.fna,GCF_022689725.1.fna,0.973353,0.7586206896551724,1
GCF_031728555.1.fna,GCF_022689745.1.fna,0.993895,0.7586206896551724,1
GCF_031728555.1.fna,GCF_022689765.1.fna,0.99465,0.7586206896551724,1
GCF_031728555.1.fna,GCF_022689775.1.fna,0.9684940000000001,0.7586206896551724,1
GCF_031728555.1.fna,GCF_022689785.1.fna,0.975135,0.7241379310344828,1
GCF_031728555.1.fna,GCF_022689825.1.fna,0.992994,0.7586206896551724,1
GCF_031728555.1.fna,GCF_022689845.1.fna,0.988108,0.8620689655172413,1
GCF_031728555.1.fna,GCF_022689855.1.fna,0.9712529999999999,0.7931034482758621,1
GCF_031728555.1.fna,GCF_022689905.1.fna,0.9870180000000001,0.8620689655172413,1
GCF_031728555.1.fna,GCF_022689925.1.fna,0.967111,0.6896551724137931,1
GCF_031728555.1.fna,GCF_022689945.1.fna,0.975718,0.7241379310344828,1
GCF_031728555.1.fna,GCF_022689965.1.fna,0.985439,0.8275862068965517,1
GCF_031728555.1.fna,GCF_022689975.1.fna,0.996297,0.7241379310344828,1
GCF_031728555.1.fna,GCF_022690005.1.fna,0.976228,0.7241379310344828,1
GCF_031728555.1.fna,GCF_022690025.1.fna,0.971871,0.7931034482758621,1
GCF_031728555.1.fna,GCF_022690045.1.fna,0.976228,0.7241379310344828,1
GCF_031728555.1.fna,GCF_022690065.1.fna,0.999449,0.9655172413793104,1
GCF_031728555.1.fna,GCF_022690085.1.fna,0.9677290000000001,0.7241379310344828,1
GCF_031728555.1.fna,GCF_022690105.1.fna,0.9961490000000001,0.7241379310344828,1
GCF_031728555.1.fna,GCF_022690115.1.fna,0.9754229999999999,0.7586206896551724,1
GCF_031728555.1.fna,GCF_022690145.1.fna,0.999455,0.9655172413793104,1
GCF_031728555.1.fna,GCF_022690165.1.fna,0.999838,0.9310344827586207,1
GCF_031728555.1.fna,GCF_022690185.1.fna,0.968232,0.7586206896551724,1
GCF_031728555.1.fna,GCF_022690205.1.fna,0.971409,0.7586206896551724,1
GCF_031728555.1.fna,GCF_022690225.1.fna,0.974955,0.7241379310344828,1
GCF_031728555.1.fna,GCF_022690245.1.fna,0.996339,0.7586206896551724,1
GCF_031728555.1.fna,GCF_022690265.1.fna,0.999369,0.8275862068965517,1
GCF_031728555.1.fna,GCF_022690275.1.fna,0.9967149999999999,0.6896551724137931,1
GCF_031728555.1.fna,GCF_022690295.1.fna,0.9703189999999999,0.7931034482758621,1
GCF_031728555.1.fna,GCF_022690325.1.fna,0.975025,0.7241379310344828,1
GCF_031728555.1.fna,GCF_022690345.1.fna,0.99173,0.7586206896551724,1
GCF_031728555.1.fna,GCF_022690375.1.fna,0.973505,0.7586206896551724,1
GCF_031728555.1.fna,GCF_022690385.1.fna,0.993326,0.7241379310344828,1
GCF_031728555.1.fna,GCF_022690425.1.fna,0.9933320000000001,0.7931034482758621,1
GCF_031728555.1.fna,GCF_025143205.1.fna,0.9993989999999999,0.7931034482758621,1
GCF_031728555.1.fna,GCF_025143445.1.fna,0.9631069999999999,0.7586206896551724,1
GCF_031728555.1.fna,GCF_025143615.1.fna,0.9741160000000001,0.7241379310344828,1
GCF_031728555.1.fna,GCF_029926865.1.fna,0.992888,0.7931034482758621,1
GCF_031728555.1.fna,GCF_029926905.1.fna,0.992826,0.7931034482758621,1
GCF_031728555.1.fna,GCF_029926915.1.fna,0.9928440000000001,0.7931034482758621,1
GCF_031728555.1.fna,GCF_031631055.1.fna,0.9612189999999999,0.7931034482758621,1
GCF_031728555.1.fna,GCF_031727055.1.fna,0.9640869999999999,0.8620689655172413,1
GCF_031728555.1.fna,GCF_031727075.1.fna,0.995291,0.7241379310344828,1
GCF_031728555.1.fna,GCF_031727235.1.fna,0.971159,0.7586206896551724,1
GCF_031728555.1.fna,GCF_031727255.1.fna,0.971451,0.7586206896551724,1
GCF_031728555.1.fna,GCF_031727275.1.fna,0.975676,0.6896551724137931,1
GCF_031728555.1.fna,GCF_031727355.1.fna,0.995115,0.7241379310344828,1
GCF_031728555.1.fna,GCF_031727455.1.fna,0.968561,0.6896551724137931,1
GCF_031728555.1.fna,GCF_031727535.1.fna,0.973694,0.7586206896551724,1
GCF_031728555.1.fna,GCF_031728075.1.fna,0.993306,0.7931034482758621,1
GCF_031728555.1.fna,GCF_031728095.1.fna,0.968969,0.7586206896551724,1
GCF_031728555.1.fna,GCF_031728115.1.fna,0.9950709999999999,0.7586206896551724,1
GCF_031728555.1.fna,GCF_031728155.1.fna,0.9907940000000001,0.7241379310344828,1
GCF_031728555.1.fna,GCF_031728235.1.fna,0.9947790000000001,0.7931034482758621,1
GCF_031728555.1.fna,GCF_031728275.1.fna,0.975285,0.6896551724137931,1
GCF_031728555.1.fna,GCF_031728295.1.fna,0.987685,0.8275862068965517,1
GCF_031728555.1.fna,GCF_031728315.1.fna,0.9874299999999999,0.8275862068965517,1
GCF_031728555.1.fna,GCF_031728335.1.fna,0.9819580000000001,0.896551724137931,1
GCF_031728555.1.fna,GCF_031728415.1.fna,0.9641419999999999,0.7586206896551724,1
GCF_031728555.1.fna,GCF_031728455.1.fna,0.967584,0.7241379310344828,1
GCF_031728555.1.fna,GCF_031728475.1.fna,0.994853,0.7931034482758621,1
GCF_031728555.1.fna,GCF_031728495.1.fna,0.975115,0.7241379310344828,1
GCF_031728555.1.fna,GCF_031728515.1.fna,0.98233,0.6896551724137931,1
GCF_031728555.1.fna,GCF_031728555.1.fna,1.0,1.0,1
GCF_031728555.1.fna,GCF_031728675.1.fna,0.975646,0.7241379310344828,1
GCF_031728555.1.fna,GCF_031728695.1.fna,0.9745170000000001,0.7241379310344828,1
GCF_031728555.1.fna,GCF_031728715.1.fna,0.975368,0.6896551724137931,1
GCF_031728555.1.fna,GCF_031728735.1.fna,0.986066,0.8275862068965517,1
GCF_031728555.1.fna,GCF_031728745.1.fna,0.987418,0.7931034482758621,1
GCF_031728555.1.fna,GCF_031728795.1.fna,0.9753109999999999,0.7586206896551724,1
GCF_031728555.1.fna,GCF_031728835.1.fna,0.998852,0.7931034482758621,1
GCF_031728555.1.fna,GCF_031728895.1.fna,0.9694419999999999,0.7586206896551724,1
GCF_031728555.1.fna,GCF_031729015.1.fna,0.97527,0.6896551724137931,1
GCF_031728555.1.fna,GCF_036419895.1.fna,0.9754130000000001,0.6896551724137931,1
GCF_031728555.1.fna,GCF_036420075.1.fna,0.975718,0.7241379310344828,1
GCF_031728555.1.fna,GCF_037694985.1.fna,0.9866389999999999,0.8275862068965517,1
GCF_031728555.1.fna,GCF_037695175.1.fna,0.9749890000000001,0.6896551724137931,1
GCF_031728555.1.fna,GCF_037700135.1.fna,0.9941119999999999,0.7931034482758621,1
GCF_031728555.1.fna,GCF_037700155.1.fna,0.993973,0.7586206896551724,1
GCF_031728555.1.fna,GCF_037700295.1.fna,0.988152,0.7241379310344828,1
GCF_031728555.1.fna,GCF_037700315.1.fna,0.965553,0.7931034482758621,1
GCF_031728555.1.fna,GCF_037700375.1.fna,0.963038,0.8275862068965517,1
GCF_031728555.1.fna,GCF_037700455.1.fna,0.9638549999999999,0.8275862068965517,1
GCF_031728555.1.fna,GCF_040947025.1.fna,0.984897,0.7931034482758621,1
GCF_031728555.1.fna,GCF_040947065.1.fna,0.9785290000000001,0.7241379310344828,1
GCF_031728555.1.fna,GCF_040947125.1.fna,0.963548,0.7931034482758621,1
GCF_031728555.1.fna,GCF_040947205.1.fna,0.9843179999999999,0.7586206896551724,1
GCF_031728555.1.fna,GCF_040947225.1.fna,0.978434,0.6896551724137931,1
GCF_031728555.1.fna,GCF_040947605.1.fna,0.997774,0.6896551724137931,1
GCF_031728555.1.fna,GCF_040947645.1.fna,0.9977750000000001,0.6896551724137931,1
GCF_031728555.1.fna,GCF_047653515.1.fna,0.995744,0.7586206896551724,1
GCF_031728555.1.fna,GCF_047653525.1.fna,0.984918,0.8275862068965517,1
GCF_031728555.1.fna,GCF_052950835.1.fna,0.97191,0.7241379310344828,1
GCF_031728555.1.fna,GCF_900458635.1.fna,0.968588,0.7931034482758621,1
GCF_031728555.1.fna,GCF_964211265.1.fna,0.967757,0.7931034482758621,1
GCF_031728675.1.fna,GCF_000269685.1.fna,0.9769289999999999,0.9090909090909091,1
GCF_031728675.1.fna,GCF_002901845.1.fna,0.994799,0.9090909090909091,1
GCF_031728675.1.fna,GCF_013267575.1.fna,0.99988,0.9545454545454546,1
GCF_031728675.1.fna,GCF_015274535.1.fna,0.9751390000000001,0.9090909090909091,1
GCF_031728675.1.fna,GCF_015274585.1.fna,0.9751390000000001,0.9090909090909091,1
GCF_031728675.1.fna,GCF_015274655.1.fna,0.9751390000000001,0.9090909090909091,1
GCF_031728675.1.fna,GCF_015274675.1.fna,0.977281,0.9545454545454546,1
GCF_031728675.1.fna,GCF_017315625.1.fna,0.977884,0.9545454545454546,1
GCF_031728675.1.fna,GCF_017315645.1.fna,0.9768680000000001,0.9545454545454546,1
GCF_031728675.1.fna,GCF_022689565.1.fna,0.974906,0.9090909090909091,1
GCF_031728675.1.fna,GCF_022689575.1.fna,0.9942300000000001,0.9545454545454546,1
GCF_031728675.1.fna,GCF_022689615.1.fna,0.9738890000000001,0.9090909090909091,1
GCF_031728675.1.fna,GCF_022689645.1.fna,0.993061,0.9090909090909091,1
GCF_031728675.1.fna,GCF_022689665.1.fna,0.993981,0.9545454545454546,1
GCF_031728675.1.fna,GCF_022689675.1.fna,0.974666,0.9545454545454546,1
GCF_031728675.1.fna,GCF_022689705.1.fna,0.993061,0.9090909090909091,1
GCF_031728675.1.fna,GCF_022689725.1.fna,0.994581,0.9545454545454546,1
GCF_031728675.1.fna,GCF_022689745.1.fna,0.974484,0.9545454545454546,1
GCF_031728675.1.fna,GCF_022689765.1.fna,0.975939,0.9545454545454546,1
GCF_031728675.1.fna,GCF_022689775.1.fna,0.995667,0.9090909090909091,1
GCF_031728675.1.fna,GCF_022689785.1.fna,0.9847920000000001,1.0,1
GCF_031728675.1.fna,GCF_022689825.1.fna,0.975749,0.9545454545454546,1
GCF_031728675.1.fna,GCF_022689845.1.fna,0.975489,0.9090909090909091,1
GCF_031728675.1.fna,GCF_022689855.1.fna,0.993792,0.9545454545454546,1
GCF_031728675.1.fna,GCF_022689905.1.fna,0.9759610000000001,0.9545454545454546,1
GCF_031728675.1.fna,GCF_022689925.1.fna,0.972843,0.8636363636363636,1
GCF_031728675.1.fna,GCF_022689945.1.fna,0.9657330000000001,0.8636363636363636,1
GCF_031728675.1.fna,GCF_022689965.1.fna,0.9764449999999999,0.9545454545454546,1
GCF_031728675.1.fna,GCF_022689975.1.fna,0.975393,0.9545454545454546,1
GCF_031728675.1.fna,GCF_022690005.1.fna,0.992053,0.9545454545454546,1
GCF_031728675.1.fna,GCF_022690025.1.fna,0.994014,0.9545454545454546,1
GCF_031728675.1.fna,GCF_022690045.1.fna,0.992053,0.9545454545454546,1
GCF_031728675.1.fna,GCF_022690065.1.fna,0.9748730000000001,0.9545454545454546,1
GCF_031728675.1.fna,GCF_022690085.1.fna,0.9727899999999999,0.9545454545454546,1
GCF_031728675.1.fna,GCF_022690105.1.fna,0.9748829999999999,0.9545454545454546,1
GCF_031728675.1.fna,GCF_022690115.1.fna,0.972998,0.9545454545454546,1
GCF_031728675.1.fna,GCF_022690145.1.fna,0.9748730000000001,0.9545454545454546,1
GCF_031728675.1.fna,GCF_022690165.1.fna,0.9752339999999999,0.9545454545454546,1
GCF_031728675.1.fna,GCF_022690185.1.fna,0.985839,1.0,1
GCF_031728675.1.fna,GCF_022690205.1.fna,0.995635,0.9090909090909091,1
GCF_031728675.1.fna,GCF_022690225.1.fna,0.9914419999999999,0.9090909090909091,1
GCF_031728675.1.fna,GCF_022690245.1.fna,0.9748439999999999,0.9545454545454546,1
GCF_031728675.1.fna,GCF_022690265.1.fna,0.974861,0.9545454545454546,1
GCF_031728675.1.fna,GCF_022690275.1.fna,0.974511,0.9090909090909091,1
GCF_031728675.1.fna,GCF_022690295.1.fna,0.954872,0.9090909090909091,1
GCF_031728675.1.fna,GCF_022690325.1.fna,0.992633,0.9545454545454546,1
GCF_031728675.1.fna,GCF_022690345.1.fna,0.97431,0.9545454545454546,1
GCF_031728675.1.fna,GCF_022690375.1.fna,0.9946250000000001,0.9090909090909091,1
GCF_031728675.1.fna,GCF_022690385.1.fna,0.975842,0.9545454545454546,1
GCF_031728675.1.fna,GCF_022690425.1.fna,0.9770780000000001,0.9545454545454546,1
GCF_031728675.1.fna,GCF_025143205.1.fna,0.9752209999999999,0.9545454545454546,1
GCF_031728675.1.fna,GCF_025143445.1.fna,0.99349,0.9090909090909091,1
GCF_031728675.1.fna,GCF_025143615.1.fna,0.995861,0.9545454545454546,1
GCF_031728675.1.fna,GCF_029926865.1.fna,0.9786360000000001,0.9545454545454546,1
GCF_031728675.1.fna,GCF_029926905.1.fna,0.9786360000000001,0.9545454545454546,1
GCF_031728675.1.fna,GCF_029926915.1.fna,0.9786360000000001,0.9545454545454546,1
GCF_031728675.1.fna,GCF_031631055.1.fna,0.988969,0.9090909090909091,1
GCF_031728675.1.fna,GCF_031727055.1.fna,0.99114,0.9545454545454546,1
GCF_031728675.1.fna,GCF_031727075.1.fna,0.968708,1.0,1
GCF_031728675.1.fna,GCF_031727235.1.fna,0.994329,0.9545454545454546,1
GCF_031728675.1.fna,GCF_031727255.1.fna,0.94796,0.9545454545454546,1
GCF_031728675.1.fna,GCF_031727275.1.fna,0.992096,0.9090909090909091,1
GCF_031728675.1.fna,GCF_031727355.1.fna,0.974906,0.9090909090909091,1
GCF_031728675.1.fna,GCF_031727455.1.fna,0.973763,0.9090909090909091,1
GCF_031728675.1.fna,GCF_031727535.1.fna,0.994854,0.9545454545454546,1
GCF_031728675.1.fna,GCF_031728075.1.fna,0.9770780000000001,0.9545454545454546,1
GCF_031728675.1.fna,GCF_031728095.1.fna,0.996708,1.0,1
GCF_031728675.1.fna,GCF_031728115.1.fna,0.976828,0.9545454545454546,1
GCF_031728675.1.fna,GCF_031728155.1.fna,0.9765269999999999,0.9545454545454546,1
GCF_031728675.1.fna,GCF_031728235.1.fna,0.974659,0.9545454545454546,1
GCF_031728675.1.fna,GCF_031728275.1.fna,0.9914409999999999,1.0,1
GCF_031728675.1.fna,GCF_031728295.1.fna,0.976666,0.9545454545454546,1
GCF_031728675.1.fna,GCF_031728315.1.fna,0.976507,0.9545454545454546,1
GCF_031728675.1.fna,GCF_031728335.1.fna,0.975415,0.9545454545454546,1
GCF_031728675.1.fna,GCF_031728415.1.fna,0.992808,0.9545454545454546,1
GCF_031728675.1.fna,GCF_031728455.1.fna,0.992355,0.9545454545454546,1
GCF_031728675.1.fna,GCF_031728475.1.fna,0.975605,0.9545454545454546,1
GCF_031728675.1.fna,GCF_031728495.1.fna,0.9928520000000001,0.9545454545454546,1
GCF_031728675.1.fna,GCF_031728515.1.fna,0.954636,0.9090909090909091,1
GCF_031728675.1.fna,GCF_031728555.1.fna,0.9754590000000001,0.9545454545454546,1
GCF_031728675.1.fna,GCF_031728675.1.fna,1.0,1.0,1
GCF_031728675.1.fna,GCF_031728695.1.fna,0.998339,1.0,1
GCF_031728675.1.fna,GCF_031728715.1.fna,0.9864499999999999,1.0,1
GCF_031728675.1.fna,GCF_031728735.1.fna,0.97394,0.9545454545454546,1
GCF_031728675.1.fna,GCF_031728745.1.fna,0.970833,0.9545454545454546,1
GCF_031728675.1.fna,GCF_031728795.1.fna,0.993665,0.9545454545454546,1
GCF_031728675.1.fna,GCF_031728835.1.fna,0.975678,0.9545454545454546,1
GCF_031728675.1.fna,GCF_031728895.1.fna,0.990427,1.0,1
GCF_031728675.1.fna,GCF_031729015.1.fna,0.9860880000000001,0.9545454545454546,1
GCF_031728675.1.fna,GCF_036419895.1.fna,0.9865349999999999,1.0,1
GCF_031728675.1.fna,GCF_036420075.1.fna,0.955803,0.9090909090909091,1
GCF_031728675.1.fna,GCF_037694985.1.fna,0.975074,0.9545454545454546,1
GCF_031728675.1.fna,GCF_037695175.1.fna,0.995124,0.9090909090909091,1
GCF_031728675.1.fna,GCF_037700135.1.fna,0.975295,0.9545454545454546,1
GCF_031728675.1.fna,GCF_037700155.1.fna,0.975957,0.9545454545454546,1
GCF_031728675.1.fna,GCF_037700295.1.fna,0.975903,0.9090909090909091,1
GCF_031728675.1.fna,GCF_037700315.1.fna,0.9954529999999999,0.9545454545454546,1
GCF_031728675.1.fna,GCF_037700375.1.fna,0.992946,0.9545454545454546,1
GCF_031728675.1.fna,GCF_037700455.1.fna,0.9936969999999999,0.9545454545454546,1
GCF_031728675.1.fna,GCF_040947025.1.fna,0.977024,0.9545454545454546,1
GCF_031728675.1.fna,GCF_040947065.1.fna,0.9801139999999999,1.0,1
GCF_031728675.1.fna,GCF_040947125.1.fna,0.9950279999999999,0.9090909090909091,1
GCF_031728675.1.fna,GCF_040947205.1.fna,0.974688,0.9090909090909091,1
GCF_031728675.1.fna,GCF_040947225.1.fna,0.990119,0.9545454545454546,1
GCF_031728675.1.fna,GCF_040947605.1.fna,0.974814,0.9090909090909091,1
GCF_031728675.1.fna,GCF_040947645.1.fna,0.974814,0.9090909090909091,1
GCF_031728675.1.fna,GCF_047653515.1.fna,0.971147,1.0,1
GCF_031728675.1.fna,GCF_047653525.1.fna,0.973793,1.0,1
GCF_031728675.1.fna,GCF_052950835.1.fna,0.9897969999999999,0.9090909090909091,1
GCF_031728675.1.fna,GCF_900458635.1.fna,0.994799,0.9090909090909091,1
GCF_031728675.1.fna,GCF_964211265.1.fna,0.9924620000000001,0.9545454545454546,1
GCF_031728695.1.fna,GCF_000269685.1.fna,0.9767140000000001,0.8695652173913043,1
GCF_031728695.1.fna,GCF_002901845.1.fna,0.993772,0.8695652173913043,1
GCF_031728695.1.fna,GCF_013267575.1.fna,0.9983669999999999,0.9130434782608695,1
GCF_031728695.1.fna,GCF_015274535.1.fna,0.974264,0.9130434782608695,1
GCF_031728695.1.fna,GCF_015274585.1.fna,0.974695,0.8695652173913043,1
GCF_031728695.1.fna,GCF_015274655.1.fna,0.9733740000000001,0.9130434782608695,1
GCF_031728695.1.fna,GCF_015274675.1.fna,0.975907,0.9565217391304348,1
GCF_031728695.1.fna,GCF_017315625.1.fna,0.9773000000000001,0.9565217391304348,1
GCF_031728695.1.fna,GCF_017315645.1.fna,0.976653,0.9565217391304348,1
GCF_031728695.1.fna,GCF_022689565.1.fna,0.974063,0.9130434782608695,1
GCF_031728695.1.fna,GCF_022689575.1.fna,0.993151,0.9130434782608695,1
GCF_031728695.1.fna,GCF_022689615.1.fna,0.9734539999999999,0.9130434782608695,1
GCF_031728695.1.fna,GCF_022689645.1.fna,0.99201,0.8695652173913043,1
GCF_031728695.1.fna,GCF_022689665.1.fna,0.9928870000000001,0.9130434782608695,1
GCF_031728695.1.fna,GCF_022689675.1.fna,0.974204,0.9565217391304348,1
GCF_031728695.1.fna,GCF_022689705.1.fna,0.991572,0.9130434782608695,1
GCF_031728695.1.fna,GCF_022689725.1.fna,0.9935039999999999,0.9130434782608695,1
GCF_031728695.1.fna,GCF_022689745.1.fna,0.9730500000000001,0.9565217391304348,1
GCF_031728695.1.fna,GCF_022689765.1.fna,0.972966,0.9565217391304348,1
GCF_031728695.1.fna,GCF_022689775.1.fna,0.99607,0.9130434782608695,1
GCF_031728695.1.fna,GCF_022689785.1.fna,0.98629,0.9565217391304348,1
GCF_031728695.1.fna,GCF_022689825.1.fna,0.971622,0.9565217391304348,1
GCF_031728695.1.fna,GCF_022689845.1.fna,0.97449,0.9130434782608695,1
GCF_031728695.1.fna,GCF_022689855.1.fna,0.9915430000000001,0.9565217391304348,1
GCF_031728695.1.fna,GCF_022689905.1.fna,0.975352,0.9565217391304348,1
GCF_031728695.1.fna,GCF_022689925.1.fna,0.973198,0.8260869565217391,1
GCF_031728695.1.fna,GCF_022689945.1.fna,0.964065,0.8695652173913043,1
GCF_031728695.1.fna,GCF_022689965.1.fna,0.976198,0.9565217391304348,1
GCF_031728695.1.fna,GCF_022689975.1.fna,0.974464,0.9130434782608695,1
GCF_031728695.1.fna,GCF_022690005.1.fna,0.991978,0.9130434782608695,1
GCF_031728695.1.fna,GCF_022690025.1.fna,0.9913979999999999,0.9565217391304348,1
GCF_031728695.1.fna,GCF_022690045.1.fna,0.991978,0.9130434782608695,1
GCF_031728695.1.fna,GCF_022690065.1.fna,0.974254,0.9565217391304348,1
GCF_031728695.1.fna,GCF_022690085.1.fna,0.9731780000000001,0.9130434782608695,1
GCF_031728695.1.fna,GCF_022690105.1.fna,0.9744389999999999,0.9130434782608695,1
GCF_031728695.1.fna,GCF_022690115.1.fna,0.9728100000000001,0.9130434782608695,1
GCF_031728695.1.fna,GCF_022690145.1.fna,0.9742780000000001,0.9565217391304348,1
GCF_031728695.1.fna,GCF_022690165.1.fna,0.974746,0.9130434782608695,1
GCF_031728695.1.fna,GCF_022690185.1.fna,0.987428,0.9565217391304348,1
GCF_031728695.1.fna,GCF_022690205.1.fna,0.996039,0.9130434782608695,1
GCF_031728695.1.fna,GCF_022690225.1.fna,0.989561,0.9130434782608695,1
GCF_031728695.1.fna,GCF_022690245.1.fna,0.9739709999999999,0.9565217391304348,1
GCF_031728695.1.fna,GCF_022690265.1.fna,0.974387,0.9130434782608695,1
GCF_031728695.1.fna,GCF_022690275.1.fna,0.974128,0.8695652173913043,1
GCF_031728695.1.fna,GCF_022690295.1.fna,0.953789,0.9130434782608695,1
GCF_031728695.1.fna,GCF_022690325.1.fna,0.9927630000000001,0.9130434782608695,1
GCF_031728695.1.fna,GCF_022690345.1.fna,0.9736910000000001,0.9565217391304348,1
GCF_031728695.1.fna,GCF_022690375.1.fna,0.9941939999999999,0.8695652173913043,1
GCF_031728695.1.fna,GCF_022690385.1.fna,0.9749099999999999,0.9130434782608695,1
GCF_031728695.1.fna,GCF_022690425.1.fna,0.9769110000000001,0.9565217391304348,1
GCF_031728695.1.fna,GCF_025143205.1.fna,0.9747530000000001,0.9130434782608695,1
GCF_031728695.1.fna,GCF_025143445.1.fna,0.992772,0.8695652173913043,1
GCF_031728695.1.fna,GCF_025143615.1.fna,0.996117,0.9565217391304348,1
GCF_031728695.1.fna,GCF_029926865.1.fna,0.9780530000000001,0.9565217391304348,1
GCF_031728695.1.fna,GCF_029926905.1.fna,0.9780530000000001,0.9565217391304348,1
GCF_031728695.1.fna,GCF_029926915.1.fna,0.9780530000000001,0.9565217391304348,1
GCF_031728695.1.fna,GCF_031631055.1.fna,0.987572,0.9130434782608695,1
GCF_031728695.1.fna,GCF_031727055.1.fna,0.988817,0.9565217391304348,1
GCF_031728695.1.fna,GCF_031727075.1.fna,0.9682590000000001,1.0,1
GCF_031728695.1.fna,GCF_031727235.1.fna,0.9920950000000001,0.9565217391304348,1
GCF_031728695.1.fna,GCF_031727255.1.fna,0.947529,0.9130434782608695,1
GCF_031728695.1.fna,GCF_031727275.1.fna,0.9920180000000001,0.8695652173913043,1
GCF_031728695.1.fna,GCF_031727355.1.fna,0.974349,0.9130434782608695,1
GCF_031728695.1.fna,GCF_031727455.1.fna,0.974298,0.8695652173913043,1
GCF_031728695.1.fna,GCF_031727535.1.fna,0.99383,0.9130434782608695,1
GCF_031728695.1.fna,GCF_031728075.1.fna,0.9769110000000001,0.9565217391304348,1
GCF_031728695.1.fna,GCF_031728095.1.fna,0.997725,1.0,1
GCF_031728695.1.fna,GCF_031728115.1.fna,0.976611,0.9565217391304348,1
GCF_031728695.1.fna,GCF_031728155.1.fna,0.97328,0.9565217391304348,1
GCF_031728695.1.fna,GCF_031728235.1.fna,0.97383,0.9565217391304348,1
GCF_031728695.1.fna,GCF_031728275.1.fna,0.99114,0.9565217391304348,1
GCF_031728695.1.fna,GCF_031728295.1.fna,0.976433,0.9565217391304348,1
GCF_031728695.1.fna,GCF_031728315.1.fna,0.975895,0.9130434782608695,1
GCF_031728695.1.fna,GCF_031728335.1.fna,0.9726990000000001,0.9565217391304348,1
GCF_031728695.1.fna,GCF_031728415.1.fna,0.992795,0.9130434782608695,1
GCF_031728695.1.fna,GCF_031728455.1.fna,0.992315,0.9130434782608695,1
GCF_031728695.1.fna,GCF_031728475.1.fna,0.975107,0.9565217391304348,1
GCF_031728695.1.fna,GCF_031728495.1.fna,0.991299,0.9565217391304348,1
GCF_031728695.1.fna,GCF_031728515.1.fna,0.9522839999999999,0.9130434782608695,1
GCF_031728695.1.fna,GCF_031728555.1.fna,0.9747979999999999,0.9565217391304348,1
GCF_031728695.1.fna,GCF_031728675.1.fna,0.99835,0.9565217391304348,1
GCF_031728695.1.fna,GCF_031728695.1.fna,1.0,1.0,1
GCF_031728695.1.fna,GCF_031728715.1.fna,0.9880599999999999,0.9565217391304348,1
GCF_031728695.1.fna,GCF_031728735.1.fna,0.972123,0.9565217391304348,1
GCF_031728695.1.fna,GCF_031728745.1.fna,0.9691190000000001,0.9565217391304348,1
GCF_031728695.1.fna,GCF_031728795.1.fna,0.9933379999999999,0.9565217391304348,1
GCF_031728695.1.fna,GCF_031728835.1.fna,0.974961,0.9565217391304348,1
GCF_031728695.1.fna,GCF_031728895.1.fna,0.989211,0.9565217391304348,1
GCF_031728695.1.fna,GCF_031729015.1.fna,0.9877790000000001,0.9130434782608695,1
GCF_031728695.1.fna,GCF_036419895.1.fna,0.988155,0.9565217391304348,1
GCF_031728695.1.fna,GCF_036420075.1.fna,0.954817,0.9130434782608695,1
GCF_031728695.1.fna,GCF_037694985.1.fna,0.9744419999999999,0.9130434782608695,1
GCF_031728695.1.fna,GCF_037695175.1.fna,0.9940439999999999,0.8695652173913043,1
GCF_031728695.1.fna,GCF_037700135.1.fna,0.9743040000000001,0.9565217391304348,1
GCF_031728695.1.fna,GCF_037700155.1.fna,0.9757429999999999,0.9565217391304348,1
GCF_031728695.1.fna,GCF_037700295.1.fna,0.968197,0.9130434782608695,1
GCF_031728695.1.fna,GCF_037700315.1.fna,0.9949850000000001,0.9130434782608695,1
GCF_031728695.1.fna,GCF_037700375.1.fna,0.991854,0.9130434782608695,1
GCF_031728695.1.fna,GCF_037700455.1.fna,0.9926210000000001,0.9130434782608695,1
GCF_031728695.1.fna,GCF_040947025.1.fna,0.976857,0.9130434782608695,1
GCF_031728695.1.fna,GCF_040947065.1.fna,0.979614,0.9130434782608695,1
GCF_031728695.1.fna,GCF_040947125.1.fna,0.9923430000000001,0.9130434782608695,1
GCF_031728695.1.fna,GCF_040947205.1.fna,0.974152,0.8695652173913043,1
GCF_031728695.1.fna,GCF_040947225.1.fna,0.9900960000000001,0.9130434782608695,1
GCF_031728695.1.fna,GCF_040947605.1.fna,0.97443,0.8695652173913043,1
GCF_031728695.1.fna,GCF_040947645.1.fna,0.97443,0.8695652173913043,1
GCF_031728695.1.fna,GCF_047653515.1.fna,0.9706619999999999,1.0,1
GCF_031728695.1.fna,GCF_047653525.1.fna,0.973249,1.0,1
GCF_031728695.1.fna,GCF_052950835.1.fna,0.9899420000000001,0.8695652173913043,1
GCF_031728695.1.fna,GCF_900458635.1.fna,0.993772,0.8695652173913043,1
GCF_031728695.1.fna,GCF_964211265.1.fna,0.9886490000000001,0.9565217391304348,1
GCF_031728715.1.fna,GCF_000269685.1.fna,0.977367,0.9090909090909091,1
GCF_031728715.1.fna,GCF_002901845.1.fna,0.9939319999999999,0.9090909090909091,1
GCF_031728715.1.fna,GCF_013267575.1.fna,0.985608,0.9545454545454546,1
GCF_031728715.1.fna,GCF_015274535.1.fna,0.975399,0.9090909090909091,1
GCF_031728715.1.fna,GCF_015274585.1.fna,0.975399,0.9090909090909091,1
GCF_031728715.1.fna,GCF_015274655.1.fna,0.975399,0.9090909090909091,1
GCF_031728715.1.fna,GCF_015274675.1.fna,0.977711,0.9545454545454546,1
GCF_031728715.1.fna,GCF_017315625.1.fna,0.978189,0.9545454545454546,1
GCF_031728715.1.fna,GCF_017315645.1.fna,0.9776590000000001,0.9545454545454546,1
GCF_031728715.1.fna,GCF_022689565.1.fna,0.975249,0.9090909090909091,1
GCF_031728715.1.fna,GCF_022689575.1.fna,0.99381,0.9545454545454546,1
GCF_031728715.1.fna,GCF_022689615.1.fna,0.9743470000000001,0.9090909090909091,1
GCF_031728715.1.fna,GCF_022689645.1.fna,0.992643,0.9090909090909091,1
GCF_031728715.1.fna,GCF_022689665.1.fna,0.99357,0.9545454545454546,1
GCF_031728715.1.fna,GCF_022689675.1.fna,0.9751000000000001,0.9545454545454546,1
GCF_031728715.1.fna,GCF_022689705.1.fna,0.9921909999999999,0.9545454545454546,1
GCF_031728715.1.fna,GCF_022689725.1.fna,0.9941949999999999,0.9545454545454546,1
GCF_031728715.1.fna,GCF_022689745.1.fna,0.9749490000000001,0.9545454545454546,1
GCF_031728715.1.fna,GCF_022689765.1.fna,0.975823,0.9545454545454546,1
GCF_031728715.1.fna,GCF_022689775.1.fna,0.999845,0.9090909090909091,1
GCF_031728715.1.fna,GCF_022689785.1.fna,0.9987569999999999,1.0,1
GCF_031728715.1.fna,GCF_022689825.1.fna,0.975638,0.9545454545454546,1
GCF_031728715.1.fna,GCF_022689845.1.fna,0.9752160000000001,0.9090909090909091,1
GCF_031728715.1.fna,GCF_022689855.1.fna,0.9926229999999999,0.9545454545454546,1
GCF_031728715.1.fna,GCF_022689905.1.fna,0.9762000000000001,0.9545454545454546,1
GCF_031728715.1.fna,GCF_022689925.1.fna,0.973767,0.8636363636363636,1
GCF_031728715.1.fna,GCF_022689945.1.fna,0.965981,0.8636363636363636,1
GCF_031728715.1.fna,GCF_022689965.1.fna,0.97726,0.9545454545454546,1
GCF_031728715.1.fna,GCF_022689975.1.fna,0.9752209999999999,0.9545454545454546,1
GCF_031728715.1.fna,GCF_022690005.1.fna,0.99331,0.9545454545454546,1
GCF_031728715.1.fna,GCF_022690025.1.fna,0.99359,0.9545454545454546,1
GCF_031728715.1.fna,GCF_022690045.1.fna,0.99331,0.9545454545454546,1
GCF_031728715.1.fna,GCF_022690065.1.fna,0.9751519999999999,0.9545454545454546,1
GCF_031728715.1.fna,GCF_022690085.1.fna,0.973672,0.9545454545454546,1
GCF_031728715.1.fna,GCF_022690105.1.fna,0.9752209999999999,0.9545454545454546,1
GCF_031728715.1.fna,GCF_022690115.1.fna,0.973227,0.9545454545454546,1
GCF_031728715.1.fna,GCF_022690145.1.fna,0.9751519999999999,0.9545454545454546,1
GCF_031728715.1.fna,GCF_022690165.1.fna,0.97555,0.9545454545454546,1
GCF_031728715.1.fna,GCF_022690185.1.fna,0.999019,1.0,1
GCF_031728715.1.fna,GCF_022690205.1.fna,0.99982,0.9090909090909091,1
GCF_031728715.1.fna,GCF_022690225.1.fna,0.991702,0.9090909090909091,1
GCF_031728715.1.fna,GCF_022690245.1.fna,0.974963,0.9545454545454546,1
GCF_031728715.1.fna,GCF_022690265.1.fna,0.975141,0.9545454545454546,1
GCF_031728715.1.fna,GCF_022690275.1.fna,0.974846,0.9090909090909091,1
GCF_031728715.1.fna,GCF_022690295.1.fna,0.966146,0.8636363636363636,1
GCF_031728715.1.fna,GCF_022690325.1.fna,0.993471,0.9545454545454546,1
GCF_031728715.1.fna,GCF_022690345.1.fna,0.9747129999999999,0.9545454545454546,1
GCF_031728715.1.fna,GCF_022690375.1.fna,0.9947060000000001,0.9090909090909091,1
GCF_031728715.1.fna,GCF_022690385.1.fna,0.975376,0.9090909090909091,1
GCF_031728715.1.fna,GCF_022690425.1.fna,0.9778319999999999,0.9545454545454546,1
GCF_031728715.1.fna,GCF_025143205.1.fna,0.9755429999999999,0.9545454545454546,1
GCF_031728715.1.fna,GCF_025143445.1.fna,0.9936039999999999,0.9090909090909091,1
GCF_031728715.1.fna,GCF_025143615.1.fna,0.999757,0.9545454545454546,1
GCF_031728715.1.fna,GCF_029926865.1.fna,0.979031,0.9545454545454546,1
GCF_031728715.1.fna,GCF_029926905.1.fna,0.979031,0.9545454545454546,1
GCF_031728715.1.fna,GCF_029926915.1.fna,0.979031,0.9545454545454546,1
GCF_031728715.1.fna,GCF_031631055.1.fna,0.98908,0.9090909090909091,1
GCF_031728715.1.fna,GCF_031727055.1.fna,0.990202,0.9545454545454546,1
GCF_031728715.1.fna,GCF_031727075.1.fna,0.9751000000000001,0.9545454545454546,1
GCF_031728715.1.fna,GCF_031727235.1.fna,0.993223,0.9545454545454546,1
GCF_031728715.1.fna,GCF_031727255.1.fna,0.966146,0.8636363636363636,1
GCF_031728715.1.fna,GCF_031727275.1.fna,0.992792,0.9090909090909091,1
GCF_031728715.1.fna,GCF_031727355.1.fna,0.975249,0.9090909090909091,1
GCF_031728715.1.fna,GCF_031727455.1.fna,0.9746859999999999,0.9090909090909091,1
GCF_031728715.1.fna,GCF_031727535.1.fna,0.9945010000000001,0.9545454545454546,1
GCF_031728715.1.fna,GCF_031728075.1.fna,0.9778319999999999,0.9545454545454546,1
GCF_031728715.1.fna,GCF_031728095.1.fna,0.988459,1.0,1
GCF_031728715.1.fna,GCF_031728115.1.fna,0.977068,0.9545454545454546,1
GCF_031728715.1.fna,GCF_031728155.1.fna,0.977008,0.9545454545454546,1
GCF_031728715.1.fna,GCF_031728235.1.fna,0.974718,0.9545454545454546,1
GCF_031728715.1.fna,GCF_031728275.1.fna,0.991742,1.0,1
GCF_031728715.1.fna,GCF_031728295.1.fna,0.977401,0.9545454545454546,1
GCF_031728715.1.fna,GCF_031728315.1.fna,0.9736109999999999,1.0,1
GCF_031728715.1.fna,GCF_031728335.1.fna,0.975769,0.9545454545454546,1
GCF_031728715.1.fna,GCF_031728415.1.fna,0.9935590000000001,0.9545454545454546,1
GCF_031728715.1.fna,GCF_031728455.1.fna,0.9930939999999999,0.9545454545454546,1
GCF_031728715.1.fna,GCF_031728475.1.fna,0.9759950000000001,0.9545454545454546,1
GCF_031728715.1.fna,GCF_031728495.1.fna,0.9936010000000001,0.9545454545454546,1
GCF_031728715.1.fna,GCF_031728515.1.fna,0.965943,0.8636363636363636,1
GCF_031728715.1.fna,GCF_031728555.1.fna,0.975785,0.9545454545454546,1
GCF_031728715.1.fna,GCF_031728675.1.fna,0.986131,1.0,1
GCF_031728715.1.fna,GCF_031728695.1.fna,0.9876609999999999,1.0,1
GCF_031728715.1.fna,GCF_031728715.1.fna,1.0,1.0,1
GCF_031728715.1.fna,GCF_031728735.1.fna,0.973783,0.9545454545454546,1
GCF_031728715.1.fna,GCF_031728745.1.fna,0.9718300000000001,0.9545454545454546,1
GCF_031728715.1.fna,GCF_031728795.1.fna,0.9947069999999999,1.0,1
GCF_031728715.1.fna,GCF_031728835.1.fna,0.9759610000000001,0.9545454545454546,1
GCF_031728715.1.fna,GCF_031728895.1.fna,0.9884900000000001,1.0,1
GCF_031728715.1.fna,GCF_031729015.1.fna,0.999606,0.9545454545454546,1
GCF_031728715.1.fna,GCF_036419895.1.fna,0.999804,1.0,1
GCF_031728715.1.fna,GCF_036420075.1.fna,0.965981,0.8636363636363636,1
GCF_031728715.1.fna,GCF_037694985.1.fna,0.975337,0.9545454545454546,1
GCF_031728715.1.fna,GCF_037695175.1.fna,0.9947400000000001,0.9090909090909091,1
GCF_031728715.1.fna,GCF_037700135.1.fna,0.9750369999999999,0.9545454545454546,1
GCF_031728715.1.fna,GCF_037700155.1.fna,0.9768009999999999,0.9545454545454546,1
GCF_031728715.1.fna,GCF_037700295.1.fna,0.97663,0.9090909090909091,1
GCF_031728715.1.fna,GCF_037700315.1.fna,0.9972329999999999,0.9545454545454546,1
GCF_031728715.1.fna,GCF_037700375.1.fna,0.992926,0.9545454545454546,1
GCF_031728715.1.fna,GCF_037700455.1.fna,0.993708,0.9545454545454546,1
GCF_031728715.1.fna,GCF_040947025.1.fna,0.977598,0.9545454545454546,1
GCF_031728715.1.fna,GCF_040947065.1.fna,0.98925,1.0,1
GCF_031728715.1.fna,GCF_040947125.1.fna,0.9946639999999999,0.9090909090909091,1
GCF_031728715.1.fna,GCF_040947205.1.fna,0.974973,0.9090909090909091,1
GCF_031728715.1.fna,GCF_040947225.1.fna,0.990723,0.9545454545454546,1
GCF_031728715.1.fna,GCF_040947605.1.fna,0.9751430000000001,0.9090909090909091,1
GCF_031728715.1.fna,GCF_040947645.1.fna,0.9751430000000001,0.9090909090909091,1
GCF_031728715.1.fna,GCF_047653515.1.fna,0.977619,0.9545454545454546,1
GCF_031728715.1.fna,GCF_047653525.1.fna,0.970874,1.0,1
GCF_031728715.1.fna,GCF_052950835.1.fna,0.9905379999999999,0.9090909090909091,1
GCF_031728715.1.fna,GCF_900458635.1.fna,0.9939319999999999,0.9090909090909091,1
GCF_031728715.1.fna,GCF_964211265.1.fna,0.992471,0.9545454545454546,1
GCF_031728735.1.fna,GCF_000269685.1.fna,0.9801139999999999,0.896551724137931,1
GCF_031728735.1.fna,GCF_002901845.1.fna,0.967881,0.7586206896551724,1
GCF_031728735.1.fna,GCF_013267575.1.fna,0.973792,0.6896551724137931,1
GCF_031728735.1.fna,GCF_015274535.1.fna,0.990617,0.7586206896551724,1
GCF_031728735.1.fna,GCF_015274585.1.fna,0.9934080000000001,0.7241379310344828,1
GCF_031728735.1.fna,GCF_015274655.1.fna,0.9903749999999999,0.7586206896551724,1
GCF_031728735.1.fna,GCF_015274675.1.fna,0.984506,0.8620689655172413,1
GCF_031728735.1.fna,GCF_017315625.1.fna,0.988948,0.7931034482758621,1
GCF_031728735.1.fna,GCF_017315645.1.fna,0.985352,0.8620689655172413,1
GCF_031728735.1.fna,GCF_022689565.1.fna,0.9893770000000001,0.7586206896551724,1
GCF_031728735.1.fna,GCF_022689575.1.fna,0.971698,0.7586206896551724,1
GCF_031728735.1.fna,GCF_022689615.1.fna,0.990745,0.7586206896551724,1
GCF_031728735.1.fna,GCF_022689645.1.fna,0.972166,0.7241379310344828,1
GCF_031728735.1.fna,GCF_022689665.1.fna,0.971271,0.7586206896551724,1
GCF_031728735.1.fna,GCF_022689675.1.fna,0.991241,0.7931034482758621,1
GCF_031728735.1.fna,GCF_022689705.1.fna,0.9740089999999999,0.7241379310344828,1
GCF_031728735.1.fna,GCF_022689725.1.fna,0.972042,0.7586206896551724,1
GCF_031728735.1.fna,GCF_022689745.1.fna,0.990829,0.7931034482758621,1
GCF_031728735.1.fna,GCF_022689765.1.fna,0.989618,0.7931034482758621,1
GCF_031728735.1.fna,GCF_022689775.1.fna,0.96595,0.7586206896551724,1
GCF_031728735.1.fna,GCF_022689785.1.fna,0.973317,0.7241379310344828,1
GCF_031728735.1.fna,GCF_022689825.1.fna,0.98906,0.7931034482758621,1
GCF_031728735.1.fna,GCF_022689845.1.fna,0.9832299999999999,0.8620689655172413,1
GCF_031728735.1.fna,GCF_022689855.1.fna,0.968349,0.7931034482758621,1
GCF_031728735.1.fna,GCF_022689905.1.fna,0.982259,0.896551724137931,1
GCF_031728735.1.fna,GCF_022689925.1.fna,0.967812,0.7241379310344828,1
GCF_031728735.1.fna,GCF_022689945.1.fna,0.9892690000000001,0.7241379310344828,1
GCF_031728735.1.fna,GCF_022689965.1.fna,0.982096,0.896551724137931,1
GCF_031728735.1.fna,GCF_022689975.1.fna,0.9926349999999999,0.7586206896551724,1
GCF_031728735.1.fna,GCF_022690005.1.fna,0.974057,0.7241379310344828,1
GCF_031728735.1.fna,GCF_022690025.1.fna,0.968334,0.7931034482758621,1
GCF_031728735.1.fna,GCF_022690045.1.fna,0.974057,0.7241379310344828,1
GCF_031728735.1.fna,GCF_022690065.1.fna,0.983759,0.896551724137931,1
GCF_031728735.1.fna,GCF_022690085.1.fna,0.9674809999999999,0.7586206896551724,1
GCF_031728735.1.fna,GCF_022690105.1.fna,0.992827,0.7241379310344828,1
GCF_031728735.1.fna,GCF_022690115.1.fna,0.984401,0.7241379310344828,1
GCF_031728735.1.fna,GCF_022690145.1.fna,0.9837600000000001,0.896551724137931,1
GCF_031728735.1.fna,GCF_022690165.1.fna,0.985862,0.8620689655172413,1
GCF_031728735.1.fna,GCF_022690185.1.fna,0.9707009999999999,0.7586206896551724,1
GCF_031728735.1.fna,GCF_022690205.1.fna,0.968431,0.7586206896551724,1
GCF_031728735.1.fna,GCF_022690225.1.fna,0.971924,0.7241379310344828,1
GCF_031728735.1.fna,GCF_022690245.1.fna,0.990702,0.7586206896551724,1
GCF_031728735.1.fna,GCF_022690265.1.fna,0.991811,0.7931034482758621,1
GCF_031728735.1.fna,GCF_022690275.1.fna,0.993736,0.7241379310344828,1
GCF_031728735.1.fna,GCF_022690295.1.fna,0.973279,0.8275862068965517,1
GCF_031728735.1.fna,GCF_022690325.1.fna,0.973489,0.7241379310344828,1
GCF_031728735.1.fna,GCF_022690345.1.fna,0.98763,0.7931034482758621,1
GCF_031728735.1.fna,GCF_022690375.1.fna,0.965903,0.7931034482758621,1
GCF_031728735.1.fna,GCF_022690385.1.fna,0.990444,0.7931034482758621,1
GCF_031728735.1.fna,GCF_022690425.1.fna,0.989012,0.7931034482758621,1
GCF_031728735.1.fna,GCF_025143205.1.fna,0.993827,0.7586206896551724,1
GCF_031728735.1.fna,GCF_025143445.1.fna,0.9596339999999999,0.7931034482758621,1
GCF_031728735.1.fna,GCF_025143615.1.fna,0.9709739999999999,0.7586206896551724,1
GCF_031728735.1.fna,GCF_029926865.1.fna,0.988905,0.7931034482758621,1
GCF_031728735.1.fna,GCF_029926905.1.fna,0.988905,0.7931034482758621,1
GCF_031728735.1.fna,GCF_029926915.1.fna,0.988905,0.7931034482758621,1
GCF_031728735.1.fna,GCF_031631055.1.fna,0.970706,0.7586206896551724,1
GCF_031728735.1.fna,GCF_031727055.1.fna,0.966941,0.8275862068965517,1
GCF_031728735.1.fna,GCF_031727075.1.fna,0.991106,0.7931034482758621,1
GCF_031728735.1.fna,GCF_031727235.1.fna,0.968772,0.7931034482758621,1
GCF_031728735.1.fna,GCF_031727255.1.fna,0.972224,0.7931034482758621,1
GCF_031728735.1.fna,GCF_031727275.1.fna,0.9731789999999999,0.6896551724137931,1
GCF_031728735.1.fna,GCF_031727355.1.fna,0.989803,0.7586206896551724,1
GCF_031728735.1.fna,GCF_031727455.1.fna,0.9674630000000001,0.6896551724137931,1
GCF_031728735.1.fna,GCF_031727535.1.fna,0.972338,0.7586206896551724,1
GCF_031728735.1.fna,GCF_031728075.1.fna,0.989012,0.7931034482758621,1
GCF_031728735.1.fna,GCF_031728095.1.fna,0.965138,0.7586206896551724,1
GCF_031728735.1.fna,GCF_031728115.1.fna,0.9900620000000001,0.7931034482758621,1
GCF_031728735.1.fna,GCF_031728155.1.fna,0.9885729999999999,0.7931034482758621,1
GCF_031728735.1.fna,GCF_031728235.1.fna,0.98801,0.7931034482758621,1
GCF_031728735.1.fna,GCF_031728275.1.fna,0.974017,0.7241379310344828,1
GCF_031728735.1.fna,GCF_031728295.1.fna,0.9850140000000001,0.8620689655172413,1
GCF_031728735.1.fna,GCF_031728315.1.fna,0.984585,0.8620689655172413,1
GCF_031728735.1.fna,GCF_031728335.1.fna,0.9869559999999999,0.7931034482758621,1
GCF_031728735.1.fna,GCF_031728415.1.fna,0.966692,0.7931034482758621,1
GCF_031728735.1.fna,GCF_031728455.1.fna,0.97426,0.7241379310344828,1
GCF_031728735.1.fna,GCF_031728475.1.fna,0.989923,0.8275862068965517,1
GCF_031728735.1.fna,GCF_031728495.1.fna,0.971558,0.7586206896551724,1
GCF_031728735.1.fna,GCF_031728515.1.fna,0.976275,0.7586206896551724,1
GCF_031728735.1.fna,GCF_031728555.1.fna,0.983783,0.896551724137931,1
GCF_031728735.1.fna,GCF_031728675.1.fna,0.9742029999999999,0.7241379310344828,1
GCF_031728735.1.fna,GCF_031728695.1.fna,0.9717180000000001,0.7586206896551724,1
GCF_031728735.1.fna,GCF_031728715.1.fna,0.9739619999999999,0.7241379310344828,1
GCF_031728735.1.fna,GCF_031728735.1.fna,1.0,1.0,1
GCF_031728735.1.fna,GCF_031728745.1.fna,0.9825409999999999,0.7931034482758621,1
GCF_031728735.1.fna,GCF_031728795.1.fna,0.9725199999999999,0.7586206896551724,1
GCF_031728735.1.fna,GCF_031728835.1.fna,0.9893219999999999,0.7931034482758621,1
GCF_031728735.1.fna,GCF_031728895.1.fna,0.968682,0.7931034482758621,1
GCF_031728735.1.fna,GCF_031729015.1.fna,0.973232,0.6896551724137931,1
GCF_031728735.1.fna,GCF_036419895.1.fna,0.9740519999999999,0.7241379310344828,1
GCF_031728735.1.fna,GCF_036420075.1.fna,0.9892690000000001,0.7241379310344828,1
GCF_031728735.1.fna,GCF_037694985.1.fna,0.983221,0.8620689655172413,1
GCF_031728735.1.fna,GCF_037695175.1.fna,0.9733740000000001,0.6896551724137931,1
GCF_031728735.1.fna,GCF_037700135.1.fna,0.9890760000000001,0.8275862068965517,1
GCF_031728735.1.fna,GCF_037700155.1.fna,0.9885309999999999,0.7931034482758621,1
GCF_031728735.1.fna,GCF_037700295.1.fna,0.98446,0.7586206896551724,1
GCF_031728735.1.fna,GCF_037700315.1.fna,0.966351,0.7931034482758621,1
GCF_031728735.1.fna,GCF_037700375.1.fna,0.969529,0.7931034482758621,1
GCF_031728735.1.fna,GCF_037700455.1.fna,0.970434,0.7931034482758621,1
GCF_031728735.1.fna,GCF_040947025.1.fna,0.982831,0.8275862068965517,1
GCF_031728735.1.fna,GCF_040947065.1.fna,0.97519,0.7586206896551724,1
GCF_031728735.1.fna,GCF_040947125.1.fna,0.9643729999999999,0.7931034482758621,1
GCF_031728735.1.fna,GCF_040947205.1.fna,0.981938,0.7931034482758621,1
GCF_031728735.1.fna,GCF_040947225.1.fna,0.976701,0.7241379310344828,1
GCF_031728735.1.fna,GCF_040947605.1.fna,0.993162,0.7241379310344828,1
GCF_031728735.1.fna,GCF_040947645.1.fna,0.9934099999999999,0.6896551724137931,1
GCF_031728735.1.fna,GCF_047653515.1.fna,0.9896769999999999,0.7586206896551724,1
GCF_031728735.1.fna,GCF_047653525.1.fna,0.9869450000000001,0.8275862068965517,1
GCF_031728735.1.fna,GCF_052950835.1.fna,0.9702240000000001,0.6896551724137931,1
GCF_031728735.1.fna,GCF_900458635.1.fna,0.967881,0.7586206896551724,1
GCF_031728735.1.fna,GCF_964211265.1.fna,0.9714849999999999,0.7586206896551724,1
GCF_031728745.1.fna,GCF_000269685.1.fna,0.9885299999999999,0.8571428571428571,1
GCF_031728745.1.fna,GCF_002901845.1.fna,0.971874,0.7857142857142857,1
GCF_031728745.1.fna,GCF_013267575.1.fna,0.975,0.7857142857142857,1
GCF_031728745.1.fna,GCF_015274535.1.fna,0.9948940000000001,0.7857142857142857,1
GCF_031728745.1.fna,GCF_015274585.1.fna,0.99605,0.75,1
GCF_031728745.1.fna,GCF_015274655.1.fna,0.9949819999999999,0.7857142857142857,1
GCF_031728745.1.fna,GCF_015274675.1.fna,0.986449,0.8571428571428571,1
GCF_031728745.1.fna,GCF_017315625.1.fna,0.9927419999999999,0.7857142857142857,1
GCF_031728745.1.fna,GCF_017315645.1.fna,0.9887699999999999,0.8571428571428571,1
GCF_031728745.1.fna,GCF_022689565.1.fna,0.9899720000000001,0.75,1
GCF_031728745.1.fna,GCF_022689575.1.fna,0.976905,0.75,1
GCF_031728745.1.fna,GCF_022689615.1.fna,0.992918,0.7857142857142857,1
GCF_031728745.1.fna,GCF_022689645.1.fna,0.976808,0.7142857142857143,1
GCF_031728745.1.fna,GCF_022689665.1.fna,0.976764,0.75,1
GCF_031728745.1.fna,GCF_022689675.1.fna,0.9937990000000001,0.7857142857142857,1
GCF_031728745.1.fna,GCF_022689705.1.fna,0.977125,0.75,1
GCF_031728745.1.fna,GCF_022689725.1.fna,0.976905,0.75,1
GCF_031728745.1.fna,GCF_022689745.1.fna,0.9932070000000001,0.8214285714285714,1
GCF_031728745.1.fna,GCF_022689765.1.fna,0.994443,0.7857142857142857,1
GCF_031728745.1.fna,GCF_022689775.1.fna,0.972441,0.75,1
GCF_031728745.1.fna,GCF_022689785.1.fna,0.971934,0.7857142857142857,1
GCF_031728745.1.fna,GCF_022689825.1.fna,0.994348,0.7857142857142857,1
GCF_031728745.1.fna,GCF_022689845.1.fna,0.991515,0.8214285714285714,1
GCF_031728745.1.fna,GCF_022689855.1.fna,0.972466,0.7857142857142857,1
GCF_031728745.1.fna,GCF_022689905.1.fna,0.9879819999999999,0.8571428571428571,1
GCF_031728745.1.fna,GCF_022689925.1.fna,0.96613,0.7142857142857143,1
GCF_031728745.1.fna,GCF_022689945.1.fna,0.972202,0.8214285714285714,1
GCF_031728745.1.fna,GCF_022689965.1.fna,0.988863,0.8571428571428571,1
GCF_031728745.1.fna,GCF_022689975.1.fna,0.995713,0.75,1
GCF_031728745.1.fna,GCF_022690005.1.fna,0.978503,0.75,1
GCF_031728745.1.fna,GCF_022690025.1.fna,0.971887,0.7857142857142857,1
GCF_031728745.1.fna,GCF_022690045.1.fna,0.9785039999999999,0.75,1
GCF_031728745.1.fna,GCF_022690065.1.fna,0.98908,0.8571428571428571,1
GCF_031728745.1.fna,GCF_022690085.1.fna,0.968296,0.75,1
GCF_031728745.1.fna,GCF_022690105.1.fna,0.996901,0.75,1
GCF_031728745.1.fna,GCF_022690115.1.fna,0.983838,0.75,1
GCF_031728745.1.fna,GCF_022690145.1.fna,0.9887659999999999,0.8571428571428571,1
GCF_031728745.1.fna,GCF_022690165.1.fna,0.989833,0.8214285714285714,1
GCF_031728745.1.fna,GCF_022690185.1.fna,0.973343,0.7857142857142857,1
GCF_031728745.1.fna,GCF_022690205.1.fna,0.972418,0.75,1
GCF_031728745.1.fna,GCF_022690225.1.fna,0.97441,0.75,1
GCF_031728745.1.fna,GCF_022690245.1.fna,0.994243,0.7857142857142857,1
GCF_031728745.1.fna,GCF_022690265.1.fna,0.9958410000000001,0.75,1
GCF_031728745.1.fna,GCF_022690275.1.fna,0.995608,0.7142857142857143,1
GCF_031728745.1.fna,GCF_022690295.1.fna,0.9793609999999999,0.75,1
GCF_031728745.1.fna,GCF_022690325.1.fna,0.976931,0.75,1
GCF_031728745.1.fna,GCF_022690345.1.fna,0.987707,0.8214285714285714,1
GCF_031728745.1.fna,GCF_022690375.1.fna,0.97122,0.8214285714285714,1
GCF_031728745.1.fna,GCF_022690385.1.fna,0.99532,0.75,1
GCF_031728745.1.fna,GCF_022690425.1.fna,0.992193,0.8214285714285714,1
GCF_031728745.1.fna,GCF_025143205.1.fna,0.9957769999999999,0.75,1
GCF_031728745.1.fna,GCF_025143445.1.fna,0.9637319999999999,0.7857142857142857,1
GCF_031728745.1.fna,GCF_025143615.1.fna,0.9730979999999999,0.7857142857142857,1
GCF_031728745.1.fna,GCF_029926865.1.fna,0.988978,0.8214285714285714,1
GCF_031728745.1.fna,GCF_029926905.1.fna,0.9907250000000001,0.7857142857142857,1
GCF_031728745.1.fna,GCF_029926915.1.fna,0.9907250000000001,0.7857142857142857,1
GCF_031728745.1.fna,GCF_031631055.1.fna,0.975869,0.7857142857142857,1
GCF_031728745.1.fna,GCF_031727055.1.fna,0.969097,0.8214285714285714,1
GCF_031728745.1.fna,GCF_031727075.1.fna,0.988287,0.8214285714285714,1
GCF_031728745.1.fna,GCF_031727235.1.fna,0.972479,0.7857142857142857,1
GCF_031728745.1.fna,GCF_031727255.1.fna,0.9754430000000001,0.75,1
GCF_031728745.1.fna,GCF_031727275.1.fna,0.97777,0.7142857142857143,1
GCF_031728745.1.fna,GCF_031727355.1.fna,0.9906189999999999,0.7857142857142857,1
GCF_031728745.1.fna,GCF_031727455.1.fna,0.96796,0.7142857142857143,1
GCF_031728745.1.fna,GCF_031727535.1.fna,0.97705,0.75,1
GCF_031728745.1.fna,GCF_031728075.1.fna,0.991814,0.7857142857142857,1
GCF_031728745.1.fna,GCF_031728095.1.fna,0.973353,0.8214285714285714,1
GCF_031728745.1.fna,GCF_031728115.1.fna,0.997668,0.7857142857142857,1
GCF_031728745.1.fna,GCF_031728155.1.fna,0.991969,0.7857142857142857,1
GCF_031728745.1.fna,GCF_031728235.1.fna,0.99201,0.8214285714285714,1
GCF_031728745.1.fna,GCF_031728275.1.fna,0.97303,0.7857142857142857,1
GCF_031728745.1.fna,GCF_031728295.1.fna,0.988903,0.8571428571428571,1
GCF_031728745.1.fna,GCF_031728315.1.fna,0.98501,0.8571428571428571,1
GCF_031728745.1.fna,GCF_031728335.1.fna,0.995604,0.8214285714285714,1
GCF_031728745.1.fna,GCF_031728415.1.fna,0.974816,0.7857142857142857,1
GCF_031728745.1.fna,GCF_031728455.1.fna,0.978206,0.75,1
GCF_031728745.1.fna,GCF_031728475.1.fna,0.991097,0.8214285714285714,1
GCF_031728745.1.fna,GCF_031728495.1.fna,0.9732959999999999,0.7857142857142857,1
GCF_031728745.1.fna,GCF_031728515.1.fna,0.978398,0.75,1
GCF_031728745.1.fna,GCF_031728555.1.fna,0.987826,0.8571428571428571,1
GCF_031728745.1.fna,GCF_031728675.1.fna,0.9738420000000001,0.7857142857142857,1
GCF_031728745.1.fna,GCF_031728695.1.fna,0.970885,0.8214285714285714,1
GCF_031728745.1.fna,GCF_031728715.1.fna,0.974502,0.7857142857142857,1
GCF_031728745.1.fna,GCF_031728735.1.fna,0.9830540000000001,0.8571428571428571,1
GCF_031728745.1.fna,GCF_031728745.1.fna,1.0,1.0,1
GCF_031728745.1.fna,GCF_031728795.1.fna,0.9728660000000001,0.8214285714285714,1
GCF_031728745.1.fna,GCF_031728835.1.fna,0.9940519999999999,0.7857142857142857,1
GCF_031728745.1.fna,GCF_031728895.1.fna,0.9624769999999999,0.8571428571428571,1
GCF_031728745.1.fna,GCF_031729015.1.fna,0.972248,0.75,1
GCF_031728745.1.fna,GCF_036419895.1.fna,0.9745510000000001,0.7857142857142857,1
GCF_031728745.1.fna,GCF_036420075.1.fna,0.972202,0.8214285714285714,1
GCF_031728745.1.fna,GCF_037694985.1.fna,0.989051,0.8214285714285714,1
GCF_031728745.1.fna,GCF_037695175.1.fna,0.976611,0.7142857142857143,1
GCF_031728745.1.fna,GCF_037700135.1.fna,0.994777,0.7857142857142857,1
GCF_031728745.1.fna,GCF_037700155.1.fna,0.9900279999999999,0.8214285714285714,1
GCF_031728745.1.fna,GCF_037700295.1.fna,0.993469,0.75,1
GCF_031728745.1.fna,GCF_037700315.1.fna,0.973801,0.7857142857142857,1
GCF_031728745.1.fna,GCF_037700375.1.fna,0.972109,0.8214285714285714,1
GCF_031728745.1.fna,GCF_037700455.1.fna,0.972341,0.8214285714285714,1
GCF_031728745.1.fna,GCF_040947025.1.fna,0.9861329999999999,0.8214285714285714,1
GCF_031728745.1.fna,GCF_040947065.1.fna,0.9745520000000001,0.8214285714285714,1
GCF_031728745.1.fna,GCF_040947125.1.fna,0.962695,0.8214285714285714,1
GCF_031728745.1.fna,GCF_040947205.1.fna,0.98539,0.8214285714285714,1
GCF_031728745.1.fna,GCF_040947225.1.fna,0.980229,0.75,1
GCF_031728745.1.fna,GCF_040947605.1.fna,0.995935,0.75,1
GCF_031728745.1.fna,GCF_040947645.1.fna,0.995935,0.75,1
GCF_031728745.1.fna,GCF_047653515.1.fna,0.9869629999999999,0.8928571428571429,1
GCF_031728745.1.fna,GCF_047653525.1.fna,0.982921,0.9642857142857143,1
GCF_031728745.1.fna,GCF_052950835.1.fna,0.978378,0.7142857142857143,1
GCF_031728745.1.fna,GCF_900458635.1.fna,0.971874,0.7857142857142857,1
GCF_031728745.1.fna,GCF_964211265.1.fna,0.966977,0.8214285714285714,1
GCF_031728795.1.fna,GCF_000269685.1.fna,0.9774809999999999,0.8333333333333334,1
GCF_031728795.1.fna,GCF_002901845.1.fna,0.993631,0.8333333333333334,1
GCF_031728795.1.fna,GCF_013267575.1.fna,0.982548,0.875,1
GCF_031728795.1.fna,GCF_015274535.1.fna,0.974852,0.9166666666666666,1
GCF_031728795.1.fna,GCF_015274585.1.fna,0.9756140000000001,0.8333333333333334,1
GCF_031728795.1.fna,GCF_015274655.1.fna,0.9752670000000001,0.875,1
GCF_031728795.1.fna,GCF_015274675.1.fna,0.9775790000000001,0.9166666666666666,1
GCF_031728795.1.fna,GCF_017315625.1.fna,0.9778910000000001,0.9583333333333334,1
GCF_031728795.1.fna,GCF_017315645.1.fna,0.977068,0.9583333333333334,1
GCF_031728795.1.fna,GCF_022689565.1.fna,0.974893,0.875,1
GCF_031728795.1.fna,GCF_022689575.1.fna,0.992552,0.875,1
GCF_031728795.1.fna,GCF_022689615.1.fna,0.974733,0.875,1
GCF_031728795.1.fna,GCF_022689645.1.fna,0.992756,0.8333333333333334,1
GCF_031728795.1.fna,GCF_022689665.1.fna,0.992259,0.875,1
GCF_031728795.1.fna,GCF_022689675.1.fna,0.975357,0.9166666666666666,1
GCF_031728795.1.fna,GCF_022689705.1.fna,0.9922190000000001,0.875,1
GCF_031728795.1.fna,GCF_022689725.1.fna,0.992971,0.875,1
GCF_031728795.1.fna,GCF_022689745.1.fna,0.97301,0.9583333333333334,1
GCF_031728795.1.fna,GCF_022689765.1.fna,0.974364,0.9166666666666666,1
GCF_031728795.1.fna,GCF_022689775.1.fna,0.994806,0.875,1
GCF_031728795.1.fna,GCF_022689785.1.fna,0.994041,0.9166666666666666,1
GCF_031728795.1.fna,GCF_022689825.1.fna,0.9727469999999999,0.9166666666666666,1
GCF_031728795.1.fna,GCF_022689845.1.fna,0.975117,0.9166666666666666,1
GCF_031728795.1.fna,GCF_022689855.1.fna,0.991768,0.9166666666666666,1
GCF_031728795.1.fna,GCF_022689905.1.fna,0.976432,0.9166666666666666,1
GCF_031728795.1.fna,GCF_022689925.1.fna,0.973517,0.7916666666666666,1
GCF_031728795.1.fna,GCF_022689945.1.fna,0.965317,0.875,1
GCF_031728795.1.fna,GCF_022689965.1.fna,0.975454,0.9583333333333334,1
GCF_031728795.1.fna,GCF_022689975.1.fna,0.975386,0.875,1
GCF_031728795.1.fna,GCF_022690005.1.fna,0.991,0.875,1
GCF_031728795.1.fna,GCF_022690025.1.fna,0.991863,0.9166666666666666,1
GCF_031728795.1.fna,GCF_022690045.1.fna,0.991,0.875,1
GCF_031728795.1.fna,GCF_022690065.1.fna,0.9750449999999999,0.9583333333333334,1
GCF_031728795.1.fna,GCF_022690085.1.fna,0.9734430000000001,0.875,1
GCF_031728795.1.fna,GCF_022690105.1.fna,0.975266,0.875,1
GCF_031728795.1.fna,GCF_022690115.1.fna,0.9734659999999999,0.875,1
GCF_031728795.1.fna,GCF_022690145.1.fna,0.975244,0.9166666666666666,1
GCF_031728795.1.fna,GCF_022690165.1.fna,0.9756480000000001,0.875,1
GCF_031728795.1.fna,GCF_022690185.1.fna,0.993955,0.9166666666666666,1
GCF_031728795.1.fna,GCF_022690205.1.fna,0.994777,0.875,1
GCF_031728795.1.fna,GCF_022690225.1.fna,0.9910380000000001,0.875,1
GCF_031728795.1.fna,GCF_022690245.1.fna,0.9752670000000001,0.9166666666666666,1
GCF_031728795.1.fna,GCF_022690265.1.fna,0.975201,0.875,1
GCF_031728795.1.fna,GCF_022690275.1.fna,0.9752970000000001,0.8333333333333334,1
GCF_031728795.1.fna,GCF_022690295.1.fna,0.9660030000000001,0.8333333333333334,1
GCF_031728795.1.fna,GCF_022690325.1.fna,0.994297,0.875,1
GCF_031728795.1.fna,GCF_022690345.1.fna,0.975158,0.9166666666666666,1
GCF_031728795.1.fna,GCF_022690375.1.fna,0.9944029999999999,0.8333333333333334,1
GCF_031728795.1.fna,GCF_022690385.1.fna,0.975911,0.875,1
GCF_031728795.1.fna,GCF_022690425.1.fna,0.977405,0.9583333333333334,1
GCF_031728795.1.fna,GCF_025143205.1.fna,0.97577,0.875,1
GCF_031728795.1.fna,GCF_025143445.1.fna,0.994051,0.8333333333333334,1
GCF_031728795.1.fna,GCF_025143615.1.fna,0.9945740000000001,0.9166666666666666,1
GCF_031728795.1.fna,GCF_029926865.1.fna,0.978515,0.9166666666666666,1
GCF_031728795.1.fna,GCF_029926905.1.fna,0.9781489999999999,0.9583333333333334,1
GCF_031728795.1.fna,GCF_029926915.1.fna,0.9781489999999999,0.9583333333333334,1
GCF_031728795.1.fna,GCF_031631055.1.fna,0.988113,0.875,1
GCF_031728795.1.fna,GCF_031727055.1.fna,0.990039,0.9166666666666666,1
GCF_031728795.1.fna,GCF_031727075.1.fna,0.975389,0.9166666666666666,1
GCF_031728795.1.fna,GCF_031727235.1.fna,0.9923909999999999,0.9166666666666666,1
GCF_031728795.1.fna,GCF_031727255.1.fna,0.966374,0.7916666666666666,1
GCF_031728795.1.fna,GCF_031727275.1.fna,0.9917570000000001,0.8333333333333334,1
GCF_031728795.1.fna,GCF_031727355.1.fna,0.974957,0.875,1
GCF_031728795.1.fna,GCF_031727455.1.fna,0.974529,0.8333333333333334,1
GCF_031728795.1.fna,GCF_031727535.1.fna,0.993348,0.875,1
GCF_031728795.1.fna,GCF_031728075.1.fna,0.977835,0.9166666666666666,1
GCF_031728795.1.fna,GCF_031728095.1.fna,0.994053,0.9166666666666666,1
GCF_031728795.1.fna,GCF_031728115.1.fna,0.9758669999999999,0.9583333333333334,1
GCF_031728795.1.fna,GCF_031728155.1.fna,0.975748,0.9166666666666666,1
GCF_031728795.1.fna,GCF_031728235.1.fna,0.974808,0.9166666666666666,1
GCF_031728795.1.fna,GCF_031728275.1.fna,0.9900660000000001,0.9166666666666666,1
GCF_031728795.1.fna,GCF_031728295.1.fna,0.9767910000000001,0.9583333333333334,1
GCF_031728795.1.fna,GCF_031728315.1.fna,0.9732470000000001,0.9166666666666666,1
GCF_031728795.1.fna,GCF_031728335.1.fna,0.973242,0.9166666666666666,1
GCF_031728795.1.fna,GCF_031728415.1.fna,0.992337,0.875,1
GCF_031728795.1.fna,GCF_031728455.1.fna,0.9923609999999999,0.8333333333333334,1
GCF_031728795.1.fna,GCF_031728475.1.fna,0.975998,0.9583333333333334,1
GCF_031728795.1.fna,GCF_031728495.1.fna,0.992129,0.9166666666666666,1
GCF_031728795.1.fna,GCF_031728515.1.fna,0.9655370000000001,0.8333333333333334,1
GCF_031728795.1.fna,GCF_031728555.1.fna,0.97586,0.9166666666666666,1
GCF_031728795.1.fna,GCF_031728675.1.fna,0.9936790000000001,0.875,1
GCF_031728795.1.fna,GCF_031728695.1.fna,0.993972,0.9166666666666666,1
GCF_031728795.1.fna,GCF_031728715.1.fna,0.994682,0.9166666666666666,1
GCF_031728795.1.fna,GCF_031728735.1.fna,0.9738060000000001,0.9166666666666666,1
GCF_031728795.1.fna,GCF_031728745.1.fna,0.971871,0.9166666666666666,1
GCF_031728795.1.fna,GCF_031728795.1.fna,1.0,1.0,1
GCF_031728795.1.fna,GCF_031728835.1.fna,0.976058,0.9166666666666666,1
GCF_031728795.1.fna,GCF_031728895.1.fna,0.988219,0.9583333333333334,1
GCF_031728795.1.fna,GCF_031729015.1.fna,0.994771,0.875,1
GCF_031728795.1.fna,GCF_036419895.1.fna,0.994735,0.9166666666666666,1
GCF_031728795.1.fna,GCF_036420075.1.fna,0.965317,0.875,1
GCF_031728795.1.fna,GCF_037694985.1.fna,0.9755400000000001,0.875,1
GCF_031728795.1.fna,GCF_037695175.1.fna,0.993711,0.8333333333333334,1
GCF_031728795.1.fna,GCF_037700135.1.fna,0.9751099999999999,0.9583333333333334,1
GCF_031728795.1.fna,GCF_037700155.1.fna,0.976731,0.9166666666666666,1
GCF_031728795.1.fna,GCF_037700295.1.fna,0.9700759999999999,0.875,1
GCF_031728795.1.fna,GCF_037700315.1.fna,0.993743,0.875,1
GCF_031728795.1.fna,GCF_037700375.1.fna,0.991313,0.875,1
GCF_031728795.1.fna,GCF_037700455.1.fna,0.992203,0.875,1
GCF_031728795.1.fna,GCF_040947025.1.fna,0.9779869999999999,0.875,1
GCF_031728795.1.fna,GCF_040947065.1.fna,0.9888079999999999,0.875,1
GCF_031728795.1.fna,GCF_040947125.1.fna,0.993185,0.875,1
GCF_031728795.1.fna,GCF_040947205.1.fna,0.975359,0.8333333333333334,1
GCF_031728795.1.fna,GCF_040947225.1.fna,0.990923,0.875,1
GCF_031728795.1.fna,GCF_040947605.1.fna,0.97517,0.8333333333333334,1
GCF_031728795.1.fna,GCF_040947645.1.fna,0.97517,0.8333333333333334,1
GCF_031728795.1.fna,GCF_047653515.1.fna,0.9767619999999999,0.9583333333333334,1
GCF_031728795.1.fna,GCF_047653525.1.fna,0.971203,1.0,1
GCF_031728795.1.fna,GCF_052950835.1.fna,0.9901770000000001,0.8333333333333334,1
GCF_031728795.1.fna,GCF_900458635.1.fna,0.993631,0.8333333333333334,1
GCF_031728795.1.fna,GCF_964211265.1.fna,0.9893890000000001,0.9166666666666666,1
GCF_031728835.1.fna,GCF_000269685.1.fna,0.9924120000000001,0.9130434782608695,1
GCF_031728835.1.fna,GCF_002901845.1.fna,0.9754649999999999,0.8695652173913043,1
GCF_031728835.1.fna,GCF_013267575.1.fna,0.9755039999999999,0.8695652173913043,1
GCF_031728835.1.fna,GCF_015274535.1.fna,0.996034,0.8695652173913043,1
GCF_031728835.1.fna,GCF_015274585.1.fna,0.996034,0.8695652173913043,1
GCF_031728835.1.fna,GCF_015274655.1.fna,0.996034,0.8695652173913043,1
GCF_031728835.1.fna,GCF_015274675.1.fna,0.9954430000000001,0.9130434782608695,1
GCF_031728835.1.fna,GCF_017315625.1.fna,0.993544,0.8695652173913043,1
GCF_031728835.1.fna,GCF_017315645.1.fna,0.993241,0.8695652173913043,1
GCF_031728835.1.fna,GCF_022689565.1.fna,0.995012,0.8695652173913043,1
GCF_031728835.1.fna,GCF_022689575.1.fna,0.9731350000000001,0.9565217391304348,1
GCF_031728835.1.fna,GCF_022689615.1.fna,0.9954559999999999,0.9130434782608695,1
GCF_031728835.1.fna,GCF_022689645.1.fna,0.973968,0.9130434782608695,1
GCF_031728835.1.fna,GCF_022689665.1.fna,0.9727859999999999,0.9565217391304348,1
GCF_031728835.1.fna,GCF_022689675.1.fna,0.995737,0.8695652173913043,1
GCF_031728835.1.fna,GCF_022689705.1.fna,0.9755400000000001,0.8695652173913043,1
GCF_031728835.1.fna,GCF_022689725.1.fna,0.973476,0.9565217391304348,1
GCF_031728835.1.fna,GCF_022689745.1.fna,0.995205,0.9565217391304348,1
GCF_031728835.1.fna,GCF_022689765.1.fna,0.996631,0.9565217391304348,1
GCF_031728835.1.fna,GCF_022689775.1.fna,0.976001,0.8695652173913043,1
GCF_031728835.1.fna,GCF_022689785.1.fna,0.975385,0.9130434782608695,1
GCF_031728835.1.fna,GCF_022689825.1.fna,0.996597,0.9565217391304348,1
GCF_031728835.1.fna,GCF_022689845.1.fna,0.994242,0.9130434782608695,1
GCF_031728835.1.fna,GCF_022689855.1.fna,0.9722,0.9565217391304348,1
GCF_031728835.1.fna,GCF_022689905.1.fna,0.991692,0.9565217391304348,1
GCF_031728835.1.fna,GCF_022689925.1.fna,0.965997,0.9130434782608695,1
GCF_031728835.1.fna,GCF_022689945.1.fna,0.984417,0.8695652173913043,1
GCF_031728835.1.fna,GCF_022689965.1.fna,0.991014,0.9565217391304348,1
GCF_031728835.1.fna,GCF_022689975.1.fna,0.996012,0.9130434782608695,1
GCF_031728835.1.fna,GCF_022690005.1.fna,0.976057,0.9130434782608695,1
GCF_031728835.1.fna,GCF_022690025.1.fna,0.972926,0.9565217391304348,1
GCF_031728835.1.fna,GCF_022690045.1.fna,0.976057,0.9130434782608695,1
GCF_031728835.1.fna,GCF_022690065.1.fna,0.9986830000000001,0.9565217391304348,1
GCF_031728835.1.fna,GCF_022690085.1.fna,0.967662,0.9130434782608695,1
GCF_031728835.1.fna,GCF_022690105.1.fna,0.995642,0.9130434782608695,1
GCF_031728835.1.fna,GCF_022690115.1.fna,0.984147,0.9130434782608695,1
GCF_031728835.1.fna,GCF_022690145.1.fna,0.9986830000000001,0.9565217391304348,1
GCF_031728835.1.fna,GCF_022690165.1.fna,0.9991549999999999,0.9565217391304348,1
GCF_031728835.1.fna,GCF_022690185.1.fna,0.975596,0.9130434782608695,1
GCF_031728835.1.fna,GCF_022690205.1.fna,0.9730970000000001,0.9130434782608695,1
GCF_031728835.1.fna,GCF_022690225.1.fna,0.9758939999999999,0.8695652173913043,1
GCF_031728835.1.fna,GCF_022690245.1.fna,0.995776,0.9130434782608695,1
GCF_031728835.1.fna,GCF_022690265.1.fna,0.998665,0.9565217391304348,1
GCF_031728835.1.fna,GCF_022690275.1.fna,0.996267,0.8695652173913043,1
GCF_031728835.1.fna,GCF_022690295.1.fna,0.983934,0.8695652173913043,1
GCF_031728835.1.fna,GCF_022690325.1.fna,0.974932,0.9130434782608695,1
GCF_031728835.1.fna,GCF_022690345.1.fna,0.991272,0.9565217391304348,1
GCF_031728835.1.fna,GCF_022690375.1.fna,0.9766330000000001,0.8695652173913043,1
GCF_031728835.1.fna,GCF_022690385.1.fna,0.993035,0.9130434782608695,1
GCF_031728835.1.fna,GCF_022690425.1.fna,0.9930490000000001,1.0,1
GCF_031728835.1.fna,GCF_025143205.1.fna,0.998692,0.9130434782608695,1
GCF_031728835.1.fna,GCF_025143445.1.fna,0.9746729999999999,0.8695652173913043,1
GCF_031728835.1.fna,GCF_025143615.1.fna,0.9760080000000001,0.8695652173913043,1
GCF_031728835.1.fna,GCF_029926865.1.fna,0.992989,0.9565217391304348,1
GCF_031728835.1.fna,GCF_029926905.1.fna,0.993005,0.9130434782608695,1
GCF_031728835.1.fna,GCF_029926915.1.fna,0.993005,0.9130434782608695,1
GCF_031728835.1.fna,GCF_031631055.1.fna,0.977672,0.8695652173913043,1
GCF_031728835.1.fna,GCF_031727055.1.fna,0.9732,0.9565217391304348,1
GCF_031728835.1.fna,GCF_031727075.1.fna,0.995737,0.8695652173913043,1
GCF_031728835.1.fna,GCF_031727235.1.fna,0.972147,0.9130434782608695,1
GCF_031728835.1.fna,GCF_031727255.1.fna,0.983969,0.8695652173913043,1
GCF_031728835.1.fna,GCF_031727275.1.fna,0.97551,0.8695652173913043,1
GCF_031728835.1.fna,GCF_031727355.1.fna,0.9943179999999999,0.9130434782608695,1
GCF_031728835.1.fna,GCF_031727455.1.fna,0.96851,0.8695652173913043,1
GCF_031728835.1.fna,GCF_031727535.1.fna,0.973815,0.9565217391304348,1
GCF_031728835.1.fna,GCF_031728075.1.fna,0.9941119999999999,0.9565217391304348,1
GCF_031728835.1.fna,GCF_031728095.1.fna,0.975213,0.8695652173913043,1
GCF_031728835.1.fna,GCF_031728115.1.fna,0.993748,0.9565217391304348,1
GCF_031728835.1.fna,GCF_031728155.1.fna,0.9949169999999999,0.8695652173913043,1
GCF_031728835.1.fna,GCF_031728235.1.fna,0.995306,0.9565217391304348,1
GCF_031728835.1.fna,GCF_031728275.1.fna,0.975381,0.8695652173913043,1
GCF_031728835.1.fna,GCF_031728295.1.fna,0.9940760000000001,0.9565217391304348,1
GCF_031728835.1.fna,GCF_031728315.1.fna,0.9923390000000001,0.9565217391304348,1
GCF_031728835.1.fna,GCF_031728335.1.fna,0.9948619999999999,0.9565217391304348,1
GCF_031728835.1.fna,GCF_031728415.1.fna,0.976304,0.8695652173913043,1
GCF_031728835.1.fna,GCF_031728455.1.fna,0.9762080000000001,0.8695652173913043,1
GCF_031728835.1.fna,GCF_031728475.1.fna,0.9945109999999999,0.9565217391304348,1
GCF_031728835.1.fna,GCF_031728495.1.fna,0.9763200000000001,0.8695652173913043,1
GCF_031728835.1.fna,GCF_031728515.1.fna,0.986043,0.8260869565217391,1
GCF_031728835.1.fna,GCF_031728555.1.fna,0.9993529999999999,0.9565217391304348,1
GCF_031728835.1.fna,GCF_031728675.1.fna,0.9758100000000001,0.9130434782608695,1
GCF_031728835.1.fna,GCF_031728695.1.fna,0.975008,0.8695652173913043,1
GCF_031728835.1.fna,GCF_031728715.1.fna,0.975711,0.8695652173913043,1
GCF_031728835.1.fna,GCF_031728735.1.fna,0.9917619999999999,0.9130434782608695,1
GCF_031728835.1.fna,GCF_031728745.1.fna,0.994011,0.9130434782608695,1
GCF_031728835.1.fna,GCF_031728795.1.fna,0.97615,0.9130434782608695,1
GCF_031728835.1.fna,GCF_031728835.1.fna,1.0,1.0,1
GCF_031728835.1.fna,GCF_031728895.1.fna,0.975227,0.8695652173913043,1
GCF_031728835.1.fna,GCF_031729015.1.fna,0.975587,0.8695652173913043,1
GCF_031728835.1.fna,GCF_036419895.1.fna,0.975731,0.8695652173913043,1
GCF_031728835.1.fna,GCF_036420075.1.fna,0.984417,0.8695652173913043,1
GCF_031728835.1.fna,GCF_037694985.1.fna,0.991454,0.9565217391304348,1
GCF_031728835.1.fna,GCF_037695175.1.fna,0.9751040000000001,0.8695652173913043,1
GCF_031728835.1.fna,GCF_037700135.1.fna,0.993782,0.9565217391304348,1
GCF_031728835.1.fna,GCF_037700155.1.fna,0.9935299999999999,0.9565217391304348,1
GCF_031728835.1.fna,GCF_037700295.1.fna,0.994961,0.9130434782608695,1
GCF_031728835.1.fna,GCF_037700315.1.fna,0.9750620000000001,0.9130434782608695,1
GCF_031728835.1.fna,GCF_037700375.1.fna,0.9749420000000001,0.9130434782608695,1
GCF_031728835.1.fna,GCF_037700455.1.fna,0.975875,0.9130434782608695,1
GCF_031728835.1.fna,GCF_040947025.1.fna,0.990765,0.9130434782608695,1
GCF_031728835.1.fna,GCF_040947065.1.fna,0.980783,0.8695652173913043,1
GCF_031728835.1.fna,GCF_040947125.1.fna,0.975058,0.8695652173913043,1
GCF_031728835.1.fna,GCF_040947205.1.fna,0.993198,0.8695652173913043,1
GCF_031728835.1.fna,GCF_040947225.1.fna,0.9782689999999999,0.8695652173913043,1
GCF_031728835.1.fna,GCF_040947605.1.fna,0.9972960000000001,0.8695652173913043,1
GCF_031728835.1.fna,GCF_040947645.1.fna,0.9972960000000001,0.8695652173913043,1
GCF_031728835.1.fna,GCF_047653515.1.fna,0.995905,0.9565217391304348,1
GCF_031728835.1.fna,GCF_047653525.1.fna,0.995347,0.9565217391304348,1
GCF_031728835.1.fna,GCF_052950835.1.fna,0.978283,0.8695652173913043,1
GCF_031728835.1.fna,GCF_900458635.1.fna,0.9754649999999999,0.8695652173913043,1
GCF_031728835.1.fna,GCF_964211265.1.fna,0.9752649999999999,0.9565217391304348,1
GCF_031728895.1.fna,GCF_000269685.1.fna,0.9742149999999999,0.8461538461538461,1
GCF_031728895.1.fna,GCF_002901845.1.fna,0.989959,0.8076923076923077,1
GCF_031728895.1.fna,GCF_013267575.1.fna,0.991209,0.8076923076923077,1
GCF_031728895.1.fna,GCF_015274535.1.fna,0.9753879999999999,0.8461538461538461,1
GCF_031728895.1.fna,GCF_015274585.1.fna,0.9753879999999999,0.8461538461538461,1
GCF_031728895.1.fna,GCF_015274655.1.fna,0.9753879999999999,0.8461538461538461,1
GCF_031728895.1.fna,GCF_015274675.1.fna,0.9739619999999999,0.8461538461538461,1
GCF_031728895.1.fna,GCF_017315625.1.fna,0.978403,0.8076923076923077,1
GCF_031728895.1.fna,GCF_017315645.1.fna,0.9715560000000001,0.8461538461538461,1
GCF_031728895.1.fna,GCF_022689565.1.fna,0.9760949999999999,0.7692307692307693,1
GCF_031728895.1.fna,GCF_022689575.1.fna,0.99407,0.8076923076923077,1
GCF_031728895.1.fna,GCF_022689615.1.fna,0.975275,0.7692307692307693,1
GCF_031728895.1.fna,GCF_022689645.1.fna,0.993433,0.7692307692307693,1
GCF_031728895.1.fna,GCF_022689665.1.fna,0.993865,0.8076923076923077,1
GCF_031728895.1.fna,GCF_022689675.1.fna,0.976054,0.8076923076923077,1
GCF_031728895.1.fna,GCF_022689705.1.fna,0.993086,0.8076923076923077,1
GCF_031728895.1.fna,GCF_022689725.1.fna,0.994402,0.8076923076923077,1
GCF_031728895.1.fna,GCF_022689745.1.fna,0.9759650000000001,0.8076923076923077,1
GCF_031728895.1.fna,GCF_022689765.1.fna,0.975831,0.8076923076923077,1
GCF_031728895.1.fna,GCF_022689775.1.fna,0.994259,0.8076923076923077,1
GCF_031728895.1.fna,GCF_022689785.1.fna,0.98373,0.8461538461538461,1
GCF_031728895.1.fna,GCF_022689825.1.fna,0.974886,0.8461538461538461,1
GCF_031728895.1.fna,GCF_022689845.1.fna,0.97048,0.8076923076923077,1
GCF_031728895.1.fna,GCF_022689855.1.fna,0.992072,0.8461538461538461,1
GCF_031728895.1.fna,GCF_022689905.1.fna,0.973192,0.8461538461538461,1
GCF_031728895.1.fna,GCF_022689925.1.fna,0.971825,0.7692307692307693,1
GCF_031728895.1.fna,GCF_022689945.1.fna,0.966378,0.7692307692307693,1
GCF_031728895.1.fna,GCF_022689965.1.fna,0.9741259999999999,0.8461538461538461,1
GCF_031728895.1.fna,GCF_022689975.1.fna,0.97541,0.8076923076923077,1
GCF_031728895.1.fna,GCF_022690005.1.fna,0.994185,0.8076923076923077,1
GCF_031728895.1.fna,GCF_022690025.1.fna,0.9934430000000001,0.8461538461538461,1
GCF_031728895.1.fna,GCF_022690045.1.fna,0.994185,0.8076923076923077,1
GCF_031728895.1.fna,GCF_022690065.1.fna,0.971906,0.8461538461538461,1
GCF_031728895.1.fna,GCF_022690085.1.fna,0.972168,0.8076923076923077,1
GCF_031728895.1.fna,GCF_022690105.1.fna,0.9753459999999999,0.8076923076923077,1
GCF_031728895.1.fna,GCF_022690115.1.fna,0.973887,0.8076923076923077,1
GCF_031728895.1.fna,GCF_022690145.1.fna,0.971906,0.8461538461538461,1
GCF_031728895.1.fna,GCF_022690165.1.fna,0.972256,0.8461538461538461,1
GCF_031728895.1.fna,GCF_022690185.1.fna,0.9788169999999999,0.8846153846153846,1
GCF_031728895.1.fna,GCF_022690205.1.fna,0.9942340000000001,0.8076923076923077,1
GCF_031728895.1.fna,GCF_022690225.1.fna,0.9894580000000001,0.8076923076923077,1
GCF_031728895.1.fna,GCF_022690245.1.fna,0.973089,0.8461538461538461,1
GCF_031728895.1.fna,GCF_022690265.1.fna,0.9752620000000001,0.8076923076923077,1
GCF_031728895.1.fna,GCF_022690275.1.fna,0.974645,0.7692307692307693,1
GCF_031728895.1.fna,GCF_022690295.1.fna,0.9579080000000001,0.7692307692307693,1
GCF_031728895.1.fna,GCF_022690325.1.fna,0.9966280000000001,0.8076923076923077,1
GCF_031728895.1.fna,GCF_022690345.1.fna,0.976543,0.8461538461538461,1
GCF_031728895.1.fna,GCF_022690375.1.fna,0.986895,0.8076923076923077,1
GCF_031728895.1.fna,GCF_022690385.1.fna,0.975324,0.7692307692307693,1
GCF_031728895.1.fna,GCF_022690425.1.fna,0.976455,0.8076923076923077,1
GCF_031728895.1.fna,GCF_025143205.1.fna,0.975554,0.8076923076923077,1
GCF_031728895.1.fna,GCF_025143445.1.fna,0.990712,0.8461538461538461,1
GCF_031728895.1.fna,GCF_025143615.1.fna,0.994228,0.8461538461538461,1
GCF_031728895.1.fna,GCF_029926865.1.fna,0.977643,0.8076923076923077,1
GCF_031728895.1.fna,GCF_029926905.1.fna,0.977643,0.8076923076923077,1
GCF_031728895.1.fna,GCF_029926915.1.fna,0.977643,0.8076923076923077,1
GCF_031728895.1.fna,GCF_031631055.1.fna,0.983921,0.8461538461538461,1
GCF_031728895.1.fna,GCF_031727055.1.fna,0.986366,0.8846153846153846,1
GCF_031728895.1.fna,GCF_031727075.1.fna,0.976054,0.8076923076923077,1
GCF_031728895.1.fna,GCF_031727235.1.fna,0.992508,0.8461538461538461,1
GCF_031728895.1.fna,GCF_031727255.1.fna,0.9579080000000001,0.7692307692307693,1
GCF_031728895.1.fna,GCF_031727275.1.fna,0.994444,0.7692307692307693,1
GCF_031728895.1.fna,GCF_031727355.1.fna,0.9760949999999999,0.7692307692307693,1
GCF_031728895.1.fna,GCF_031727455.1.fna,0.9730329999999999,0.7692307692307693,1
GCF_031728895.1.fna,GCF_031727535.1.fna,0.994496,0.8076923076923077,1
GCF_031728895.1.fna,GCF_031728075.1.fna,0.976455,0.8076923076923077,1
GCF_031728895.1.fna,GCF_031728095.1.fna,0.990938,0.8076923076923077,1
GCF_031728895.1.fna,GCF_031728115.1.fna,0.977053,0.8076923076923077,1
GCF_031728895.1.fna,GCF_031728155.1.fna,0.978398,0.8076923076923077,1
GCF_031728895.1.fna,GCF_031728235.1.fna,0.972662,0.8461538461538461,1
GCF_031728895.1.fna,GCF_031728275.1.fna,0.992404,0.8846153846153846,1
GCF_031728895.1.fna,GCF_031728295.1.fna,0.9714079999999999,0.8461538461538461,1
GCF_031728895.1.fna,GCF_031728315.1.fna,0.9655450000000001,0.8846153846153846,1
GCF_031728895.1.fna,GCF_031728335.1.fna,0.972868,0.8461538461538461,1
GCF_031728895.1.fna,GCF_031728415.1.fna,0.984695,0.8461538461538461,1
GCF_031728895.1.fna,GCF_031728455.1.fna,0.9947410000000001,0.8076923076923077,1
GCF_031728895.1.fna,GCF_031728475.1.fna,0.97476,0.8076923076923077,1
GCF_031728895.1.fna,GCF_031728495.1.fna,0.9947060000000001,0.8461538461538461,1
GCF_031728895.1.fna,GCF_031728515.1.fna,0.9662869999999999,0.7692307692307693,1
GCF_031728895.1.fna,GCF_031728555.1.fna,0.9723269999999999,0.8461538461538461,1
GCF_031728895.1.fna,GCF_031728675.1.fna,0.990405,0.8461538461538461,1
GCF_031728895.1.fna,GCF_031728695.1.fna,0.9905200000000001,0.8461538461538461,1
GCF_031728895.1.fna,GCF_031728715.1.fna,0.9861660000000001,0.8461538461538461,1
GCF_031728895.1.fna,GCF_031728735.1.fna,0.9703879999999999,0.8461538461538461,1
GCF_031728895.1.fna,GCF_031728745.1.fna,0.9625929999999999,0.8846153846153846,1
GCF_031728895.1.fna,GCF_031728795.1.fna,0.986712,0.8461538461538461,1
GCF_031728895.1.fna,GCF_031728835.1.fna,0.9747530000000001,0.8461538461538461,1
GCF_031728895.1.fna,GCF_031728895.1.fna,1.0,1.0,1
GCF_031728895.1.fna,GCF_031729015.1.fna,0.9895390000000001,0.8076923076923077,1
GCF_031728895.1.fna,GCF_036419895.1.fna,0.989816,0.8461538461538461,1
GCF_031728895.1.fna,GCF_036420075.1.fna,0.966378,0.7692307692307693,1
GCF_031728895.1.fna,GCF_037694985.1.fna,0.972268,0.8461538461538461,1
GCF_031728895.1.fna,GCF_037695175.1.fna,0.99465,0.7692307692307693,1
GCF_031728895.1.fna,GCF_037700135.1.fna,0.975373,0.8076923076923077,1
GCF_031728895.1.fna,GCF_037700155.1.fna,0.976529,0.8076923076923077,1
GCF_031728895.1.fna,GCF_037700295.1.fna,0.975083,0.8076923076923077,1
GCF_031728895.1.fna,GCF_037700315.1.fna,0.993536,0.8076923076923077,1
GCF_031728895.1.fna,GCF_037700375.1.fna,0.987331,0.8846153846153846,1
GCF_031728895.1.fna,GCF_037700455.1.fna,0.98797,0.8846153846153846,1
GCF_031728895.1.fna,GCF_040947025.1.fna,0.976376,0.8461538461538461,1
GCF_031728895.1.fna,GCF_040947065.1.fna,0.9785809999999999,0.9230769230769231,1
GCF_031728895.1.fna,GCF_040947125.1.fna,0.989027,0.8461538461538461,1
GCF_031728895.1.fna,GCF_040947205.1.fna,0.9691299999999999,0.8461538461538461,1
GCF_031728895.1.fna,GCF_040947225.1.fna,0.9933679999999999,0.8076923076923077,1
GCF_031728895.1.fna,GCF_040947605.1.fna,0.976016,0.8461538461538461,1
GCF_031728895.1.fna,GCF_040947645.1.fna,0.975665,0.8076923076923077,1
GCF_031728895.1.fna,GCF_047653515.1.fna,0.9766840000000001,0.8076923076923077,1
GCF_031728895.1.fna,GCF_047653525.1.fna,0.9733839999999999,0.8846153846153846,1
GCF_031728895.1.fna,GCF_052950835.1.fna,0.9899840000000001,0.8076923076923077,1
GCF_031728895.1.fna,GCF_900458635.1.fna,0.989959,0.8076923076923077,1
GCF_031728895.1.fna,GCF_964211265.1.fna,0.992101,0.8461538461538461,1
GCF_031729015.1.fna,GCF_000269685.1.fna,0.977255,0.9090909090909091,1
GCF_031729015.1.fna,GCF_002901845.1.fna,0.987886,0.9090909090909091,1
GCF_031729015.1.fna,GCF_013267575.1.fna,0.99007,0.9545454545454546,1
GCF_031729015.1.fna,GCF_015274535.1.fna,0.9753440000000001,0.9090909090909091,1
GCF_031729015.1.fna,GCF_015274585.1.fna,0.9753440000000001,0.9090909090909091,1
GCF_031729015.1.fna,GCF_015274655.1.fna,0.9753440000000001,0.9090909090909091,1
GCF_031729015.1.fna,GCF_015274675.1.fna,0.97726,0.9090909090909091,1
GCF_031729015.1.fna,GCF_017315625.1.fna,0.977575,0.9090909090909091,1
GCF_031729015.1.fna,GCF_017315645.1.fna,0.9770650000000001,0.9090909090909091,1
GCF_031729015.1.fna,GCF_022689565.1.fna,0.971098,0.9090909090909091,1
GCF_031729015.1.fna,GCF_022689575.1.fna,0.9869910000000001,0.9545454545454546,1
GCF_031729015.1.fna,GCF_022689615.1.fna,0.97437,0.9090909090909091,1
GCF_031729015.1.fna,GCF_022689645.1.fna,0.987797,0.9090909090909091,1
GCF_031729015.1.fna,GCF_022689665.1.fna,0.986802,0.9545454545454546,1
GCF_031729015.1.fna,GCF_022689675.1.fna,0.97437,0.9090909090909091,1
GCF_031729015.1.fna,GCF_022689705.1.fna,0.992605,0.9090909090909091,1
GCF_031729015.1.fna,GCF_022689725.1.fna,0.98737,0.9545454545454546,1
GCF_031729015.1.fna,GCF_022689745.1.fna,0.974137,0.9090909090909091,1
GCF_031729015.1.fna,GCF_022689765.1.fna,0.970823,0.9545454545454546,1
GCF_031729015.1.fna,GCF_022689775.1.fna,0.995342,0.9090909090909091,1
GCF_031729015.1.fna,GCF_022689785.1.fna,0.9984489999999999,0.9545454545454546,1
GCF_031729015.1.fna,GCF_022689825.1.fna,0.9706870000000001,0.9545454545454546,1
GCF_031729015.1.fna,GCF_022689845.1.fna,0.968283,0.9090909090909091,1
GCF_031729015.1.fna,GCF_022689855.1.fna,0.9923489999999999,0.9090909090909091,1
GCF_031729015.1.fna,GCF_022689905.1.fna,0.975584,0.9090909090909091,1
GCF_031729015.1.fna,GCF_022689925.1.fna,0.973627,0.8636363636363636,1
GCF_031729015.1.fna,GCF_022689945.1.fna,0.966096,0.8636363636363636,1
GCF_031729015.1.fna,GCF_022689965.1.fna,0.976581,0.9090909090909091,1
GCF_031729015.1.fna,GCF_022689975.1.fna,0.970127,0.9545454545454546,1
GCF_031729015.1.fna,GCF_022690005.1.fna,0.993235,0.9090909090909091,1
GCF_031729015.1.fna,GCF_022690025.1.fna,0.987675,0.9545454545454546,1
GCF_031729015.1.fna,GCF_022690045.1.fna,0.993235,0.9090909090909091,1
GCF_031729015.1.fna,GCF_022690065.1.fna,0.9744329999999999,0.9090909090909091,1
GCF_031729015.1.fna,GCF_022690085.1.fna,0.9739709999999999,0.9090909090909091,1
GCF_031729015.1.fna,GCF_022690105.1.fna,0.964666,0.9545454545454546,1
GCF_031729015.1.fna,GCF_022690115.1.fna,0.9686589999999999,0.9545454545454546,1
GCF_031729015.1.fna,GCF_022690145.1.fna,0.9744329999999999,0.9090909090909091,1
GCF_031729015.1.fna,GCF_022690165.1.fna,0.9750279999999999,0.9090909090909091,1
GCF_031729015.1.fna,GCF_022690185.1.fna,0.9986889999999999,0.9545454545454546,1
GCF_031729015.1.fna,GCF_022690205.1.fna,0.9942329999999999,0.9090909090909091,1
GCF_031729015.1.fna,GCF_022690225.1.fna,0.9916360000000001,0.9090909090909091,1
GCF_031729015.1.fna,GCF_022690245.1.fna,0.974435,0.9090909090909091,1
GCF_031729015.1.fna,GCF_022690265.1.fna,0.974421,0.9090909090909091,1
GCF_031729015.1.fna,GCF_022690275.1.fna,0.974897,0.9090909090909091,1
GCF_031729015.1.fna,GCF_022690295.1.fna,0.9624290000000001,0.9090909090909091,1
GCF_031729015.1.fna,GCF_022690325.1.fna,0.986343,0.9545454545454546,1
GCF_031729015.1.fna,GCF_022690345.1.fna,0.973985,0.9090909090909091,1
GCF_031729015.1.fna,GCF_022690375.1.fna,0.994229,0.9090909090909091,1
GCF_031729015.1.fna,GCF_022690385.1.fna,0.975333,0.9090909090909091,1
GCF_031729015.1.fna,GCF_022690425.1.fna,0.977409,0.9090909090909091,1
GCF_031729015.1.fna,GCF_025143205.1.fna,0.9749479999999999,0.9090909090909091,1
GCF_031729015.1.fna,GCF_025143445.1.fna,0.993618,0.9090909090909091,1
GCF_031729015.1.fna,GCF_025143615.1.fna,0.999807,0.9090909090909091,1
GCF_031729015.1.fna,GCF_029926865.1.fna,0.9747629999999999,0.9545454545454546,1
GCF_031729015.1.fna,GCF_029926905.1.fna,0.9747629999999999,0.9545454545454546,1
GCF_031729015.1.fna,GCF_029926915.1.fna,0.9747629999999999,0.9545454545454546,1
GCF_031729015.1.fna,GCF_031631055.1.fna,0.9892359999999999,0.8636363636363636,1
GCF_031729015.1.fna,GCF_031727055.1.fna,0.990291,0.9090909090909091,1
GCF_031729015.1.fna,GCF_031727075.1.fna,0.97437,0.9090909090909091,1
GCF_031729015.1.fna,GCF_031727235.1.fna,0.9931059999999999,0.9090909090909091,1
GCF_031729015.1.fna,GCF_031727255.1.fna,0.9624290000000001,0.9090909090909091,1
GCF_031729015.1.fna,GCF_031727275.1.fna,0.98587,0.9545454545454546,1
GCF_031729015.1.fna,GCF_031727355.1.fna,0.973702,0.9090909090909091,1
GCF_031729015.1.fna,GCF_031727455.1.fna,0.9724250000000001,0.9090909090909091,1
GCF_031729015.1.fna,GCF_031727535.1.fna,0.994727,0.9090909090909091,1
GCF_031729015.1.fna,GCF_031728075.1.fna,0.977409,0.9090909090909091,1
GCF_031729015.1.fna,GCF_031728095.1.fna,0.9889140000000001,0.9545454545454546,1
GCF_031729015.1.fna,GCF_031728115.1.fna,0.976575,0.9090909090909091,1
GCF_031729015.1.fna,GCF_031728155.1.fna,0.976375,0.9090909090909091,1
GCF_031729015.1.fna,GCF_031728235.1.fna,0.966351,0.9545454545454546,1
GCF_031729015.1.fna,GCF_031728275.1.fna,0.9915229999999999,0.9545454545454546,1
GCF_031729015.1.fna,GCF_031728295.1.fna,0.97695,0.9090909090909091,1
GCF_031729015.1.fna,GCF_031728315.1.fna,0.9727760000000001,0.9545454545454546,1
GCF_031729015.1.fna,GCF_031728335.1.fna,0.965327,0.9545454545454546,1
GCF_031729015.1.fna,GCF_031728415.1.fna,0.988572,0.9545454545454546,1
GCF_031729015.1.fna,GCF_031728455.1.fna,0.993254,0.9090909090909091,1
GCF_031729015.1.fna,GCF_031728475.1.fna,0.975369,0.9090909090909091,1
GCF_031729015.1.fna,GCF_031728495.1.fna,0.9882299999999999,0.9545454545454546,1
GCF_031729015.1.fna,GCF_031728515.1.fna,0.966006,0.8636363636363636,1
GCF_031729015.1.fna,GCF_031728555.1.fna,0.975218,0.9090909090909091,1
GCF_031729015.1.fna,GCF_031728675.1.fna,0.986457,0.9545454545454546,1
GCF_031729015.1.fna,GCF_031728695.1.fna,0.988042,0.9545454545454546,1
GCF_031729015.1.fna,GCF_031728715.1.fna,0.9993899999999999,0.9545454545454546,1
GCF_031729015.1.fna,GCF_031728735.1.fna,0.973151,0.9090909090909091,1
GCF_031729015.1.fna,GCF_031728745.1.fna,0.970839,0.9545454545454546,1
GCF_031729015.1.fna,GCF_031728795.1.fna,0.994652,0.9545454545454546,1
GCF_031729015.1.fna,GCF_031728835.1.fna,0.9753799999999999,0.9090909090909091,1
GCF_031729015.1.fna,GCF_031728895.1.fna,0.98996,0.9545454545454546,1
GCF_031729015.1.fna,GCF_031729015.1.fna,1.0,1.0,1
GCF_031729015.1.fna,GCF_036419895.1.fna,0.9995310000000001,1.0,1
GCF_031729015.1.fna,GCF_036420075.1.fna,0.966096,0.8636363636363636,1
GCF_031729015.1.fna,GCF_037694985.1.fna,0.96719,0.9545454545454546,1
GCF_031729015.1.fna,GCF_037695175.1.fna,0.9837250000000001,0.9545454545454546,1
GCF_031729015.1.fna,GCF_037700135.1.fna,0.974331,0.9090909090909091,1
GCF_031729015.1.fna,GCF_037700155.1.fna,0.976155,0.9090909090909091,1
GCF_031729015.1.fna,GCF_037700295.1.fna,0.975895,0.8636363636363636,1
GCF_031729015.1.fna,GCF_037700315.1.fna,0.997169,0.9090909090909091,1
GCF_031729015.1.fna,GCF_037700375.1.fna,0.9931019999999999,0.9090909090909091,1
GCF_031729015.1.fna,GCF_037700455.1.fna,0.993897,0.9090909090909091,1
GCF_031729015.1.fna,GCF_040947025.1.fna,0.977014,0.9090909090909091,1
GCF_031729015.1.fna,GCF_040947065.1.fna,0.989135,0.9545454545454546,1
GCF_031729015.1.fna,GCF_040947125.1.fna,0.983359,0.9545454545454546,1
GCF_031729015.1.fna,GCF_040947205.1.fna,0.974939,0.9090909090909091,1
GCF_031729015.1.fna,GCF_040947225.1.fna,0.990704,0.9090909090909091,1
GCF_031729015.1.fna,GCF_040947605.1.fna,0.975128,0.9090909090909091,1
GCF_031729015.1.fna,GCF_040947645.1.fna,0.974866,0.9090909090909091,1
GCF_031729015.1.fna,GCF_047653515.1.fna,0.962278,1.0,1
GCF_031729015.1.fna,GCF_047653525.1.fna,0.9661190000000001,1.0,1
GCF_031729015.1.fna,GCF_052950835.1.fna,0.9813689999999999,0.9545454545454546,1
GCF_031729015.1.fna,GCF_900458635.1.fna,0.993828,0.9090909090909091,1
GCF_031729015.1.fna,GCF_964211265.1.fna,0.9927039999999999,0.9090909090909091,1
GCF_036419895.1.fna,GCF_000269685.1.fna,0.97747,0.8,1
GCF_036419895.1.fna,GCF_002901845.1.fna,0.994067,0.8,1
GCF_036419895.1.fna,GCF_013267575.1.fna,0.990324,0.84,1
GCF_036419895.1.fna,GCF_015274535.1.fna,0.975492,0.8,1
GCF_036419895.1.fna,GCF_015274585.1.fna,0.975492,0.8,1
GCF_036419895.1.fna,GCF_015274655.1.fna,0.975492,0.8,1
GCF_036419895.1.fna,GCF_015274675.1.fna,0.977809,0.84,1
GCF_036419895.1.fna,GCF_017315625.1.fna,0.978318,0.84,1
GCF_036419895.1.fna,GCF_017315645.1.fna,0.9777450000000001,0.84,1
GCF_036419895.1.fna,GCF_022689565.1.fna,0.975312,0.8,1
GCF_036419895.1.fna,GCF_022689575.1.fna,0.987208,0.88,1
GCF_036419895.1.fna,GCF_022689615.1.fna,0.97443,0.8,1
GCF_036419895.1.fna,GCF_022689645.1.fna,0.992769,0.8,1
GCF_036419895.1.fna,GCF_022689665.1.fna,0.986979,0.88,1
GCF_036419895.1.fna,GCF_022689675.1.fna,0.975179,0.84,1
GCF_036419895.1.fna,GCF_022689705.1.fna,0.9923109999999999,0.84,1
GCF_036419895.1.fna,GCF_022689725.1.fna,0.987575,0.88,1
GCF_036419895.1.fna,GCF_022689745.1.fna,0.9750270000000001,0.84,1
GCF_036419895.1.fna,GCF_022689765.1.fna,0.971622,0.88,1
GCF_036419895.1.fna,GCF_022689775.1.fna,0.99994,0.8,1
GCF_036419895.1.fna,GCF_022689785.1.fna,0.99854,0.88,1
GCF_036419895.1.fna,GCF_022689825.1.fna,0.9714449999999999,0.88,1
GCF_036419895.1.fna,GCF_022689845.1.fna,0.975334,0.8,1
GCF_036419895.1.fna,GCF_022689855.1.fna,0.992711,0.84,1
GCF_036419895.1.fna,GCF_022689905.1.fna,0.976298,0.84,1
GCF_036419895.1.fna,GCF_022689925.1.fna,0.9738410000000001,0.76,1
GCF_036419895.1.fna,GCF_022689945.1.fna,0.966083,0.76,1
GCF_036419895.1.fna,GCF_022689965.1.fna,0.977325,0.84,1
GCF_036419895.1.fna,GCF_022689975.1.fna,0.971047,0.88,1
GCF_036419895.1.fna,GCF_022690005.1.fna,0.993424,0.84,1
GCF_036419895.1.fna,GCF_022690025.1.fna,0.98745,0.88,1
GCF_036419895.1.fna,GCF_022690045.1.fna,0.993424,0.84,1
GCF_036419895.1.fna,GCF_022690065.1.fna,0.9752540000000001,0.84,1
GCF_036419895.1.fna,GCF_022690085.1.fna,0.973713,0.84,1
GCF_036419895.1.fna,GCF_022690105.1.fna,0.965887,0.88,1
GCF_036419895.1.fna,GCF_022690115.1.fna,0.969299,0.88,1
GCF_036419895.1.fna,GCF_022690145.1.fna,0.9752540000000001,0.84,1
GCF_036419895.1.fna,GCF_022690165.1.fna,0.9756529999999999,0.84,1
GCF_036419895.1.fna,GCF_022690185.1.fna,0.9987990000000001,0.88,1
GCF_036419895.1.fna,GCF_022690205.1.fna,0.999916,0.8,1
GCF_036419895.1.fna,GCF_022690225.1.fna,0.9917619999999999,0.8,1
GCF_036419895.1.fna,GCF_022690245.1.fna,0.975052,0.84,1
GCF_036419895.1.fna,GCF_022690265.1.fna,0.975243,0.84,1
GCF_036419895.1.fna,GCF_022690275.1.fna,0.9749559999999999,0.8,1
GCF_036419895.1.fna,GCF_022690295.1.fna,0.962405,0.8,1
GCF_036419895.1.fna,GCF_022690325.1.fna,0.986616,0.88,1
GCF_036419895.1.fna,GCF_022690345.1.fna,0.9747750000000001,0.84,1
GCF_036419895.1.fna,GCF_022690375.1.fna,0.994792,0.8,1
GCF_036419895.1.fna,GCF_022690385.1.fna,0.975476,0.8,1
GCF_036419895.1.fna,GCF_022690425.1.fna,0.97791,0.84,1
GCF_036419895.1.fna,GCF_025143205.1.fna,0.975651,0.84,1
GCF_036419895.1.fna,GCF_025143445.1.fna,0.9936889999999999,0.8,1
GCF_036419895.1.fna,GCF_025143615.1.fna,0.9998480000000001,0.84,1
GCF_036419895.1.fna,GCF_029926865.1.fna,0.975436,0.88,1
GCF_036419895.1.fna,GCF_029926905.1.fna,0.975436,0.88,1
GCF_036419895.1.fna,GCF_029926915.1.fna,0.975436,0.88,1
GCF_036419895.1.fna,GCF_031631055.1.fna,0.989178,0.8,1
GCF_036419895.1.fna,GCF_031727055.1.fna,0.990284,0.84,1
GCF_036419895.1.fna,GCF_031727075.1.fna,0.975179,0.84,1
GCF_036419895.1.fna,GCF_031727235.1.fna,0.993311,0.84,1
GCF_036419895.1.fna,GCF_031727255.1.fna,0.962405,0.8,1
GCF_036419895.1.fna,GCF_031727275.1.fna,0.985902,0.84,1
GCF_036419895.1.fna,GCF_031727355.1.fna,0.975312,0.8,1
GCF_036419895.1.fna,GCF_031727455.1.fna,0.974746,0.8,1
GCF_036419895.1.fna,GCF_031727535.1.fna,0.9946160000000001,0.84,1
GCF_036419895.1.fna,GCF_031728075.1.fna,0.97791,0.84,1
GCF_036419895.1.fna,GCF_031728095.1.fna,0.98857,0.88,1
GCF_036419895.1.fna,GCF_031728115.1.fna,0.9771850000000001,0.84,1
GCF_036419895.1.fna,GCF_031728155.1.fna,0.9770690000000001,0.84,1
GCF_036419895.1.fna,GCF_031728235.1.fna,0.967282,0.88,1
GCF_036419895.1.fna,GCF_031728275.1.fna,0.9924259999999999,0.88,1
GCF_036419895.1.fna,GCF_031728295.1.fna,0.9775149999999999,0.84,1
GCF_036419895.1.fna,GCF_031728315.1.fna,0.977046,0.88,1
GCF_036419895.1.fna,GCF_031728335.1.fna,0.9664090000000001,0.88,1
GCF_036419895.1.fna,GCF_031728415.1.fna,0.988935,0.88,1
GCF_036419895.1.fna,GCF_031728455.1.fna,0.993188,0.84,1
GCF_036419895.1.fna,GCF_031728475.1.fna,0.976063,0.84,1
GCF_036419895.1.fna,GCF_031728495.1.fna,0.9886079999999999,0.88,1
GCF_036419895.1.fna,GCF_031728515.1.fna,0.965993,0.76,1
GCF_036419895.1.fna,GCF_031728555.1.fna,0.9758870000000001,0.84,1
GCF_036419895.1.fna,GCF_031728675.1.fna,0.98624,0.88,1
GCF_036419895.1.fna,GCF_031728695.1.fna,0.987773,0.88,1
GCF_036419895.1.fna,GCF_031728715.1.fna,0.99945,0.88,1
GCF_036419895.1.fna,GCF_031728735.1.fna,0.973887,0.84,1
GCF_036419895.1.fna,GCF_031728745.1.fna,0.9719580000000001,0.84,1
GCF_036419895.1.fna,GCF_031728795.1.fna,0.9945569999999999,0.88,1
GCF_036419895.1.fna,GCF_031728835.1.fna,0.976041,0.84,1
GCF_036419895.1.fna,GCF_031728895.1.fna,0.9898250000000001,0.88,1
GCF_036419895.1.fna,GCF_031729015.1.fna,0.99952,0.88,1
GCF_036419895.1.fna,GCF_036419895.1.fna,1.0,0.96,1
GCF_036419895.1.fna,GCF_036420075.1.fna,0.966083,0.76,1
GCF_036419895.1.fna,GCF_037694985.1.fna,0.968318,0.88,1
GCF_036419895.1.fna,GCF_037695175.1.fna,0.9900639999999999,0.84,1
GCF_036419895.1.fna,GCF_037700135.1.fna,0.9751489999999999,0.84,1
GCF_036419895.1.fna,GCF_037700155.1.fna,0.976888,0.84,1
GCF_036419895.1.fna,GCF_037700295.1.fna,0.976677,0.8,1
GCF_036419895.1.fna,GCF_037700315.1.fna,0.997322,0.84,1
GCF_036419895.1.fna,GCF_037700375.1.fna,0.993038,0.84,1
GCF_036419895.1.fna,GCF_037700455.1.fna,0.99382,0.84,1
GCF_036419895.1.fna,GCF_040947025.1.fna,0.977685,0.84,1
GCF_036419895.1.fna,GCF_040947065.1.fna,0.989345,0.88,1
GCF_036419895.1.fna,GCF_040947125.1.fna,0.989765,0.84,1
GCF_036419895.1.fna,GCF_040947205.1.fna,0.9750679999999999,0.8,1
GCF_036419895.1.fna,GCF_040947225.1.fna,0.9908199999999999,0.84,1
GCF_036419895.1.fna,GCF_040947605.1.fna,0.975237,0.8,1
GCF_036419895.1.fna,GCF_040947645.1.fna,0.975237,0.8,1
GCF_036419895.1.fna,GCF_047653515.1.fna,0.963557,0.92,1
GCF_036419895.1.fna,GCF_047653525.1.fna,0.9668370000000001,0.92,1
GCF_036419895.1.fna,GCF_052950835.1.fna,0.9814660000000001,0.84,1
GCF_036419895.1.fna,GCF_900458635.1.fna,0.994067,0.8,1
GCF_036419895.1.fna,GCF_964211265.1.fna,0.9926269999999999,0.84,1
GCF_036420075.1.fna,GCF_000269685.1.fna,0.9801340000000001,0.6571428571428571,1
GCF_036420075.1.fna,GCF_002901845.1.fna,0.967979,0.5428571428571428,1
GCF_036420075.1.fna,GCF_013267575.1.fna,0.968167,0.5714285714285714,1
GCF_036420075.1.fna,GCF_015274535.1.fna,0.985002,0.6,1
GCF_036420075.1.fna,GCF_015274585.1.fna,0.990343,0.5428571428571428,1
GCF_036420075.1.fna,GCF_015274655.1.fna,0.987607,0.5714285714285714,1
GCF_036420075.1.fna,GCF_015274675.1.fna,0.9890439999999999,0.6285714285714286,1
GCF_036420075.1.fna,GCF_017315625.1.fna,0.984211,0.6285714285714286,1
GCF_036420075.1.fna,GCF_017315645.1.fna,0.978231,0.6571428571428571,1
GCF_036420075.1.fna,GCF_022689565.1.fna,0.9846739999999999,0.6,1
GCF_036420075.1.fna,GCF_022689575.1.fna,0.967796,0.5428571428571428,1
GCF_036420075.1.fna,GCF_022689615.1.fna,0.990233,0.6,1
GCF_036420075.1.fna,GCF_022689645.1.fna,0.968112,0.5428571428571428,1
GCF_036420075.1.fna,GCF_022689665.1.fna,0.967796,0.5428571428571428,1
GCF_036420075.1.fna,GCF_022689675.1.fna,0.9890349999999999,0.6,1
GCF_036420075.1.fna,GCF_022689705.1.fna,0.968112,0.5428571428571428,1
GCF_036420075.1.fna,GCF_022689725.1.fna,0.967796,0.5428571428571428,1
GCF_036420075.1.fna,GCF_022689745.1.fna,0.989008,0.6,1
GCF_036420075.1.fna,GCF_022689765.1.fna,0.9928180000000001,0.5714285714285714,1
GCF_036420075.1.fna,GCF_022689775.1.fna,0.9600799999999999,0.6,1
GCF_036420075.1.fna,GCF_022689785.1.fna,0.966353,0.5428571428571428,1
GCF_036420075.1.fna,GCF_022689825.1.fna,0.988268,0.6,1
GCF_036420075.1.fna,GCF_022689845.1.fna,0.981412,0.6285714285714286,1
GCF_036420075.1.fna,GCF_022689855.1.fna,0.965594,0.6,1
GCF_036420075.1.fna,GCF_022689905.1.fna,0.980141,0.6285714285714286,1
GCF_036420075.1.fna,GCF_022689925.1.fna,0.966662,0.5714285714285714,1
GCF_036420075.1.fna,GCF_022689945.1.fna,0.999953,0.8857142857142857,1
GCF_036420075.1.fna,GCF_022689965.1.fna,0.984704,0.6571428571428571,1
GCF_036420075.1.fna,GCF_022689975.1.fna,0.992078,0.5714285714285714,1
GCF_036420075.1.fna,GCF_022690005.1.fna,0.9689260000000001,0.5428571428571428,1
GCF_036420075.1.fna,GCF_022690025.1.fna,0.9647,0.5714285714285714,1
GCF_036420075.1.fna,GCF_022690045.1.fna,0.9689260000000001,0.5428571428571428,1
GCF_036420075.1.fna,GCF_022690065.1.fna,0.980568,0.6,1
GCF_036420075.1.fna,GCF_022690085.1.fna,0.9626439999999999,0.5714285714285714,1
GCF_036420075.1.fna,GCF_022690105.1.fna,0.99197,0.5428571428571428,1
GCF_036420075.1.fna,GCF_022690115.1.fna,0.972553,0.5714285714285714,1
GCF_036420075.1.fna,GCF_022690145.1.fna,0.980006,0.6,1
GCF_036420075.1.fna,GCF_022690165.1.fna,0.9818380000000001,0.5714285714285714,1
GCF_036420075.1.fna,GCF_022690185.1.fna,0.9664360000000001,0.5428571428571428,1
GCF_036420075.1.fna,GCF_022690205.1.fna,0.963781,0.5714285714285714,1
GCF_036420075.1.fna,GCF_022690225.1.fna,0.9676309999999999,0.5714285714285714,1
GCF_036420075.1.fna,GCF_022690245.1.fna,0.988484,0.5714285714285714,1
GCF_036420075.1.fna,GCF_022690265.1.fna,0.990797,0.5428571428571428,1
GCF_036420075.1.fna,GCF_022690275.1.fna,0.991572,0.5714285714285714,1
GCF_036420075.1.fna,GCF_022690295.1.fna,0.99859,0.6571428571428571,1
GCF_036420075.1.fna,GCF_022690325.1.fna,0.967754,0.5428571428571428,1
GCF_036420075.1.fna,GCF_022690345.1.fna,0.9819599999999999,0.6285714285714286,1
GCF_036420075.1.fna,GCF_022690375.1.fna,0.966198,0.5428571428571428,1
GCF_036420075.1.fna,GCF_022690385.1.fna,0.9917659999999999,0.6,1
GCF_036420075.1.fna,GCF_022690425.1.fna,0.982411,0.6,1
GCF_036420075.1.fna,GCF_025143205.1.fna,0.990673,0.5428571428571428,1
GCF_036420075.1.fna,GCF_025143445.1.fna,0.9697709999999999,0.5714285714285714,1
GCF_036420075.1.fna,GCF_025143615.1.fna,0.965535,0.6,1
GCF_036420075.1.fna,GCF_029926865.1.fna,0.981656,0.6571428571428571,1
GCF_036420075.1.fna,GCF_029926905.1.fna,0.9816469999999999,0.6571428571428571,1
GCF_036420075.1.fna,GCF_029926915.1.fna,0.9816469999999999,0.6571428571428571,1
GCF_036420075.1.fna,GCF_031631055.1.fna,0.964097,0.5714285714285714,1
GCF_036420075.1.fna,GCF_031727055.1.fna,0.9643309999999999,0.5714285714285714,1
GCF_036420075.1.fna,GCF_031727075.1.fna,0.9897079999999999,0.6,1
GCF_036420075.1.fna,GCF_031727235.1.fna,0.965594,0.6,1
GCF_036420075.1.fna,GCF_031727255.1.fna,0.998935,0.6285714285714286,1
GCF_036420075.1.fna,GCF_031727275.1.fna,0.968119,0.5428571428571428,1
GCF_036420075.1.fna,GCF_031727355.1.fna,0.9834579999999999,0.6285714285714286,1
GCF_036420075.1.fna,GCF_031727455.1.fna,0.961293,0.5428571428571428,1
GCF_036420075.1.fna,GCF_031727535.1.fna,0.968031,0.5428571428571428,1
GCF_036420075.1.fna,GCF_031728075.1.fna,0.9841209999999999,0.5714285714285714,1
GCF_036420075.1.fna,GCF_031728095.1.fna,0.96155,0.6,1
GCF_036420075.1.fna,GCF_031728115.1.fna,0.988522,0.6,1
GCF_036420075.1.fna,GCF_031728155.1.fna,0.985371,0.6,1
GCF_036420075.1.fna,GCF_031728235.1.fna,0.985555,0.6,1
GCF_036420075.1.fna,GCF_031728275.1.fna,0.96825,0.5428571428571428,1
GCF_036420075.1.fna,GCF_031728295.1.fna,0.977838,0.6571428571428571,1
GCF_036420075.1.fna,GCF_031728315.1.fna,0.9821840000000001,0.6,1
GCF_036420075.1.fna,GCF_031728335.1.fna,0.978406,0.6,1
GCF_036420075.1.fna,GCF_031728415.1.fna,0.9682219999999999,0.5428571428571428,1
GCF_036420075.1.fna,GCF_031728455.1.fna,0.9681829999999999,0.5428571428571428,1
GCF_036420075.1.fna,GCF_031728475.1.fna,0.988311,0.6,1
GCF_036420075.1.fna,GCF_031728495.1.fna,0.965717,0.5714285714285714,1
GCF_036420075.1.fna,GCF_031728515.1.fna,0.995591,0.7428571428571429,1
GCF_036420075.1.fna,GCF_031728555.1.fna,0.980051,0.6,1
GCF_036420075.1.fna,GCF_031728675.1.fna,0.966472,0.5428571428571428,1
GCF_036420075.1.fna,GCF_031728695.1.fna,0.9640730000000001,0.5714285714285714,1
GCF_036420075.1.fna,GCF_031728715.1.fna,0.96623,0.5428571428571428,1
GCF_036420075.1.fna,GCF_031728735.1.fna,0.989165,0.6,1
GCF_036420075.1.fna,GCF_031728745.1.fna,0.982051,0.6285714285714286,1
GCF_036420075.1.fna,GCF_031728795.1.fna,0.9664480000000001,0.5714285714285714,1
GCF_036420075.1.fna,GCF_031728835.1.fna,0.989033,0.5714285714285714,1
GCF_036420075.1.fna,GCF_031728895.1.fna,0.964928,0.5714285714285714,1
GCF_036420075.1.fna,GCF_031729015.1.fna,0.9663249999999999,0.5428571428571428,1
GCF_036420075.1.fna,GCF_036419895.1.fna,0.966303,0.5428571428571428,1
GCF_036420075.1.fna,GCF_036420075.1.fna,1.0,0.9714285714285714,1
GCF_036420075.1.fna,GCF_037694985.1.fna,0.982607,0.6,1
GCF_036420075.1.fna,GCF_037695175.1.fna,0.9680719999999999,0.5428571428571428,1
GCF_036420075.1.fna,GCF_037700135.1.fna,0.990201,0.6,1
GCF_036420075.1.fna,GCF_037700155.1.fna,0.982996,0.6285714285714286,1
GCF_036420075.1.fna,GCF_037700295.1.fna,0.99086,0.5714285714285714,1
GCF_036420075.1.fna,GCF_037700315.1.fna,0.9636020000000001,0.5714285714285714,1
GCF_036420075.1.fna,GCF_037700375.1.fna,0.9683700000000001,0.5428571428571428,1
GCF_036420075.1.fna,GCF_037700455.1.fna,0.9683700000000001,0.5428571428571428,1
GCF_036420075.1.fna,GCF_040947025.1.fna,0.986111,0.6,1
GCF_036420075.1.fna,GCF_040947065.1.fna,0.9747549999999999,0.5428571428571428,1
GCF_036420075.1.fna,GCF_040947125.1.fna,0.954299,0.6,1
GCF_036420075.1.fna,GCF_040947205.1.fna,0.9910209999999999,0.6,1
GCF_036420075.1.fna,GCF_040947225.1.fna,0.970348,0.5428571428571428,1
GCF_036420075.1.fna,GCF_040947605.1.fna,0.991373,0.5428571428571428,1
GCF_036420075.1.fna,GCF_040947645.1.fna,0.991374,0.5428571428571428,1
GCF_036420075.1.fna,GCF_047653515.1.fna,0.9884149999999999,0.6,1
GCF_036420075.1.fna,GCF_047653525.1.fna,0.984413,0.6857142857142857,1
GCF_036420075.1.fna,GCF_052950835.1.fna,0.974251,0.5714285714285714,1
GCF_036420075.1.fna,GCF_900458635.1.fna,0.9579529999999999,0.6,1
GCF_036420075.1.fna,GCF_964211265.1.fna,0.9654,0.6,1
GCF_037694985.1.fna,GCF_000269685.1.fna,0.97982,0.9629629629629629,1
GCF_037694985.1.fna,GCF_002901845.1.fna,0.967838,0.8518518518518519,1
GCF_037694985.1.fna,GCF_013267575.1.fna,0.976468,0.7777777777777778,1
GCF_037694985.1.fna,GCF_015274535.1.fna,0.994382,0.7777777777777778,1
GCF_037694985.1.fna,GCF_015274585.1.fna,0.994382,0.7777777777777778,1
GCF_037694985.1.fna,GCF_015274655.1.fna,0.994383,0.7777777777777778,1
GCF_037694985.1.fna,GCF_015274675.1.fna,0.9795950000000001,0.9259259259259259,1
GCF_037694985.1.fna,GCF_017315625.1.fna,0.986011,0.8518518518518519,1
GCF_037694985.1.fna,GCF_017315645.1.fna,0.987721,0.8888888888888888,1
GCF_037694985.1.fna,GCF_022689565.1.fna,0.992787,0.7777777777777778,1
GCF_037694985.1.fna,GCF_022689575.1.fna,0.974737,0.8148148148148148,1
GCF_037694985.1.fna,GCF_022689615.1.fna,0.994459,0.7777777777777778,1
GCF_037694985.1.fna,GCF_022689645.1.fna,0.975017,0.7777777777777778,1
GCF_037694985.1.fna,GCF_022689665.1.fna,0.974737,0.8148148148148148,1
GCF_037694985.1.fna,GCF_022689675.1.fna,0.994498,0.8148148148148148,1
GCF_037694985.1.fna,GCF_022689705.1.fna,0.976332,0.7777777777777778,1
GCF_037694985.1.fna,GCF_022689725.1.fna,0.974737,0.8148148148148148,1
GCF_037694985.1.fna,GCF_022689745.1.fna,0.994498,0.8148148148148148,1
GCF_037694985.1.fna,GCF_022689765.1.fna,0.991033,0.8518518518518519,1
GCF_037694985.1.fna,GCF_022689775.1.fna,0.9700230000000001,0.7777777777777778,1
GCF_037694985.1.fna,GCF_022689785.1.fna,0.976705,0.7777777777777778,1
GCF_037694985.1.fna,GCF_022689825.1.fna,0.991033,0.8518518518518519,1
GCF_037694985.1.fna,GCF_022689845.1.fna,0.9884040000000001,0.9259259259259259,1
GCF_037694985.1.fna,GCF_022689855.1.fna,0.973417,0.8148148148148148,1
GCF_037694985.1.fna,GCF_022689905.1.fna,0.99713,0.9629629629629629,1
GCF_037694985.1.fna,GCF_022689925.1.fna,0.9680110000000001,0.7777777777777778,1
GCF_037694985.1.fna,GCF_022689945.1.fna,0.977614,0.7777777777777778,1
GCF_037694985.1.fna,GCF_022689965.1.fna,0.986739,0.9259259259259259,1
GCF_037694985.1.fna,GCF_022689975.1.fna,0.991034,0.8518518518518519,1
GCF_037694985.1.fna,GCF_022690005.1.fna,0.9776279999999999,0.7777777777777778,1
GCF_037694985.1.fna,GCF_022690025.1.fna,0.9721299999999999,0.8518518518518519,1
GCF_037694985.1.fna,GCF_022690045.1.fna,0.9776279999999999,0.7777777777777778,1
GCF_037694985.1.fna,GCF_022690065.1.fna,0.985279,0.9259259259259259,1
GCF_037694985.1.fna,GCF_022690085.1.fna,0.968893,0.8148148148148148,1
GCF_037694985.1.fna,GCF_022690105.1.fna,0.995212,0.7777777777777778,1
GCF_037694985.1.fna,GCF_022690115.1.fna,0.9800490000000001,0.8148148148148148,1
GCF_037694985.1.fna,GCF_022690145.1.fna,0.985279,0.9259259259259259,1
GCF_037694985.1.fna,GCF_022690165.1.fna,0.985279,0.9259259259259259,1
GCF_037694985.1.fna,GCF_022690185.1.fna,0.96935,0.8148148148148148,1
GCF_037694985.1.fna,GCF_022690205.1.fna,0.9743210000000001,0.7777777777777778,1
GCF_037694985.1.fna,GCF_022690225.1.fna,0.976268,0.7407407407407407,1
GCF_037694985.1.fna,GCF_022690245.1.fna,0.995147,0.7777777777777778,1
GCF_037694985.1.fna,GCF_022690265.1.fna,0.992981,0.8148148148148148,1
GCF_037694985.1.fna,GCF_022690275.1.fna,0.9938509999999999,0.8148148148148148,1
GCF_037694985.1.fna,GCF_022690295.1.fna,0.95891,0.9259259259259259,1
GCF_037694985.1.fna,GCF_022690325.1.fna,0.96776,0.8148148148148148,1
GCF_037694985.1.fna,GCF_022690345.1.fna,0.991625,0.8148148148148148,1
GCF_037694985.1.fna,GCF_022690375.1.fna,0.972629,0.8518518518518519,1
GCF_037694985.1.fna,GCF_022690385.1.fna,0.994255,0.8518518518518519,1
GCF_037694985.1.fna,GCF_022690425.1.fna,0.9902580000000001,0.8148148148148148,1
GCF_037694985.1.fna,GCF_025143205.1.fna,0.9952259999999999,0.7777777777777778,1
GCF_037694985.1.fna,GCF_025143445.1.fna,0.966004,0.8518518518518519,1
GCF_037694985.1.fna,GCF_025143615.1.fna,0.976715,0.7777777777777778,1
GCF_037694985.1.fna,GCF_029926865.1.fna,0.985714,0.8518518518518519,1
GCF_037694985.1.fna,GCF_029926905.1.fna,0.985714,0.8518518518518519,1
GCF_037694985.1.fna,GCF_029926915.1.fna,0.985714,0.8518518518518519,1
GCF_037694985.1.fna,GCF_031631055.1.fna,0.9699,0.7777777777777778,1
GCF_037694985.1.fna,GCF_031727055.1.fna,0.966357,0.8888888888888888,1
GCF_037694985.1.fna,GCF_031727075.1.fna,0.994498,0.8148148148148148,1
GCF_037694985.1.fna,GCF_031727235.1.fna,0.9734180000000001,0.8148148148148148,1
GCF_037694985.1.fna,GCF_031727255.1.fna,0.95891,0.9259259259259259,1
GCF_037694985.1.fna,GCF_031727275.1.fna,0.973197,0.7777777777777778,1
GCF_037694985.1.fna,GCF_031727355.1.fna,0.992788,0.7777777777777778,1
GCF_037694985.1.fna,GCF_031727455.1.fna,0.967654,0.7407407407407407,1
GCF_037694985.1.fna,GCF_031727535.1.fna,0.974975,0.8148148148148148,1
GCF_037694985.1.fna,GCF_031728075.1.fna,0.9902580000000001,0.8148148148148148,1
GCF_037694985.1.fna,GCF_031728095.1.fna,0.9697939999999999,0.8148148148148148,1
GCF_037694985.1.fna,GCF_031728115.1.fna,0.993753,0.8148148148148148,1
GCF_037694985.1.fna,GCF_031728155.1.fna,0.992961,0.8148148148148148,1
GCF_037694985.1.fna,GCF_031728235.1.fna,0.989697,0.8518518518518519,1
GCF_037694985.1.fna,GCF_031728275.1.fna,0.976404,0.7777777777777778,1
GCF_037694985.1.fna,GCF_031728295.1.fna,0.988274,0.8888888888888888,1
GCF_037694985.1.fna,GCF_031728315.1.fna,0.99713,0.9629629629629629,1
GCF_037694985.1.fna,GCF_031728335.1.fna,0.9910509999999999,0.8518518518518519,1
GCF_037694985.1.fna,GCF_031728415.1.fna,0.970158,0.8518518518518519,1
GCF_037694985.1.fna,GCF_031728455.1.fna,0.977374,0.7777777777777778,1
GCF_037694985.1.fna,GCF_031728475.1.fna,0.991847,0.8148148148148148,1
GCF_037694985.1.fna,GCF_031728495.1.fna,0.9735389999999999,0.8148148148148148,1
GCF_037694985.1.fna,GCF_031728515.1.fna,0.974546,0.7777777777777778,1
GCF_037694985.1.fna,GCF_031728555.1.fna,0.985279,0.9259259259259259,1
GCF_037694985.1.fna,GCF_031728675.1.fna,0.9764060000000001,0.7777777777777778,1
GCF_037694985.1.fna,GCF_031728695.1.fna,0.975719,0.7777777777777778,1
GCF_037694985.1.fna,GCF_031728715.1.fna,0.976339,0.7777777777777778,1
GCF_037694985.1.fna,GCF_031728735.1.fna,0.977657,0.9629629629629629,1
GCF_037694985.1.fna,GCF_031728745.1.fna,0.989204,0.8518518518518519,1
GCF_037694985.1.fna,GCF_031728795.1.fna,0.9768380000000001,0.7777777777777778,1
GCF_037694985.1.fna,GCF_031728835.1.fna,0.992556,0.8148148148148148,1
GCF_037694985.1.fna,GCF_031728895.1.fna,0.9719209999999999,0.8148148148148148,1
GCF_037694985.1.fna,GCF_031729015.1.fna,0.9682980000000001,0.7777777777777778,1
GCF_037694985.1.fna,GCF_036419895.1.fna,0.9692959999999999,0.8148148148148148,1
GCF_037694985.1.fna,GCF_036420075.1.fna,0.977614,0.7777777777777778,1
GCF_037694985.1.fna,GCF_037694985.1.fna,1.0,1.0,1
GCF_037694985.1.fna,GCF_037695175.1.fna,0.972158,0.7777777777777778,1
GCF_037694985.1.fna,GCF_037700135.1.fna,0.994379,0.8518518518518519,1
GCF_037694985.1.fna,GCF_037700155.1.fna,0.993075,0.8148148148148148,1
GCF_037694985.1.fna,GCF_037700295.1.fna,0.994799,0.7777777777777778,1
GCF_037694985.1.fna,GCF_037700315.1.fna,0.967808,0.8518518518518519,1
GCF_037694985.1.fna,GCF_037700375.1.fna,0.9641719999999999,0.8888888888888888,1
GCF_037694985.1.fna,GCF_037700455.1.fna,0.9641719999999999,0.8888888888888888,1
GCF_037694985.1.fna,GCF_040947025.1.fna,0.982235,0.9259259259259259,1
GCF_037694985.1.fna,GCF_040947065.1.fna,0.973511,0.8518518518518519,1
GCF_037694985.1.fna,GCF_040947125.1.fna,0.966357,0.8518518518518519,1
GCF_037694985.1.fna,GCF_040947205.1.fna,0.988326,0.8518518518518519,1
GCF_037694985.1.fna,GCF_040947225.1.fna,0.9793129999999999,0.7777777777777778,1
GCF_037694985.1.fna,GCF_040947605.1.fna,0.9953489999999999,0.7777777777777778,1
GCF_037694985.1.fna,GCF_040947645.1.fna,0.9953489999999999,0.7777777777777778,1
GCF_037694985.1.fna,GCF_047653515.1.fna,0.988613,0.8148148148148148,1
GCF_037694985.1.fna,GCF_047653525.1.fna,0.983495,0.9259259259259259,1
GCF_037694985.1.fna,GCF_052950835.1.fna,0.9797530000000001,0.7037037037037037,1
GCF_037694985.1.fna,GCF_900458635.1.fna,0.967838,0.8518518518518519,1
GCF_037694985.1.fna,GCF_964211265.1.fna,0.969388,0.8148148148148148,1
GCF_037695175.1.fna,GCF_000269685.1.fna,0.9678270000000001,0.9545454545454546,1
GCF_037695175.1.fna,GCF_002901845.1.fna,0.997114,0.9090909090909091,1
GCF_037695175.1.fna,GCF_013267575.1.fna,0.9952200000000001,0.9090909090909091,1
GCF_037695175.1.fna,GCF_015274535.1.fna,0.974904,0.9090909090909091,1
GCF_037695175.1.fna,GCF_015274585.1.fna,0.974904,0.9090909090909091,1
GCF_037695175.1.fna,GCF_015274655.1.fna,0.974904,0.9090909090909091,1
GCF_037695175.1.fna,GCF_015274675.1.fna,0.967849,0.9545454545454546,1
GCF_037695175.1.fna,GCF_017315625.1.fna,0.969259,0.9545454545454546,1
GCF_037695175.1.fna,GCF_017315645.1.fna,0.97702,0.9090909090909091,1
GCF_037695175.1.fna,GCF_022689565.1.fna,0.9760089999999999,0.9090909090909091,1
GCF_037695175.1.fna,GCF_022689575.1.fna,0.9931690000000001,0.9545454545454546,1
GCF_037695175.1.fna,GCF_022689615.1.fna,0.9711879999999999,0.9090909090909091,1
GCF_037695175.1.fna,GCF_022689645.1.fna,0.995661,0.9090909090909091,1
GCF_037695175.1.fna,GCF_022689665.1.fna,0.9931690000000001,0.9545454545454546,1
GCF_037695175.1.fna,GCF_022689675.1.fna,0.9751040000000001,0.9090909090909091,1
GCF_037695175.1.fna,GCF_022689705.1.fna,0.995661,0.9090909090909091,1
GCF_037695175.1.fna,GCF_022689725.1.fna,0.9931690000000001,0.9545454545454546,1
GCF_037695175.1.fna,GCF_022689745.1.fna,0.9751040000000001,0.9090909090909091,1
GCF_037695175.1.fna,GCF_022689765.1.fna,0.973305,0.9545454545454546,1
GCF_037695175.1.fna,GCF_022689775.1.fna,0.994847,0.9090909090909091,1
GCF_037695175.1.fna,GCF_022689785.1.fna,0.994812,0.9090909090909091,1
GCF_037695175.1.fna,GCF_022689825.1.fna,0.973305,0.9545454545454546,1
GCF_037695175.1.fna,GCF_022689845.1.fna,0.975004,0.9090909090909091,1
GCF_037695175.1.fna,GCF_022689855.1.fna,0.9948130000000001,0.9090909090909091,1
GCF_037695175.1.fna,GCF_022689905.1.fna,0.975769,0.9090909090909091,1
GCF_037695175.1.fna,GCF_022689925.1.fna,0.9620650000000001,0.8636363636363636,1
GCF_037695175.1.fna,GCF_022689945.1.fna,0.967978,0.8636363636363636,1
GCF_037695175.1.fna,GCF_022689965.1.fna,0.977003,0.9090909090909091,1
GCF_037695175.1.fna,GCF_022689975.1.fna,0.973305,0.9545454545454546,1
GCF_037695175.1.fna,GCF_022690005.1.fna,0.993966,0.9090909090909091,1
GCF_037695175.1.fna,GCF_022690025.1.fna,0.996827,0.9545454545454546,1
GCF_037695175.1.fna,GCF_022690045.1.fna,0.993966,0.9090909090909091,1
GCF_037695175.1.fna,GCF_022690065.1.fna,0.9747969999999999,0.9090909090909091,1
GCF_037695175.1.fna,GCF_022690085.1.fna,0.973715,0.9090909090909091,1
GCF_037695175.1.fna,GCF_022690105.1.fna,0.966976,0.9545454545454546,1
GCF_037695175.1.fna,GCF_022690115.1.fna,0.973189,0.9545454545454546,1
GCF_037695175.1.fna,GCF_022690145.1.fna,0.9747969999999999,0.9090909090909091,1
GCF_037695175.1.fna,GCF_022690165.1.fna,0.9747969999999999,0.9090909090909091,1
GCF_037695175.1.fna,GCF_022690185.1.fna,0.9948260000000001,0.9090909090909091,1
GCF_037695175.1.fna,GCF_022690205.1.fna,0.994815,0.9090909090909091,1
GCF_037695175.1.fna,GCF_022690225.1.fna,0.981125,0.9090909090909091,1
GCF_037695175.1.fna,GCF_022690245.1.fna,0.9743179999999999,0.9090909090909091,1
GCF_037695175.1.fna,GCF_022690265.1.fna,0.974785,0.9090909090909091,1
GCF_037695175.1.fna,GCF_022690275.1.fna,0.965454,0.9545454545454546,1
GCF_037695175.1.fna,GCF_022690295.1.fna,0.966059,0.9090909090909091,1
GCF_037695175.1.fna,GCF_022690325.1.fna,0.988586,0.9545454545454546,1
GCF_037695175.1.fna,GCF_022690345.1.fna,0.966548,0.9545454545454546,1
GCF_037695175.1.fna,GCF_022690375.1.fna,0.9944419999999999,0.9090909090909091,1
GCF_037695175.1.fna,GCF_022690385.1.fna,0.9750530000000001,0.9090909090909091,1
GCF_037695175.1.fna,GCF_022690425.1.fna,0.9757089999999999,0.9090909090909091,1
GCF_037695175.1.fna,GCF_025143205.1.fna,0.974584,0.9090909090909091,1
GCF_037695175.1.fna,GCF_025143445.1.fna,0.994691,0.9090909090909091,1
GCF_037695175.1.fna,GCF_025143615.1.fna,0.9948659999999999,0.9090909090909091,1
GCF_037695175.1.fna,GCF_029926865.1.fna,0.9748260000000001,0.9545454545454546,1
GCF_037695175.1.fna,GCF_029926905.1.fna,0.9748260000000001,0.9545454545454546,1
GCF_037695175.1.fna,GCF_029926915.1.fna,0.9748260000000001,0.9545454545454546,1
GCF_037695175.1.fna,GCF_031631055.1.fna,0.990248,0.8636363636363636,1
GCF_037695175.1.fna,GCF_031727055.1.fna,0.994209,0.9090909090909091,1
GCF_037695175.1.fna,GCF_031727075.1.fna,0.9751040000000001,0.9090909090909091,1
GCF_037695175.1.fna,GCF_031727235.1.fna,0.9948130000000001,0.9090909090909091,1
GCF_037695175.1.fna,GCF_031727255.1.fna,0.966059,0.9090909090909091,1
GCF_037695175.1.fna,GCF_031727275.1.fna,0.981716,0.9545454545454546,1
GCF_037695175.1.fna,GCF_031727355.1.fna,0.9760089999999999,0.9090909090909091,1
GCF_037695175.1.fna,GCF_031727455.1.fna,0.973558,0.9090909090909091,1
GCF_037695175.1.fna,GCF_031727535.1.fna,0.9998180000000001,0.9090909090909091,1
GCF_037695175.1.fna,GCF_031728075.1.fna,0.9757089999999999,0.9090909090909091,1
GCF_037695175.1.fna,GCF_031728095.1.fna,0.9940789999999999,0.9090909090909091,1
GCF_037695175.1.fna,GCF_031728115.1.fna,0.9763769999999999,0.9090909090909091,1
GCF_037695175.1.fna,GCF_031728155.1.fna,0.968137,0.9545454545454546,1
GCF_037695175.1.fna,GCF_031728235.1.fna,0.968056,0.9545454545454546,1
GCF_037695175.1.fna,GCF_031728275.1.fna,0.996097,0.9090909090909091,1
GCF_037695175.1.fna,GCF_031728295.1.fna,0.9768859999999999,0.9090909090909091,1
GCF_037695175.1.fna,GCF_031728315.1.fna,0.975769,0.9090909090909091,1
GCF_037695175.1.fna,GCF_031728335.1.fna,0.966976,0.9545454545454546,1
GCF_037695175.1.fna,GCF_031728415.1.fna,0.995011,0.9545454545454546,1
GCF_037695175.1.fna,GCF_031728455.1.fna,0.995668,0.9090909090909091,1
GCF_037695175.1.fna,GCF_031728475.1.fna,0.974619,0.9090909090909091,1
GCF_037695175.1.fna,GCF_031728495.1.fna,0.9951409999999999,0.9545454545454546,1
GCF_037695175.1.fna,GCF_031728515.1.fna,0.9679380000000001,0.8636363636363636,1
GCF_037695175.1.fna,GCF_031728555.1.fna,0.9747969999999999,0.9090909090909091,1
GCF_037695175.1.fna,GCF_031728675.1.fna,0.995163,0.9090909090909091,1
GCF_037695175.1.fna,GCF_031728695.1.fna,0.994032,0.9090909090909091,1
GCF_037695175.1.fna,GCF_031728715.1.fna,0.9947029999999999,0.9090909090909091,1
GCF_037695175.1.fna,GCF_031728735.1.fna,0.9732569999999999,0.9090909090909091,1
GCF_037695175.1.fna,GCF_031728745.1.fna,0.976394,0.9090909090909091,1
GCF_037695175.1.fna,GCF_031728795.1.fna,0.9937210000000001,0.9090909090909091,1
GCF_037695175.1.fna,GCF_031728835.1.fna,0.9749939999999999,0.9090909090909091,1
GCF_037695175.1.fna,GCF_031728895.1.fna,0.994619,0.9090909090909091,1
GCF_037695175.1.fna,GCF_031729015.1.fna,0.982581,0.9545454545454546,1
GCF_037695175.1.fna,GCF_036419895.1.fna,0.9898669999999999,0.9545454545454546,1
GCF_037695175.1.fna,GCF_036420075.1.fna,0.967978,0.8636363636363636,1
GCF_037695175.1.fna,GCF_037694985.1.fna,0.972091,0.9545454545454546,1
GCF_037695175.1.fna,GCF_037695175.1.fna,1.0,1.0,1
GCF_037695175.1.fna,GCF_037700135.1.fna,0.974965,0.9090909090909091,1
GCF_037695175.1.fna,GCF_037700155.1.fna,0.9767239999999999,0.9090909090909091,1
GCF_037695175.1.fna,GCF_037700295.1.fna,0.97636,0.8636363636363636,1
GCF_037695175.1.fna,GCF_037700315.1.fna,0.995248,0.9090909090909091,1
GCF_037695175.1.fna,GCF_037700375.1.fna,0.997548,0.9090909090909091,1
GCF_037695175.1.fna,GCF_037700455.1.fna,0.997548,0.9090909090909091,1
GCF_037695175.1.fna,GCF_040947025.1.fna,0.979328,0.9090909090909091,1
GCF_037695175.1.fna,GCF_040947065.1.fna,0.989013,0.9090909090909091,1
GCF_037695175.1.fna,GCF_040947125.1.fna,0.9974989999999999,0.9545454545454546,1
GCF_037695175.1.fna,GCF_040947205.1.fna,0.96313,0.9090909090909091,1
GCF_037695175.1.fna,GCF_040947225.1.fna,0.991298,0.9090909090909091,1
GCF_037695175.1.fna,GCF_040947605.1.fna,0.97451,0.9090909090909091,1
GCF_037695175.1.fna,GCF_040947645.1.fna,0.97451,0.9090909090909091,1
GCF_037695175.1.fna,GCF_047653515.1.fna,0.9738880000000001,0.9545454545454546,1
GCF_037695175.1.fna,GCF_047653525.1.fna,0.973093,0.9545454545454546,1
GCF_037695175.1.fna,GCF_052950835.1.fna,0.980356,0.9545454545454546,1
GCF_037695175.1.fna,GCF_900458635.1.fna,0.997114,0.9090909090909091,1
GCF_037695175.1.fna,GCF_964211265.1.fna,0.996626,0.9090909090909091,1
GCF_037700135.1.fna,GCF_000269685.1.fna,0.984468,0.8214285714285714,1
GCF_037700135.1.fna,GCF_002901845.1.fna,0.975249,0.7142857142857143,1
GCF_037700135.1.fna,GCF_013267575.1.fna,0.976175,0.75,1
GCF_037700135.1.fna,GCF_015274535.1.fna,0.9947069999999999,0.8214285714285714,1
GCF_037700135.1.fna,GCF_015274585.1.fna,0.995858,0.75,1
GCF_037700135.1.fna,GCF_015274655.1.fna,0.995343,0.7857142857142857,1
GCF_037700135.1.fna,GCF_015274675.1.fna,0.9954149999999999,0.7857142857142857,1
GCF_037700135.1.fna,GCF_017315625.1.fna,0.9937600000000001,0.8571428571428571,1
GCF_037700135.1.fna,GCF_017315645.1.fna,0.993812,0.8571428571428571,1
GCF_037700135.1.fna,GCF_022689565.1.fna,0.992811,0.7857142857142857,1
GCF_037700135.1.fna,GCF_022689575.1.fna,0.974098,0.7857142857142857,1
GCF_037700135.1.fna,GCF_022689615.1.fna,0.995745,0.7857142857142857,1
GCF_037700135.1.fna,GCF_022689645.1.fna,0.974777,0.75,1
GCF_037700135.1.fna,GCF_022689665.1.fna,0.973935,0.7857142857142857,1
GCF_037700135.1.fna,GCF_022689675.1.fna,0.995509,0.8214285714285714,1
GCF_037700135.1.fna,GCF_022689705.1.fna,0.9759180000000001,0.75,1
GCF_037700135.1.fna,GCF_022689725.1.fna,0.974098,0.7857142857142857,1
GCF_037700135.1.fna,GCF_022689745.1.fna,0.996098,0.8214285714285714,1
GCF_037700135.1.fna,GCF_022689765.1.fna,0.996657,0.8214285714285714,1
GCF_037700135.1.fna,GCF_022689775.1.fna,0.9730580000000001,0.75,1
GCF_037700135.1.fna,GCF_022689785.1.fna,0.975951,0.75,1
GCF_037700135.1.fna,GCF_022689825.1.fna,0.9951349999999999,0.8214285714285714,1
GCF_037700135.1.fna,GCF_022689845.1.fna,0.999914,0.9285714285714286,1
GCF_037700135.1.fna,GCF_022689855.1.fna,0.971947,0.8214285714285714,1
GCF_037700135.1.fna,GCF_022689905.1.fna,0.993365,0.8571428571428571,1
GCF_037700135.1.fna,GCF_022689925.1.fna,0.9685720000000001,0.75,1
GCF_037700135.1.fna,GCF_022689945.1.fna,0.985877,0.75,1
GCF_037700135.1.fna,GCF_022689965.1.fna,0.990271,0.8928571428571429,1
GCF_037700135.1.fna,GCF_022689975.1.fna,0.998399,0.7857142857142857,1
GCF_037700135.1.fna,GCF_022690005.1.fna,0.977163,0.75,1
GCF_037700135.1.fna,GCF_022690025.1.fna,0.972415,0.8214285714285714,1
GCF_037700135.1.fna,GCF_022690045.1.fna,0.977163,0.75,1
GCF_037700135.1.fna,GCF_022690065.1.fna,0.994808,0.8214285714285714,1
GCF_037700135.1.fna,GCF_022690085.1.fna,0.969097,0.7857142857142857,1
GCF_037700135.1.fna,GCF_022690105.1.fna,0.996956,0.75,1
GCF_037700135.1.fna,GCF_022690115.1.fna,0.985042,0.75,1
GCF_037700135.1.fna,GCF_022690145.1.fna,0.9948180000000001,0.8214285714285714,1
GCF_037700135.1.fna,GCF_022690165.1.fna,0.99485,0.7857142857142857,1
GCF_037700135.1.fna,GCF_022690185.1.fna,0.975877,0.75,1
GCF_037700135.1.fna,GCF_022690205.1.fna,0.9706910000000001,0.7857142857142857,1
GCF_037700135.1.fna,GCF_022690225.1.fna,0.9753459999999999,0.75,1
GCF_037700135.1.fna,GCF_022690245.1.fna,0.997573,0.7857142857142857,1
GCF_037700135.1.fna,GCF_022690265.1.fna,0.994819,0.7857142857142857,1
GCF_037700135.1.fna,GCF_022690275.1.fna,0.995549,0.7857142857142857,1
GCF_037700135.1.fna,GCF_022690295.1.fna,0.9725839999999999,0.8214285714285714,1
GCF_037700135.1.fna,GCF_022690325.1.fna,0.9757129999999999,0.75,1
GCF_037700135.1.fna,GCF_022690345.1.fna,0.991891,0.8214285714285714,1
GCF_037700135.1.fna,GCF_022690375.1.fna,0.976662,0.75,1
GCF_037700135.1.fna,GCF_022690385.1.fna,0.996165,0.8214285714285714,1
GCF_037700135.1.fna,GCF_022690425.1.fna,0.992039,0.8571428571428571,1
GCF_037700135.1.fna,GCF_025143205.1.fna,0.996614,0.75,1
GCF_037700135.1.fna,GCF_025143445.1.fna,0.975154,0.7142857142857143,1
GCF_037700135.1.fna,GCF_025143615.1.fna,0.9737600000000001,0.7857142857142857,1
GCF_037700135.1.fna,GCF_029926865.1.fna,0.9933540000000001,0.8214285714285714,1
GCF_037700135.1.fna,GCF_029926905.1.fna,0.993304,0.8571428571428571,1
GCF_037700135.1.fna,GCF_029926915.1.fna,0.993304,0.8571428571428571,1
GCF_037700135.1.fna,GCF_031631055.1.fna,0.9786,0.7142857142857143,1
GCF_037700135.1.fna,GCF_031727055.1.fna,0.971894,0.8214285714285714,1
GCF_037700135.1.fna,GCF_031727075.1.fna,0.9954900000000001,0.8214285714285714,1
GCF_037700135.1.fna,GCF_031727235.1.fna,0.971947,0.8214285714285714,1
GCF_037700135.1.fna,GCF_031727255.1.fna,0.974011,0.7857142857142857,1
GCF_037700135.1.fna,GCF_031727275.1.fna,0.9761709999999999,0.7142857142857143,1
GCF_037700135.1.fna,GCF_031727355.1.fna,0.993619,0.7857142857142857,1
GCF_037700135.1.fna,GCF_031727455.1.fna,0.968185,0.7142857142857143,1
GCF_037700135.1.fna,GCF_031727535.1.fna,0.9743040000000001,0.7857142857142857,1
GCF_037700135.1.fna,GCF_031728075.1.fna,0.9918429999999999,0.8214285714285714,1
GCF_037700135.1.fna,GCF_031728095.1.fna,0.975432,0.7857142857142857,1
GCF_037700135.1.fna,GCF_031728115.1.fna,0.995048,0.8214285714285714,1
GCF_037700135.1.fna,GCF_031728155.1.fna,0.993206,0.8214285714285714,1
GCF_037700135.1.fna,GCF_031728235.1.fna,0.9958440000000001,0.7857142857142857,1
GCF_037700135.1.fna,GCF_031728275.1.fna,0.975997,0.75,1
GCF_037700135.1.fna,GCF_031728295.1.fna,0.994373,0.8214285714285714,1
GCF_037700135.1.fna,GCF_031728315.1.fna,0.993858,0.8214285714285714,1
GCF_037700135.1.fna,GCF_031728335.1.fna,0.9941840000000001,0.7857142857142857,1
GCF_037700135.1.fna,GCF_031728415.1.fna,0.9768819999999999,0.75,1
GCF_037700135.1.fna,GCF_031728455.1.fna,0.976734,0.75,1
GCF_037700135.1.fna,GCF_031728475.1.fna,0.994408,0.7857142857142857,1
GCF_037700135.1.fna,GCF_031728495.1.fna,0.974803,0.7857142857142857,1
GCF_037700135.1.fna,GCF_031728515.1.fna,0.9723609999999999,0.7857142857142857,1
GCF_037700135.1.fna,GCF_031728555.1.fna,0.994567,0.8214285714285714,1
GCF_037700135.1.fna,GCF_031728675.1.fna,0.9760519999999999,0.75,1
GCF_037700135.1.fna,GCF_031728695.1.fna,0.9748309999999999,0.7857142857142857,1
GCF_037700135.1.fna,GCF_031728715.1.fna,0.9757760000000001,0.75,1
GCF_037700135.1.fna,GCF_031728735.1.fna,0.9911150000000001,0.8214285714285714,1
GCF_037700135.1.fna,GCF_031728745.1.fna,0.994786,0.7857142857142857,1
GCF_037700135.1.fna,GCF_031728795.1.fna,0.974483,0.8214285714285714,1
GCF_037700135.1.fna,GCF_031728835.1.fna,0.9939,0.8214285714285714,1
GCF_037700135.1.fna,GCF_031728895.1.fna,0.973618,0.7857142857142857,1
GCF_037700135.1.fna,GCF_031729015.1.fna,0.975201,0.7142857142857143,1
GCF_037700135.1.fna,GCF_036419895.1.fna,0.975901,0.75,1
GCF_037700135.1.fna,GCF_036420075.1.fna,0.985877,0.75,1
GCF_037700135.1.fna,GCF_037694985.1.fna,0.994364,0.8214285714285714,1
GCF_037700135.1.fna,GCF_037695175.1.fna,0.9751690000000001,0.7142857142857143,1
GCF_037700135.1.fna,GCF_037700135.1.fna,1.0,1.0,1
GCF_037700135.1.fna,GCF_037700155.1.fna,0.99235,0.8571428571428571,1
GCF_037700135.1.fna,GCF_037700295.1.fna,0.9886409999999999,0.7857142857142857,1
GCF_037700135.1.fna,GCF_037700315.1.fna,0.976238,0.75,1
GCF_037700135.1.fna,GCF_037700375.1.fna,0.975884,0.75,1
GCF_037700135.1.fna,GCF_037700455.1.fna,0.976159,0.75,1
GCF_037700135.1.fna,GCF_040947025.1.fna,0.992063,0.7857142857142857,1
GCF_037700135.1.fna,GCF_040947065.1.fna,0.98077,0.75,1
GCF_037700135.1.fna,GCF_040947125.1.fna,0.9730960000000001,0.75,1
GCF_037700135.1.fna,GCF_040947205.1.fna,0.995902,0.75,1
GCF_037700135.1.fna,GCF_040947225.1.fna,0.978831,0.75,1
GCF_037700135.1.fna,GCF_040947605.1.fna,0.996696,0.75,1
GCF_037700135.1.fna,GCF_040947645.1.fna,0.996696,0.75,1
GCF_037700135.1.fna,GCF_047653515.1.fna,0.995338,0.7857142857142857,1
GCF_037700135.1.fna,GCF_047653525.1.fna,0.9964369999999999,0.8571428571428571,1
GCF_037700135.1.fna,GCF_052950835.1.fna,0.969522,0.7142857142857143,1
GCF_037700135.1.fna,GCF_900458635.1.fna,0.975249,0.7142857142857143,1
GCF_037700135.1.fna,GCF_964211265.1.fna,0.976258,0.7857142857142857,1
GCF_037700155.1.fna,GCF_000269685.1.fna,0.995069,0.88,1
GCF_037700155.1.fna,GCF_002901845.1.fna,0.9770789999999999,0.8,1
GCF_037700155.1.fna,GCF_013267575.1.fna,0.976747,0.84,1
GCF_037700155.1.fna,GCF_015274535.1.fna,0.991016,0.92,1
GCF_037700155.1.fna,GCF_015274585.1.fna,0.993657,0.84,1
GCF_037700155.1.fna,GCF_015274655.1.fna,0.991986,0.88,1
GCF_037700155.1.fna,GCF_015274675.1.fna,0.9933379999999999,0.92,1
GCF_037700155.1.fna,GCF_017315625.1.fna,0.99264,0.92,1
GCF_037700155.1.fna,GCF_017315645.1.fna,0.997801,0.92,1
GCF_037700155.1.fna,GCF_022689565.1.fna,0.994835,0.88,1
GCF_037700155.1.fna,GCF_022689575.1.fna,0.9772580000000001,0.84,1
GCF_037700155.1.fna,GCF_022689615.1.fna,0.994088,0.92,1
GCF_037700155.1.fna,GCF_022689645.1.fna,0.977295,0.8,1
GCF_037700155.1.fna,GCF_022689665.1.fna,0.977084,0.84,1
GCF_037700155.1.fna,GCF_022689675.1.fna,0.994479,0.92,1
GCF_037700155.1.fna,GCF_022689705.1.fna,0.977569,0.84,1
GCF_037700155.1.fna,GCF_022689725.1.fna,0.9772580000000001,0.84,1
GCF_037700155.1.fna,GCF_022689745.1.fna,0.995131,0.92,1
GCF_037700155.1.fna,GCF_022689765.1.fna,0.9946389999999999,0.92,1
GCF_037700155.1.fna,GCF_022689775.1.fna,0.975583,0.84,1
GCF_037700155.1.fna,GCF_022689785.1.fna,0.977346,0.84,1
GCF_037700155.1.fna,GCF_022689825.1.fna,0.9945780000000001,0.92,1
GCF_037700155.1.fna,GCF_022689845.1.fna,0.994623,0.88,1
GCF_037700155.1.fna,GCF_022689855.1.fna,0.976426,0.88,1
GCF_037700155.1.fna,GCF_022689905.1.fna,0.9936889999999999,0.92,1
GCF_037700155.1.fna,GCF_022689925.1.fna,0.968264,0.84,1
GCF_037700155.1.fna,GCF_022689945.1.fna,0.983603,0.88,1
GCF_037700155.1.fna,GCF_022689965.1.fna,0.9941500000000001,0.96,1
GCF_037700155.1.fna,GCF_022689975.1.fna,0.994772,0.88,1
GCF_037700155.1.fna,GCF_022690005.1.fna,0.978014,0.84,1
GCF_037700155.1.fna,GCF_022690025.1.fna,0.9761270000000001,0.88,1
GCF_037700155.1.fna,GCF_022690045.1.fna,0.978014,0.84,1
GCF_037700155.1.fna,GCF_022690065.1.fna,0.9944620000000001,0.88,1
GCF_037700155.1.fna,GCF_022690085.1.fna,0.969803,0.88,1
GCF_037700155.1.fna,GCF_022690105.1.fna,0.9948699999999999,0.84,1
GCF_037700155.1.fna,GCF_022690115.1.fna,0.98512,0.84,1
GCF_037700155.1.fna,GCF_022690145.1.fna,0.994524,0.88,1
GCF_037700155.1.fna,GCF_022690165.1.fna,0.994483,0.84,1
GCF_037700155.1.fna,GCF_022690185.1.fna,0.9773869999999999,0.84,1
GCF_037700155.1.fna,GCF_022690205.1.fna,0.97556,0.84,1
GCF_037700155.1.fna,GCF_022690225.1.fna,0.9781610000000001,0.84,1
GCF_037700155.1.fna,GCF_022690245.1.fna,0.994246,0.88,1
GCF_037700155.1.fna,GCF_022690265.1.fna,0.994445,0.84,1
GCF_037700155.1.fna,GCF_022690275.1.fna,0.9937229999999999,0.88,1
GCF_037700155.1.fna,GCF_022690295.1.fna,0.974011,0.88,1
GCF_037700155.1.fna,GCF_022690325.1.fna,0.976965,0.84,1
GCF_037700155.1.fna,GCF_022690345.1.fna,0.993836,0.92,1
GCF_037700155.1.fna,GCF_022690375.1.fna,0.977294,0.84,1
GCF_037700155.1.fna,GCF_022690385.1.fna,0.994268,0.88,1
GCF_037700155.1.fna,GCF_022690425.1.fna,0.993397,0.92,1
GCF_037700155.1.fna,GCF_025143205.1.fna,0.994452,0.84,1
GCF_037700155.1.fna,GCF_025143445.1.fna,0.97635,0.8,1
GCF_037700155.1.fna,GCF_025143615.1.fna,0.97607,0.88,1
GCF_037700155.1.fna,GCF_029926865.1.fna,0.994696,0.96,1
GCF_037700155.1.fna,GCF_029926905.1.fna,0.994886,0.92,1
GCF_037700155.1.fna,GCF_029926915.1.fna,0.994886,0.92,1
GCF_037700155.1.fna,GCF_031631055.1.fna,0.9786320000000001,0.84,1
GCF_037700155.1.fna,GCF_031727055.1.fna,0.975634,0.88,1
GCF_037700155.1.fna,GCF_031727075.1.fna,0.994459,0.92,1
GCF_037700155.1.fna,GCF_031727235.1.fna,0.976426,0.88,1
GCF_037700155.1.fna,GCF_031727255.1.fna,0.9755710000000001,0.84,1
GCF_037700155.1.fna,GCF_031727275.1.fna,0.977102,0.8,1
GCF_037700155.1.fna,GCF_031727355.1.fna,0.994349,0.92,1
GCF_037700155.1.fna,GCF_031727455.1.fna,0.969109,0.8,1
GCF_037700155.1.fna,GCF_031727535.1.fna,0.97745,0.84,1
GCF_037700155.1.fna,GCF_031728075.1.fna,0.9946309999999999,0.88,1
GCF_037700155.1.fna,GCF_031728095.1.fna,0.976657,0.88,1
GCF_037700155.1.fna,GCF_031728115.1.fna,0.992772,0.92,1
GCF_037700155.1.fna,GCF_031728155.1.fna,0.994734,0.92,1
GCF_037700155.1.fna,GCF_031728235.1.fna,0.994307,0.92,1
GCF_037700155.1.fna,GCF_031728275.1.fna,0.978211,0.84,1
GCF_037700155.1.fna,GCF_031728295.1.fna,0.99811,0.96,1
GCF_037700155.1.fna,GCF_031728315.1.fna,0.993789,0.88,1
GCF_037700155.1.fna,GCF_031728335.1.fna,0.9932479999999999,0.88,1
GCF_037700155.1.fna,GCF_031728415.1.fna,0.977778,0.84,1
GCF_037700155.1.fna,GCF_031728455.1.fna,0.977619,0.84,1
GCF_037700155.1.fna,GCF_031728475.1.fna,0.9930530000000001,0.96,1
GCF_037700155.1.fna,GCF_031728495.1.fna,0.976461,0.88,1
GCF_037700155.1.fna,GCF_031728515.1.fna,0.973378,0.88,1
GCF_037700155.1.fna,GCF_031728555.1.fna,0.9945149999999999,0.88,1
GCF_037700155.1.fna,GCF_031728675.1.fna,0.976654,0.84,1
GCF_037700155.1.fna,GCF_031728695.1.fna,0.97643,0.88,1
GCF_037700155.1.fna,GCF_031728715.1.fna,0.977325,0.84,1
GCF_037700155.1.fna,GCF_031728735.1.fna,0.989469,0.92,1
GCF_037700155.1.fna,GCF_031728745.1.fna,0.9900230000000001,0.92,1
GCF_037700155.1.fna,GCF_031728795.1.fna,0.976674,0.88,1
GCF_037700155.1.fna,GCF_031728835.1.fna,0.994147,0.88,1
GCF_037700155.1.fna,GCF_031728895.1.fna,0.9756969999999999,0.88,1
GCF_037700155.1.fna,GCF_031729015.1.fna,0.976696,0.8,1
GCF_037700155.1.fna,GCF_036419895.1.fna,0.9773489999999999,0.84,1
GCF_037700155.1.fna,GCF_036420075.1.fna,0.983603,0.88,1
GCF_037700155.1.fna,GCF_037694985.1.fna,0.993061,0.88,1
GCF_037700155.1.fna,GCF_037695175.1.fna,0.97693,0.8,1
GCF_037700155.1.fna,GCF_037700135.1.fna,0.9945869999999999,0.92,1
GCF_037700155.1.fna,GCF_037700155.1.fna,1.0,1.0,1
GCF_037700155.1.fna,GCF_037700295.1.fna,0.999179,0.92,1
GCF_037700155.1.fna,GCF_037700315.1.fna,0.9771040000000001,0.84,1
GCF_037700155.1.fna,GCF_037700375.1.fna,0.9775159999999999,0.84,1
GCF_037700155.1.fna,GCF_037700455.1.fna,0.977811,0.84,1
GCF_037700155.1.fna,GCF_040947025.1.fna,0.99407,0.88,1
GCF_037700155.1.fna,GCF_040947065.1.fna,0.979905,0.84,1
GCF_037700155.1.fna,GCF_040947125.1.fna,0.975545,0.84,1
GCF_037700155.1.fna,GCF_040947205.1.fna,0.995671,0.84,1
GCF_037700155.1.fna,GCF_040947225.1.fna,0.979776,0.84,1
GCF_037700155.1.fna,GCF_040947605.1.fna,0.995501,0.84,1
GCF_037700155.1.fna,GCF_040947645.1.fna,0.995501,0.84,1
GCF_037700155.1.fna,GCF_047653515.1.fna,0.995385,0.92,1
GCF_037700155.1.fna,GCF_047653525.1.fna,0.995382,1.0,1
GCF_037700155.1.fna,GCF_052950835.1.fna,0.977524,0.8,1
GCF_037700155.1.fna,GCF_900458635.1.fna,0.9770789999999999,0.8,1
GCF_037700155.1.fna,GCF_964211265.1.fna,0.9771460000000001,0.88,1
GCF_037700295.1.fna,GCF_000269685.1.fna,0.9959279999999999,0.9565217391304348,1
GCF_037700295.1.fna,GCF_002901845.1.fna,0.976237,0.8695652173913043,1
GCF_037700295.1.fna,GCF_013267575.1.fna,0.9770059999999999,0.9130434782608695,1
GCF_037700295.1.fna,GCF_015274535.1.fna,0.993806,0.9130434782608695,1
GCF_037700295.1.fna,GCF_015274585.1.fna,0.993821,0.9130434782608695,1
GCF_037700295.1.fna,GCF_015274655.1.fna,0.993806,0.9130434782608695,1
GCF_037700295.1.fna,GCF_015274675.1.fna,0.995853,0.9565217391304348,1
GCF_037700295.1.fna,GCF_017315625.1.fna,0.992847,0.9565217391304348,1
GCF_037700295.1.fna,GCF_017315645.1.fna,0.9977379999999999,0.9565217391304348,1
GCF_037700295.1.fna,GCF_022689565.1.fna,0.9951380000000001,0.9130434782608695,1
GCF_037700295.1.fna,GCF_022689575.1.fna,0.976459,0.9130434782608695,1
GCF_037700295.1.fna,GCF_022689615.1.fna,0.996174,0.9130434782608695,1
GCF_037700295.1.fna,GCF_022689645.1.fna,0.9764740000000001,0.8695652173913043,1
GCF_037700295.1.fna,GCF_022689665.1.fna,0.9763,0.9130434782608695,1
GCF_037700295.1.fna,GCF_022689675.1.fna,0.996178,0.9565217391304348,1
GCF_037700295.1.fna,GCF_022689705.1.fna,0.976792,0.9130434782608695,1
GCF_037700295.1.fna,GCF_022689725.1.fna,0.976459,0.9130434782608695,1
GCF_037700295.1.fna,GCF_022689745.1.fna,0.996069,0.9565217391304348,1
GCF_037700295.1.fna,GCF_022689765.1.fna,0.995973,0.9565217391304348,1
GCF_037700295.1.fna,GCF_022689775.1.fna,0.97791,0.8695652173913043,1
GCF_037700295.1.fna,GCF_022689785.1.fna,0.9782150000000001,0.9130434782608695,1
GCF_037700295.1.fna,GCF_022689825.1.fna,0.995973,0.9565217391304348,1
GCF_037700295.1.fna,GCF_022689845.1.fna,0.995801,0.9130434782608695,1
GCF_037700295.1.fna,GCF_022689855.1.fna,0.976495,0.9130434782608695,1
GCF_037700295.1.fna,GCF_022689905.1.fna,0.994085,0.9565217391304348,1
GCF_037700295.1.fna,GCF_022689925.1.fna,0.969722,0.9130434782608695,1
GCF_037700295.1.fna,GCF_022689945.1.fna,0.9898260000000001,0.8695652173913043,1
GCF_037700295.1.fna,GCF_022689965.1.fna,0.9950610000000001,0.9565217391304348,1
GCF_037700295.1.fna,GCF_022689975.1.fna,0.995973,0.9565217391304348,1
GCF_037700295.1.fna,GCF_022690005.1.fna,0.9772669999999999,0.9130434782608695,1
GCF_037700295.1.fna,GCF_022690025.1.fna,0.976416,0.9130434782608695,1
GCF_037700295.1.fna,GCF_022690045.1.fna,0.9772669999999999,0.9130434782608695,1
GCF_037700295.1.fna,GCF_022690065.1.fna,0.994755,0.9130434782608695,1
GCF_037700295.1.fna,GCF_022690085.1.fna,0.969748,0.9565217391304348,1
GCF_037700295.1.fna,GCF_022690105.1.fna,0.995166,0.9130434782608695,1
GCF_037700295.1.fna,GCF_022690115.1.fna,0.9849,0.9130434782608695,1
GCF_037700295.1.fna,GCF_022690145.1.fna,0.99477,0.9130434782608695,1
GCF_037700295.1.fna,GCF_022690165.1.fna,0.994764,0.9130434782608695,1
GCF_037700295.1.fna,GCF_022690185.1.fna,0.978196,0.9130434782608695,1
GCF_037700295.1.fna,GCF_022690205.1.fna,0.977885,0.8695652173913043,1
GCF_037700295.1.fna,GCF_022690225.1.fna,0.9782810000000001,0.8695652173913043,1
GCF_037700295.1.fna,GCF_022690245.1.fna,0.995479,0.9130434782608695,1
GCF_037700295.1.fna,GCF_022690265.1.fna,0.9947360000000001,0.9130434782608695,1
GCF_037700295.1.fna,GCF_022690275.1.fna,0.994713,0.9565217391304348,1
GCF_037700295.1.fna,GCF_022690295.1.fna,0.9780960000000001,0.9130434782608695,1
GCF_037700295.1.fna,GCF_022690325.1.fna,0.976357,0.9130434782608695,1
GCF_037700295.1.fna,GCF_022690345.1.fna,0.9937309999999999,0.9565217391304348,1
GCF_037700295.1.fna,GCF_022690375.1.fna,0.9774299999999999,0.9130434782608695,1
GCF_037700295.1.fna,GCF_022690385.1.fna,0.9954519999999999,0.9565217391304348,1
GCF_037700295.1.fna,GCF_022690425.1.fna,0.995516,0.9130434782608695,1
GCF_037700295.1.fna,GCF_025143205.1.fna,0.9947469999999999,0.9130434782608695,1
GCF_037700295.1.fna,GCF_025143445.1.fna,0.9755400000000001,0.8695652173913043,1
GCF_037700295.1.fna,GCF_025143615.1.fna,0.9782940000000001,0.9130434782608695,1
GCF_037700295.1.fna,GCF_029926865.1.fna,0.9956520000000001,0.9565217391304348,1
GCF_037700295.1.fna,GCF_029926905.1.fna,0.9956520000000001,0.9565217391304348,1
GCF_037700295.1.fna,GCF_029926915.1.fna,0.9956520000000001,0.9565217391304348,1
GCF_037700295.1.fna,GCF_031631055.1.fna,0.978989,0.8695652173913043,1
GCF_037700295.1.fna,GCF_031727055.1.fna,0.975963,0.9130434782608695,1
GCF_037700295.1.fna,GCF_031727075.1.fna,0.996178,0.9565217391304348,1
GCF_037700295.1.fna,GCF_031727235.1.fna,0.976495,0.9130434782608695,1
GCF_037700295.1.fna,GCF_031727255.1.fna,0.9780960000000001,0.9130434782608695,1
GCF_037700295.1.fna,GCF_031727275.1.fna,0.976345,0.8695652173913043,1
GCF_037700295.1.fna,GCF_031727355.1.fna,0.9951380000000001,0.9130434782608695,1
GCF_037700295.1.fna,GCF_031727455.1.fna,0.9689719999999999,0.8695652173913043,1
GCF_037700295.1.fna,GCF_031727535.1.fna,0.976499,0.9130434782608695,1
GCF_037700295.1.fna,GCF_031728075.1.fna,0.995516,0.9130434782608695,1
GCF_037700295.1.fna,GCF_031728095.1.fna,0.9775889999999999,0.9130434782608695,1
GCF_037700295.1.fna,GCF_031728115.1.fna,0.993614,0.9565217391304348,1
GCF_037700295.1.fna,GCF_031728155.1.fna,0.995157,0.9565217391304348,1
GCF_037700295.1.fna,GCF_031728235.1.fna,0.995947,0.9130434782608695,1
GCF_037700295.1.fna,GCF_031728275.1.fna,0.9776220000000001,0.9130434782608695,1
GCF_037700295.1.fna,GCF_031728295.1.fna,0.998463,0.9565217391304348,1
GCF_037700295.1.fna,GCF_031728315.1.fna,0.994085,0.9565217391304348,1
GCF_037700295.1.fna,GCF_031728335.1.fna,0.995166,0.9130434782608695,1
GCF_037700295.1.fna,GCF_031728415.1.fna,0.9770749999999999,0.9130434782608695,1
GCF_037700295.1.fna,GCF_031728455.1.fna,0.9769150000000001,0.9130434782608695,1
GCF_037700295.1.fna,GCF_031728475.1.fna,0.994175,0.9565217391304348,1
GCF_037700295.1.fna,GCF_031728495.1.fna,0.977051,0.9130434782608695,1
GCF_037700295.1.fna,GCF_031728515.1.fna,0.978546,0.9130434782608695,1
GCF_037700295.1.fna,GCF_031728555.1.fna,0.9947790000000001,0.9130434782608695,1
GCF_037700295.1.fna,GCF_031728675.1.fna,0.9769140000000001,0.9130434782608695,1
GCF_037700295.1.fna,GCF_031728695.1.fna,0.9774729999999999,0.9130434782608695,1
GCF_037700295.1.fna,GCF_031728715.1.fna,0.978227,0.9130434782608695,1
GCF_037700295.1.fna,GCF_031728735.1.fna,0.9908750000000001,0.9565217391304348,1
GCF_037700295.1.fna,GCF_031728745.1.fna,0.9939209999999999,0.9130434782608695,1
GCF_037700295.1.fna,GCF_031728795.1.fna,0.9774630000000001,0.9130434782608695,1
GCF_037700295.1.fna,GCF_031728835.1.fna,0.995583,0.9130434782608695,1
GCF_037700295.1.fna,GCF_031728895.1.fna,0.976465,0.9130434782608695,1
GCF_037700295.1.fna,GCF_031729015.1.fna,0.977629,0.8695652173913043,1
GCF_037700295.1.fna,GCF_036419895.1.fna,0.978228,0.9130434782608695,1
GCF_037700295.1.fna,GCF_036420075.1.fna,0.9898260000000001,0.8695652173913043,1
GCF_037700295.1.fna,GCF_037694985.1.fna,0.993375,0.9565217391304348,1
GCF_037700295.1.fna,GCF_037695175.1.fna,0.976113,0.8695652173913043,1
GCF_037700295.1.fna,GCF_037700135.1.fna,0.995822,0.9565217391304348,1
GCF_037700295.1.fna,GCF_037700155.1.fna,1.0,1.0,1
GCF_037700295.1.fna,GCF_037700295.1.fna,1.0,1.0,1
GCF_037700295.1.fna,GCF_037700315.1.fna,0.977483,0.9130434782608695,1
GCF_037700295.1.fna,GCF_037700375.1.fna,0.9767170000000001,0.9130434782608695,1
GCF_037700295.1.fna,GCF_037700455.1.fna,0.9770099999999999,0.9130434782608695,1
GCF_037700295.1.fna,GCF_040947025.1.fna,0.993469,0.9565217391304348,1
GCF_037700295.1.fna,GCF_040947065.1.fna,0.9800650000000001,0.9130434782608695,1
GCF_037700295.1.fna,GCF_040947125.1.fna,0.9758920000000001,0.8695652173913043,1
GCF_037700295.1.fna,GCF_040947205.1.fna,0.9959709999999999,0.9130434782608695,1
GCF_037700295.1.fna,GCF_040947225.1.fna,0.979072,0.9130434782608695,1
GCF_037700295.1.fna,GCF_040947605.1.fna,0.996217,0.9130434782608695,1
GCF_037700295.1.fna,GCF_040947645.1.fna,0.996217,0.9130434782608695,1
GCF_037700295.1.fna,GCF_047653515.1.fna,0.996351,0.9130434782608695,1
GCF_037700295.1.fna,GCF_047653525.1.fna,0.997076,1.0,1
GCF_037700295.1.fna,GCF_052950835.1.fna,0.977837,0.8695652173913043,1
GCF_037700295.1.fna,GCF_900458635.1.fna,0.976237,0.8695652173913043,1
GCF_037700295.1.fna,GCF_964211265.1.fna,0.977383,0.9130434782608695,1
GCF_037700315.1.fna,GCF_000269685.1.fna,0.9752930000000001,0.9166666666666666,1
GCF_037700315.1.fna,GCF_002901845.1.fna,0.989954,0.875,1
GCF_037700315.1.fna,GCF_013267575.1.fna,0.996733,0.875,1
GCF_037700315.1.fna,GCF_015274535.1.fna,0.9763930000000001,0.875,1
GCF_037700315.1.fna,GCF_015274585.1.fna,0.9763930000000001,0.875,1
GCF_037700315.1.fna,GCF_015274655.1.fna,0.9763930000000001,0.875,1
GCF_037700315.1.fna,GCF_015274675.1.fna,0.9760519999999999,0.9166666666666666,1
GCF_037700315.1.fna,GCF_017315625.1.fna,0.9784950000000001,0.875,1
GCF_037700315.1.fna,GCF_017315645.1.fna,0.973793,0.9166666666666666,1
GCF_037700315.1.fna,GCF_022689565.1.fna,0.975298,0.8333333333333334,1
GCF_037700315.1.fna,GCF_022689575.1.fna,0.995157,0.875,1
GCF_037700315.1.fna,GCF_022689615.1.fna,0.9747129999999999,0.8333333333333334,1
GCF_037700315.1.fna,GCF_022689645.1.fna,0.9931749999999999,0.8333333333333334,1
GCF_037700315.1.fna,GCF_022689665.1.fna,0.995157,0.875,1
GCF_037700315.1.fna,GCF_022689675.1.fna,0.975449,0.875,1
GCF_037700315.1.fna,GCF_022689705.1.fna,0.993095,0.875,1
GCF_037700315.1.fna,GCF_022689725.1.fna,0.995157,0.875,1
GCF_037700315.1.fna,GCF_022689745.1.fna,0.975449,0.875,1
GCF_037700315.1.fna,GCF_022689765.1.fna,0.976808,0.875,1
GCF_037700315.1.fna,GCF_022689775.1.fna,0.9953,0.875,1
GCF_037700315.1.fna,GCF_022689785.1.fna,0.9987820000000001,0.875,1
GCF_037700315.1.fna,GCF_022689825.1.fna,0.976808,0.875,1
GCF_037700315.1.fna,GCF_022689845.1.fna,0.9722580000000001,0.875,1
GCF_037700315.1.fna,GCF_022689855.1.fna,0.993703,0.875,1
GCF_037700315.1.fna,GCF_022689905.1.fna,0.974656,0.9166666666666666,1
GCF_037700315.1.fna,GCF_022689925.1.fna,0.974511,0.7916666666666666,1
GCF_037700315.1.fna,GCF_022689945.1.fna,0.962648,0.8333333333333334,1
GCF_037700315.1.fna,GCF_022689965.1.fna,0.973438,0.9166666666666666,1
GCF_037700315.1.fna,GCF_022689975.1.fna,0.976808,0.875,1
GCF_037700315.1.fna,GCF_022690005.1.fna,0.9939,0.875,1
GCF_037700315.1.fna,GCF_022690025.1.fna,0.995174,0.875,1
GCF_037700315.1.fna,GCF_022690045.1.fna,0.9939,0.875,1
GCF_037700315.1.fna,GCF_022690065.1.fna,0.971798,0.9166666666666666,1
GCF_037700315.1.fna,GCF_022690085.1.fna,0.9749120000000001,0.875,1
GCF_037700315.1.fna,GCF_022690105.1.fna,0.976254,0.875,1
GCF_037700315.1.fna,GCF_022690115.1.fna,0.9733620000000001,0.875,1
GCF_037700315.1.fna,GCF_022690145.1.fna,0.971798,0.9166666666666666,1
GCF_037700315.1.fna,GCF_022690165.1.fna,0.971798,0.9166666666666666,1
GCF_037700315.1.fna,GCF_022690185.1.fna,0.993031,0.9166666666666666,1
GCF_037700315.1.fna,GCF_022690205.1.fna,0.99855,0.8333333333333334,1
GCF_037700315.1.fna,GCF_022690225.1.fna,0.9924580000000001,0.8333333333333334,1
GCF_037700315.1.fna,GCF_022690245.1.fna,0.975916,0.875,1
GCF_037700315.1.fna,GCF_022690265.1.fna,0.9763620000000001,0.875,1
GCF_037700315.1.fna,GCF_022690275.1.fna,0.97513,0.875,1
GCF_037700315.1.fna,GCF_022690295.1.fna,0.96624,0.7916666666666666,1
GCF_037700315.1.fna,GCF_022690325.1.fna,0.994267,0.875,1
GCF_037700315.1.fna,GCF_022690345.1.fna,0.97583,0.875,1
GCF_037700315.1.fna,GCF_022690375.1.fna,0.9821899999999999,0.9583333333333334,1
GCF_037700315.1.fna,GCF_022690385.1.fna,0.976811,0.875,1
GCF_037700315.1.fna,GCF_022690425.1.fna,0.9787640000000001,0.875,1
GCF_037700315.1.fna,GCF_025143205.1.fna,0.976116,0.875,1
GCF_037700315.1.fna,GCF_025143445.1.fna,0.983244,0.9166666666666666,1
GCF_037700315.1.fna,GCF_025143615.1.fna,0.9986450000000001,0.875,1
GCF_037700315.1.fna,GCF_029926865.1.fna,0.9800279999999999,0.875,1
GCF_037700315.1.fna,GCF_029926905.1.fna,0.9800279999999999,0.875,1
GCF_037700315.1.fna,GCF_029926915.1.fna,0.9800279999999999,0.875,1
GCF_037700315.1.fna,GCF_031631055.1.fna,0.981519,0.875,1
GCF_037700315.1.fna,GCF_031727055.1.fna,0.984504,0.9166666666666666,1
GCF_037700315.1.fna,GCF_031727075.1.fna,0.975449,0.875,1
GCF_037700315.1.fna,GCF_031727235.1.fna,0.993703,0.875,1
GCF_037700315.1.fna,GCF_031727255.1.fna,0.966241,0.7916666666666666,1
GCF_037700315.1.fna,GCF_031727275.1.fna,0.993087,0.8333333333333334,1
GCF_037700315.1.fna,GCF_031727355.1.fna,0.975453,0.8333333333333334,1
GCF_037700315.1.fna,GCF_031727455.1.fna,0.974795,0.8333333333333334,1
GCF_037700315.1.fna,GCF_031727535.1.fna,0.995245,0.875,1
GCF_037700315.1.fna,GCF_031728075.1.fna,0.9787640000000001,0.875,1
GCF_037700315.1.fna,GCF_031728095.1.fna,0.996,0.9166666666666666,1
GCF_037700315.1.fna,GCF_031728115.1.fna,0.9776659999999999,0.875,1
GCF_037700315.1.fna,GCF_031728155.1.fna,0.977465,0.875,1
GCF_037700315.1.fna,GCF_031728235.1.fna,0.972218,0.9166666666666666,1
GCF_037700315.1.fna,GCF_031728275.1.fna,0.995365,0.875,1
GCF_037700315.1.fna,GCF_031728295.1.fna,0.9736549999999999,0.9166666666666666,1
GCF_037700315.1.fna,GCF_031728315.1.fna,0.974656,0.9166666666666666,1
GCF_037700315.1.fna,GCF_031728335.1.fna,0.976254,0.875,1
GCF_037700315.1.fna,GCF_031728415.1.fna,0.989382,0.9166666666666666,1
GCF_037700315.1.fna,GCF_031728455.1.fna,0.992882,0.875,1
GCF_037700315.1.fna,GCF_031728475.1.fna,0.975757,0.875,1
GCF_037700315.1.fna,GCF_031728495.1.fna,0.9933379999999999,0.875,1
GCF_037700315.1.fna,GCF_031728515.1.fna,0.965984,0.7916666666666666,1
GCF_037700315.1.fna,GCF_031728555.1.fna,0.971798,0.9166666666666666,1
GCF_037700315.1.fna,GCF_031728675.1.fna,0.9966729999999999,0.875,1
GCF_037700315.1.fna,GCF_031728695.1.fna,0.996286,0.875,1
GCF_037700315.1.fna,GCF_031728715.1.fna,0.9981990000000001,0.875,1
GCF_037700315.1.fna,GCF_031728735.1.fna,0.967367,0.9583333333333334,1
GCF_037700315.1.fna,GCF_031728745.1.fna,0.974092,0.9166666666666666,1
GCF_037700315.1.fna,GCF_031728795.1.fna,0.995273,0.875,1
GCF_037700315.1.fna,GCF_031728835.1.fna,0.9765550000000001,0.875,1
GCF_037700315.1.fna,GCF_031728895.1.fna,0.9946639999999999,0.875,1
GCF_037700315.1.fna,GCF_031729015.1.fna,0.9981300000000001,0.8333333333333334,1
GCF_037700315.1.fna,GCF_036419895.1.fna,0.9982810000000001,0.875,1
GCF_037700315.1.fna,GCF_036420075.1.fna,0.962648,0.8333333333333334,1
GCF_037700315.1.fna,GCF_037694985.1.fna,0.9740009999999999,0.9166666666666666,1
GCF_037700315.1.fna,GCF_037695175.1.fna,0.995291,0.8333333333333334,1
GCF_037700315.1.fna,GCF_037700135.1.fna,0.976648,0.875,1
GCF_037700315.1.fna,GCF_037700155.1.fna,0.977531,0.875,1
GCF_037700315.1.fna,GCF_037700295.1.fna,0.9775780000000001,0.8333333333333334,1
GCF_037700315.1.fna,GCF_037700315.1.fna,1.0,1.0,1
GCF_037700315.1.fna,GCF_037700375.1.fna,0.984294,0.9583333333333334,1
GCF_037700315.1.fna,GCF_037700455.1.fna,0.984294,0.9583333333333334,1
GCF_037700315.1.fna,GCF_040947025.1.fna,0.97648,0.9166666666666666,1
GCF_037700315.1.fna,GCF_040947065.1.fna,0.979598,0.9166666666666666,1
GCF_037700315.1.fna,GCF_040947125.1.fna,0.984327,0.9166666666666666,1
GCF_037700315.1.fna,GCF_040947205.1.fna,0.9716549999999999,0.875,1
GCF_037700315.1.fna,GCF_040947225.1.fna,0.9905660000000001,0.875,1
GCF_037700315.1.fna,GCF_040947605.1.fna,0.976098,0.875,1
GCF_037700315.1.fna,GCF_040947645.1.fna,0.976098,0.875,1
GCF_037700315.1.fna,GCF_047653515.1.fna,0.978604,0.875,1
GCF_037700315.1.fna,GCF_047653525.1.fna,0.969662,0.9583333333333334,1
GCF_037700315.1.fna,GCF_052950835.1.fna,0.990596,0.8333333333333334,1
GCF_037700315.1.fna,GCF_900458635.1.fna,0.989954,0.875,1
GCF_037700315.1.fna,GCF_964211265.1.fna,0.9904999999999999,0.9166666666666666,1
GCF_037700375.1.fna,GCF_000269685.1.fna,0.9710909999999999,0.92,1
GCF_037700375.1.fna,GCF_002901845.1.fna,0.989331,0.88,1
GCF_037700375.1.fna,GCF_013267575.1.fna,0.993992,0.84,1
GCF_037700375.1.fna,GCF_015274535.1.fna,0.9752689999999999,0.88,1
GCF_037700375.1.fna,GCF_015274585.1.fna,0.9752689999999999,0.88,1
GCF_037700375.1.fna,GCF_015274655.1.fna,0.9752689999999999,0.88,1
GCF_037700375.1.fna,GCF_015274675.1.fna,0.97271,0.92,1
GCF_037700375.1.fna,GCF_017315625.1.fna,0.977928,0.84,1
GCF_037700375.1.fna,GCF_017315645.1.fna,0.9719920000000001,0.92,1
GCF_037700375.1.fna,GCF_022689565.1.fna,0.976391,0.8,1
GCF_037700375.1.fna,GCF_022689575.1.fna,0.997236,0.84,1
GCF_037700375.1.fna,GCF_022689615.1.fna,0.975318,0.8,1
GCF_037700375.1.fna,GCF_022689645.1.fna,0.994495,0.8,1
GCF_037700375.1.fna,GCF_022689665.1.fna,0.997236,0.84,1
GCF_037700375.1.fna,GCF_022689675.1.fna,0.975884,0.84,1
GCF_037700375.1.fna,GCF_022689705.1.fna,0.994288,0.84,1
GCF_037700375.1.fna,GCF_022689725.1.fna,0.997236,0.84,1
GCF_037700375.1.fna,GCF_022689745.1.fna,0.9758830000000001,0.84,1
GCF_037700375.1.fna,GCF_022689765.1.fna,0.975939,0.84,1
GCF_037700375.1.fna,GCF_022689775.1.fna,0.986344,0.84,1
GCF_037700375.1.fna,GCF_022689785.1.fna,0.994041,0.84,1
GCF_037700375.1.fna,GCF_022689825.1.fna,0.975939,0.84,1
GCF_037700375.1.fna,GCF_022689845.1.fna,0.970556,0.88,1
GCF_037700375.1.fna,GCF_022689855.1.fna,0.993902,0.84,1
GCF_037700375.1.fna,GCF_022689905.1.fna,0.973003,0.92,1
GCF_037700375.1.fna,GCF_022689925.1.fna,0.9649909999999999,0.8,1
GCF_037700375.1.fna,GCF_022689945.1.fna,0.9682160000000001,0.76,1
GCF_037700375.1.fna,GCF_022689965.1.fna,0.972535,0.92,1
GCF_037700375.1.fna,GCF_022689975.1.fna,0.975939,0.84,1
GCF_037700375.1.fna,GCF_022690005.1.fna,0.993096,0.84,1
GCF_037700375.1.fna,GCF_022690025.1.fna,0.997277,0.84,1
GCF_037700375.1.fna,GCF_022690045.1.fna,0.993096,0.84,1
GCF_037700375.1.fna,GCF_022690065.1.fna,0.971327,0.92,1
GCF_037700375.1.fna,GCF_022690085.1.fna,0.973789,0.84,1
GCF_037700375.1.fna,GCF_022690105.1.fna,0.975672,0.84,1
GCF_037700375.1.fna,GCF_022690115.1.fna,0.9744240000000001,0.84,1
GCF_037700375.1.fna,GCF_022690145.1.fna,0.971327,0.92,1
GCF_037700375.1.fna,GCF_022690165.1.fna,0.971327,0.92,1
GCF_037700375.1.fna,GCF_022690185.1.fna,0.9891719999999999,0.88,1
GCF_037700375.1.fna,GCF_022690205.1.fna,0.9941030000000001,0.8,1
GCF_037700375.1.fna,GCF_022690225.1.fna,0.989337,0.84,1
GCF_037700375.1.fna,GCF_022690245.1.fna,0.972766,0.88,1
GCF_037700375.1.fna,GCF_022690265.1.fna,0.97578,0.84,1
GCF_037700375.1.fna,GCF_022690275.1.fna,0.974612,0.84,1
GCF_037700375.1.fna,GCF_022690295.1.fna,0.965791,0.8,1
GCF_037700375.1.fna,GCF_022690325.1.fna,0.993665,0.84,1
GCF_037700375.1.fna,GCF_022690345.1.fna,0.9764619999999999,0.84,1
GCF_037700375.1.fna,GCF_022690375.1.fna,0.9888429999999999,0.96,1
GCF_037700375.1.fna,GCF_022690385.1.fna,0.9665349999999999,0.88,1
GCF_037700375.1.fna,GCF_022690425.1.fna,0.976516,0.84,1
GCF_037700375.1.fna,GCF_025143205.1.fna,0.9756090000000001,0.84,1
GCF_037700375.1.fna,GCF_025143445.1.fna,0.9917619999999999,0.92,1
GCF_037700375.1.fna,GCF_025143615.1.fna,0.994031,0.84,1
GCF_037700375.1.fna,GCF_029926865.1.fna,0.978034,0.84,1
GCF_037700375.1.fna,GCF_029926905.1.fna,0.978034,0.84,1
GCF_037700375.1.fna,GCF_029926915.1.fna,0.978034,0.84,1
GCF_037700375.1.fna,GCF_031631055.1.fna,0.987903,0.88,1
GCF_037700375.1.fna,GCF_031727055.1.fna,0.9891559999999999,0.92,1
GCF_037700375.1.fna,GCF_031727075.1.fna,0.975884,0.84,1
GCF_037700375.1.fna,GCF_031727235.1.fna,0.993902,0.84,1
GCF_037700375.1.fna,GCF_031727255.1.fna,0.965791,0.8,1
GCF_037700375.1.fna,GCF_031727275.1.fna,0.993891,0.8,1
GCF_037700375.1.fna,GCF_031727355.1.fna,0.976529,0.8,1
GCF_037700375.1.fna,GCF_031727455.1.fna,0.973814,0.8,1
GCF_037700375.1.fna,GCF_031727535.1.fna,0.99738,0.84,1
GCF_037700375.1.fna,GCF_031728075.1.fna,0.976516,0.84,1
GCF_037700375.1.fna,GCF_031728095.1.fna,0.9855029999999999,0.88,1
GCF_037700375.1.fna,GCF_031728115.1.fna,0.976846,0.84,1
GCF_037700375.1.fna,GCF_031728155.1.fna,0.9780719999999999,0.84,1
GCF_037700375.1.fna,GCF_031728235.1.fna,0.97468,0.88,1
GCF_037700375.1.fna,GCF_031728275.1.fna,0.9942730000000001,0.88,1
GCF_037700375.1.fna,GCF_031728295.1.fna,0.9718330000000001,0.92,1
GCF_037700375.1.fna,GCF_031728315.1.fna,0.973003,0.92,1
GCF_037700375.1.fna,GCF_031728335.1.fna,0.9740099999999999,0.88,1
GCF_037700375.1.fna,GCF_031728415.1.fna,0.988427,0.92,1
GCF_037700375.1.fna,GCF_031728455.1.fna,0.9935620000000001,0.84,1
GCF_037700375.1.fna,GCF_031728475.1.fna,0.974683,0.84,1
GCF_037700375.1.fna,GCF_031728495.1.fna,0.9938039999999999,0.84,1
GCF_037700375.1.fna,GCF_031728515.1.fna,0.968241,0.76,1
GCF_037700375.1.fna,GCF_031728555.1.fna,0.971327,0.92,1
GCF_037700375.1.fna,GCF_031728675.1.fna,0.993936,0.84,1
GCF_037700375.1.fna,GCF_031728695.1.fna,0.992874,0.84,1
GCF_037700375.1.fna,GCF_031728715.1.fna,0.9937619999999999,0.84,1
GCF_037700375.1.fna,GCF_031728735.1.fna,0.9678709999999999,0.96,1
GCF_037700375.1.fna,GCF_031728745.1.fna,0.972004,0.92,1
GCF_037700375.1.fna,GCF_031728795.1.fna,0.992491,0.84,1
GCF_037700375.1.fna,GCF_031728835.1.fna,0.975957,0.84,1
GCF_037700375.1.fna,GCF_031728895.1.fna,0.9873480000000001,0.92,1
GCF_037700375.1.fna,GCF_031729015.1.fna,0.9939560000000001,0.8,1
GCF_037700375.1.fna,GCF_036419895.1.fna,0.993887,0.84,1
GCF_037700375.1.fna,GCF_036420075.1.fna,0.9682160000000001,0.76,1
GCF_037700375.1.fna,GCF_037694985.1.fna,0.972563,0.92,1
GCF_037700375.1.fna,GCF_037695175.1.fna,0.9975320000000001,0.8,1
GCF_037700375.1.fna,GCF_037700135.1.fna,0.9758979999999999,0.84,1
GCF_037700375.1.fna,GCF_037700155.1.fna,0.9774250000000001,0.84,1
GCF_037700375.1.fna,GCF_037700295.1.fna,0.977088,0.8,1
GCF_037700375.1.fna,GCF_037700315.1.fna,0.9847020000000001,0.92,1
GCF_037700375.1.fna,GCF_037700375.1.fna,1.0,1.0,1
GCF_037700375.1.fna,GCF_037700455.1.fna,1.0,1.0,1
GCF_037700375.1.fna,GCF_040947025.1.fna,0.973558,0.92,1
GCF_037700375.1.fna,GCF_040947065.1.fna,0.984604,0.92,1
GCF_037700375.1.fna,GCF_040947125.1.fna,0.991222,0.88,1
GCF_037700375.1.fna,GCF_040947205.1.fna,0.964892,0.92,1
GCF_037700375.1.fna,GCF_040947225.1.fna,0.991207,0.84,1
GCF_037700375.1.fna,GCF_040947605.1.fna,0.975438,0.88,1
GCF_037700375.1.fna,GCF_040947645.1.fna,0.975438,0.88,1
GCF_037700375.1.fna,GCF_047653515.1.fna,0.9770780000000001,0.84,1
GCF_037700375.1.fna,GCF_047653525.1.fna,0.972567,0.88,1
GCF_037700375.1.fna,GCF_052950835.1.fna,0.988624,0.84,1
GCF_037700375.1.fna,GCF_900458635.1.fna,0.989331,0.88,1
GCF_037700375.1.fna,GCF_964211265.1.fna,0.9958499999999999,0.84,1
GCF_037700455.1.fna,GCF_000269685.1.fna,0.9709650000000001,0.92,1
GCF_037700455.1.fna,GCF_002901845.1.fna,0.989331,0.88,1
GCF_037700455.1.fna,GCF_013267575.1.fna,0.994091,0.8,1
GCF_037700455.1.fna,GCF_015274535.1.fna,0.975283,0.88,1
GCF_037700455.1.fna,GCF_015274585.1.fna,0.975283,0.88,1
GCF_037700455.1.fna,GCF_015274655.1.fna,0.975283,0.88,1
GCF_037700455.1.fna,GCF_015274675.1.fna,0.972683,0.92,1
GCF_037700455.1.fna,GCF_017315625.1.fna,0.978036,0.84,1
GCF_037700455.1.fna,GCF_017315645.1.fna,0.9720650000000001,0.92,1
GCF_037700455.1.fna,GCF_022689565.1.fna,0.976391,0.8,1
GCF_037700455.1.fna,GCF_022689575.1.fna,0.997153,0.84,1
GCF_037700455.1.fna,GCF_022689615.1.fna,0.975403,0.8,1
GCF_037700455.1.fna,GCF_022689645.1.fna,0.994495,0.8,1
GCF_037700455.1.fna,GCF_022689665.1.fna,0.99685,0.84,1
GCF_037700455.1.fna,GCF_022689675.1.fna,0.9759650000000001,0.84,1
GCF_037700455.1.fna,GCF_022689705.1.fna,0.99406,0.84,1
GCF_037700455.1.fna,GCF_022689725.1.fna,0.997435,0.84,1
GCF_037700455.1.fna,GCF_022689745.1.fna,0.9758969999999999,0.84,1
GCF_037700455.1.fna,GCF_022689765.1.fna,0.975949,0.84,1
GCF_037700455.1.fna,GCF_022689775.1.fna,0.986344,0.84,1
GCF_037700455.1.fna,GCF_022689785.1.fna,0.993588,0.84,1
GCF_037700455.1.fna,GCF_022689825.1.fna,0.975948,0.84,1
GCF_037700455.1.fna,GCF_022689845.1.fna,0.970556,0.88,1
GCF_037700455.1.fna,GCF_022689855.1.fna,0.993556,0.84,1
GCF_037700455.1.fna,GCF_022689905.1.fna,0.972839,0.92,1
GCF_037700455.1.fna,GCF_022689925.1.fna,0.964624,0.8,1
GCF_037700455.1.fna,GCF_022689945.1.fna,0.9682160000000001,0.76,1
GCF_037700455.1.fna,GCF_022689965.1.fna,0.972612,0.92,1
GCF_037700455.1.fna,GCF_022689975.1.fna,0.975759,0.84,1
GCF_037700455.1.fna,GCF_022690005.1.fna,0.992652,0.84,1
GCF_037700455.1.fna,GCF_022690025.1.fna,0.996918,0.84,1
GCF_037700455.1.fna,GCF_022690045.1.fna,0.992652,0.84,1
GCF_037700455.1.fna,GCF_022690065.1.fna,0.971173,0.92,1
GCF_037700455.1.fna,GCF_022690085.1.fna,0.973003,0.84,1
GCF_037700455.1.fna,GCF_022690105.1.fna,0.97559,0.84,1
GCF_037700455.1.fna,GCF_022690115.1.fna,0.974661,0.84,1
GCF_037700455.1.fna,GCF_022690145.1.fna,0.971173,0.92,1
GCF_037700455.1.fna,GCF_022690165.1.fna,0.971345,0.92,1
GCF_037700455.1.fna,GCF_022690185.1.fna,0.988863,0.88,1
GCF_037700455.1.fna,GCF_022690205.1.fna,0.9941030000000001,0.8,1
GCF_037700455.1.fna,GCF_022690225.1.fna,0.98931,0.84,1
GCF_037700455.1.fna,GCF_022690245.1.fna,0.9727750000000001,0.88,1
GCF_037700455.1.fna,GCF_022690265.1.fna,0.975611,0.84,1
GCF_037700455.1.fna,GCF_022690275.1.fna,0.974877,0.8,1
GCF_037700455.1.fna,GCF_022690295.1.fna,0.965791,0.8,1
GCF_037700455.1.fna,GCF_022690325.1.fna,0.993266,0.84,1
GCF_037700455.1.fna,GCF_022690345.1.fna,0.976293,0.84,1
GCF_037700455.1.fna,GCF_022690375.1.fna,0.988947,0.92,1
GCF_037700455.1.fna,GCF_022690385.1.fna,0.966507,0.88,1
GCF_037700455.1.fna,GCF_022690425.1.fna,0.976571,0.84,1
GCF_037700455.1.fna,GCF_025143205.1.fna,0.975629,0.84,1
GCF_037700455.1.fna,GCF_025143445.1.fna,0.9926649999999999,0.88,1
GCF_037700455.1.fna,GCF_025143615.1.fna,0.9940300000000001,0.84,1
GCF_037700455.1.fna,GCF_029926865.1.fna,0.978095,0.84,1
GCF_037700455.1.fna,GCF_029926905.1.fna,0.978095,0.84,1
GCF_037700455.1.fna,GCF_029926915.1.fna,0.978095,0.84,1
GCF_037700455.1.fna,GCF_031631055.1.fna,0.9873730000000001,0.88,1
GCF_037700455.1.fna,GCF_031727055.1.fna,0.988955,0.92,1
GCF_037700455.1.fna,GCF_031727075.1.fna,0.9759650000000001,0.84,1
GCF_037700455.1.fna,GCF_031727235.1.fna,0.9939279999999999,0.84,1
GCF_037700455.1.fna,GCF_031727255.1.fna,0.965791,0.8,1
GCF_037700455.1.fna,GCF_031727275.1.fna,0.9936360000000001,0.8,1
GCF_037700455.1.fna,GCF_031727355.1.fna,0.976391,0.8,1
GCF_037700455.1.fna,GCF_031727455.1.fna,0.973814,0.8,1
GCF_037700455.1.fna,GCF_031727535.1.fna,0.997587,0.84,1
GCF_037700455.1.fna,GCF_031728075.1.fna,0.976571,0.84,1
GCF_037700455.1.fna,GCF_031728095.1.fna,0.985364,0.88,1
GCF_037700455.1.fna,GCF_031728115.1.fna,0.9769159999999999,0.84,1
GCF_037700455.1.fna,GCF_031728155.1.fna,0.978129,0.84,1
GCF_037700455.1.fna,GCF_031728235.1.fna,0.974664,0.88,1
GCF_037700455.1.fna,GCF_031728275.1.fna,0.994128,0.88,1
GCF_037700455.1.fna,GCF_031728295.1.fna,0.971895,0.92,1
GCF_037700455.1.fna,GCF_031728315.1.fna,0.9730110000000001,0.92,1
GCF_037700455.1.fna,GCF_031728335.1.fna,0.9740770000000001,0.88,1
GCF_037700455.1.fna,GCF_031728415.1.fna,0.9884539999999999,0.92,1
GCF_037700455.1.fna,GCF_031728455.1.fna,0.9934810000000001,0.84,1
GCF_037700455.1.fna,GCF_031728475.1.fna,0.975372,0.84,1
GCF_037700455.1.fna,GCF_031728495.1.fna,0.99383,0.84,1
GCF_037700455.1.fna,GCF_031728515.1.fna,0.968241,0.76,1
GCF_037700455.1.fna,GCF_031728555.1.fna,0.971345,0.92,1
GCF_037700455.1.fna,GCF_031728675.1.fna,0.993935,0.84,1
GCF_037700455.1.fna,GCF_031728695.1.fna,0.992873,0.84,1
GCF_037700455.1.fna,GCF_031728715.1.fna,0.9938809999999999,0.84,1
GCF_037700455.1.fna,GCF_031728735.1.fna,0.9678329999999999,0.96,1
GCF_037700455.1.fna,GCF_031728745.1.fna,0.971346,0.88,1
GCF_037700455.1.fna,GCF_031728795.1.fna,0.9924850000000001,0.84,1
GCF_037700455.1.fna,GCF_031728835.1.fna,0.975977,0.84,1
GCF_037700455.1.fna,GCF_031728895.1.fna,0.987319,0.92,1
GCF_037700455.1.fna,GCF_031729015.1.fna,0.99422,0.8,1
GCF_037700455.1.fna,GCF_036419895.1.fna,0.994006,0.84,1
GCF_037700455.1.fna,GCF_036420075.1.fna,0.9682160000000001,0.76,1
GCF_037700455.1.fna,GCF_037694985.1.fna,0.971938,0.92,1
GCF_037700455.1.fna,GCF_037695175.1.fna,0.9975320000000001,0.8,1
GCF_037700455.1.fna,GCF_037700135.1.fna,0.9757290000000001,0.84,1
GCF_037700455.1.fna,GCF_037700155.1.fna,0.977337,0.84,1
GCF_037700455.1.fna,GCF_037700295.1.fna,0.97698,0.8,1
GCF_037700455.1.fna,GCF_037700315.1.fna,0.984099,0.92,1
GCF_037700455.1.fna,GCF_037700375.1.fna,0.999365,1.0,1
GCF_037700455.1.fna,GCF_037700455.1.fna,1.0,1.0,1
GCF_037700455.1.fna,GCF_040947025.1.fna,0.972811,0.92,1
GCF_037700455.1.fna,GCF_040947065.1.fna,0.98454,0.92,1
GCF_037700455.1.fna,GCF_040947125.1.fna,0.991222,0.88,1
GCF_037700455.1.fna,GCF_040947205.1.fna,0.96474,0.92,1
GCF_037700455.1.fna,GCF_040947225.1.fna,0.9912059999999999,0.84,1
GCF_037700455.1.fna,GCF_040947605.1.fna,0.9755029999999999,0.88,1
GCF_037700455.1.fna,GCF_040947645.1.fna,0.974936,0.84,1
GCF_037700455.1.fna,GCF_047653515.1.fna,0.9770869999999999,0.84,1
GCF_037700455.1.fna,GCF_047653525.1.fna,0.972619,0.88,1
GCF_037700455.1.fna,GCF_052950835.1.fna,0.988584,0.84,1
GCF_037700455.1.fna,GCF_900458635.1.fna,0.989331,0.88,1
GCF_037700455.1.fna,GCF_964211265.1.fna,0.9953230000000001,0.84,1
GCF_040947025.1.fna,GCF_000269685.1.fna,0.9916370000000001,0.9615384615384616,1
GCF_040947025.1.fna,GCF_002901845.1.fna,0.9739239999999999,0.8461538461538461,1
GCF_040947025.1.fna,GCF_013267575.1.fna,0.978987,0.8076923076923077,1
GCF_040947025.1.fna,GCF_015274535.1.fna,0.990796,0.8076923076923077,1
GCF_040947025.1.fna,GCF_015274585.1.fna,0.990796,0.8076923076923077,1
GCF_040947025.1.fna,GCF_015274655.1.fna,0.990796,0.8076923076923077,1
GCF_040947025.1.fna,GCF_015274675.1.fna,0.9904040000000001,0.9615384615384616,1
GCF_040947025.1.fna,GCF_017315625.1.fna,0.991684,0.8461538461538461,1
GCF_040947025.1.fna,GCF_017315645.1.fna,0.9876550000000001,0.9230769230769231,1
GCF_040947025.1.fna,GCF_022689565.1.fna,0.9927419999999999,0.8076923076923077,1
GCF_040947025.1.fna,GCF_022689575.1.fna,0.9799420000000001,0.8076923076923077,1
GCF_040947025.1.fna,GCF_022689615.1.fna,0.992332,0.8076923076923077,1
GCF_040947025.1.fna,GCF_022689645.1.fna,0.979697,0.7692307692307693,1
GCF_040947025.1.fna,GCF_022689665.1.fna,0.9799420000000001,0.8076923076923077,1
GCF_040947025.1.fna,GCF_022689675.1.fna,0.99251,0.8461538461538461,1
GCF_040947025.1.fna,GCF_022689705.1.fna,0.9802230000000001,0.8076923076923077,1
GCF_040947025.1.fna,GCF_022689725.1.fna,0.9799420000000001,0.8076923076923077,1
GCF_040947025.1.fna,GCF_022689745.1.fna,0.99251,0.8461538461538461,1
GCF_040947025.1.fna,GCF_022689765.1.fna,0.9925039999999999,0.8461538461538461,1
GCF_040947025.1.fna,GCF_022689775.1.fna,0.97884,0.7692307692307693,1
GCF_040947025.1.fna,GCF_022689785.1.fna,0.9795050000000001,0.8076923076923077,1
GCF_040947025.1.fna,GCF_022689825.1.fna,0.9925039999999999,0.8461538461538461,1
GCF_040947025.1.fna,GCF_022689845.1.fna,0.985674,0.9230769230769231,1
GCF_040947025.1.fna,GCF_022689855.1.fna,0.979599,0.8461538461538461,1
GCF_040947025.1.fna,GCF_022689905.1.fna,0.987283,0.9230769230769231,1
GCF_040947025.1.fna,GCF_022689925.1.fna,0.959868,0.8076923076923077,1
GCF_040947025.1.fna,GCF_022689945.1.fna,0.986122,0.8076923076923077,1
GCF_040947025.1.fna,GCF_022689965.1.fna,0.990403,0.9615384615384616,1
GCF_040947025.1.fna,GCF_022689975.1.fna,0.9925039999999999,0.8461538461538461,1
GCF_040947025.1.fna,GCF_022690005.1.fna,0.980948,0.8076923076923077,1
GCF_040947025.1.fna,GCF_022690025.1.fna,0.9800239999999999,0.8076923076923077,1
GCF_040947025.1.fna,GCF_022690045.1.fna,0.980948,0.8076923076923077,1
GCF_040947025.1.fna,GCF_022690065.1.fna,0.986305,0.8846153846153846,1
GCF_040947025.1.fna,GCF_022690085.1.fna,0.9703029999999999,0.8461538461538461,1
GCF_040947025.1.fna,GCF_022690105.1.fna,0.992297,0.8076923076923077,1
GCF_040947025.1.fna,GCF_022690115.1.fna,0.9838070000000001,0.8076923076923077,1
GCF_040947025.1.fna,GCF_022690145.1.fna,0.986305,0.8846153846153846,1
GCF_040947025.1.fna,GCF_022690165.1.fna,0.986305,0.8846153846153846,1
GCF_040947025.1.fna,GCF_022690185.1.fna,0.9753149999999999,0.8461538461538461,1
GCF_040947025.1.fna,GCF_022690205.1.fna,0.978815,0.7692307692307693,1
GCF_040947025.1.fna,GCF_022690225.1.fna,0.9806570000000001,0.7692307692307693,1
GCF_040947025.1.fna,GCF_022690245.1.fna,0.991931,0.8076923076923077,1
GCF_040947025.1.fna,GCF_022690265.1.fna,0.992129,0.8076923076923077,1
GCF_040947025.1.fna,GCF_022690275.1.fna,0.991727,0.8461538461538461,1
GCF_040947025.1.fna,GCF_022690295.1.fna,0.963595,0.8846153846153846,1
GCF_040947025.1.fna,GCF_022690325.1.fna,0.980832,0.8076923076923077,1
GCF_040947025.1.fna,GCF_022690345.1.fna,0.995411,0.8461538461538461,1
GCF_040947025.1.fna,GCF_022690375.1.fna,0.9688479999999999,0.9230769230769231,1
GCF_040947025.1.fna,GCF_022690385.1.fna,0.992029,0.8461538461538461,1
GCF_040947025.1.fna,GCF_022690425.1.fna,0.9940519999999999,0.8076923076923077,1
GCF_040947025.1.fna,GCF_025143205.1.fna,0.9918689999999999,0.8076923076923077,1
GCF_040947025.1.fna,GCF_025143445.1.fna,0.964492,0.9230769230769231,1
GCF_040947025.1.fna,GCF_025143615.1.fna,0.9795180000000001,0.8076923076923077,1
GCF_040947025.1.fna,GCF_029926865.1.fna,0.994059,0.8461538461538461,1
GCF_040947025.1.fna,GCF_029926905.1.fna,0.99406,0.8461538461538461,1
GCF_040947025.1.fna,GCF_029926915.1.fna,0.99406,0.8461538461538461,1
GCF_040947025.1.fna,GCF_031631055.1.fna,0.976177,0.8076923076923077,1
GCF_040947025.1.fna,GCF_031727055.1.fna,0.9728570000000001,0.8846153846153846,1
GCF_040947025.1.fna,GCF_031727075.1.fna,0.99251,0.8461538461538461,1
GCF_040947025.1.fna,GCF_031727235.1.fna,0.979599,0.8461538461538461,1
GCF_040947025.1.fna,GCF_031727255.1.fna,0.963595,0.8846153846153846,1
GCF_040947025.1.fna,GCF_031727275.1.fna,0.980012,0.7692307692307693,1
GCF_040947025.1.fna,GCF_031727355.1.fna,0.993075,0.8076923076923077,1
GCF_040947025.1.fna,GCF_031727455.1.fna,0.959927,0.8076923076923077,1
GCF_040947025.1.fna,GCF_031727535.1.fna,0.98014,0.8076923076923077,1
GCF_040947025.1.fna,GCF_031728075.1.fna,0.9940519999999999,0.8076923076923077,1
GCF_040947025.1.fna,GCF_031728095.1.fna,0.969487,0.8461538461538461,1
GCF_040947025.1.fna,GCF_031728115.1.fna,0.9912690000000001,0.8461538461538461,1
GCF_040947025.1.fna,GCF_031728155.1.fna,0.9968670000000001,0.8461538461538461,1
GCF_040947025.1.fna,GCF_031728235.1.fna,0.9919020000000001,0.8461538461538461,1
GCF_040947025.1.fna,GCF_031728275.1.fna,0.9803010000000001,0.8076923076923077,1
GCF_040947025.1.fna,GCF_031728295.1.fna,0.987816,0.9230769230769231,1
GCF_040947025.1.fna,GCF_031728315.1.fna,0.987283,0.9230769230769231,1
GCF_040947025.1.fna,GCF_031728335.1.fna,0.9915600000000001,0.8461538461538461,1
GCF_040947025.1.fna,GCF_031728415.1.fna,0.972732,0.8846153846153846,1
GCF_040947025.1.fna,GCF_031728455.1.fna,0.980233,0.8076923076923077,1
GCF_040947025.1.fna,GCF_031728475.1.fna,0.9901430000000001,0.8461538461538461,1
GCF_040947025.1.fna,GCF_031728495.1.fna,0.980562,0.8076923076923077,1
GCF_040947025.1.fna,GCF_031728515.1.fna,0.973934,0.8076923076923077,1
GCF_040947025.1.fna,GCF_031728555.1.fna,0.986306,0.8846153846153846,1
GCF_040947025.1.fna,GCF_031728675.1.fna,0.9789180000000001,0.8076923076923077,1
GCF_040947025.1.fna,GCF_031728695.1.fna,0.978781,0.8076923076923077,1
GCF_040947025.1.fna,GCF_031728715.1.fna,0.978969,0.8076923076923077,1
GCF_040947025.1.fna,GCF_031728735.1.fna,0.980474,0.9615384615384616,1
GCF_040947025.1.fna,GCF_031728745.1.fna,0.9862420000000001,0.8846153846153846,1
GCF_040947025.1.fna,GCF_031728795.1.fna,0.9797069999999999,0.8076923076923077,1
GCF_040947025.1.fna,GCF_031728835.1.fna,0.9923869999999999,0.8076923076923077,1
GCF_040947025.1.fna,GCF_031728895.1.fna,0.976889,0.8461538461538461,1
GCF_040947025.1.fna,GCF_031729015.1.fna,0.978429,0.7692307692307693,1
GCF_040947025.1.fna,GCF_036419895.1.fna,0.9790049999999999,0.8076923076923077,1
GCF_040947025.1.fna,GCF_036420075.1.fna,0.986122,0.8076923076923077,1
GCF_040947025.1.fna,GCF_037694985.1.fna,0.98661,0.9230769230769231,1
GCF_040947025.1.fna,GCF_037695175.1.fna,0.9794799999999999,0.7692307692307693,1
GCF_040947025.1.fna,GCF_037700135.1.fna,0.992688,0.8461538461538461,1
GCF_040947025.1.fna,GCF_037700155.1.fna,0.994602,0.8461538461538461,1
GCF_040947025.1.fna,GCF_037700295.1.fna,0.995121,0.8076923076923077,1
GCF_040947025.1.fna,GCF_037700315.1.fna,0.976613,0.8461538461538461,1
GCF_040947025.1.fna,GCF_037700375.1.fna,0.970198,0.9230769230769231,1
GCF_040947025.1.fna,GCF_037700455.1.fna,0.970198,0.9230769230769231,1
GCF_040947025.1.fna,GCF_040947025.1.fna,1.0,1.0,1
GCF_040947025.1.fna,GCF_040947065.1.fna,0.977917,0.8461538461538461,1
GCF_040947025.1.fna,GCF_040947125.1.fna,0.971979,0.8461538461538461,1
GCF_040947025.1.fna,GCF_040947205.1.fna,0.9823099999999999,0.8846153846153846,1
GCF_040947025.1.fna,GCF_040947225.1.fna,0.980458,0.8076923076923077,1
GCF_040947025.1.fna,GCF_040947605.1.fna,0.992445,0.8076923076923077,1
GCF_040947025.1.fna,GCF_040947645.1.fna,0.992445,0.8076923076923077,1
GCF_040947025.1.fna,GCF_047653515.1.fna,0.9944459999999999,0.8076923076923077,1
GCF_040947025.1.fna,GCF_047653525.1.fna,0.989906,0.8846153846153846,1
GCF_040947025.1.fna,GCF_052950835.1.fna,0.979055,0.7307692307692307,1
GCF_040947025.1.fna,GCF_900458635.1.fna,0.9739239999999999,0.8461538461538461,1
GCF_040947025.1.fna,GCF_964211265.1.fna,0.980861,0.8076923076923077,1
GCF_040947065.1.fna,GCF_000269685.1.fna,0.9793510000000001,0.88,1
GCF_040947065.1.fna,GCF_002901845.1.fna,0.984392,0.84,1
GCF_040947065.1.fna,GCF_013267575.1.fna,0.98316,0.84,1
GCF_040947065.1.fna,GCF_015274535.1.fna,0.9807210000000001,0.88,1
GCF_040947065.1.fna,GCF_015274585.1.fna,0.9807210000000001,0.88,1
GCF_040947065.1.fna,GCF_015274655.1.fna,0.9807210000000001,0.88,1
GCF_040947065.1.fna,GCF_015274675.1.fna,0.979419,0.88,1
GCF_040947065.1.fna,GCF_017315625.1.fna,0.984328,0.84,1
GCF_040947065.1.fna,GCF_017315645.1.fna,0.97695,0.88,1
GCF_040947065.1.fna,GCF_022689565.1.fna,0.978759,0.8,1
GCF_040947065.1.fna,GCF_022689575.1.fna,0.988297,0.84,1
GCF_040947065.1.fna,GCF_022689615.1.fna,0.9807899999999999,0.8,1
GCF_040947065.1.fna,GCF_022689645.1.fna,0.989018,0.8,1
GCF_040947065.1.fna,GCF_022689665.1.fna,0.9881300000000001,0.84,1
GCF_040947065.1.fna,GCF_022689675.1.fna,0.981195,0.84,1
GCF_040947065.1.fna,GCF_022689705.1.fna,0.9889950000000001,0.84,1
GCF_040947065.1.fna,GCF_022689725.1.fna,0.988628,0.84,1
GCF_040947065.1.fna,GCF_022689745.1.fna,0.981136,0.84,1
GCF_040947065.1.fna,GCF_022689765.1.fna,0.980966,0.84,1
GCF_040947065.1.fna,GCF_022689775.1.fna,0.9799,0.84,1
GCF_040947065.1.fna,GCF_022689785.1.fna,0.988576,0.88,1
GCF_040947065.1.fna,GCF_022689825.1.fna,0.980905,0.84,1
GCF_040947065.1.fna,GCF_022689845.1.fna,0.972771,0.88,1
GCF_040947065.1.fna,GCF_022689855.1.fna,0.987409,0.84,1
GCF_040947065.1.fna,GCF_022689905.1.fna,0.979072,0.88,1
GCF_040947065.1.fna,GCF_022689925.1.fna,0.971496,0.76,1
GCF_040947065.1.fna,GCF_022689945.1.fna,0.9698180000000001,0.76,1
GCF_040947065.1.fna,GCF_022689965.1.fna,0.976191,0.88,1
GCF_040947065.1.fna,GCF_022689975.1.fna,0.980554,0.84,1
GCF_040947065.1.fna,GCF_022690005.1.fna,0.989179,0.84,1
GCF_040947065.1.fna,GCF_022690025.1.fna,0.988225,0.84,1
GCF_040947065.1.fna,GCF_022690045.1.fna,0.989179,0.84,1
GCF_040947065.1.fna,GCF_022690065.1.fna,0.972949,0.92,1
GCF_040947065.1.fna,GCF_022690085.1.fna,0.970598,0.84,1
GCF_040947065.1.fna,GCF_022690105.1.fna,0.980833,0.84,1
GCF_040947065.1.fna,GCF_022690115.1.fna,0.976661,0.84,1
GCF_040947065.1.fna,GCF_022690145.1.fna,0.972949,0.92,1
GCF_040947065.1.fna,GCF_022690165.1.fna,0.97327,0.92,1
GCF_040947065.1.fna,GCF_022690185.1.fna,0.9817239999999999,0.92,1
GCF_040947065.1.fna,GCF_022690205.1.fna,0.9895440000000001,0.8,1
GCF_040947065.1.fna,GCF_022690225.1.fna,0.98516,0.84,1
GCF_040947065.1.fna,GCF_022690245.1.fna,0.978151,0.88,1
GCF_040947065.1.fna,GCF_022690265.1.fna,0.981005,0.84,1
GCF_040947065.1.fna,GCF_022690275.1.fna,0.9810070000000001,0.8,1
GCF_040947065.1.fna,GCF_022690295.1.fna,0.952469,0.88,1
GCF_040947065.1.fna,GCF_022690325.1.fna,0.988745,0.84,1
GCF_040947065.1.fna,GCF_022690345.1.fna,0.976234,0.84,1
GCF_040947065.1.fna,GCF_022690375.1.fna,0.979473,0.88,1
GCF_040947065.1.fna,GCF_022690385.1.fna,0.9806140000000001,0.8,1
GCF_040947065.1.fna,GCF_022690425.1.fna,0.978604,0.84,1
GCF_040947065.1.fna,GCF_025143205.1.fna,0.981345,0.84,1
GCF_040947065.1.fna,GCF_025143445.1.fna,0.977974,0.92,1
GCF_040947065.1.fna,GCF_025143615.1.fna,0.9894660000000001,0.84,1
GCF_040947065.1.fna,GCF_029926865.1.fna,0.981093,0.84,1
GCF_040947065.1.fna,GCF_029926905.1.fna,0.981093,0.84,1
GCF_040947065.1.fna,GCF_029926915.1.fna,0.981093,0.84,1
GCF_040947065.1.fna,GCF_031631055.1.fna,0.989049,0.84,1
GCF_040947065.1.fna,GCF_031727055.1.fna,0.9770300000000001,0.92,1
GCF_040947065.1.fna,GCF_031727075.1.fna,0.981195,0.84,1
GCF_040947065.1.fna,GCF_031727235.1.fna,0.987757,0.84,1
GCF_040947065.1.fna,GCF_031727255.1.fna,0.952414,0.88,1
GCF_040947065.1.fna,GCF_031727275.1.fna,0.9897929999999999,0.8,1
GCF_040947065.1.fna,GCF_031727355.1.fna,0.978759,0.8,1
GCF_040947065.1.fna,GCF_031727455.1.fna,0.961459,0.84,1
GCF_040947065.1.fna,GCF_031727535.1.fna,0.988849,0.84,1
GCF_040947065.1.fna,GCF_031728075.1.fna,0.978604,0.84,1
GCF_040947065.1.fna,GCF_031728095.1.fna,0.979772,0.84,1
GCF_040947065.1.fna,GCF_031728115.1.fna,0.982418,0.84,1
GCF_040947065.1.fna,GCF_031728155.1.fna,0.9783270000000001,0.84,1
GCF_040947065.1.fna,GCF_031728235.1.fna,0.972951,0.92,1
GCF_040947065.1.fna,GCF_031728275.1.fna,0.986251,0.92,1
GCF_040947065.1.fna,GCF_031728295.1.fna,0.97699,0.88,1
GCF_040947065.1.fna,GCF_031728315.1.fna,0.973942,0.92,1
GCF_040947065.1.fna,GCF_031728335.1.fna,0.97847,0.88,1
GCF_040947065.1.fna,GCF_031728415.1.fna,0.982809,0.88,1
GCF_040947065.1.fna,GCF_031728455.1.fna,0.9902070000000001,0.8,1
GCF_040947065.1.fna,GCF_031728475.1.fna,0.9801030000000001,0.84,1
GCF_040947065.1.fna,GCF_031728495.1.fna,0.9901909999999999,0.84,1
GCF_040947065.1.fna,GCF_031728515.1.fna,0.958514,0.8,1
GCF_040947065.1.fna,GCF_031728555.1.fna,0.973326,0.92,1
GCF_040947065.1.fna,GCF_031728675.1.fna,0.980517,0.88,1
GCF_040947065.1.fna,GCF_031728695.1.fna,0.98007,0.88,1
GCF_040947065.1.fna,GCF_031728715.1.fna,0.989053,0.88,1
GCF_040947065.1.fna,GCF_031728735.1.fna,0.9674389999999999,0.92,1
GCF_040947065.1.fna,GCF_031728745.1.fna,0.9745140000000001,0.88,1
GCF_040947065.1.fna,GCF_031728795.1.fna,0.9885660000000001,0.88,1
GCF_040947065.1.fna,GCF_031728835.1.fna,0.9809220000000001,0.84,1
GCF_040947065.1.fna,GCF_031728895.1.fna,0.979571,0.96,1
GCF_040947065.1.fna,GCF_031729015.1.fna,0.9890779999999999,0.84,1
GCF_040947065.1.fna,GCF_036419895.1.fna,0.989345,0.88,1
GCF_040947065.1.fna,GCF_036420075.1.fna,0.9698180000000001,0.76,1
GCF_040947065.1.fna,GCF_037694985.1.fna,0.977996,0.88,1
GCF_040947065.1.fna,GCF_037695175.1.fna,0.989086,0.8,1
GCF_040947065.1.fna,GCF_037700135.1.fna,0.9802209999999999,0.84,1
GCF_040947065.1.fna,GCF_037700155.1.fna,0.979443,0.84,1
GCF_040947065.1.fna,GCF_037700295.1.fna,0.980515,0.8,1
GCF_040947065.1.fna,GCF_037700315.1.fna,0.9784579999999999,0.88,1
GCF_040947065.1.fna,GCF_037700375.1.fna,0.977748,0.96,1
GCF_040947065.1.fna,GCF_037700455.1.fna,0.978317,0.96,1
GCF_040947065.1.fna,GCF_040947025.1.fna,0.9766889999999999,0.88,1
GCF_040947065.1.fna,GCF_040947065.1.fna,1.0,1.0,1
GCF_040947065.1.fna,GCF_040947125.1.fna,0.9818000000000001,0.84,1
GCF_040947065.1.fna,GCF_040947205.1.fna,0.9766360000000001,0.88,1
GCF_040947065.1.fna,GCF_040947225.1.fna,0.9882890000000001,0.84,1
GCF_040947065.1.fna,GCF_040947605.1.fna,0.98236,0.88,1
GCF_040947065.1.fna,GCF_040947645.1.fna,0.9822329999999999,0.84,1
GCF_040947065.1.fna,GCF_047653515.1.fna,0.981957,0.84,1
GCF_040947065.1.fna,GCF_047653525.1.fna,0.977066,0.88,1
GCF_040947065.1.fna,GCF_052950835.1.fna,0.994404,0.8,1
GCF_040947065.1.fna,GCF_900458635.1.fna,0.984392,0.84,1
GCF_040947065.1.fna,GCF_964211265.1.fna,0.988637,0.84,1
GCF_040947125.1.fna,GCF_000269685.1.fna,0.9627460000000001,0.9583333333333334,1
GCF_040947125.1.fna,GCF_002901845.1.fna,0.993001,0.9166666666666666,1
GCF_040947125.1.fna,GCF_013267575.1.fna,0.995115,0.8333333333333334,1
GCF_040947125.1.fna,GCF_015274535.1.fna,0.9747979999999999,0.8333333333333334,1
GCF_040947125.1.fna,GCF_015274585.1.fna,0.9747979999999999,0.8333333333333334,1
GCF_040947125.1.fna,GCF_015274655.1.fna,0.9747979999999999,0.8333333333333334,1
GCF_040947125.1.fna,GCF_015274675.1.fna,0.9608599999999999,0.9583333333333334,1
GCF_040947125.1.fna,GCF_017315625.1.fna,0.9686790000000001,0.875,1
GCF_040947125.1.fna,GCF_017315645.1.fna,0.9674320000000001,0.9166666666666666,1
GCF_040947125.1.fna,GCF_022689565.1.fna,0.975914,0.8333333333333334,1
GCF_040947125.1.fna,GCF_022689575.1.fna,0.9924219999999999,0.875,1
GCF_040947125.1.fna,GCF_022689615.1.fna,0.971112,0.8333333333333334,1
GCF_040947125.1.fna,GCF_022689645.1.fna,0.995587,0.8333333333333334,1
GCF_040947125.1.fna,GCF_022689665.1.fna,0.9924219999999999,0.875,1
GCF_040947125.1.fna,GCF_022689675.1.fna,0.974981,0.8333333333333334,1
GCF_040947125.1.fna,GCF_022689705.1.fna,0.995587,0.8333333333333334,1
GCF_040947125.1.fna,GCF_022689725.1.fna,0.9924219999999999,0.875,1
GCF_040947125.1.fna,GCF_022689745.1.fna,0.974981,0.8333333333333334,1
GCF_040947125.1.fna,GCF_022689765.1.fna,0.972179,0.875,1
GCF_040947125.1.fna,GCF_022689775.1.fna,0.98662,0.9166666666666666,1
GCF_040947125.1.fna,GCF_022689785.1.fna,0.994739,0.8333333333333334,1
GCF_040947125.1.fna,GCF_022689825.1.fna,0.972179,0.875,1
GCF_040947125.1.fna,GCF_022689845.1.fna,0.964463,0.9166666666666666,1
GCF_040947125.1.fna,GCF_022689855.1.fna,0.99374,0.875,1
GCF_040947125.1.fna,GCF_022689905.1.fna,0.969537,0.9166666666666666,1
GCF_040947125.1.fna,GCF_022689925.1.fna,0.953613,0.875,1
GCF_040947125.1.fna,GCF_022689945.1.fna,0.9664159999999999,0.8333333333333334,1
GCF_040947125.1.fna,GCF_022689965.1.fna,0.969054,0.9166666666666666,1
GCF_040947125.1.fna,GCF_022689975.1.fna,0.972179,0.875,1
GCF_040947125.1.fna,GCF_022690005.1.fna,0.993892,0.8333333333333334,1
GCF_040947125.1.fna,GCF_022690025.1.fna,0.9968049999999999,0.9166666666666666,1
GCF_040947125.1.fna,GCF_022690045.1.fna,0.993892,0.8333333333333334,1
GCF_040947125.1.fna,GCF_022690065.1.fna,0.9643649999999999,0.9166666666666666,1
GCF_040947125.1.fna,GCF_022690085.1.fna,0.973583,0.8333333333333334,1
GCF_040947125.1.fna,GCF_022690105.1.fna,0.968074,0.875,1
GCF_040947125.1.fna,GCF_022690115.1.fna,0.9721160000000001,0.875,1
GCF_040947125.1.fna,GCF_022690145.1.fna,0.9643649999999999,0.9166666666666666,1
GCF_040947125.1.fna,GCF_022690165.1.fna,0.9643649999999999,0.9166666666666666,1
GCF_040947125.1.fna,GCF_022690185.1.fna,0.989489,0.875,1
GCF_040947125.1.fna,GCF_022690205.1.fna,0.9934090000000001,0.875,1
GCF_040947125.1.fna,GCF_022690225.1.fna,0.981087,0.8333333333333334,1
GCF_040947125.1.fna,GCF_022690245.1.fna,0.974177,0.8333333333333334,1
GCF_040947125.1.fna,GCF_022690265.1.fna,0.9747,0.8333333333333334,1
GCF_040947125.1.fna,GCF_022690275.1.fna,0.966435,0.875,1
GCF_040947125.1.fna,GCF_022690295.1.fna,0.9608570000000001,0.875,1
GCF_040947125.1.fna,GCF_022690325.1.fna,0.9871110000000001,0.875,1
GCF_040947125.1.fna,GCF_022690345.1.fna,0.967371,0.9166666666666666,1
GCF_040947125.1.fna,GCF_022690375.1.fna,0.988221,0.9166666666666666,1
GCF_040947125.1.fna,GCF_022690385.1.fna,0.9748990000000001,0.8333333333333334,1
GCF_040947125.1.fna,GCF_022690425.1.fna,0.975574,0.8333333333333334,1
GCF_040947125.1.fna,GCF_025143205.1.fna,0.974578,0.8333333333333334,1
GCF_040947125.1.fna,GCF_025143445.1.fna,0.982885,0.9166666666666666,1
GCF_040947125.1.fna,GCF_025143615.1.fna,0.9934569999999999,0.875,1
GCF_040947125.1.fna,GCF_029926865.1.fna,0.9731489999999999,0.875,1
GCF_040947125.1.fna,GCF_029926905.1.fna,0.9731489999999999,0.875,1
GCF_040947125.1.fna,GCF_029926915.1.fna,0.9731489999999999,0.875,1
GCF_040947125.1.fna,GCF_031631055.1.fna,0.9879600000000001,0.8333333333333334,1
GCF_040947125.1.fna,GCF_031727055.1.fna,0.992804,0.9166666666666666,1
GCF_040947125.1.fna,GCF_031727075.1.fna,0.974981,0.8333333333333334,1
GCF_040947125.1.fna,GCF_031727235.1.fna,0.99374,0.875,1
GCF_040947125.1.fna,GCF_031727255.1.fna,0.9608570000000001,0.875,1
GCF_040947125.1.fna,GCF_031727275.1.fna,0.980102,0.875,1
GCF_040947125.1.fna,GCF_031727355.1.fna,0.9746819999999999,0.875,1
GCF_040947125.1.fna,GCF_031727455.1.fna,0.9734010000000001,0.8333333333333334,1
GCF_040947125.1.fna,GCF_031727535.1.fna,0.999687,0.8333333333333334,1
GCF_040947125.1.fna,GCF_031728075.1.fna,0.975574,0.8333333333333334,1
GCF_040947125.1.fna,GCF_031728095.1.fna,0.9871169999999999,0.875,1
GCF_040947125.1.fna,GCF_031728115.1.fna,0.974954,0.875,1
GCF_040947125.1.fna,GCF_031728155.1.fna,0.968753,0.875,1
GCF_040947125.1.fna,GCF_031728235.1.fna,0.963544,0.9166666666666666,1
GCF_040947125.1.fna,GCF_031728275.1.fna,0.996023,0.8333333333333334,1
GCF_040947125.1.fna,GCF_031728295.1.fna,0.9672740000000001,0.9166666666666666,1
GCF_040947125.1.fna,GCF_031728315.1.fna,0.969537,0.9166666666666666,1
GCF_040947125.1.fna,GCF_031728335.1.fna,0.962902,0.9166666666666666,1
GCF_040947125.1.fna,GCF_031728415.1.fna,0.982047,0.9583333333333334,1
GCF_040947125.1.fna,GCF_031728455.1.fna,0.995606,0.8333333333333334,1
GCF_040947125.1.fna,GCF_031728475.1.fna,0.974499,0.8333333333333334,1
GCF_040947125.1.fna,GCF_031728495.1.fna,0.9931350000000001,0.9166666666666666,1
GCF_040947125.1.fna,GCF_031728515.1.fna,0.9663309999999999,0.8333333333333334,1
GCF_040947125.1.fna,GCF_031728555.1.fna,0.9643649999999999,0.9166666666666666,1
GCF_040947125.1.fna,GCF_031728675.1.fna,0.995051,0.8333333333333334,1
GCF_040947125.1.fna,GCF_031728695.1.fna,0.9939490000000001,0.8333333333333334,1
GCF_040947125.1.fna,GCF_031728715.1.fna,0.994617,0.8333333333333334,1
GCF_040947125.1.fna,GCF_031728735.1.fna,0.9665940000000001,0.9166666666666666,1
GCF_040947125.1.fna,GCF_031728745.1.fna,0.965715,0.9583333333333334,1
GCF_040947125.1.fna,GCF_031728795.1.fna,0.993651,0.8333333333333334,1
GCF_040947125.1.fna,GCF_031728835.1.fna,0.9749209999999999,0.8333333333333334,1
GCF_040947125.1.fna,GCF_031728895.1.fna,0.988978,0.9166666666666666,1
GCF_040947125.1.fna,GCF_031729015.1.fna,0.98235,0.875,1
GCF_040947125.1.fna,GCF_036419895.1.fna,0.9894729999999999,0.875,1
GCF_040947125.1.fna,GCF_036420075.1.fna,0.9664159999999999,0.8333333333333334,1
GCF_040947125.1.fna,GCF_037694985.1.fna,0.966759,0.9583333333333334,1
GCF_040947125.1.fna,GCF_037695175.1.fna,0.997516,0.875,1
GCF_040947125.1.fna,GCF_037700135.1.fna,0.974781,0.8333333333333334,1
GCF_040947125.1.fna,GCF_037700155.1.fna,0.976582,0.8333333333333334,1
GCF_040947125.1.fna,GCF_037700295.1.fna,0.974804,0.8333333333333334,1
GCF_040947125.1.fna,GCF_037700315.1.fna,0.984348,0.9166666666666666,1
GCF_040947125.1.fna,GCF_037700375.1.fna,0.991564,0.9166666666666666,1
GCF_040947125.1.fna,GCF_037700455.1.fna,0.991564,0.9166666666666666,1
GCF_040947125.1.fna,GCF_040947025.1.fna,0.971112,0.9166666666666666,1
GCF_040947125.1.fna,GCF_040947065.1.fna,0.982068,0.875,1
GCF_040947125.1.fna,GCF_040947125.1.fna,1.0,1.0,1
GCF_040947125.1.fna,GCF_040947205.1.fna,0.9575530000000001,0.9166666666666666,1
GCF_040947125.1.fna,GCF_040947225.1.fna,0.9912099999999999,0.8333333333333334,1
GCF_040947125.1.fna,GCF_040947605.1.fna,0.974381,0.8333333333333334,1
GCF_040947125.1.fna,GCF_040947645.1.fna,0.974381,0.8333333333333334,1
GCF_040947125.1.fna,GCF_047653515.1.fna,0.973903,0.875,1
GCF_040947125.1.fna,GCF_047653525.1.fna,0.9695010000000001,0.9166666666666666,1
GCF_040947125.1.fna,GCF_052950835.1.fna,0.97753,0.875,1
GCF_040947125.1.fna,GCF_900458635.1.fna,0.993001,0.9166666666666666,1
GCF_040947125.1.fna,GCF_964211265.1.fna,0.996027,0.875,1
GCF_040947205.1.fna,GCF_000269685.1.fna,0.98884,0.96,1
GCF_040947205.1.fna,GCF_002901845.1.fna,0.957689,0.88,1
GCF_040947205.1.fna,GCF_013267575.1.fna,0.975525,0.8,1
GCF_040947205.1.fna,GCF_015274535.1.fna,0.994161,0.84,1
GCF_040947205.1.fna,GCF_015274585.1.fna,0.994161,0.84,1
GCF_040947205.1.fna,GCF_015274655.1.fna,0.994161,0.84,1
GCF_040947205.1.fna,GCF_015274675.1.fna,0.98736,0.92,1
GCF_040947205.1.fna,GCF_017315625.1.fna,0.994919,0.84,1
GCF_040947205.1.fna,GCF_017315645.1.fna,0.988715,0.92,1
GCF_040947205.1.fna,GCF_022689565.1.fna,0.9898650000000001,0.84,1
GCF_040947205.1.fna,GCF_022689575.1.fna,0.975277,0.8,1
GCF_040947205.1.fna,GCF_022689615.1.fna,0.996026,0.84,1
GCF_040947205.1.fna,GCF_022689645.1.fna,0.967153,0.8,1
GCF_040947205.1.fna,GCF_022689665.1.fna,0.975179,0.8,1
GCF_040947205.1.fna,GCF_022689675.1.fna,0.996026,0.84,1
GCF_040947205.1.fna,GCF_022689705.1.fna,0.9754170000000001,0.8,1
GCF_040947205.1.fna,GCF_022689725.1.fna,0.975277,0.8,1
GCF_040947205.1.fna,GCF_022689745.1.fna,0.995898,0.84,1
GCF_040947205.1.fna,GCF_022689765.1.fna,0.9962099999999999,0.84,1
GCF_040947205.1.fna,GCF_022689775.1.fna,0.966105,0.8,1
GCF_040947205.1.fna,GCF_022689785.1.fna,0.9757779999999999,0.8,1
GCF_040947205.1.fna,GCF_022689825.1.fna,0.9962099999999999,0.84,1
GCF_040947205.1.fna,GCF_022689845.1.fna,0.978576,0.92,1
GCF_040947205.1.fna,GCF_022689855.1.fna,0.974694,0.8,1
GCF_040947205.1.fna,GCF_022689905.1.fna,0.99007,0.92,1
GCF_040947205.1.fna,GCF_022689925.1.fna,0.9697239999999999,0.8,1
GCF_040947205.1.fna,GCF_022689945.1.fna,0.986188,0.84,1
GCF_040947205.1.fna,GCF_022689965.1.fna,0.987226,0.92,1
GCF_040947205.1.fna,GCF_022689975.1.fna,0.9962099999999999,0.84,1
GCF_040947205.1.fna,GCF_022690005.1.fna,0.976769,0.8,1
GCF_040947205.1.fna,GCF_022690025.1.fna,0.975317,0.8,1
GCF_040947205.1.fna,GCF_022690045.1.fna,0.976769,0.8,1
GCF_040947205.1.fna,GCF_022690065.1.fna,0.98693,0.88,1
GCF_040947205.1.fna,GCF_022690085.1.fna,0.969407,0.84,1
GCF_040947205.1.fna,GCF_022690105.1.fna,0.996784,0.8,1
GCF_040947205.1.fna,GCF_022690115.1.fna,0.985827,0.8,1
GCF_040947205.1.fna,GCF_022690145.1.fna,0.98693,0.88,1
GCF_040947205.1.fna,GCF_022690165.1.fna,0.98693,0.88,1
GCF_040947205.1.fna,GCF_022690185.1.fna,0.975698,0.8,1
GCF_040947205.1.fna,GCF_022690205.1.fna,0.963955,0.8,1
GCF_040947205.1.fna,GCF_022690225.1.fna,0.9754649999999999,0.84,1
GCF_040947205.1.fna,GCF_022690245.1.fna,0.9943930000000001,0.84,1
GCF_040947205.1.fna,GCF_022690265.1.fna,0.9961709999999999,0.8,1
GCF_040947205.1.fna,GCF_022690275.1.fna,0.9962380000000001,0.84,1
GCF_040947205.1.fna,GCF_022690295.1.fna,0.975563,0.84,1
GCF_040947205.1.fna,GCF_022690325.1.fna,0.975535,0.8,1
GCF_040947205.1.fna,GCF_022690345.1.fna,0.992726,0.84,1
GCF_040947205.1.fna,GCF_022690375.1.fna,0.9686499999999999,0.88,1
GCF_040947205.1.fna,GCF_022690385.1.fna,0.996798,0.84,1
GCF_040947205.1.fna,GCF_022690425.1.fna,0.9943649999999999,0.8,1
GCF_040947205.1.fna,GCF_025143205.1.fna,0.996469,0.8,1
GCF_040947205.1.fna,GCF_025143445.1.fna,0.961384,0.92,1
GCF_040947205.1.fna,GCF_025143615.1.fna,0.975866,0.8,1
GCF_040947205.1.fna,GCF_029926865.1.fna,0.9933240000000001,0.84,1
GCF_040947205.1.fna,GCF_029926905.1.fna,0.9933240000000001,0.84,1
GCF_040947205.1.fna,GCF_029926915.1.fna,0.9933240000000001,0.84,1
GCF_040947205.1.fna,GCF_031631055.1.fna,0.9720690000000001,0.8,1
GCF_040947205.1.fna,GCF_031727055.1.fna,0.970082,0.84,1
GCF_040947205.1.fna,GCF_031727075.1.fna,0.996026,0.84,1
GCF_040947205.1.fna,GCF_031727235.1.fna,0.974694,0.8,1
GCF_040947205.1.fna,GCF_031727255.1.fna,0.975563,0.84,1
GCF_040947205.1.fna,GCF_031727275.1.fna,0.9764879999999999,0.8,1
GCF_040947205.1.fna,GCF_031727355.1.fna,0.993433,0.84,1
GCF_040947205.1.fna,GCF_031727455.1.fna,0.96738,0.8,1
GCF_040947205.1.fna,GCF_031727535.1.fna,0.975491,0.8,1
GCF_040947205.1.fna,GCF_031728075.1.fna,0.9943649999999999,0.8,1
GCF_040947205.1.fna,GCF_031728095.1.fna,0.9652729999999999,0.84,1
GCF_040947205.1.fna,GCF_031728115.1.fna,0.9952460000000001,0.84,1
GCF_040947205.1.fna,GCF_031728155.1.fna,0.994228,0.84,1
GCF_040947205.1.fna,GCF_031728235.1.fna,0.990799,0.84,1
GCF_040947205.1.fna,GCF_031728275.1.fna,0.973871,0.84,1
GCF_040947205.1.fna,GCF_031728295.1.fna,0.989271,0.92,1
GCF_040947205.1.fna,GCF_031728315.1.fna,0.99007,0.92,1
GCF_040947205.1.fna,GCF_031728335.1.fna,0.991737,0.84,1
GCF_040947205.1.fna,GCF_031728415.1.fna,0.962774,0.88,1
GCF_040947205.1.fna,GCF_031728455.1.fna,0.976394,0.8,1
GCF_040947205.1.fna,GCF_031728475.1.fna,0.993162,0.84,1
GCF_040947205.1.fna,GCF_031728495.1.fna,0.976587,0.8,1
GCF_040947205.1.fna,GCF_031728515.1.fna,0.987098,0.84,1
GCF_040947205.1.fna,GCF_031728555.1.fna,0.98693,0.88,1
GCF_040947205.1.fna,GCF_031728675.1.fna,0.975507,0.8,1
GCF_040947205.1.fna,GCF_031728695.1.fna,0.975001,0.8,1
GCF_040947205.1.fna,GCF_031728715.1.fna,0.975681,0.8,1
GCF_040947205.1.fna,GCF_031728735.1.fna,0.982548,0.92,1
GCF_040947205.1.fna,GCF_031728745.1.fna,0.98604,0.92,1
GCF_040947205.1.fna,GCF_031728795.1.fna,0.9759680000000001,0.8,1
GCF_040947205.1.fna,GCF_031728835.1.fna,0.995785,0.8,1
GCF_040947205.1.fna,GCF_031728895.1.fna,0.969775,0.88,1
GCF_040947205.1.fna,GCF_031729015.1.fna,0.975608,0.8,1
GCF_040947205.1.fna,GCF_036419895.1.fna,0.9757129999999999,0.8,1
GCF_040947205.1.fna,GCF_036420075.1.fna,0.986188,0.84,1
GCF_040947205.1.fna,GCF_037694985.1.fna,0.989363,0.92,1
GCF_040947205.1.fna,GCF_037695175.1.fna,0.9635809999999999,0.8,1
GCF_040947205.1.fna,GCF_037700135.1.fna,0.995976,0.84,1
GCF_040947205.1.fna,GCF_037700155.1.fna,0.995751,0.84,1
GCF_040947205.1.fna,GCF_037700295.1.fna,0.9976949999999999,0.8,1
GCF_040947205.1.fna,GCF_037700315.1.fna,0.971345,0.84,1
GCF_040947205.1.fna,GCF_037700375.1.fna,0.9666750000000001,0.92,1
GCF_040947205.1.fna,GCF_037700455.1.fna,0.966901,0.92,1
GCF_040947205.1.fna,GCF_040947025.1.fna,0.984024,0.92,1
GCF_040947205.1.fna,GCF_040947065.1.fna,0.9760169999999999,0.88,1
GCF_040947205.1.fna,GCF_040947125.1.fna,0.957816,0.88,1
GCF_040947205.1.fna,GCF_040947205.1.fna,1.0,1.0,1
GCF_040947205.1.fna,GCF_040947225.1.fna,0.9787269999999999,0.8,1
GCF_040947205.1.fna,GCF_040947605.1.fna,0.994879,0.84,1
GCF_040947205.1.fna,GCF_040947645.1.fna,0.994879,0.84,1
GCF_040947205.1.fna,GCF_047653515.1.fna,0.9954529999999999,0.84,1
GCF_040947205.1.fna,GCF_047653525.1.fna,0.995158,0.92,1
GCF_040947205.1.fna,GCF_052950835.1.fna,0.9766670000000001,0.8,1
GCF_040947205.1.fna,GCF_900458635.1.fna,0.967491,0.88,1
GCF_040947205.1.fna,GCF_964211265.1.fna,0.9765210000000001,0.8,1
GCF_040947225.1.fna,GCF_000269685.1.fna,0.97952,0.9545454545454546,1
GCF_040947225.1.fna,GCF_002901845.1.fna,0.9914270000000001,0.9090909090909091,1
GCF_040947225.1.fna,GCF_013267575.1.fna,0.9898990000000001,0.9090909090909091,1
GCF_040947225.1.fna,GCF_015274535.1.fna,0.978642,0.9545454545454546,1
GCF_040947225.1.fna,GCF_015274585.1.fna,0.978642,0.9545454545454546,1
GCF_040947225.1.fna,GCF_015274655.1.fna,0.978642,0.9545454545454546,1
GCF_040947225.1.fna,GCF_015274675.1.fna,0.979628,0.9545454545454546,1
GCF_040947225.1.fna,GCF_017315625.1.fna,0.981241,0.9545454545454546,1
GCF_040947225.1.fna,GCF_017315645.1.fna,0.9800190000000001,0.9545454545454546,1
GCF_040947225.1.fna,GCF_022689565.1.fna,0.9789100000000001,0.9090909090909091,1
GCF_040947225.1.fna,GCF_022689575.1.fna,0.9906950000000001,0.9545454545454546,1
GCF_040947225.1.fna,GCF_022689615.1.fna,0.978553,0.9090909090909091,1
GCF_040947225.1.fna,GCF_022689645.1.fna,0.9912449999999999,0.9090909090909091,1
GCF_040947225.1.fna,GCF_022689665.1.fna,0.990479,0.9545454545454546,1
GCF_040947225.1.fna,GCF_022689675.1.fna,0.979135,0.9545454545454546,1
GCF_040947225.1.fna,GCF_022689705.1.fna,0.991002,0.9545454545454546,1
GCF_040947225.1.fna,GCF_022689725.1.fna,0.9910169999999999,0.9545454545454546,1
GCF_040947225.1.fna,GCF_022689745.1.fna,0.9790479999999999,0.9545454545454546,1
GCF_040947225.1.fna,GCF_022689765.1.fna,0.978811,0.9545454545454546,1
GCF_040947225.1.fna,GCF_022689775.1.fna,0.9906189999999999,0.9090909090909091,1
GCF_040947225.1.fna,GCF_022689785.1.fna,0.9903489999999999,0.9545454545454546,1
GCF_040947225.1.fna,GCF_022689825.1.fna,0.9787210000000001,0.9545454545454546,1
GCF_040947225.1.fna,GCF_022689845.1.fna,0.978421,0.9090909090909091,1
GCF_040947225.1.fna,GCF_022689855.1.fna,0.990907,0.9545454545454546,1
GCF_040947225.1.fna,GCF_022689905.1.fna,0.979117,0.9545454545454546,1
GCF_040947225.1.fna,GCF_022689925.1.fna,0.9719570000000001,0.8636363636363636,1
GCF_040947225.1.fna,GCF_022689945.1.fna,0.9704349999999999,0.8636363636363636,1
GCF_040947225.1.fna,GCF_022689965.1.fna,0.9801179999999999,0.9545454545454546,1
GCF_040947225.1.fna,GCF_022689975.1.fna,0.9784050000000001,0.9545454545454546,1
GCF_040947225.1.fna,GCF_022690005.1.fna,0.995223,0.9545454545454546,1
GCF_040947225.1.fna,GCF_022690025.1.fna,0.990526,0.9545454545454546,1
GCF_040947225.1.fna,GCF_022690045.1.fna,0.995223,0.9545454545454546,1
GCF_040947225.1.fna,GCF_022690065.1.fna,0.978275,0.9545454545454546,1
GCF_040947225.1.fna,GCF_022690085.1.fna,0.970991,0.9545454545454546,1
GCF_040947225.1.fna,GCF_022690105.1.fna,0.9782139999999999,0.9545454545454546,1
GCF_040947225.1.fna,GCF_022690115.1.fna,0.975993,0.9545454545454546,1
GCF_040947225.1.fna,GCF_022690145.1.fna,0.978275,0.9545454545454546,1
GCF_040947225.1.fna,GCF_022690165.1.fna,0.97863,0.9545454545454546,1
GCF_040947225.1.fna,GCF_022690185.1.fna,0.9904000000000001,0.9545454545454546,1
GCF_040947225.1.fna,GCF_022690205.1.fna,0.990602,0.9090909090909091,1
GCF_040947225.1.fna,GCF_022690225.1.fna,0.991178,0.9090909090909091,1
GCF_040947225.1.fna,GCF_022690245.1.fna,0.978229,0.9545454545454546,1
GCF_040947225.1.fna,GCF_022690265.1.fna,0.9782559999999999,0.9545454545454546,1
GCF_040947225.1.fna,GCF_022690275.1.fna,0.977654,0.9090909090909091,1
GCF_040947225.1.fna,GCF_022690295.1.fna,0.959293,0.9090909090909091,1
GCF_040947225.1.fna,GCF_022690325.1.fna,0.992175,0.9545454545454546,1
GCF_040947225.1.fna,GCF_022690345.1.fna,0.978014,0.9545454545454546,1
GCF_040947225.1.fna,GCF_022690375.1.fna,0.99086,0.9090909090909091,1
GCF_040947225.1.fna,GCF_022690385.1.fna,0.9787170000000001,0.9545454545454546,1
GCF_040947225.1.fna,GCF_022690425.1.fna,0.978244,0.9545454545454546,1
GCF_040947225.1.fna,GCF_025143205.1.fna,0.978542,0.9545454545454546,1
GCF_040947225.1.fna,GCF_025143445.1.fna,0.992691,0.9090909090909091,1
GCF_040947225.1.fna,GCF_025143615.1.fna,0.991032,0.9545454545454546,1
GCF_040947225.1.fna,GCF_029926865.1.fna,0.979964,0.9545454545454546,1
GCF_040947225.1.fna,GCF_029926905.1.fna,0.979964,0.9545454545454546,1
GCF_040947225.1.fna,GCF_029926915.1.fna,0.979964,0.9545454545454546,1
GCF_040947225.1.fna,GCF_031631055.1.fna,0.987323,0.9090909090909091,1
GCF_040947225.1.fna,GCF_031727055.1.fna,0.988428,0.9545454545454546,1
GCF_040947225.1.fna,GCF_031727075.1.fna,0.979134,0.9545454545454546,1
GCF_040947225.1.fna,GCF_031727235.1.fna,0.991328,0.9545454545454546,1
GCF_040947225.1.fna,GCF_031727255.1.fna,0.959293,0.9090909090909091,1
GCF_040947225.1.fna,GCF_031727275.1.fna,0.994934,0.9545454545454546,1
GCF_040947225.1.fna,GCF_031727355.1.fna,0.9789100000000001,0.9090909090909091,1
GCF_040947225.1.fna,GCF_031727455.1.fna,0.971789,0.9090909090909091,1
GCF_040947225.1.fna,GCF_031727535.1.fna,0.9911629999999999,0.9545454545454546,1
GCF_040947225.1.fna,GCF_031728075.1.fna,0.978244,0.9545454545454546,1
GCF_040947225.1.fna,GCF_031728095.1.fna,0.9897750000000001,0.9545454545454546,1
GCF_040947225.1.fna,GCF_031728115.1.fna,0.979891,0.9545454545454546,1
GCF_040947225.1.fna,GCF_031728155.1.fna,0.9800570000000001,0.9545454545454546,1
GCF_040947225.1.fna,GCF_031728235.1.fna,0.978905,0.9545454545454546,1
GCF_040947225.1.fna,GCF_031728275.1.fna,0.99261,0.9545454545454546,1
GCF_040947225.1.fna,GCF_031728295.1.fna,0.9797,0.9545454545454546,1
GCF_040947225.1.fna,GCF_031728315.1.fna,0.9795229999999999,0.9545454545454546,1
GCF_040947225.1.fna,GCF_031728335.1.fna,0.9786400000000001,0.9545454545454546,1
GCF_040947225.1.fna,GCF_031728415.1.fna,0.995433,1.0,1
GCF_040947225.1.fna,GCF_031728455.1.fna,0.995056,1.0,1
GCF_040947225.1.fna,GCF_031728475.1.fna,0.97702,0.9545454545454546,1
GCF_040947225.1.fna,GCF_031728495.1.fna,0.995396,1.0,1
GCF_040947225.1.fna,GCF_031728515.1.fna,0.9591379999999999,0.9090909090909091,1
GCF_040947225.1.fna,GCF_031728555.1.fna,0.978706,0.9545454545454546,1
GCF_040947225.1.fna,GCF_031728675.1.fna,0.990304,0.9545454545454546,1
GCF_040947225.1.fna,GCF_031728695.1.fna,0.9902190000000001,0.9545454545454546,1
GCF_040947225.1.fna,GCF_031728715.1.fna,0.9908830000000001,0.9545454545454546,1
GCF_040947225.1.fna,GCF_031728735.1.fna,0.976584,0.9545454545454546,1
GCF_040947225.1.fna,GCF_031728745.1.fna,0.97989,0.9090909090909091,1
GCF_040947225.1.fna,GCF_031728795.1.fna,0.9911329999999999,0.9545454545454546,1
GCF_040947225.1.fna,GCF_031728835.1.fna,0.978485,0.9545454545454546,1
GCF_040947225.1.fna,GCF_031728895.1.fna,0.9933960000000001,0.9545454545454546,1
GCF_040947225.1.fna,GCF_031729015.1.fna,0.990762,0.9090909090909091,1
GCF_040947225.1.fna,GCF_036419895.1.fna,0.9909990000000001,0.9545454545454546,1
GCF_040947225.1.fna,GCF_036420075.1.fna,0.9704349999999999,0.8636363636363636,1
GCF_040947225.1.fna,GCF_037694985.1.fna,0.9782080000000001,0.9545454545454546,1
GCF_040947225.1.fna,GCF_037695175.1.fna,0.9913379999999999,0.9090909090909091,1
GCF_040947225.1.fna,GCF_037700135.1.fna,0.9782980000000001,0.9545454545454546,1
GCF_040947225.1.fna,GCF_037700155.1.fna,0.979286,0.9545454545454546,1
GCF_040947225.1.fna,GCF_037700295.1.fna,0.979268,0.9090909090909091,1
GCF_040947225.1.fna,GCF_037700315.1.fna,0.989573,0.9545454545454546,1
GCF_040947225.1.fna,GCF_037700375.1.fna,0.990441,0.9545454545454546,1
GCF_040947225.1.fna,GCF_037700455.1.fna,0.99113,0.9545454545454546,1
GCF_040947225.1.fna,GCF_040947025.1.fna,0.978864,0.9545454545454546,1
GCF_040947225.1.fna,GCF_040947065.1.fna,0.9882219999999999,0.9545454545454546,1
GCF_040947225.1.fna,GCF_040947125.1.fna,0.991231,0.9090909090909091,1
GCF_040947225.1.fna,GCF_040947205.1.fna,0.978009,0.9090909090909091,1
GCF_040947225.1.fna,GCF_040947225.1.fna,1.0,1.0,1
GCF_040947225.1.fna,GCF_040947605.1.fna,0.978227,0.9545454545454546,1
GCF_040947225.1.fna,GCF_040947645.1.fna,0.977892,0.9090909090909091,1
GCF_040947225.1.fna,GCF_047653515.1.fna,0.9794759999999999,0.9545454545454546,1
GCF_040947225.1.fna,GCF_047653525.1.fna,0.979293,0.9545454545454546,1
GCF_040947225.1.fna,GCF_052950835.1.fna,0.988117,0.9090909090909091,1
GCF_040947225.1.fna,GCF_900458635.1.fna,0.9914270000000001,0.9090909090909091,1
GCF_040947225.1.fna,GCF_964211265.1.fna,0.9906579999999999,0.9545454545454546,1
GCF_040947605.1.fna,GCF_000269685.1.fna,0.995198,0.9545454545454546,1
GCF_040947605.1.fna,GCF_002901845.1.fna,0.975018,0.9090909090909091,1
GCF_040947605.1.fna,GCF_013267575.1.fna,0.975202,0.9090909090909091,1
GCF_040947605.1.fna,GCF_015274535.1.fna,0.994645,1.0,1
GCF_040947605.1.fna,GCF_015274585.1.fna,0.994645,1.0,1
GCF_040947605.1.fna,GCF_015274655.1.fna,0.994645,1.0,1
GCF_040947605.1.fna,GCF_015274675.1.fna,0.995142,0.9545454545454546,1
GCF_040947605.1.fna,GCF_017315625.1.fna,0.9945440000000001,0.9545454545454546,1
GCF_040947605.1.fna,GCF_017315645.1.fna,0.994216,0.9545454545454546,1
GCF_040947605.1.fna,GCF_022689565.1.fna,0.994023,0.9090909090909091,1
GCF_040947605.1.fna,GCF_022689575.1.fna,0.974785,0.9545454545454546,1
GCF_040947605.1.fna,GCF_022689615.1.fna,0.9968319999999999,0.9090909090909091,1
GCF_040947605.1.fna,GCF_022689645.1.fna,0.975203,0.9090909090909091,1
GCF_040947605.1.fna,GCF_022689665.1.fna,0.9745010000000001,0.9545454545454546,1
GCF_040947605.1.fna,GCF_022689675.1.fna,0.996804,0.9545454545454546,1
GCF_040947605.1.fna,GCF_022689705.1.fna,0.9754640000000001,0.9545454545454546,1
GCF_040947605.1.fna,GCF_022689725.1.fna,0.9750679999999999,0.9545454545454546,1
GCF_040947605.1.fna,GCF_022689745.1.fna,0.996607,0.9545454545454546,1
GCF_040947605.1.fna,GCF_022689765.1.fna,0.9968980000000001,0.9545454545454546,1
GCF_040947605.1.fna,GCF_022689775.1.fna,0.975377,0.9090909090909091,1
GCF_040947605.1.fna,GCF_022689785.1.fna,0.975298,0.9545454545454546,1
GCF_040947605.1.fna,GCF_022689825.1.fna,0.9968309999999999,0.9545454545454546,1
GCF_040947605.1.fna,GCF_022689845.1.fna,0.996842,0.9090909090909091,1
GCF_040947605.1.fna,GCF_022689855.1.fna,0.974458,0.9545454545454546,1
GCF_040947605.1.fna,GCF_022689905.1.fna,0.9956900000000001,0.9545454545454546,1
GCF_040947605.1.fna,GCF_022689925.1.fna,0.968032,0.8636363636363636,1
GCF_040947605.1.fna,GCF_022689945.1.fna,0.986418,0.8636363636363636,1
GCF_040947605.1.fna,GCF_022689965.1.fna,0.9933719999999999,0.9545454545454546,1
GCF_040947605.1.fna,GCF_022689975.1.fna,0.9963630000000001,0.9545454545454546,1
GCF_040947605.1.fna,GCF_022690005.1.fna,0.976221,0.9545454545454546,1
GCF_040947605.1.fna,GCF_022690025.1.fna,0.974632,0.9545454545454546,1
GCF_040947605.1.fna,GCF_022690045.1.fna,0.976221,0.9545454545454546,1
GCF_040947605.1.fna,GCF_022690065.1.fna,0.997204,0.9545454545454546,1
GCF_040947605.1.fna,GCF_022690085.1.fna,0.967806,0.9545454545454546,1
GCF_040947605.1.fna,GCF_022690105.1.fna,0.996841,0.9545454545454546,1
GCF_040947605.1.fna,GCF_022690115.1.fna,0.985231,0.9545454545454546,1
GCF_040947605.1.fna,GCF_022690145.1.fna,0.997204,0.9545454545454546,1
GCF_040947605.1.fna,GCF_022690165.1.fna,0.997687,0.9545454545454546,1
GCF_040947605.1.fna,GCF_022690185.1.fna,0.975245,0.9545454545454546,1
GCF_040947605.1.fna,GCF_022690205.1.fna,0.975353,0.9090909090909091,1
GCF_040947605.1.fna,GCF_022690225.1.fna,0.973887,0.9545454545454546,1
GCF_040947605.1.fna,GCF_022690245.1.fna,0.993377,1.0,1
GCF_040947605.1.fna,GCF_022690265.1.fna,0.9971840000000001,0.9545454545454546,1
GCF_040947605.1.fna,GCF_022690275.1.fna,0.9977290000000001,0.9090909090909091,1
GCF_040947605.1.fna,GCF_022690295.1.fna,0.9745480000000001,0.9090909090909091,1
GCF_040947605.1.fna,GCF_022690325.1.fna,0.975098,0.9545454545454546,1
GCF_040947605.1.fna,GCF_022690345.1.fna,0.992838,0.9545454545454546,1
GCF_040947605.1.fna,GCF_022690375.1.fna,0.9762909999999999,0.9090909090909091,1
GCF_040947605.1.fna,GCF_022690385.1.fna,0.996528,0.9090909090909091,1
GCF_040947605.1.fna,GCF_022690425.1.fna,0.994733,0.9545454545454546,1
GCF_040947605.1.fna,GCF_025143205.1.fna,0.997236,0.9545454545454546,1
GCF_040947605.1.fna,GCF_025143445.1.fna,0.974681,0.9545454545454546,1
GCF_040947605.1.fna,GCF_025143615.1.fna,0.9758830000000001,0.9545454545454546,1
GCF_040947605.1.fna,GCF_029926865.1.fna,0.993163,0.9545454545454546,1
GCF_040947605.1.fna,GCF_029926905.1.fna,0.993163,0.9545454545454546,1
GCF_040947605.1.fna,GCF_029926915.1.fna,0.993163,0.9545454545454546,1
GCF_040947605.1.fna,GCF_031631055.1.fna,0.9793179999999999,0.9090909090909091,1
GCF_040947605.1.fna,GCF_031727055.1.fna,0.9745659999999999,0.9545454545454546,1
GCF_040947605.1.fna,GCF_031727075.1.fna,0.996804,0.9545454545454546,1
GCF_040947605.1.fna,GCF_031727235.1.fna,0.974855,0.9545454545454546,1
GCF_040947605.1.fna,GCF_031727255.1.fna,0.9745480000000001,0.9090909090909091,1
GCF_040947605.1.fna,GCF_031727275.1.fna,0.9754590000000001,0.9090909090909091,1
GCF_040947605.1.fna,GCF_031727355.1.fna,0.994023,0.9090909090909091,1
GCF_040947605.1.fna,GCF_031727455.1.fna,0.968394,0.9090909090909091,1
GCF_040947605.1.fna,GCF_031727535.1.fna,0.975326,0.9545454545454546,1
GCF_040947605.1.fna,GCF_031728075.1.fna,0.994733,0.9545454545454546,1
GCF_040947605.1.fna,GCF_031728095.1.fna,0.974796,0.9090909090909091,1
GCF_040947605.1.fna,GCF_031728115.1.fna,0.996036,0.9545454545454546,1
GCF_040947605.1.fna,GCF_031728155.1.fna,0.994694,0.9090909090909091,1
GCF_040947605.1.fna,GCF_031728235.1.fna,0.9967959999999999,0.9545454545454546,1
GCF_040947605.1.fna,GCF_031728275.1.fna,0.9759220000000001,0.9545454545454546,1
GCF_040947605.1.fna,GCF_031728295.1.fna,0.994988,0.9545454545454546,1
GCF_040947605.1.fna,GCF_031728315.1.fna,0.996225,0.9545454545454546,1
GCF_040947605.1.fna,GCF_031728335.1.fna,0.997397,0.9545454545454546,1
GCF_040947605.1.fna,GCF_031728415.1.fna,0.976553,0.9545454545454546,1
GCF_040947605.1.fna,GCF_031728455.1.fna,0.976075,0.9090909090909091,1
GCF_040947605.1.fna,GCF_031728475.1.fna,0.9946200000000001,0.9545454545454546,1
GCF_040947605.1.fna,GCF_031728495.1.fna,0.976568,0.9545454545454546,1
GCF_040947605.1.fna,GCF_031728515.1.fna,0.974575,0.9090909090909091,1
GCF_040947605.1.fna,GCF_031728555.1.fna,0.997745,0.9545454545454546,1
GCF_040947605.1.fna,GCF_031728675.1.fna,0.975605,0.9545454545454546,1
GCF_040947605.1.fna,GCF_031728695.1.fna,0.975124,0.9545454545454546,1
GCF_040947605.1.fna,GCF_031728715.1.fna,0.975762,0.9545454545454546,1
GCF_040947605.1.fna,GCF_031728735.1.fna,0.993466,0.9090909090909091,1
GCF_040947605.1.fna,GCF_031728745.1.fna,0.9958079999999999,0.9090909090909091,1
GCF_040947605.1.fna,GCF_031728795.1.fna,0.9760169999999999,0.9545454545454546,1
GCF_040947605.1.fna,GCF_031728835.1.fna,0.997282,0.9545454545454546,1
GCF_040947605.1.fna,GCF_031728895.1.fna,0.975895,0.9545454545454546,1
GCF_040947605.1.fna,GCF_031729015.1.fna,0.97528,0.9090909090909091,1
GCF_040947605.1.fna,GCF_036419895.1.fna,0.975831,0.9545454545454546,1
GCF_040947605.1.fna,GCF_036420075.1.fna,0.986418,0.8636363636363636,1
GCF_040947605.1.fna,GCF_037694985.1.fna,0.9946550000000001,0.9545454545454546,1
GCF_040947605.1.fna,GCF_037695175.1.fna,0.9747520000000001,0.9090909090909091,1
GCF_040947605.1.fna,GCF_037700135.1.fna,0.996254,0.9545454545454546,1
GCF_040947605.1.fna,GCF_037700155.1.fna,0.9949469999999999,0.9545454545454546,1
GCF_040947605.1.fna,GCF_037700295.1.fna,0.996794,0.9090909090909091,1
GCF_040947605.1.fna,GCF_037700315.1.fna,0.975097,0.9545454545454546,1
GCF_040947605.1.fna,GCF_037700375.1.fna,0.97493,1.0,1
GCF_040947605.1.fna,GCF_037700455.1.fna,0.975637,1.0,1
GCF_040947605.1.fna,GCF_040947025.1.fna,0.9912479999999999,0.9545454545454546,1
GCF_040947605.1.fna,GCF_040947065.1.fna,0.982482,1.0,1
GCF_040947605.1.fna,GCF_040947125.1.fna,0.974659,0.9090909090909091,1
GCF_040947605.1.fna,GCF_040947205.1.fna,0.994239,0.9545454545454546,1
GCF_040947605.1.fna,GCF_040947225.1.fna,0.978039,0.9090909090909091,1
GCF_040947605.1.fna,GCF_040947605.1.fna,1.0,1.0,1
GCF_040947605.1.fna,GCF_040947645.1.fna,1.0,0.9545454545454546,1
GCF_040947605.1.fna,GCF_047653515.1.fna,0.995434,0.9545454545454546,1
GCF_040947605.1.fna,GCF_047653525.1.fna,0.997165,0.9545454545454546,1
GCF_040947605.1.fna,GCF_052950835.1.fna,0.97982,0.9090909090909091,1
GCF_040947605.1.fna,GCF_900458635.1.fna,0.975018,0.9090909090909091,1
GCF_040947605.1.fna,GCF_964211265.1.fna,0.975889,0.9545454545454546,1
GCF_040947645.1.fna,GCF_000269685.1.fna,0.9950629999999999,0.9545454545454546,1
GCF_040947645.1.fna,GCF_002901845.1.fna,0.975018,0.9090909090909091,1
GCF_040947645.1.fna,GCF_013267575.1.fna,0.975655,0.9545454545454546,1
GCF_040947645.1.fna,GCF_015274535.1.fna,0.99456,1.0,1
GCF_040947645.1.fna,GCF_015274585.1.fna,0.99456,1.0,1
GCF_040947645.1.fna,GCF_015274655.1.fna,0.99456,1.0,1
GCF_040947645.1.fna,GCF_015274675.1.fna,0.994988,0.9545454545454546,1
GCF_040947645.1.fna,GCF_017315625.1.fna,0.994572,0.9545454545454546,1
GCF_040947645.1.fna,GCF_017315645.1.fna,0.9942789999999999,0.9545454545454546,1
GCF_040947645.1.fna,GCF_022689565.1.fna,0.994023,0.9090909090909091,1
GCF_040947645.1.fna,GCF_022689575.1.fna,0.9752160000000001,0.9545454545454546,1
GCF_040947645.1.fna,GCF_022689615.1.fna,0.996884,0.9090909090909091,1
GCF_040947645.1.fna,GCF_022689645.1.fna,0.975203,0.9090909090909091,1
GCF_040947645.1.fna,GCF_022689665.1.fna,0.975012,0.9545454545454546,1
GCF_040947645.1.fna,GCF_022689675.1.fna,0.996854,0.9545454545454546,1
GCF_040947645.1.fna,GCF_022689705.1.fna,0.975545,0.9545454545454546,1
GCF_040947645.1.fna,GCF_022689725.1.fna,0.9752160000000001,0.9545454545454546,1
GCF_040947645.1.fna,GCF_022689745.1.fna,0.9967659999999999,0.9545454545454546,1
GCF_040947645.1.fna,GCF_022689765.1.fna,0.9968170000000001,0.9545454545454546,1
GCF_040947645.1.fna,GCF_022689775.1.fna,0.975377,0.9090909090909091,1
GCF_040947645.1.fna,GCF_022689785.1.fna,0.9757729999999999,0.9545454545454546,1
GCF_040947645.1.fna,GCF_022689825.1.fna,0.9968170000000001,0.9545454545454546,1
GCF_040947645.1.fna,GCF_022689845.1.fna,0.996842,0.9090909090909091,1
GCF_040947645.1.fna,GCF_022689855.1.fna,0.9748269999999999,0.9545454545454546,1
GCF_040947645.1.fna,GCF_022689905.1.fna,0.9960899999999999,0.9545454545454546,1
GCF_040947645.1.fna,GCF_022689925.1.fna,0.96882,0.8636363636363636,1
GCF_040947645.1.fna,GCF_022689945.1.fna,0.986418,0.8636363636363636,1
GCF_040947645.1.fna,GCF_022689965.1.fna,0.993429,0.9545454545454546,1
GCF_040947645.1.fna,GCF_022689975.1.fna,0.996763,0.9545454545454546,1
GCF_040947645.1.fna,GCF_022690005.1.fna,0.976713,0.9545454545454546,1
GCF_040947645.1.fna,GCF_022690025.1.fna,0.9751340000000001,0.9545454545454546,1
GCF_040947645.1.fna,GCF_022690045.1.fna,0.976713,0.9545454545454546,1
GCF_040947645.1.fna,GCF_022690065.1.fna,0.997591,0.9545454545454546,1
GCF_040947645.1.fna,GCF_022690085.1.fna,0.9685680000000001,0.9545454545454546,1
GCF_040947645.1.fna,GCF_022690105.1.fna,0.997318,0.9545454545454546,1
GCF_040947645.1.fna,GCF_022690115.1.fna,0.985238,0.9545454545454546,1
GCF_040947645.1.fna,GCF_022690145.1.fna,0.997591,0.9545454545454546,1
GCF_040947645.1.fna,GCF_022690165.1.fna,0.9976649999999999,0.9545454545454546,1
GCF_040947645.1.fna,GCF_022690185.1.fna,0.97572,0.9545454545454546,1
GCF_040947645.1.fna,GCF_022690205.1.fna,0.975353,0.9090909090909091,1
GCF_040947645.1.fna,GCF_022690225.1.fna,0.9744039999999999,0.9545454545454546,1
GCF_040947645.1.fna,GCF_022690245.1.fna,0.993364,1.0,1
GCF_040947645.1.fna,GCF_022690265.1.fna,0.997571,0.9545454545454546,1
GCF_040947645.1.fna,GCF_022690275.1.fna,0.997795,0.9090909090909091,1
GCF_040947645.1.fna,GCF_022690295.1.fna,0.9745480000000001,0.9090909090909091,1
GCF_040947645.1.fna,GCF_022690325.1.fna,0.97548,0.9545454545454546,1
GCF_040947645.1.fna,GCF_022690345.1.fna,0.993215,0.9545454545454546,1
GCF_040947645.1.fna,GCF_022690375.1.fna,0.976414,0.9545454545454546,1
GCF_040947645.1.fna,GCF_022690385.1.fna,0.996289,0.9545454545454546,1
GCF_040947645.1.fna,GCF_022690425.1.fna,0.9947010000000001,0.9545454545454546,1
GCF_040947645.1.fna,GCF_025143205.1.fna,0.9971559999999999,0.9545454545454546,1
GCF_040947645.1.fna,GCF_025143445.1.fna,0.9747539999999999,0.9545454545454546,1
GCF_040947645.1.fna,GCF_025143615.1.fna,0.975839,0.9545454545454546,1
GCF_040947645.1.fna,GCF_029926865.1.fna,0.992957,0.9545454545454546,1
GCF_040947645.1.fna,GCF_029926905.1.fna,0.992957,0.9545454545454546,1
GCF_040947645.1.fna,GCF_029926915.1.fna,0.992957,0.9545454545454546,1
GCF_040947645.1.fna,GCF_031631055.1.fna,0.980011,0.9090909090909091,1
GCF_040947645.1.fna,GCF_031727055.1.fna,0.9746389999999999,0.9545454545454546,1
GCF_040947645.1.fna,GCF_031727075.1.fna,0.996854,0.9545454545454546,1
GCF_040947645.1.fna,GCF_031727235.1.fna,0.9748269999999999,0.9545454545454546,1
GCF_040947645.1.fna,GCF_031727255.1.fna,0.9745480000000001,0.9090909090909091,1
GCF_040947645.1.fna,GCF_031727275.1.fna,0.975779,0.9090909090909091,1
GCF_040947645.1.fna,GCF_031727355.1.fna,0.994023,0.9090909090909091,1
GCF_040947645.1.fna,GCF_031727455.1.fna,0.968394,0.9090909090909091,1
GCF_040947645.1.fna,GCF_031727535.1.fna,0.975404,0.9545454545454546,1
GCF_040947645.1.fna,GCF_031728075.1.fna,0.9947,0.9545454545454546,1
GCF_040947645.1.fna,GCF_031728095.1.fna,0.975213,0.9545454545454546,1
GCF_040947645.1.fna,GCF_031728115.1.fna,0.996016,0.9545454545454546,1
GCF_040947645.1.fna,GCF_031728155.1.fna,0.994772,0.9545454545454546,1
GCF_040947645.1.fna,GCF_031728235.1.fna,0.996727,0.9545454545454546,1
GCF_040947645.1.fna,GCF_031728275.1.fna,0.976256,1.0,1
GCF_040947645.1.fna,GCF_031728295.1.fna,0.994988,0.9545454545454546,1
GCF_040947645.1.fna,GCF_031728315.1.fna,0.996144,0.9545454545454546,1
GCF_040947645.1.fna,GCF_031728335.1.fna,0.9973779999999999,0.9545454545454546,1
GCF_040947645.1.fna,GCF_031728415.1.fna,0.976524,0.9545454545454546,1
GCF_040947645.1.fna,GCF_031728455.1.fna,0.976404,0.9545454545454546,1
GCF_040947645.1.fna,GCF_031728475.1.fna,0.994216,0.9545454545454546,1
GCF_040947645.1.fna,GCF_031728495.1.fna,0.976511,0.9545454545454546,1
GCF_040947645.1.fna,GCF_031728515.1.fna,0.974575,0.9090909090909091,1
GCF_040947645.1.fna,GCF_031728555.1.fna,0.9976649999999999,0.9545454545454546,1
GCF_040947645.1.fna,GCF_031728675.1.fna,0.9755769999999999,0.9545454545454546,1
GCF_040947645.1.fna,GCF_031728695.1.fna,0.9750960000000001,0.9545454545454546,1
GCF_040947645.1.fna,GCF_031728715.1.fna,0.975718,0.9545454545454546,1
GCF_040947645.1.fna,GCF_031728735.1.fna,0.9931,0.9545454545454546,1
GCF_040947645.1.fna,GCF_031728745.1.fna,0.9959279999999999,0.9545454545454546,1
GCF_040947645.1.fna,GCF_031728795.1.fna,0.975949,0.9545454545454546,1
GCF_040947645.1.fna,GCF_031728835.1.fna,0.997202,0.9545454545454546,1
GCF_040947645.1.fna,GCF_031728895.1.fna,0.9762430000000001,1.0,1
GCF_040947645.1.fna,GCF_031729015.1.fna,0.9750719999999999,0.9090909090909091,1
GCF_040947645.1.fna,GCF_036419895.1.fna,0.975787,0.9545454545454546,1
GCF_040947645.1.fna,GCF_036420075.1.fna,0.986418,0.8636363636363636,1
GCF_040947645.1.fna,GCF_037694985.1.fna,0.9953310000000001,0.9545454545454546,1
GCF_040947645.1.fna,GCF_037695175.1.fna,0.9747520000000001,0.9090909090909091,1
GCF_040947645.1.fna,GCF_037700135.1.fna,0.996645,0.9545454545454546,1
GCF_040947645.1.fna,GCF_037700155.1.fna,0.9954430000000001,0.9545454545454546,1
GCF_040947645.1.fna,GCF_037700295.1.fna,0.9973069999999999,0.9090909090909091,1
GCF_040947645.1.fna,GCF_037700315.1.fna,0.97571,0.9545454545454546,1
GCF_040947645.1.fna,GCF_037700375.1.fna,0.975475,1.0,1
GCF_040947645.1.fna,GCF_037700455.1.fna,0.975767,1.0,1
GCF_040947645.1.fna,GCF_040947025.1.fna,0.9917940000000001,0.9545454545454546,1
GCF_040947645.1.fna,GCF_040947065.1.fna,0.982402,1.0,1
GCF_040947645.1.fna,GCF_040947125.1.fna,0.974659,0.9090909090909091,1
GCF_040947645.1.fna,GCF_040947205.1.fna,0.994731,0.9545454545454546,1
GCF_040947645.1.fna,GCF_040947225.1.fna,0.97833,0.9545454545454546,1
GCF_040947645.1.fna,GCF_040947605.1.fna,1.0,1.0,1
GCF_040947645.1.fna,GCF_040947645.1.fna,1.0,1.0,1
GCF_040947645.1.fna,GCF_047653515.1.fna,0.9953400000000001,0.9545454545454546,1
GCF_040947645.1.fna,GCF_047653525.1.fna,0.9971519999999999,0.9545454545454546,1
GCF_040947645.1.fna,GCF_052950835.1.fna,0.979776,0.9090909090909091,1
GCF_040947645.1.fna,GCF_900458635.1.fna,0.975018,0.9090909090909091,1
GCF_040947645.1.fna,GCF_964211265.1.fna,0.9764360000000001,0.9545454545454546,1
GCF_047653515.1.fna,GCF_000269685.1.fna,0.989041,0.8148148148148148,1
GCF_047653515.1.fna,GCF_002901845.1.fna,0.976467,0.7407407407407407,1
GCF_047653515.1.fna,GCF_013267575.1.fna,0.977033,0.7407407407407407,1
GCF_047653515.1.fna,GCF_015274535.1.fna,0.994075,0.7777777777777778,1
GCF_047653515.1.fna,GCF_015274585.1.fna,0.994281,0.7407407407407407,1
GCF_047653515.1.fna,GCF_015274655.1.fna,0.9941150000000001,0.7777777777777778,1
GCF_047653515.1.fna,GCF_015274675.1.fna,0.989136,0.8518518518518519,1
GCF_047653515.1.fna,GCF_017315625.1.fna,0.984364,0.8148148148148148,1
GCF_047653515.1.fna,GCF_017315645.1.fna,0.9946649999999999,0.8148148148148148,1
GCF_047653515.1.fna,GCF_022689565.1.fna,0.9915989999999999,0.7777777777777778,1
GCF_047653515.1.fna,GCF_022689575.1.fna,0.9666419999999999,0.8148148148148148,1
GCF_047653515.1.fna,GCF_022689615.1.fna,0.993462,0.8148148148148148,1
GCF_047653515.1.fna,GCF_022689645.1.fna,0.976634,0.7407407407407407,1
GCF_047653515.1.fna,GCF_022689665.1.fna,0.9662820000000001,0.8148148148148148,1
GCF_047653515.1.fna,GCF_022689675.1.fna,0.9930070000000001,0.7777777777777778,1
GCF_047653515.1.fna,GCF_022689705.1.fna,0.976634,0.7407407407407407,1
GCF_047653515.1.fna,GCF_022689725.1.fna,0.966944,0.8148148148148148,1
GCF_047653515.1.fna,GCF_022689745.1.fna,0.9937940000000001,0.8518518518518519,1
GCF_047653515.1.fna,GCF_022689765.1.fna,0.99074,0.8518518518518519,1
GCF_047653515.1.fna,GCF_022689775.1.fna,0.974075,0.7777777777777778,1
GCF_047653515.1.fna,GCF_022689785.1.fna,0.9771139999999999,0.7777777777777778,1
GCF_047653515.1.fna,GCF_022689825.1.fna,0.990527,0.8518518518518519,1
GCF_047653515.1.fna,GCF_022689845.1.fna,0.9947320000000001,0.7777777777777778,1
GCF_047653515.1.fna,GCF_022689855.1.fna,0.973211,0.8148148148148148,1
GCF_047653515.1.fna,GCF_022689905.1.fna,0.9920690000000001,0.8148148148148148,1
GCF_047653515.1.fna,GCF_022689925.1.fna,0.967317,0.7407407407407407,1
GCF_047653515.1.fna,GCF_022689945.1.fna,0.981743,0.8148148148148148,1
GCF_047653515.1.fna,GCF_022689965.1.fna,0.9923430000000001,0.7777777777777778,1
GCF_047653515.1.fna,GCF_022689975.1.fna,0.989769,0.8148148148148148,1
GCF_047653515.1.fna,GCF_022690005.1.fna,0.977274,0.7777777777777778,1
GCF_047653515.1.fna,GCF_022690025.1.fna,0.967537,0.8518518518518519,1
GCF_047653515.1.fna,GCF_022690045.1.fna,0.977274,0.7777777777777778,1
GCF_047653515.1.fna,GCF_022690065.1.fna,0.994867,0.8148148148148148,1
GCF_047653515.1.fna,GCF_022690085.1.fna,0.968199,0.7777777777777778,1
GCF_047653515.1.fna,GCF_022690105.1.fna,0.985281,0.8148148148148148,1
GCF_047653515.1.fna,GCF_022690115.1.fna,0.9809019999999999,0.8148148148148148,1
GCF_047653515.1.fna,GCF_022690145.1.fna,0.994614,0.8148148148148148,1
GCF_047653515.1.fna,GCF_022690165.1.fna,0.9956480000000001,0.7777777777777778,1
GCF_047653515.1.fna,GCF_022690185.1.fna,0.977239,0.7777777777777778,1
GCF_047653515.1.fna,GCF_022690205.1.fna,0.9740519999999999,0.7777777777777778,1
GCF_047653515.1.fna,GCF_022690225.1.fna,0.9756090000000001,0.7777777777777778,1
GCF_047653515.1.fna,GCF_022690245.1.fna,0.9945059999999999,0.8148148148148148,1
GCF_047653515.1.fna,GCF_022690265.1.fna,0.995066,0.7777777777777778,1
GCF_047653515.1.fna,GCF_022690275.1.fna,0.985231,0.7777777777777778,1
GCF_047653515.1.fna,GCF_022690295.1.fna,0.969434,0.8148148148148148,1
GCF_047653515.1.fna,GCF_022690325.1.fna,0.968002,0.8148148148148148,1
GCF_047653515.1.fna,GCF_022690345.1.fna,0.9783620000000001,0.8518518518518519,1
GCF_047653515.1.fna,GCF_022690375.1.fna,0.978468,0.7407407407407407,1
GCF_047653515.1.fna,GCF_022690385.1.fna,0.99425,0.7407407407407407,1
GCF_047653515.1.fna,GCF_022690425.1.fna,0.993484,0.8518518518518519,1
GCF_047653515.1.fna,GCF_025143205.1.fna,0.995432,0.7777777777777778,1
GCF_047653515.1.fna,GCF_025143445.1.fna,0.97595,0.7407407407407407,1
GCF_047653515.1.fna,GCF_025143615.1.fna,0.9740439999999999,0.7777777777777778,1
GCF_047653515.1.fna,GCF_029926865.1.fna,0.990839,0.8888888888888888,1
GCF_047653515.1.fna,GCF_029926905.1.fna,0.991387,0.8518518518518519,1
GCF_047653515.1.fna,GCF_029926915.1.fna,0.991387,0.8518518518518519,1
GCF_047653515.1.fna,GCF_031631055.1.fna,0.9784229999999999,0.7777777777777778,1
GCF_047653515.1.fna,GCF_031727055.1.fna,0.9723,0.8148148148148148,1
GCF_047653515.1.fna,GCF_031727075.1.fna,0.993417,0.8148148148148148,1
GCF_047653515.1.fna,GCF_031727235.1.fna,0.9732210000000001,0.7777777777777778,1
GCF_047653515.1.fna,GCF_031727255.1.fna,0.972042,0.8148148148148148,1
GCF_047653515.1.fna,GCF_031727275.1.fna,0.9721550000000001,0.7777777777777778,1
GCF_047653515.1.fna,GCF_031727355.1.fna,0.99303,0.8148148148148148,1
GCF_047653515.1.fna,GCF_031727455.1.fna,0.968955,0.7407407407407407,1
GCF_047653515.1.fna,GCF_031727535.1.fna,0.976634,0.7777777777777778,1
GCF_047653515.1.fna,GCF_031728075.1.fna,0.9932110000000001,0.8148148148148148,1
GCF_047653515.1.fna,GCF_031728095.1.fna,0.9764050000000001,0.7777777777777778,1
GCF_047653515.1.fna,GCF_031728115.1.fna,0.9924200000000001,0.8148148148148148,1
GCF_047653515.1.fna,GCF_031728155.1.fna,0.980934,0.8148148148148148,1
GCF_047653515.1.fna,GCF_031728235.1.fna,0.993907,0.8518518518518519,1
GCF_047653515.1.fna,GCF_031728275.1.fna,0.9774160000000001,0.7407407407407407,1
GCF_047653515.1.fna,GCF_031728295.1.fna,0.99507,0.8148148148148148,1
GCF_047653515.1.fna,GCF_031728315.1.fna,0.994113,0.7777777777777778,1
GCF_047653515.1.fna,GCF_031728335.1.fna,0.985097,0.8518518518518519,1
GCF_047653515.1.fna,GCF_031728415.1.fna,0.973977,0.7777777777777778,1
GCF_047653515.1.fna,GCF_031728455.1.fna,0.977243,0.7407407407407407,1
GCF_047653515.1.fna,GCF_031728475.1.fna,0.994517,0.8518518518518519,1
GCF_047653515.1.fna,GCF_031728495.1.fna,0.970693,0.8148148148148148,1
GCF_047653515.1.fna,GCF_031728515.1.fna,0.968286,0.8148148148148148,1
GCF_047653515.1.fna,GCF_031728555.1.fna,0.994029,0.8148148148148148,1
GCF_047653515.1.fna,GCF_031728675.1.fna,0.977324,0.7777777777777778,1
GCF_047653515.1.fna,GCF_031728695.1.fna,0.975583,0.7777777777777778,1
GCF_047653515.1.fna,GCF_031728715.1.fna,0.977462,0.7407407407407407,1
GCF_047653515.1.fna,GCF_031728735.1.fna,0.989239,0.7777777777777778,1
GCF_047653515.1.fna,GCF_031728745.1.fna,0.990078,0.8518518518518519,1
GCF_047653515.1.fna,GCF_031728795.1.fna,0.977436,0.8148148148148148,1
GCF_047653515.1.fna,GCF_031728835.1.fna,0.995946,0.8148148148148148,1
GCF_047653515.1.fna,GCF_031728895.1.fna,0.972842,0.7777777777777778,1
GCF_047653515.1.fna,GCF_031729015.1.fna,0.962561,0.8148148148148148,1
GCF_047653515.1.fna,GCF_036419895.1.fna,0.9626170000000001,0.8148148148148148,1
GCF_047653515.1.fna,GCF_036420075.1.fna,0.981743,0.8148148148148148,1
GCF_047653515.1.fna,GCF_037694985.1.fna,0.987553,0.8148148148148148,1
GCF_047653515.1.fna,GCF_037695175.1.fna,0.973936,0.7777777777777778,1
GCF_047653515.1.fna,GCF_037700135.1.fna,0.9941589999999999,0.8148148148148148,1
GCF_047653515.1.fna,GCF_037700155.1.fna,0.993322,0.8518518518518519,1
GCF_047653515.1.fna,GCF_037700295.1.fna,0.995507,0.7777777777777778,1
GCF_047653515.1.fna,GCF_037700315.1.fna,0.9772289999999999,0.7777777777777778,1
GCF_047653515.1.fna,GCF_037700375.1.fna,0.976112,0.7777777777777778,1
GCF_047653515.1.fna,GCF_037700455.1.fna,0.976968,0.7777777777777778,1
GCF_047653515.1.fna,GCF_040947025.1.fna,0.992837,0.7777777777777778,1
GCF_047653515.1.fna,GCF_040947065.1.fna,0.981855,0.7407407407407407,1
GCF_047653515.1.fna,GCF_040947125.1.fna,0.970321,0.8148148148148148,1
GCF_047653515.1.fna,GCF_040947205.1.fna,0.993441,0.7777777777777778,1
GCF_047653515.1.fna,GCF_040947225.1.fna,0.979174,0.7407407407407407,1
GCF_047653515.1.fna,GCF_040947605.1.fna,0.995231,0.7407407407407407,1
GCF_047653515.1.fna,GCF_040947645.1.fna,0.995197,0.7407407407407407,1
GCF_047653515.1.fna,GCF_047653515.1.fna,1.0,1.0,1
GCF_047653515.1.fna,GCF_047653525.1.fna,0.9828910000000001,1.0,1
GCF_047653515.1.fna,GCF_052950835.1.fna,0.9675929999999999,0.7777777777777778,1
GCF_047653515.1.fna,GCF_900458635.1.fna,0.976467,0.7407407407407407,1
GCF_047653515.1.fna,GCF_964211265.1.fna,0.976297,0.8148148148148148,1
GCF_047653525.1.fna,GCF_000269685.1.fna,0.993035,0.7272727272727273,1
GCF_047653525.1.fna,GCF_002901845.1.fna,0.972356,0.6363636363636364,1
GCF_047653525.1.fna,GCF_013267575.1.fna,0.972281,0.6666666666666666,1
GCF_047653525.1.fna,GCF_015274535.1.fna,0.9953660000000001,0.6363636363636364,1
GCF_047653525.1.fna,GCF_015274585.1.fna,0.995526,0.6060606060606061,1
GCF_047653525.1.fna,GCF_015274655.1.fna,0.995442,0.6363636363636364,1
GCF_047653525.1.fna,GCF_015274675.1.fna,0.9914019999999999,0.7575757575757576,1
GCF_047653525.1.fna,GCF_017315625.1.fna,0.9931730000000001,0.696969696969697,1
GCF_047653525.1.fna,GCF_017315645.1.fna,0.985155,0.7272727272727273,1
GCF_047653525.1.fna,GCF_022689565.1.fna,0.991251,0.6666666666666666,1
GCF_047653525.1.fna,GCF_022689575.1.fna,0.975274,0.6666666666666666,1
GCF_047653525.1.fna,GCF_022689615.1.fna,0.995796,0.6666666666666666,1
GCF_047653525.1.fna,GCF_022689645.1.fna,0.9760089999999999,0.6060606060606061,1
GCF_047653525.1.fna,GCF_022689665.1.fna,0.974914,0.6666666666666666,1
GCF_047653525.1.fna,GCF_022689675.1.fna,0.9951760000000001,0.6666666666666666,1
GCF_047653525.1.fna,GCF_022689705.1.fna,0.9760089999999999,0.6060606060606061,1
GCF_047653525.1.fna,GCF_022689725.1.fna,0.9755769999999999,0.6666666666666666,1
GCF_047653525.1.fna,GCF_022689745.1.fna,0.9956529999999999,0.7272727272727273,1
GCF_047653525.1.fna,GCF_022689765.1.fna,0.9920220000000001,0.7272727272727273,1
GCF_047653525.1.fna,GCF_022689775.1.fna,0.967577,0.6666666666666666,1
GCF_047653525.1.fna,GCF_022689785.1.fna,0.970008,0.6666666666666666,1
GCF_047653525.1.fna,GCF_022689825.1.fna,0.992398,0.7272727272727273,1
GCF_047653525.1.fna,GCF_022689845.1.fna,0.9947459999999999,0.696969696969697,1
GCF_047653525.1.fna,GCF_022689855.1.fna,0.971491,0.6666666666666666,1
GCF_047653525.1.fna,GCF_022689905.1.fna,0.991669,0.7272727272727273,1
GCF_047653525.1.fna,GCF_022689925.1.fna,0.966379,0.6363636363636364,1
GCF_047653525.1.fna,GCF_022689945.1.fna,0.9804600000000001,0.696969696969697,1
GCF_047653525.1.fna,GCF_022689965.1.fna,0.990482,0.696969696969697,1
GCF_047653525.1.fna,GCF_022689975.1.fna,0.992735,0.696969696969697,1
GCF_047653525.1.fna,GCF_022690005.1.fna,0.976937,0.6363636363636364,1
GCF_047653525.1.fna,GCF_022690025.1.fna,0.970328,0.696969696969697,1
GCF_047653525.1.fna,GCF_022690045.1.fna,0.976937,0.6363636363636364,1
GCF_047653525.1.fna,GCF_022690065.1.fna,0.990948,0.696969696969697,1
GCF_047653525.1.fna,GCF_022690085.1.fna,0.968236,0.6666666666666666,1
GCF_047653525.1.fna,GCF_022690105.1.fna,0.995082,0.6666666666666666,1
GCF_047653525.1.fna,GCF_022690115.1.fna,0.982523,0.6666666666666666,1
GCF_047653525.1.fna,GCF_022690145.1.fna,0.99051,0.696969696969697,1
GCF_047653525.1.fna,GCF_022690165.1.fna,0.991386,0.6666666666666666,1
GCF_047653525.1.fna,GCF_022690185.1.fna,0.970594,0.6666666666666666,1
GCF_047653525.1.fna,GCF_022690205.1.fna,0.971939,0.6363636363636364,1
GCF_047653525.1.fna,GCF_022690225.1.fna,0.973892,0.6363636363636364,1
GCF_047653525.1.fna,GCF_022690245.1.fna,0.995948,0.6666666666666666,1
GCF_047653525.1.fna,GCF_022690265.1.fna,0.9960460000000001,0.6363636363636364,1
GCF_047653525.1.fna,GCF_022690275.1.fna,0.9953660000000001,0.6666666666666666,1
GCF_047653525.1.fna,GCF_022690295.1.fna,0.968719,0.696969696969697,1
GCF_047653525.1.fna,GCF_022690325.1.fna,0.970756,0.6666666666666666,1
GCF_047653525.1.fna,GCF_022690345.1.fna,0.9878230000000001,0.7575757575757576,1
GCF_047653525.1.fna,GCF_022690375.1.fna,0.972874,0.6363636363636364,1
GCF_047653525.1.fna,GCF_022690385.1.fna,0.9964660000000001,0.6363636363636364,1
GCF_047653525.1.fna,GCF_022690425.1.fna,0.9934959999999999,0.696969696969697,1
GCF_047653525.1.fna,GCF_025143205.1.fna,0.996769,0.6363636363636364,1
GCF_047653525.1.fna,GCF_025143445.1.fna,0.964576,0.6363636363636364,1
GCF_047653525.1.fna,GCF_025143615.1.fna,0.9720340000000001,0.6363636363636364,1
GCF_047653525.1.fna,GCF_029926865.1.fna,0.9899070000000001,0.7575757575757576,1
GCF_047653525.1.fna,GCF_029926905.1.fna,0.991609,0.7272727272727273,1
GCF_047653525.1.fna,GCF_029926915.1.fna,0.991609,0.7272727272727273,1
GCF_047653525.1.fna,GCF_031631055.1.fna,0.976639,0.6363636363636364,1
GCF_047653525.1.fna,GCF_031727055.1.fna,0.971268,0.6666666666666666,1
GCF_047653525.1.fna,GCF_031727075.1.fna,0.9900279999999999,0.696969696969697,1
GCF_047653525.1.fna,GCF_031727235.1.fna,0.97143,0.6363636363636364,1
GCF_047653525.1.fna,GCF_031727255.1.fna,0.9645440000000001,0.696969696969697,1
GCF_047653525.1.fna,GCF_031727275.1.fna,0.9755400000000001,0.6363636363636364,1
GCF_047653525.1.fna,GCF_031727355.1.fna,0.992045,0.696969696969697,1
GCF_047653525.1.fna,GCF_031727455.1.fna,0.968433,0.6060606060606061,1
GCF_047653525.1.fna,GCF_031727535.1.fna,0.975992,0.6363636363636364,1
GCF_047653525.1.fna,GCF_031728075.1.fna,0.9931310000000001,0.6666666666666666,1
GCF_047653525.1.fna,GCF_031728095.1.fna,0.968391,0.696969696969697,1
GCF_047653525.1.fna,GCF_031728115.1.fna,0.9939870000000001,0.696969696969697,1
GCF_047653525.1.fna,GCF_031728155.1.fna,0.991722,0.696969696969697,1
GCF_047653525.1.fna,GCF_031728235.1.fna,0.992689,0.7272727272727273,1
GCF_047653525.1.fna,GCF_031728275.1.fna,0.9744670000000001,0.6363636363636364,1
GCF_047653525.1.fna,GCF_031728295.1.fna,0.9859709999999999,0.7575757575757576,1
GCF_047653525.1.fna,GCF_031728315.1.fna,0.98856,0.7272727272727273,1
GCF_047653525.1.fna,GCF_031728335.1.fna,0.993128,0.696969696969697,1
GCF_047653525.1.fna,GCF_031728415.1.fna,0.970675,0.6666666666666666,1
GCF_047653525.1.fna,GCF_031728455.1.fna,0.976866,0.6060606060606061,1
GCF_047653525.1.fna,GCF_031728475.1.fna,0.9938819999999999,0.696969696969697,1
GCF_047653525.1.fna,GCF_031728495.1.fna,0.9698220000000001,0.6666666666666666,1
GCF_047653525.1.fna,GCF_031728515.1.fna,0.971263,0.696969696969697,1
GCF_047653525.1.fna,GCF_031728555.1.fna,0.9898480000000001,0.696969696969697,1
GCF_047653525.1.fna,GCF_031728675.1.fna,0.973977,0.6666666666666666,1
GCF_047653525.1.fna,GCF_031728695.1.fna,0.971618,0.6666666666666666,1
GCF_047653525.1.fna,GCF_031728715.1.fna,0.972168,0.6363636363636364,1
GCF_047653525.1.fna,GCF_031728735.1.fna,0.9868779999999999,0.696969696969697,1
GCF_047653525.1.fna,GCF_031728745.1.fna,0.983499,0.7878787878787878,1
GCF_047653525.1.fna,GCF_031728795.1.fna,0.9728990000000001,0.696969696969697,1
GCF_047653525.1.fna,GCF_031728835.1.fna,0.9953319999999999,0.6666666666666666,1
GCF_047653525.1.fna,GCF_031728895.1.fna,0.971271,0.6666666666666666,1
GCF_047653525.1.fna,GCF_031729015.1.fna,0.965912,0.6666666666666666,1
GCF_047653525.1.fna,GCF_036419895.1.fna,0.966259,0.6666666666666666,1
GCF_047653525.1.fna,GCF_036420075.1.fna,0.9804600000000001,0.696969696969697,1
GCF_047653525.1.fna,GCF_037694985.1.fna,0.9889279999999999,0.7272727272727273,1
GCF_047653525.1.fna,GCF_037695175.1.fna,0.964156,0.6666666666666666,1
GCF_047653525.1.fna,GCF_037700135.1.fna,0.995814,0.696969696969697,1
GCF_047653525.1.fna,GCF_037700155.1.fna,0.9930159999999999,0.7575757575757576,1
GCF_047653525.1.fna,GCF_037700295.1.fna,0.996198,0.696969696969697,1
GCF_047653525.1.fna,GCF_037700315.1.fna,0.966701,0.696969696969697,1
GCF_047653525.1.fna,GCF_037700375.1.fna,0.971923,0.6666666666666666,1
GCF_047653525.1.fna,GCF_037700455.1.fna,0.9727419999999999,0.6666666666666666,1
GCF_047653525.1.fna,GCF_040947025.1.fna,0.988948,0.696969696969697,1
GCF_047653525.1.fna,GCF_040947065.1.fna,0.977057,0.6363636363636364,1
GCF_047653525.1.fna,GCF_040947125.1.fna,0.966105,0.696969696969697,1
GCF_047653525.1.fna,GCF_040947205.1.fna,0.994426,0.696969696969697,1
GCF_047653525.1.fna,GCF_040947225.1.fna,0.97906,0.6060606060606061,1
GCF_047653525.1.fna,GCF_040947605.1.fna,0.9970279999999999,0.6060606060606061,1
GCF_047653525.1.fna,GCF_040947645.1.fna,0.9970279999999999,0.6060606060606061,1
GCF_047653525.1.fna,GCF_047653515.1.fna,0.98622,0.7878787878787878,1
GCF_047653525.1.fna,GCF_047653525.1.fna,1.0,0.9696969696969697,1
GCF_047653525.1.fna,GCF_052950835.1.fna,0.971798,0.6363636363636364,1
GCF_047653525.1.fna,GCF_900458635.1.fna,0.972356,0.6363636363636364,1
GCF_047653525.1.fna,GCF_964211265.1.fna,0.9731019999999999,0.696969696969697,1
GCF_052950835.1.fna,GCF_000269685.1.fna,0.9744710000000001,0.8076923076923077,1
GCF_052950835.1.fna,GCF_002901845.1.fna,0.987423,0.7692307692307693,1
GCF_052950835.1.fna,GCF_013267575.1.fna,0.989338,0.8076923076923077,1
GCF_052950835.1.fna,GCF_015274535.1.fna,0.978627,0.8076923076923077,1
GCF_052950835.1.fna,GCF_015274585.1.fna,0.978627,0.8076923076923077,1
GCF_052950835.1.fna,GCF_015274655.1.fna,0.978627,0.8076923076923077,1
GCF_052950835.1.fna,GCF_015274675.1.fna,0.9728629999999999,0.8076923076923077,1
GCF_052950835.1.fna,GCF_017315625.1.fna,0.9759990000000001,0.8076923076923077,1
GCF_052950835.1.fna,GCF_017315645.1.fna,0.978356,0.8076923076923077,1
GCF_052950835.1.fna,GCF_022689565.1.fna,0.974938,0.7692307692307693,1
GCF_052950835.1.fna,GCF_022689575.1.fna,0.9824590000000001,0.8461538461538461,1
GCF_052950835.1.fna,GCF_022689615.1.fna,0.9792109999999999,0.7307692307692307,1
GCF_052950835.1.fna,GCF_022689645.1.fna,0.989486,0.7307692307692307,1
GCF_052950835.1.fna,GCF_022689665.1.fna,0.9826619999999999,0.8461538461538461,1
GCF_052950835.1.fna,GCF_022689675.1.fna,0.979737,0.7692307692307693,1
GCF_052950835.1.fna,GCF_022689705.1.fna,0.991121,0.7692307692307693,1
GCF_052950835.1.fna,GCF_022689725.1.fna,0.9824590000000001,0.8461538461538461,1
GCF_052950835.1.fna,GCF_022689745.1.fna,0.977748,0.7692307692307693,1
GCF_052950835.1.fna,GCF_022689765.1.fna,0.971913,0.8076923076923077,1
GCF_052950835.1.fna,GCF_022689775.1.fna,0.989093,0.7692307692307693,1
GCF_052950835.1.fna,GCF_022689785.1.fna,0.9890340000000001,0.8076923076923077,1
GCF_052950835.1.fna,GCF_022689825.1.fna,0.970573,0.8076923076923077,1
GCF_052950835.1.fna,GCF_022689845.1.fna,0.976541,0.7307692307692307,1
GCF_052950835.1.fna,GCF_022689855.1.fna,0.9866849999999999,0.8076923076923077,1
GCF_052950835.1.fna,GCF_022689905.1.fna,0.978481,0.7692307692307693,1
GCF_052950835.1.fna,GCF_022689925.1.fna,0.973164,0.7307692307692307,1
GCF_052950835.1.fna,GCF_022689945.1.fna,0.975496,0.6923076923076923,1
GCF_052950835.1.fna,GCF_022689965.1.fna,0.978578,0.8076923076923077,1
GCF_052950835.1.fna,GCF_022689975.1.fna,0.9700310000000001,0.8076923076923077,1
GCF_052950835.1.fna,GCF_022690005.1.fna,0.987798,0.8076923076923077,1
GCF_052950835.1.fna,GCF_022690025.1.fna,0.9779019999999999,0.8461538461538461,1
GCF_052950835.1.fna,GCF_022690045.1.fna,0.987798,0.8076923076923077,1
GCF_052950835.1.fna,GCF_022690065.1.fna,0.978227,0.8076923076923077,1
GCF_052950835.1.fna,GCF_022690085.1.fna,0.9716750000000001,0.7692307692307693,1
GCF_052950835.1.fna,GCF_022690105.1.fna,0.971104,0.8076923076923077,1
GCF_052950835.1.fna,GCF_022690115.1.fna,0.967453,0.8076923076923077,1
GCF_052950835.1.fna,GCF_022690145.1.fna,0.978227,0.8076923076923077,1
GCF_052950835.1.fna,GCF_022690165.1.fna,0.979023,0.8076923076923077,1
GCF_052950835.1.fna,GCF_022690185.1.fna,0.9879340000000001,0.8076923076923077,1
GCF_052950835.1.fna,GCF_022690205.1.fna,0.9885290000000001,0.7692307692307693,1
GCF_052950835.1.fna,GCF_022690225.1.fna,0.9857340000000001,0.8076923076923077,1
GCF_052950835.1.fna,GCF_022690245.1.fna,0.9747669999999999,0.8076923076923077,1
GCF_052950835.1.fna,GCF_022690265.1.fna,0.9782259999999999,0.8076923076923077,1
GCF_052950835.1.fna,GCF_022690275.1.fna,0.973786,0.8076923076923077,1
GCF_052950835.1.fna,GCF_022690295.1.fna,0.9635859999999999,0.7307692307692307,1
GCF_052950835.1.fna,GCF_022690325.1.fna,0.9886360000000001,0.8076923076923077,1
GCF_052950835.1.fna,GCF_022690345.1.fna,0.97013,0.8076923076923077,1
GCF_052950835.1.fna,GCF_022690375.1.fna,0.991591,0.7692307692307693,1
GCF_052950835.1.fna,GCF_022690385.1.fna,0.9796349999999999,0.7692307692307693,1
GCF_052950835.1.fna,GCF_022690425.1.fna,0.9782519999999999,0.8076923076923077,1
GCF_052950835.1.fna,GCF_025143205.1.fna,0.9803000000000001,0.8076923076923077,1
GCF_052950835.1.fna,GCF_025143445.1.fna,0.989687,0.8461538461538461,1
GCF_052950835.1.fna,GCF_025143615.1.fna,0.990738,0.8076923076923077,1
GCF_052950835.1.fna,GCF_029926865.1.fna,0.971192,0.8461538461538461,1
GCF_052950835.1.fna,GCF_029926905.1.fna,0.971192,0.8461538461538461,1
GCF_052950835.1.fna,GCF_029926915.1.fna,0.971192,0.8461538461538461,1
GCF_052950835.1.fna,GCF_031631055.1.fna,0.9937239999999999,0.8076923076923077,1
GCF_052950835.1.fna,GCF_031727055.1.fna,0.988858,0.7692307692307693,1
GCF_052950835.1.fna,GCF_031727075.1.fna,0.979737,0.7692307692307693,1
GCF_052950835.1.fna,GCF_031727235.1.fna,0.9884520000000001,0.8076923076923077,1
GCF_052950835.1.fna,GCF_031727255.1.fna,0.9635859999999999,0.7307692307692307,1
GCF_052950835.1.fna,GCF_031727275.1.fna,0.982488,0.8076923076923077,1
GCF_052950835.1.fna,GCF_031727355.1.fna,0.978027,0.7692307692307693,1
GCF_052950835.1.fna,GCF_031727455.1.fna,0.9727039999999999,0.7307692307692307,1
GCF_052950835.1.fna,GCF_031727535.1.fna,0.9906910000000001,0.7692307692307693,1
GCF_052950835.1.fna,GCF_031728075.1.fna,0.9777849999999999,0.7692307692307693,1
GCF_052950835.1.fna,GCF_031728095.1.fna,0.989935,0.8076923076923077,1
GCF_052950835.1.fna,GCF_031728115.1.fna,0.980869,0.7692307692307693,1
GCF_052950835.1.fna,GCF_031728155.1.fna,0.973686,0.8076923076923077,1
GCF_052950835.1.fna,GCF_031728235.1.fna,0.974421,0.8076923076923077,1
GCF_052950835.1.fna,GCF_031728275.1.fna,0.989607,0.8461538461538461,1
GCF_052950835.1.fna,GCF_031728295.1.fna,0.978489,0.8076923076923077,1
GCF_052950835.1.fna,GCF_031728315.1.fna,0.980708,0.7692307692307693,1
GCF_052950835.1.fna,GCF_031728335.1.fna,0.9729949999999999,0.8076923076923077,1
GCF_052950835.1.fna,GCF_031728415.1.fna,0.9828220000000001,0.8461538461538461,1
GCF_052950835.1.fna,GCF_031728455.1.fna,0.990013,0.7692307692307693,1
GCF_052950835.1.fna,GCF_031728475.1.fna,0.976823,0.7692307692307693,1
GCF_052950835.1.fna,GCF_031728495.1.fna,0.982829,0.8461538461538461,1
GCF_052950835.1.fna,GCF_031728515.1.fna,0.9755320000000001,0.6923076923076923,1
GCF_052950835.1.fna,GCF_031728555.1.fna,0.980351,0.8076923076923077,1
GCF_052950835.1.fna,GCF_031728675.1.fna,0.988103,0.8076923076923077,1
GCF_052950835.1.fna,GCF_031728695.1.fna,0.989949,0.8076923076923077,1
GCF_052950835.1.fna,GCF_031728715.1.fna,0.989402,0.8076923076923077,1
GCF_052950835.1.fna,GCF_031728735.1.fna,0.979147,0.7692307692307693,1
GCF_052950835.1.fna,GCF_031728745.1.fna,0.980385,0.7692307692307693,1
GCF_052950835.1.fna,GCF_031728795.1.fna,0.9902970000000001,0.8076923076923077,1
GCF_052950835.1.fna,GCF_031728835.1.fna,0.9793569999999999,0.7692307692307693,1
GCF_052950835.1.fna,GCF_031728895.1.fna,0.9908459999999999,0.8076923076923077,1
GCF_052950835.1.fna,GCF_031729015.1.fna,0.980679,0.8076923076923077,1
GCF_052950835.1.fna,GCF_036419895.1.fna,0.980996,0.8461538461538461,1
GCF_052950835.1.fna,GCF_036420075.1.fna,0.9755670000000001,0.7307692307692307,1
GCF_052950835.1.fna,GCF_037694985.1.fna,0.967012,0.8076923076923077,1
GCF_052950835.1.fna,GCF_037695175.1.fna,0.980861,0.8076923076923077,1
GCF_052950835.1.fna,GCF_037700135.1.fna,0.977556,0.7692307692307693,1
GCF_052950835.1.fna,GCF_037700155.1.fna,0.9764050000000001,0.8076923076923077,1
GCF_052950835.1.fna,GCF_037700295.1.fna,0.976898,0.7692307692307693,1
GCF_052950835.1.fna,GCF_037700315.1.fna,0.9896290000000001,0.8076923076923077,1
GCF_052950835.1.fna,GCF_037700375.1.fna,0.9886060000000001,0.8076923076923077,1
GCF_052950835.1.fna,GCF_037700455.1.fna,0.9880639999999999,0.8076923076923077,1
GCF_052950835.1.fna,GCF_040947025.1.fna,0.9772759999999999,0.7692307692307693,1
GCF_052950835.1.fna,GCF_040947065.1.fna,0.994022,0.8076923076923077,1
GCF_052950835.1.fna,GCF_040947125.1.fna,0.978014,0.8076923076923077,1
GCF_052950835.1.fna,GCF_040947205.1.fna,0.977018,0.7692307692307693,1
GCF_052950835.1.fna,GCF_040947225.1.fna,0.98816,0.8076923076923077,1
GCF_052950835.1.fna,GCF_040947605.1.fna,0.9803700000000001,0.8076923076923077,1
GCF_052950835.1.fna,GCF_040947645.1.fna,0.9800279999999999,0.8076923076923077,1
GCF_052950835.1.fna,GCF_047653515.1.fna,0.968656,0.8076923076923077,1
GCF_052950835.1.fna,GCF_047653525.1.fna,0.974033,0.8076923076923077,1
GCF_052950835.1.fna,GCF_052950835.1.fna,1.0,0.9615384615384616,1
GCF_052950835.1.fna,GCF_900458635.1.fna,0.9887990000000001,0.8076923076923077,1
GCF_052950835.1.fna,GCF_964211265.1.fna,0.989144,0.8076923076923077,1
GCF_900458635.1.fna,GCF_000269685.1.fna,0.9714010000000001,0.7857142857142857,1
GCF_900458635.1.fna,GCF_002901845.1.fna,1.0,0.8214285714285714,1
GCF_900458635.1.fna,GCF_013267575.1.fna,0.9948650000000001,0.7142857142857143,1
GCF_900458635.1.fna,GCF_015274535.1.fna,0.975007,0.7142857142857143,1
GCF_900458635.1.fna,GCF_015274585.1.fna,0.975007,0.7142857142857143,1
GCF_900458635.1.fna,GCF_015274655.1.fna,0.975007,0.7142857142857143,1
GCF_900458635.1.fna,GCF_015274675.1.fna,0.970606,0.7857142857142857,1
GCF_900458635.1.fna,GCF_017315625.1.fna,0.977381,0.7142857142857143,1
GCF_900458635.1.fna,GCF_017315645.1.fna,0.970901,0.7857142857142857,1
GCF_900458635.1.fna,GCF_022689565.1.fna,0.976268,0.7142857142857143,1
GCF_900458635.1.fna,GCF_022689575.1.fna,0.996996,0.7142857142857143,1
GCF_900458635.1.fna,GCF_022689615.1.fna,0.971427,0.7142857142857143,1
GCF_900458635.1.fna,GCF_022689645.1.fna,0.996144,0.7142857142857143,1
GCF_900458635.1.fna,GCF_022689665.1.fna,0.996996,0.7142857142857143,1
GCF_900458635.1.fna,GCF_022689675.1.fna,0.975249,0.7142857142857143,1
GCF_900458635.1.fna,GCF_022689705.1.fna,0.996144,0.7142857142857143,1
GCF_900458635.1.fna,GCF_022689725.1.fna,0.996996,0.7142857142857143,1
GCF_900458635.1.fna,GCF_022689745.1.fna,0.975248,0.7142857142857143,1
GCF_900458635.1.fna,GCF_022689765.1.fna,0.9752580000000001,0.7142857142857143,1
GCF_900458635.1.fna,GCF_022689775.1.fna,0.994025,0.7142857142857143,1
GCF_900458635.1.fna,GCF_022689785.1.fna,0.9940300000000001,0.7142857142857143,1
GCF_900458635.1.fna,GCF_022689825.1.fna,0.9752580000000001,0.7142857142857143,1
GCF_900458635.1.fna,GCF_022689845.1.fna,0.969268,0.7857142857142857,1
GCF_900458635.1.fna,GCF_022689855.1.fna,0.994055,0.7142857142857143,1
GCF_900458635.1.fna,GCF_022689905.1.fna,0.968043,0.8214285714285714,1
GCF_900458635.1.fna,GCF_022689925.1.fna,0.9640139999999999,0.6785714285714286,1
GCF_900458635.1.fna,GCF_022689945.1.fna,0.967923,0.6785714285714286,1
GCF_900458635.1.fna,GCF_022689965.1.fna,0.971467,0.7857142857142857,1
GCF_900458635.1.fna,GCF_022689975.1.fna,0.9752580000000001,0.7142857142857143,1
GCF_900458635.1.fna,GCF_022690005.1.fna,0.993584,0.7142857142857143,1
GCF_900458635.1.fna,GCF_022690025.1.fna,0.997033,0.7142857142857143,1
GCF_900458635.1.fna,GCF_022690045.1.fna,0.993584,0.7142857142857143,1
GCF_900458635.1.fna,GCF_022690065.1.fna,0.965368,0.8214285714285714,1
GCF_900458635.1.fna,GCF_022690085.1.fna,0.973516,0.7142857142857143,1
GCF_900458635.1.fna,GCF_022690105.1.fna,0.974863,0.7142857142857143,1
GCF_900458635.1.fna,GCF_022690115.1.fna,0.971108,0.75,1
GCF_900458635.1.fna,GCF_022690145.1.fna,0.965367,0.8214285714285714,1
GCF_900458635.1.fna,GCF_022690165.1.fna,0.965368,0.8214285714285714,1
GCF_900458635.1.fna,GCF_022690185.1.fna,0.9888420000000001,0.75,1
GCF_900458635.1.fna,GCF_022690205.1.fna,0.994006,0.7142857142857143,1
GCF_900458635.1.fna,GCF_022690225.1.fna,0.993649,0.6785714285714286,1
GCF_900458635.1.fna,GCF_022690245.1.fna,0.974458,0.7142857142857143,1
GCF_900458635.1.fna,GCF_022690265.1.fna,0.975084,0.7142857142857143,1
GCF_900458635.1.fna,GCF_022690275.1.fna,0.9737649999999999,0.7142857142857143,1
GCF_900458635.1.fna,GCF_022690295.1.fna,0.9569240000000001,0.75,1
GCF_900458635.1.fna,GCF_022690325.1.fna,0.9949020000000001,0.7142857142857143,1
GCF_900458635.1.fna,GCF_022690345.1.fna,0.975719,0.7142857142857143,1
GCF_900458635.1.fna,GCF_022690375.1.fna,0.9844740000000001,0.8214285714285714,1
GCF_900458635.1.fna,GCF_022690385.1.fna,0.975218,0.7142857142857143,1
GCF_900458635.1.fna,GCF_022690425.1.fna,0.9758490000000001,0.7142857142857143,1
GCF_900458635.1.fna,GCF_025143205.1.fna,0.974796,0.7142857142857143,1
GCF_900458635.1.fna,GCF_025143445.1.fna,0.980316,0.8214285714285714,1
GCF_900458635.1.fna,GCF_025143615.1.fna,0.994047,0.7142857142857143,1
GCF_900458635.1.fna,GCF_029926865.1.fna,0.9759019999999999,0.75,1
GCF_900458635.1.fna,GCF_029926905.1.fna,0.9759019999999999,0.75,1
GCF_900458635.1.fna,GCF_029926915.1.fna,0.9759019999999999,0.75,1
GCF_900458635.1.fna,GCF_031631055.1.fna,0.9830589999999999,0.75,1
GCF_900458635.1.fna,GCF_031727055.1.fna,0.980833,0.8214285714285714,1
GCF_900458635.1.fna,GCF_031727075.1.fna,0.975249,0.7142857142857143,1
GCF_900458635.1.fna,GCF_031727235.1.fna,0.994055,0.7142857142857143,1
GCF_900458635.1.fna,GCF_031727255.1.fna,0.9569240000000001,0.75,1
GCF_900458635.1.fna,GCF_031727275.1.fna,0.994029,0.6785714285714286,1
GCF_900458635.1.fna,GCF_031727355.1.fna,0.976268,0.7142857142857143,1
GCF_900458635.1.fna,GCF_031727455.1.fna,0.964417,0.75,1
GCF_900458635.1.fna,GCF_031727535.1.fna,0.99709,0.7142857142857143,1
GCF_900458635.1.fna,GCF_031728075.1.fna,0.9758490000000001,0.7142857142857143,1
GCF_900458635.1.fna,GCF_031728095.1.fna,0.9829859999999999,0.75,1
GCF_900458635.1.fna,GCF_031728115.1.fna,0.976348,0.7142857142857143,1
GCF_900458635.1.fna,GCF_031728155.1.fna,0.9774160000000001,0.7142857142857143,1
GCF_900458635.1.fna,GCF_031728235.1.fna,0.969977,0.7857142857142857,1
GCF_900458635.1.fna,GCF_031728275.1.fna,0.995541,0.7142857142857143,1
GCF_900458635.1.fna,GCF_031728295.1.fna,0.9708669999999999,0.7857142857142857,1
GCF_900458635.1.fna,GCF_031728315.1.fna,0.968043,0.8214285714285714,1
GCF_900458635.1.fna,GCF_031728335.1.fna,0.968522,0.8214285714285714,1
GCF_900458635.1.fna,GCF_031728415.1.fna,0.983199,0.7857142857142857,1
GCF_900458635.1.fna,GCF_031728455.1.fna,0.985507,0.75,1
GCF_900458635.1.fna,GCF_031728475.1.fna,0.974689,0.7142857142857143,1
GCF_900458635.1.fna,GCF_031728495.1.fna,0.993916,0.7142857142857143,1
GCF_900458635.1.fna,GCF_031728515.1.fna,0.967941,0.6785714285714286,1
GCF_900458635.1.fna,GCF_031728555.1.fna,0.9640869999999999,0.8571428571428571,1
GCF_900458635.1.fna,GCF_031728675.1.fna,0.994798,0.7142857142857143,1
GCF_900458635.1.fna,GCF_031728695.1.fna,0.9937229999999999,0.7142857142857143,1
GCF_900458635.1.fna,GCF_031728715.1.fna,0.99387,0.7142857142857143,1
GCF_900458635.1.fna,GCF_031728735.1.fna,0.964262,0.8214285714285714,1
GCF_900458635.1.fna,GCF_031728745.1.fna,0.971509,0.7857142857142857,1
GCF_900458635.1.fna,GCF_031728795.1.fna,0.993622,0.7142857142857143,1
GCF_900458635.1.fna,GCF_031728835.1.fna,0.97529,0.7142857142857143,1
GCF_900458635.1.fna,GCF_031728895.1.fna,0.988424,0.75,1
GCF_900458635.1.fna,GCF_031729015.1.fna,0.9869410000000001,0.7142857142857143,1
GCF_900458635.1.fna,GCF_036419895.1.fna,0.993988,0.7142857142857143,1
GCF_900458635.1.fna,GCF_036420075.1.fna,0.968344,0.7142857142857143,1
GCF_900458635.1.fna,GCF_037694985.1.fna,0.967885,0.8214285714285714,1
GCF_900458635.1.fna,GCF_037695175.1.fna,0.997096,0.7142857142857143,1
GCF_900458635.1.fna,GCF_037700135.1.fna,0.975171,0.7142857142857143,1
GCF_900458635.1.fna,GCF_037700155.1.fna,0.976936,0.7142857142857143,1
GCF_900458635.1.fna,GCF_037700295.1.fna,0.976557,0.6785714285714286,1
GCF_900458635.1.fna,GCF_037700315.1.fna,0.989843,0.75,1
GCF_900458635.1.fna,GCF_037700375.1.fna,0.987673,0.8214285714285714,1
GCF_900458635.1.fna,GCF_037700455.1.fna,0.987673,0.8214285714285714,1
GCF_900458635.1.fna,GCF_040947025.1.fna,0.9715210000000001,0.8214285714285714,1
GCF_900458635.1.fna,GCF_040947065.1.fna,0.9842400000000001,0.75,1
GCF_900458635.1.fna,GCF_040947125.1.fna,0.993472,0.7857142857142857,1
GCF_900458635.1.fna,GCF_040947205.1.fna,0.966009,0.75,1
GCF_900458635.1.fna,GCF_040947225.1.fna,0.991379,0.7142857142857143,1
GCF_900458635.1.fna,GCF_040947605.1.fna,0.974834,0.7142857142857143,1
GCF_900458635.1.fna,GCF_040947645.1.fna,0.974834,0.7142857142857143,1
GCF_900458635.1.fna,GCF_047653515.1.fna,0.976409,0.7142857142857143,1
GCF_900458635.1.fna,GCF_047653525.1.fna,0.972043,0.75,1
GCF_900458635.1.fna,GCF_052950835.1.fna,0.986601,0.75,1
GCF_900458635.1.fna,GCF_900458635.1.fna,1.0,0.9642857142857143,1
GCF_900458635.1.fna,GCF_964211265.1.fna,0.9955660000000001,0.7142857142857143,1
GCF_964211265.1.fna,GCF_000269685.1.fna,0.978018,0.9130434782608695,1
GCF_964211265.1.fna,GCF_002901845.1.fna,0.9956119999999999,0.8695652173913043,1
GCF_964211265.1.fna,GCF_013267575.1.fna,0.993686,0.9130434782608695,1
GCF_964211265.1.fna,GCF_015274535.1.fna,0.9770409999999999,0.9130434782608695,1
GCF_964211265.1.fna,GCF_015274585.1.fna,0.9770409999999999,0.9130434782608695,1
GCF_964211265.1.fna,GCF_015274655.1.fna,0.9770409999999999,0.9130434782608695,1
GCF_964211265.1.fna,GCF_015274675.1.fna,0.9781799999999999,0.9130434782608695,1
GCF_964211265.1.fna,GCF_017315625.1.fna,0.979056,0.9130434782608695,1
GCF_964211265.1.fna,GCF_017315645.1.fna,0.9730920000000001,0.9565217391304348,1
GCF_964211265.1.fna,GCF_022689565.1.fna,0.9771510000000001,0.8695652173913043,1
GCF_964211265.1.fna,GCF_022689575.1.fna,0.996588,0.9130434782608695,1
GCF_964211265.1.fna,GCF_022689615.1.fna,0.976721,0.8695652173913043,1
GCF_964211265.1.fna,GCF_022689645.1.fna,0.9939790000000001,0.8695652173913043,1
GCF_964211265.1.fna,GCF_022689665.1.fna,0.996588,0.9130434782608695,1
GCF_964211265.1.fna,GCF_022689675.1.fna,0.977177,0.9130434782608695,1
GCF_964211265.1.fna,GCF_022689705.1.fna,0.993942,0.9130434782608695,1
GCF_964211265.1.fna,GCF_022689725.1.fna,0.996588,0.9130434782608695,1
GCF_964211265.1.fna,GCF_022689745.1.fna,0.977177,0.9130434782608695,1
GCF_964211265.1.fna,GCF_022689765.1.fna,0.976622,0.9565217391304348,1
GCF_964211265.1.fna,GCF_022689775.1.fna,0.9905769999999999,0.9130434782608695,1
GCF_964211265.1.fna,GCF_022689785.1.fna,0.993878,0.9130434782608695,1
GCF_964211265.1.fna,GCF_022689825.1.fna,0.97712,0.9130434782608695,1
GCF_964211265.1.fna,GCF_022689845.1.fna,0.9762860000000001,0.8695652173913043,1
GCF_964211265.1.fna,GCF_022689855.1.fna,0.9933270000000001,0.9130434782608695,1
GCF_964211265.1.fna,GCF_022689905.1.fna,0.978039,0.9130434782608695,1
GCF_964211265.1.fna,GCF_022689925.1.fna,0.972928,0.8695652173913043,1
GCF_964211265.1.fna,GCF_022689945.1.fna,0.9635039999999999,0.9130434782608695,1
GCF_964211265.1.fna,GCF_022689965.1.fna,0.978273,0.9565217391304348,1
GCF_964211265.1.fna,GCF_022689975.1.fna,0.97712,0.9130434782608695,1
GCF_964211265.1.fna,GCF_022690005.1.fna,0.993625,0.9130434782608695,1
GCF_964211265.1.fna,GCF_022690025.1.fna,0.996643,0.9130434782608695,1
GCF_964211265.1.fna,GCF_022690045.1.fna,0.993625,0.9130434782608695,1
GCF_964211265.1.fna,GCF_022690065.1.fna,0.9771110000000001,0.9130434782608695,1
GCF_964211265.1.fna,GCF_022690085.1.fna,0.973475,0.9130434782608695,1
GCF_964211265.1.fna,GCF_022690105.1.fna,0.976932,0.9130434782608695,1
GCF_964211265.1.fna,GCF_022690115.1.fna,0.974736,0.9130434782608695,1
GCF_964211265.1.fna,GCF_022690145.1.fna,0.9771110000000001,0.9130434782608695,1
GCF_964211265.1.fna,GCF_022690165.1.fna,0.9771110000000001,0.9130434782608695,1
GCF_964211265.1.fna,GCF_022690185.1.fna,0.9823439999999999,0.9565217391304348,1
GCF_964211265.1.fna,GCF_022690205.1.fna,0.9937269999999999,0.8695652173913043,1
GCF_964211265.1.fna,GCF_022690225.1.fna,0.992561,0.8695652173913043,1
GCF_964211265.1.fna,GCF_022690245.1.fna,0.9764790000000001,0.9130434782608695,1
GCF_964211265.1.fna,GCF_022690265.1.fna,0.977099,0.9130434782608695,1
GCF_964211265.1.fna,GCF_022690275.1.fna,0.975771,0.9130434782608695,1
GCF_964211265.1.fna,GCF_022690295.1.fna,0.969106,0.8260869565217391,1
GCF_964211265.1.fna,GCF_022690325.1.fna,0.9940819999999999,0.9130434782608695,1
GCF_964211265.1.fna,GCF_022690345.1.fna,0.977492,0.9565217391304348,1
GCF_964211265.1.fna,GCF_022690375.1.fna,0.9935200000000001,0.9130434782608695,1
GCF_964211265.1.fna,GCF_022690385.1.fna,0.977182,0.9130434782608695,1
GCF_964211265.1.fna,GCF_022690425.1.fna,0.9775149999999999,0.9130434782608695,1
GCF_964211265.1.fna,GCF_025143205.1.fna,0.976924,0.9130434782608695,1
GCF_964211265.1.fna,GCF_025143445.1.fna,0.993714,0.9130434782608695,1
GCF_964211265.1.fna,GCF_025143615.1.fna,0.993902,0.9130434782608695,1
GCF_964211265.1.fna,GCF_029926865.1.fna,0.979029,0.9130434782608695,1
GCF_964211265.1.fna,GCF_029926905.1.fna,0.979029,0.9130434782608695,1
GCF_964211265.1.fna,GCF_029926915.1.fna,0.979029,0.9130434782608695,1
GCF_964211265.1.fna,GCF_031631055.1.fna,0.989564,0.8695652173913043,1
GCF_964211265.1.fna,GCF_031727055.1.fna,0.991747,0.9130434782608695,1
GCF_964211265.1.fna,GCF_031727075.1.fna,0.977177,0.9130434782608695,1
GCF_964211265.1.fna,GCF_031727235.1.fna,0.9933270000000001,0.9130434782608695,1
GCF_964211265.1.fna,GCF_031727255.1.fna,0.969106,0.8260869565217391,1
GCF_964211265.1.fna,GCF_031727275.1.fna,0.9941559999999999,0.8695652173913043,1
GCF_964211265.1.fna,GCF_031727355.1.fna,0.9764060000000001,0.9130434782608695,1
GCF_964211265.1.fna,GCF_031727455.1.fna,0.973319,0.8695652173913043,1
GCF_964211265.1.fna,GCF_031727535.1.fna,0.996693,0.9130434782608695,1
GCF_964211265.1.fna,GCF_031728075.1.fna,0.9775149999999999,0.9130434782608695,1
GCF_964211265.1.fna,GCF_031728095.1.fna,0.9901760000000001,0.9565217391304348,1
GCF_964211265.1.fna,GCF_031728115.1.fna,0.977288,0.9565217391304348,1
GCF_964211265.1.fna,GCF_031728155.1.fna,0.978974,0.9130434782608695,1
GCF_964211265.1.fna,GCF_031728235.1.fna,0.973875,0.9565217391304348,1
GCF_964211265.1.fna,GCF_031728275.1.fna,0.994564,0.9130434782608695,1
GCF_964211265.1.fna,GCF_031728295.1.fna,0.973008,0.9565217391304348,1
GCF_964211265.1.fna,GCF_031728315.1.fna,0.978039,0.9130434782608695,1
GCF_964211265.1.fna,GCF_031728335.1.fna,0.976109,0.9565217391304348,1
GCF_964211265.1.fna,GCF_031728415.1.fna,0.9940789999999999,0.9130434782608695,1
GCF_964211265.1.fna,GCF_031728455.1.fna,0.99371,0.9130434782608695,1
GCF_964211265.1.fna,GCF_031728475.1.fna,0.975566,0.9130434782608695,1
GCF_964211265.1.fna,GCF_031728495.1.fna,0.9941,0.9130434782608695,1
GCF_964211265.1.fna,GCF_031728515.1.fna,0.969109,0.8260869565217391,1
GCF_964211265.1.fna,GCF_031728555.1.fna,0.9771110000000001,0.9130434782608695,1
GCF_964211265.1.fna,GCF_031728675.1.fna,0.9936539999999999,0.9130434782608695,1
GCF_964211265.1.fna,GCF_031728695.1.fna,0.9927710000000001,0.9130434782608695,1
GCF_964211265.1.fna,GCF_031728715.1.fna,0.993458,0.9130434782608695,1
GCF_964211265.1.fna,GCF_031728735.1.fna,0.9750660000000001,0.9130434782608695,1
GCF_964211265.1.fna,GCF_031728745.1.fna,0.971001,1.0,1
GCF_964211265.1.fna,GCF_031728795.1.fna,0.992616,0.9130434782608695,1
GCF_964211265.1.fna,GCF_031728835.1.fna,0.9769150000000001,0.9130434782608695,1
GCF_964211265.1.fna,GCF_031728895.1.fna,0.993905,0.9130434782608695,1
GCF_964211265.1.fna,GCF_031729015.1.fna,0.993715,0.8695652173913043,1
GCF_964211265.1.fna,GCF_036419895.1.fna,0.9936360000000001,0.9130434782608695,1
GCF_964211265.1.fna,GCF_036420075.1.fna,0.9635039999999999,0.9130434782608695,1
GCF_964211265.1.fna,GCF_037694985.1.fna,0.977342,0.9130434782608695,1
GCF_964211265.1.fna,GCF_037695175.1.fna,0.996657,0.8695652173913043,1
GCF_964211265.1.fna,GCF_037700135.1.fna,0.9770359999999999,0.9130434782608695,1
GCF_964211265.1.fna,GCF_037700155.1.fna,0.977375,0.9565217391304348,1
GCF_964211265.1.fna,GCF_037700295.1.fna,0.977096,0.9130434782608695,1
GCF_964211265.1.fna,GCF_037700315.1.fna,0.988455,0.9565217391304348,1
GCF_964211265.1.fna,GCF_037700375.1.fna,0.9958069999999999,0.9130434782608695,1
GCF_964211265.1.fna,GCF_037700455.1.fna,0.9958159999999999,0.9130434782608695,1
GCF_964211265.1.fna,GCF_040947025.1.fna,0.98063,0.9130434782608695,1
GCF_964211265.1.fna,GCF_040947065.1.fna,0.989541,0.9130434782608695,1
GCF_964211265.1.fna,GCF_040947125.1.fna,0.996063,0.9130434782608695,1
GCF_964211265.1.fna,GCF_040947205.1.fna,0.976708,0.8695652173913043,1
GCF_964211265.1.fna,GCF_040947225.1.fna,0.991694,0.9130434782608695,1
GCF_964211265.1.fna,GCF_040947605.1.fna,0.976704,0.9130434782608695,1
GCF_964211265.1.fna,GCF_040947645.1.fna,0.976704,0.9130434782608695,1
GCF_964211265.1.fna,GCF_047653515.1.fna,0.978028,0.9130434782608695,1
GCF_964211265.1.fna,GCF_047653525.1.fna,0.973733,1.0,1
GCF_964211265.1.fna,GCF_052950835.1.fna,0.990433,0.8695652173913043,1
GCF_964211265.1.fna,GCF_900458635.1.fna,0.9956119999999999,0.8695652173913043,1
GCF_964211265.1.fna,GCF_964211265.1.fna,1.0,1.0,1
